{"type": "FeatureCollection", "features": [{"type": "Feature", "geometry": {"type": "Point", "coordinates": [-73.643019, 45.579391]}, "properties": {"nom": "L'EURO-MARCHE ST-MICHEL", "type": "Boucherie-épicerie", "adresse": "10181   Boulevard Saint-Michel "}}, {"type": "Feature", "geometry": {"type": "Point", "coordinates": [-73.521039, 45.599466]}, "properties": {"nom": "DEPAN ESCOMPTE COUCHE-TARD #305", "type": "Épicerie", "adresse": "8550   Rue Hochelaga "}}, {"type": "Feature", "geometry": {"type": "Point", "coordinates": [-73.625389, 45.528841]}, "properties": {"nom": "MARCHE MADHUBON", "type": "Boucherie-épicerie", "adresse": "530   Avenue Ogilvy "}}, {"type": "Feature", "geometry": {"type": "Point", "coordinates": [-73.513887, 45.596298]}, "properties": {"nom": "DEPANNEUR M. FORGET", "type": "Épicerie avec préparation", "adresse": "8445  B Rue Ontario Est"}}, {"type": "Feature", "geometry": {"type": "Point", "coordinates": [-73.510089, 45.591605]}, "properties": {"nom": "COUCHE-TARD 329", "type": "Épicerie avec préparation", "adresse": "8155   Rue Notre-Dame Est"}}, {"type": "Feature", "geometry": {"type": "Point", "coordinates": [-73.528935, 45.606579]}, "properties": {"nom": "COUCHE-TARD #397", "type": "Épicerie", "adresse": "8950   Rue Sherbrooke Est"}}, {"type": "Feature", "geometry": {"type": "Point", "coordinates": [-73.603774, 45.57443]}, "properties": {"nom": "DEPANNEUR D'HERELLE", "type": "Épicerie", "adresse": "4230   Rue D'Hérelle "}}, {"type": "Feature", "geometry": {"type": "Point", "coordinates": [-73.617036, 45.57795]}, "properties": {"nom": "MARCHE LUANPRABANG", "type": "Épicerie avec préparation", "adresse": "8915   Boulevard Pie-IX "}}, {"type": "Feature", "geometry": {"type": "Point", "coordinates": [-73.574528, 45.548696]}, "properties": {"nom": "COUCHE-TARD  #321", "type": "Épicerie avec préparation", "adresse": "3000   Rue Masson "}}, {"type": "Feature", "geometry": {"type": "Point", "coordinates": [-73.61554, 45.540897]}, "properties": {"nom": "DEPANNEUR THILANI", "type": "Épicerie", "adresse": "7318   Avenue De Chateaubriand "}}, {"type": "Feature", "geometry": {"type": "Point", "coordinates": [-73.52531, 45.591499]}, "properties": {"nom": "DEPANNEUR 7750 HOCHELAGA 2005", "type": "Épicerie avec préparation", "adresse": "7750   Rue Hochelaga "}}, {"type": "Feature", "geometry": {"type": "Point", "coordinates": [-73.523129, 45.608385]}, "properties": {"nom": "DEPANNEUR L.G.", "type": "Épicerie", "adresse": "9215 A  Rue Marseille "}}, {"type": "Feature", "geometry": {"type": "Point", "coordinates": [-73.521708, 45.611149]}, "properties": {"nom": "MARCHE L.C. YANG", "type": "Épicerie", "adresse": "9550   Rue Marseille "}}, {"type": "Feature", "geometry": {"type": "Point", "coordinates": [-73.517125, 45.589606]}, "properties": {"nom": "DEPANNEUR CHUNG ST-JUST", "type": "Épicerie avec préparation", "adresse": "7841   Rue Ontario Est"}}, {"type": "Feature", "geometry": {"type": "Point", "coordinates": [-73.524312, 45.602151]}, "properties": {"nom": "DEPANNEUR MARIE-JOSEE LIU", "type": "Épicerie", "adresse": "8670   Rue Sainte-Claire "}}, {"type": "Feature", "geometry": {"type": "Point", "coordinates": [-73.530362, 45.604475]}, "properties": {"nom": "DEPANNEUR AMANDA", "type": "Épicerie avec préparation", "adresse": "8711   Rue Sherbrooke Est"}}, {"type": "Feature", "geometry": {"type": "Point", "coordinates": [-73.632102, 45.491898]}, "properties": {"nom": "MARCHE KIM PO", "type": "Boucherie-épicerie", "adresse": "5505   Avenue Victoria "}}, {"type": "Feature", "geometry": {"type": "Point", "coordinates": [-73.572672, 45.570665]}, "properties": {"nom": "PROVISION BEAUBIEN S.E.N.C.", "type": "Épicerie", "adresse": "4909   Rue Beaubien Est"}}, {"type": "Feature", "geometry": {"type": "Point", "coordinates": [-73.57164, 45.571852]}, "properties": {"nom": "677 IGA", "type": "Supermarché", "adresse": "5000   Rue Beaubien Est"}}, {"type": "Feature", "geometry": {"type": "Point", "coordinates": [-73.592202, 45.635157]}, "properties": {"nom": "DEPANNEUR W.C.P.", "type": "Épicerie", "adresse": "8055   Avenue André-Ampère "}}, {"type": "Feature", "geometry": {"type": "Point", "coordinates": [-73.592107, 45.639259]}, "properties": {"nom": "DEPANNEUR RIVIERE DES BAS PRIX LAI", "type": "Épicerie", "adresse": "12335   Avenue 26e "}}, {"type": "Feature", "geometry": {"type": "Point", "coordinates": [-73.603539, 45.617108]}, "properties": {"nom": "DEP ACTION BENE.CH CHAMPLAIN MARIE-VICTO", "type": "Épicerie avec préparation", "adresse": "7150  282 Rue Marie-Victorin "}}, {"type": "Feature", "geometry": {"type": "Point", "coordinates": [-73.585143, 45.634694]}, "properties": {"nom": "COUCHE TARD #302", "type": "Épicerie", "adresse": "8270   Boulevard Maurice-Duplessis "}}, {"type": "Feature", "geometry": {"type": "Point", "coordinates": [-73.570187, 45.502775]}, "properties": {"nom": "LE NATURISTE J.M.B. #106", "type": "Aliments naturels", "adresse": "705  106 Rue Sainte-Catherine Ouest"}}, {"type": "Feature", "geometry": {"type": "Point", "coordinates": [-73.602805, 45.629989]}, "properties": {"nom": "DEPANNEUR PROVI-TARD", "type": "Épicerie", "adresse": "7463   Avenue André-Ampère "}}, {"type": "Feature", "geometry": {"type": "Point", "coordinates": [-73.554139, 45.520668]}, "properties": {"nom": "SAUNA CENTRE-VILLE", "type": "Épicerie avec préparation", "adresse": "1465   Rue Sainte-Catherine Est"}}, {"type": "Feature", "geometry": {"type": "Point", "coordinates": [-73.552188, 45.507085]}, "properties": {"nom": "LE DEPANNEUR DU FIACRE", "type": "Épicerie avec préparation", "adresse": "145   Rue Commune Est"}}, {"type": "Feature", "geometry": {"type": "Point", "coordinates": [-73.579253, 45.52794]}, "properties": {"nom": "COUCHE TARD # 346", "type": "Épicerie", "adresse": "1050   Avenue Mont-Royal Est"}}, {"type": "Feature", "geometry": {"type": "Point", "coordinates": [-73.614162, 45.576667]}, "properties": {"nom": "COUCHE-TARD #341", "type": "Épicerie", "adresse": "8755   Boulevard Pie-IX "}}, {"type": "Feature", "geometry": {"type": "Point", "coordinates": [-73.613566, 45.50912]}, "properties": {"nom": "TABAGIE METRO EDOUARD MONTPETIT", "type": "Épicerie", "adresse": "2040   Boulevard Édouard-Montpetit "}}, {"type": "Feature", "geometry": {"type": "Point", "coordinates": [-73.585208, 45.567391]}, "properties": {"nom": "BONANCO", "type": "Épicerie avec préparation", "adresse": "4354   Rue Bélanger "}}, {"type": "Feature", "geometry": {"type": "Point", "coordinates": [-73.543459, 45.573172]}, "properties": {"nom": "DEPANNEUR A.M. FORGET INC.", "type": "Épicerie", "adresse": "3000   Rue Lacordaire "}}, {"type": "Feature", "geometry": {"type": "Point", "coordinates": [-73.537682, 45.5841]}, "properties": {"nom": "DEPANNEUR GENOIS", "type": "Épicerie", "adresse": "6870   Rue Marseille "}}, {"type": "Feature", "geometry": {"type": "Point", "coordinates": [-73.583454, 45.569415]}, "properties": {"nom": "MARCHE SOLEIL BELANGER", "type": "Épicerie", "adresse": "4530   Rue Bélanger "}}, {"type": "Feature", "geometry": {"type": "Point", "coordinates": [-73.573649, 45.530383]}, "properties": {"nom": "DEPANNEUR #1", "type": "Épicerie", "adresse": "1501   Rue Marie-Anne Est"}}, {"type": "Feature", "geometry": {"type": "Point", "coordinates": [-73.562515, 45.584982]}, "properties": {"nom": "MARCHE METRO BEAUBIEN", "type": "Supermarché", "adresse": "6333   Rue Beaubien Est"}}, {"type": "Feature", "geometry": {"type": "Point", "coordinates": [-73.546583, 45.576898]}, "properties": {"nom": "KIOSQUE METRO CADILLAC", "type": "Épicerie", "adresse": "6010   Rue Sherbrooke Est"}}, {"type": "Feature", "geometry": {"type": "Point", "coordinates": [-73.579398, 45.48338]}, "properties": {"nom": "COUCHE-TARD #983", "type": "Épicerie", "adresse": "620  CC 039 Avenue Atwater "}}, {"type": "Feature", "geometry": {"type": "Point", "coordinates": [-73.565365, 45.515563]}, "properties": {"nom": "DEPANNEUR POLASH", "type": "Épicerie", "adresse": "350   Rue Ontario Est"}}, {"type": "Feature", "geometry": {"type": "Point", "coordinates": [-73.623226, 45.497793]}, "properties": {"nom": "LE MARCHE DU VILLAGE COTE-DES-NEIGES ENR", "type": "Supermarché", "adresse": "5415   Avenue Gatineau "}}, {"type": "Feature", "geometry": {"type": "Point", "coordinates": [-73.576151, 45.566675]}, "properties": {"nom": "COUCHE-TARD #365", "type": "Épicerie", "adresse": "4500   Rue Beaubien Est"}}, {"type": "Feature", "geometry": {"type": "Point", "coordinates": [-73.544039, 45.581101]}, "properties": {"nom": "PHARM ESCOMPTE JEAN COUTU", "type": "Épicerie", "adresse": "6420   Rue Sherbrooke Est"}}, {"type": "Feature", "geometry": {"type": "Point", "coordinates": [-73.544318, 45.58063]}, "properties": {"nom": "COUCHE-TARD #322", "type": "Épicerie", "adresse": "6386   Rue Sherbrooke Est"}}, {"type": "Feature", "geometry": {"type": "Point", "coordinates": [-73.548572, 45.574206]}, "properties": {"nom": "COUCHE-TARD #303", "type": "Épicerie", "adresse": "5755   Rue Sherbrooke Est"}}, {"type": "Feature", "geometry": {"type": "Point", "coordinates": [-73.608684, 45.530299]}, "properties": {"nom": "EPICERIE MARCHE G. LALIME", "type": "Boucherie-épicerie", "adresse": "6436   Boulevard Saint-Laurent "}}, {"type": "Feature", "geometry": {"type": "Point", "coordinates": [-73.586648, 45.519802]}, "properties": {"nom": "DEPANNEUR ALI-BABA", "type": "Épicerie", "adresse": "22   Avenue Mont-Royal Ouest"}}, {"type": "Feature", "geometry": {"type": "Point", "coordinates": [-73.534926, 45.59654]}, "properties": {"nom": "TABAGIE METRO HONORE-BEAUGRAND", "type": "Épicerie avec préparation", "adresse": "7950   Rue Sherbrooke Est"}}, {"type": "Feature", "geometry": {"type": "Point", "coordinates": [-73.546222, 45.542821]}, "properties": {"nom": "DEPANNEUR POPULAIRE GUO", "type": "Épicerie avec préparation", "adresse": "3355   Rue Ontario Est"}}, {"type": "Feature", "geometry": {"type": "Point", "coordinates": [-73.600779, 45.538651]}, "properties": {"nom": "721 MARCHE BARCELO INC.", "type": "Boucherie-épicerie", "adresse": "1200   Rue Beaubien Est"}}, {"type": "Feature", "geometry": {"type": "Point", "coordinates": [-73.55204, 45.553846]}, "properties": {"nom": "SODINO LTEE", "type": "Épicerie avec préparation", "adresse": "2705   Boulevard Pie-IX "}}, {"type": "Feature", "geometry": {"type": "Point", "coordinates": [-73.604522, 45.478043]}, "properties": {"nom": "NATIONAL FOOD SHOP", "type": "Épicerie avec préparation", "adresse": "4903   Rue Sherbrooke Ouest"}}, {"type": "Feature", "geometry": {"type": "Point", "coordinates": [-73.539292, 45.546819]}, "properties": {"nom": "DEPANNEUR KEBEC 1996 ENR", "type": "Épicerie avec préparation", "adresse": "1601   Avenue Bourbonnière "}}, {"type": "Feature", "geometry": {"type": "Point", "coordinates": [-73.537822, 45.54834]}, "properties": {"nom": "DEPANNEUR DORAIS", "type": "Épicerie", "adresse": "4021   Rue Adam "}}, {"type": "Feature", "geometry": {"type": "Point", "coordinates": [-73.548904, 45.530717]}, "properties": {"nom": "DEPANNEUR IDEAL", "type": "Épicerie avec préparation", "adresse": "2501   Rue Logan "}}, {"type": "Feature", "geometry": {"type": "Point", "coordinates": [-73.628677, 45.484313]}, "properties": {"nom": "FRUITERIE MONT CARMEL", "type": "Épicerie avec préparation", "adresse": "5251   Chemin Queen-Mary "}}, {"type": "Feature", "geometry": {"type": "Point", "coordinates": [-73.559144, 45.507064]}, "properties": {"nom": "MAGASIN D'HERBES PAO SHENG", "type": "Aliments naturels", "adresse": "99   Avenue Viger Ouest"}}, {"type": "Feature", "geometry": {"type": "Point", "coordinates": [-73.546614, 45.561586]}, "properties": {"nom": "TABAGIE METRO VIAU", "type": "Épicerie avec préparation", "adresse": "4855   Avenue Pierre-De Coubertin "}}, {"type": "Feature", "geometry": {"type": "Point", "coordinates": [-73.581343, 45.52573]}, "properties": {"nom": "CENTRE D'HERBES ORIENTALES", "type": "Aliments naturels", "adresse": "765   Avenue Mont-Royal Est"}}, {"type": "Feature", "geometry": {"type": "Point", "coordinates": [-73.537365, 45.545366]}, "properties": {"nom": "DEPANNEUR MOURA", "type": "Épicerie", "adresse": "3801   Rue Sainte-Catherine Est"}}, {"type": "Feature", "geometry": {"type": "Point", "coordinates": [-73.606903, 45.475979]}, "properties": {"nom": "A VOTRE SANTE", "type": "Épicerie avec préparation", "adresse": "5126   Rue Sherbrooke Ouest"}}, {"type": "Feature", "geometry": {"type": "Point", "coordinates": [-73.627885, 45.485165]}, "properties": {"nom": "PHARMACIE JEAN-COUTU #197", "type": "Épicerie", "adresse": "5150   Chemin Queen-Mary "}}, {"type": "Feature", "geometry": {"type": "Point", "coordinates": [-73.551316, 45.547004]}, "properties": {"nom": "COUCHE-TARD #354", "type": "Épicerie avec préparation", "adresse": "3585   Rue Hochelaga "}}, {"type": "Feature", "geometry": {"type": "Point", "coordinates": [-73.554352, 45.542067]}, "properties": {"nom": "DEPANNEUR SOPIA", "type": "Épicerie", "adresse": "3131   Rue Hochelaga "}}, {"type": "Feature", "geometry": {"type": "Point", "coordinates": [-73.572576, 45.545472]}, "properties": {"nom": "DEPANNEUR KIATOU", "type": "Épicerie", "adresse": "2700   Avenue Laurier Est"}}, {"type": "Feature", "geometry": {"type": "Point", "coordinates": [-73.596648, 45.554272]}, "properties": {"nom": "DEPANNEUR WOW", "type": "Épicerie avec préparation", "adresse": "2805   Rue Bélanger "}}, {"type": "Feature", "geometry": {"type": "Point", "coordinates": [-73.577337, 45.544084]}, "properties": {"nom": "8632 MAXI MTL, MASSON", "type": "Supermarché", "adresse": "2535   Rue Masson "}}, {"type": "Feature", "geometry": {"type": "Point", "coordinates": [-73.60114, 45.523392]}, "properties": {"nom": "EPICERIE ET HERBO. SANTE BIO TERRE 2002", "type": "Épicerie avec préparation", "adresse": "201   Rue Saint-Viateur Ouest"}}, {"type": "Feature", "geometry": {"type": "Point", "coordinates": [-73.645304, 45.568764]}, "properties": {"nom": "SUPER MARCHE PISTILLI", "type": "Boucherie-épicerie", "adresse": "2105   Rue Sauvé Est"}}, {"type": "Feature", "geometry": {"type": "Point", "coordinates": [-73.607716, 45.541734]}, "properties": {"nom": "DEPANNEUR 7 JOURS  #380", "type": "Épicerie", "adresse": "1201   Rue Bélanger "}}, {"type": "Feature", "geometry": {"type": "Point", "coordinates": [-73.594142, 45.546014]}, "properties": {"nom": "UNIPRIX", "type": "Épicerie", "adresse": "2155   Rue Beaubien Est"}}, {"type": "Feature", "geometry": {"type": "Point", "coordinates": [-73.56118, 45.506539]}, "properties": {"nom": "COMMERCE DE MEDECINE HERBES", "type": "Épicerie", "adresse": "112   Rue De La Gauchetière Ouest"}}, {"type": "Feature", "geometry": {"type": "Point", "coordinates": [-73.666848, 45.545244]}, "properties": {"nom": "EUROMARCHE FLEURY", "type": "Boucherie-épicerie", "adresse": "224   Rue Fleury Ouest"}}, {"type": "Feature", "geometry": {"type": "Point", "coordinates": [-73.563464, 45.555213]}, "properties": {"nom": "DEPANNEUR D'ORLEANS YI", "type": "Épicerie", "adresse": "4698   Avenue Orléans "}}, {"type": "Feature", "geometry": {"type": "Point", "coordinates": [-73.608626, 45.546212]}, "properties": {"nom": "L'ACCOMODEUR", "type": "Épicerie", "adresse": "1451   Rue Jean-Talon Est"}}, {"type": "Feature", "geometry": {"type": "Point", "coordinates": [-73.627526, 45.545051]}, "properties": {"nom": "FRUITERIE TSIKINIS", "type": "Épicerie avec préparation", "adresse": "661   Rue Jarry Est"}}, {"type": "Feature", "geometry": {"type": "Point", "coordinates": [-73.635752, 45.557714]}, "properties": {"nom": "METRO PLUS ANDRE-GRASSET", "type": "Supermarché", "adresse": "8935   Avenue André-Grasset "}}, {"type": "Feature", "geometry": {"type": "Point", "coordinates": [-73.638223, 45.558583]}, "properties": {"nom": "COUCHE-TARD #314", "type": "Épicerie avec préparation", "adresse": "1420  5 Rue Legendre Est"}}, {"type": "Feature", "geometry": {"type": "Point", "coordinates": [-73.633622, 45.546557]}, "properties": {"nom": "DEPANNEUR SAIGA INTERNATIONAL", "type": "Épicerie", "adresse": "8499   Rue Foucher "}}, {"type": "Feature", "geometry": {"type": "Point", "coordinates": [-73.654031, 45.554597]}, "properties": {"nom": "COUCHE-TARD  #369", "type": "Épicerie", "adresse": "800   Rue Sauvé Est"}}, {"type": "Feature", "geometry": {"type": "Point", "coordinates": [-73.595013, 45.544958]}, "properties": {"nom": "DEPAN-ESCOMPTE COUCHE-TARD #324", "type": "Épicerie avec préparation", "adresse": "2010   Rue Beaubien Est"}}, {"type": "Feature", "geometry": {"type": "Point", "coordinates": [-73.575591, 45.552417]}, "properties": {"nom": "DEPANNEUR SUSAN", "type": "Épicerie", "adresse": "5566   Avenue 12e "}}, {"type": "Feature", "geometry": {"type": "Point", "coordinates": [-73.580463, 45.549685]}, "properties": {"nom": "OH BON DEPANNEUR RESTAURANT", "type": "Épicerie avec préparation", "adresse": "2892   Rue Holt "}}, {"type": "Feature", "geometry": {"type": "Point", "coordinates": [-73.579387, 45.55146]}, "properties": {"nom": "DEPANNEUR AM/PM", "type": "Épicerie", "adresse": "3151   Rue Holt "}}, {"type": "Feature", "geometry": {"type": "Point", "coordinates": [-73.609085, 45.428863]}, "properties": {"nom": "SUPER C / LASALLE CHAMPLAIN #25966", "type": "Supermarché", "adresse": "7800  7800 Boulevard Champlain "}}, {"type": "Feature", "geometry": {"type": "Point", "coordinates": [-73.549936, 45.541792]}, "properties": {"nom": "CHEZ JEANNOT ENR.", "type": "Épicerie", "adresse": "2202   Rue Dézéry "}}, {"type": "Feature", "geometry": {"type": "Point", "coordinates": [-73.624954, 45.529581]}, "properties": {"nom": "MARCHE PARDESH", "type": "Épicerie", "adresse": "450 A  Avenue Ogilvy "}}, {"type": "Feature", "geometry": {"type": "Point", "coordinates": [-73.510312, 45.654383]}, "properties": {"nom": "AMASIA", "type": "Épicerie", "adresse": "12675   Rue Sherbrooke Est"}}, {"type": "Feature", "geometry": {"type": "Point", "coordinates": [-73.510352, 45.653719]}, "properties": {"nom": "PHARMAPRIX", "type": "Épicerie", "adresse": "12800   Rue Sherbrooke Est"}}, {"type": "Feature", "geometry": {"type": "Point", "coordinates": [-73.66773, 45.543816]}, "properties": {"nom": "VARIETE EPICERIE TONY", "type": "Épicerie", "adresse": "315   Rue Fleury Ouest"}}, {"type": "Feature", "geometry": {"type": "Point", "coordinates": [-73.607884, 45.529935]}, "properties": {"nom": "LA GUILDE CULINAIRE", "type": "Épicerie", "adresse": "6381   Boulevard Saint-Laurent "}}, {"type": "Feature", "geometry": {"type": "Point", "coordinates": [-73.536047, 45.547466]}, "properties": {"nom": "DEPANNEUR VARSHA", "type": "Épicerie", "adresse": "3991   Rue Sainte-Catherine Est"}}, {"type": "Feature", "geometry": {"type": "Point", "coordinates": [-73.629676, 45.434301]}, "properties": {"nom": "FONTAINE D'AFRIQUE", "type": "Épicerie", "adresse": "8192   Rue Juliette "}}, {"type": "Feature", "geometry": {"type": "Point", "coordinates": [-73.534298, 45.59126]}, "properties": {"nom": "LA BOUTIQUE", "type": "Épicerie avec préparation", "adresse": "3075   Rue Paul-David "}}, {"type": "Feature", "geometry": {"type": "Point", "coordinates": [-73.618613, 45.536501]}, "properties": {"nom": "EPICERIE QUEBEC", "type": "Épicerie", "adresse": "7297   Avenue Casgrain "}}, {"type": "Feature", "geometry": {"type": "Point", "coordinates": [-73.580288, 45.553313]}, "properties": {"nom": "DEPANNEUR 7 JOURS", "type": "Épicerie", "adresse": "3270   Boulevard Rosemont "}}, {"type": "Feature", "geometry": {"type": "Point", "coordinates": [-73.585072, 45.547846]}, "properties": {"nom": "POMME D'API, FRUITERIE, INC.", "type": "Épicerie avec préparation", "adresse": "2599   Boulevard Rosemont "}}, {"type": "Feature", "geometry": {"type": "Point", "coordinates": [-73.570017, 45.556669]}, "properties": {"nom": "COUCHE-TARD # 368", "type": "Épicerie avec préparation", "adresse": "3875   Rue Masson "}}, {"type": "Feature", "geometry": {"type": "Point", "coordinates": [-73.624728, 45.569615]}, "properties": {"nom": "DEPANNEUR JEAN SEGUIN ENR.", "type": "Épicerie", "adresse": "8917   Avenue 10e "}}, {"type": "Feature", "geometry": {"type": "Point", "coordinates": [-73.640252, 45.570041]}, "properties": {"nom": "DEPANNEUR CHARLAND INC", "type": "Épicerie", "adresse": "2300   Avenue Charland "}}, {"type": "Feature", "geometry": {"type": "Point", "coordinates": [-73.617667, 45.567427]}, "properties": {"nom": "COUCHE-TARD #312", "type": "Épicerie avec préparation", "adresse": "8545   Boulevard Saint-Michel "}}, {"type": "Feature", "geometry": {"type": "Point", "coordinates": [-73.61699, 45.567129]}, "properties": {"nom": "LA FOIRE DES ANTILLES", "type": "Épicerie avec préparation", "adresse": "8505   Boulevard Saint-Michel "}}, {"type": "Feature", "geometry": {"type": "Point", "coordinates": [-73.604231, 45.545622]}, "properties": {"nom": "METRO MARCANIO", "type": "Supermarché", "adresse": "1550   Rue Bélanger "}}, {"type": "Feature", "geometry": {"type": "Point", "coordinates": [-73.614721, 45.5384]}, "properties": {"nom": "PHARMACIE MINH CONG DUONG", "type": "Épicerie", "adresse": "7145   Rue Saint-Denis "}}, {"type": "Feature", "geometry": {"type": "Point", "coordinates": [-73.61616, 45.5337]}, "properties": {"nom": "CAFE EXPRESSO LINO", "type": "Épicerie avec préparation", "adresse": "7050   Boulevard Saint-Laurent "}}, {"type": "Feature", "geometry": {"type": "Point", "coordinates": [-73.597298, 45.543462]}, "properties": {"nom": "DEPANNEUR NUMERO UN PLUS ENRG", "type": "Épicerie", "adresse": "6522   Avenue Papineau "}}, {"type": "Feature", "geometry": {"type": "Point", "coordinates": [-73.595392, 45.550117]}, "properties": {"nom": "DEPANNEUR VARIETES JOJO", "type": "Épicerie", "adresse": "2465   Rue Saint-Zotique Est"}}, {"type": "Feature", "geometry": {"type": "Point", "coordinates": [-73.60342, 45.536279]}, "properties": {"nom": "PHARMACIE JEAN-COUTU", "type": "Épicerie", "adresse": "6500   Rue Saint-Hubert "}}, {"type": "Feature", "geometry": {"type": "Point", "coordinates": [-73.612774, 45.531419]}, "properties": {"nom": "DEPANNEUR LECLERC DE LUNE", "type": "Épicerie avec préparation", "adresse": "35   Rue Saint-Zotique Ouest"}}, {"type": "Feature", "geometry": {"type": "Point", "coordinates": [-73.566824, 45.530173]}, "properties": {"nom": "DEPANNEUR CONCORDE ENR.", "type": "Épicerie avec préparation", "adresse": "1847   Rue Gauthier "}}, {"type": "Feature", "geometry": {"type": "Point", "coordinates": [-73.565673, 45.531374]}, "properties": {"nom": "METRO BIGRAS", "type": "Supermarché", "adresse": "2008   Rue Gauthier "}}, {"type": "Feature", "geometry": {"type": "Point", "coordinates": [-73.609642, 45.534309]}, "properties": {"nom": "MARCHE ROYAL PLUS", "type": "Épicerie avec préparation", "adresse": "274   Rue Saint-Zotique Est"}}, {"type": "Feature", "geometry": {"type": "Point", "coordinates": [-73.627616, 45.52508]}, "properties": {"nom": "EPICERIE RAMA KISHAN ENR.", "type": "Épicerie", "adresse": "1025   Avenue Ogilvy "}}, {"type": "Feature", "geometry": {"type": "Point", "coordinates": [-73.55844, 45.526952]}, "properties": {"nom": "MARCHE D & T", "type": "Boucherie-épicerie", "adresse": "1905   Rue Ontario Est"}}, {"type": "Feature", "geometry": {"type": "Point", "coordinates": [-73.573621, 45.523205]}, "properties": {"nom": "DEPANNEUR PROPRIO", "type": "Épicerie", "adresse": "866   Avenue Duluth Est"}}, {"type": "Feature", "geometry": {"type": "Point", "coordinates": [-73.803914, 45.485068]}, "properties": {"nom": "ADMINISTRATION MARCHE DE L'OUEST", "type": "Marché public", "adresse": "11600   Boulevard De Salaberry "}}, {"type": "Feature", "geometry": {"type": "Point", "coordinates": [-73.530303, 45.608358]}, "properties": {"nom": "DEPANNEUR ZHUI", "type": "Épicerie", "adresse": "9040   Rue De Forbin-Janson "}}, {"type": "Feature", "geometry": {"type": "Point", "coordinates": [-73.643934, 45.550454]}, "properties": {"nom": "MARCHE LEGENDRE", "type": "Épicerie avec préparation", "adresse": "714   Rue Legendre Est"}}, {"type": "Feature", "geometry": {"type": "Point", "coordinates": [-73.618596, 45.478708]}, "properties": {"nom": "SANTE NATURELLE DE CHINE", "type": "Aliments naturels", "adresse": "4202   Boulevard Décarie "}}, {"type": "Feature", "geometry": {"type": "Point", "coordinates": [-73.646711, 45.4318]}, "properties": {"nom": "SAMI FRUITS", "type": "Épicerie avec préparation", "adresse": "400   Avenue Lafleur "}}, {"type": "Feature", "geometry": {"type": "Point", "coordinates": [-73.614454, 45.532925]}, "properties": {"nom": "FRUITERIE MILANO", "type": "Boucherie-épicerie", "adresse": "6862   Boulevard Saint-Laurent "}}, {"type": "Feature", "geometry": {"type": "Point", "coordinates": [-73.571518, 45.584001]}, "properties": {"nom": "PHARMACIE BEVERLY SALOMON (JEAN COUTU #472)", "type": "Épicerie", "adresse": "5965   Rue Bélanger "}}, {"type": "Feature", "geometry": {"type": "Point", "coordinates": [-73.5631, 45.519892]}, "properties": {"nom": "MARCHE BRIERE", "type": "Épicerie avec préparation", "adresse": "1018   Rue Ontario Est"}}, {"type": "Feature", "geometry": {"type": "Point", "coordinates": [-73.614115, 45.554523]}, "properties": {"nom": "DEPANNEUR TILLEMONT EXPRESS", "type": "Épicerie", "adresse": "2123   Rue Tillemont "}}, {"type": "Feature", "geometry": {"type": "Point", "coordinates": [-73.573096, 45.534478]}, "properties": {"nom": "PHARMACIE JEAN COUTU", "type": "Épicerie", "adresse": "1990   Avenue Mont-Royal Est"}}, {"type": "Feature", "geometry": {"type": "Point", "coordinates": [-73.86584, 45.479656]}, "properties": {"nom": "EURO MIX", "type": "Boucherie-épicerie", "adresse": "15718   Boulevard Pierrefonds "}}, {"type": "Feature", "geometry": {"type": "Point", "coordinates": [-73.574935, 45.532546]}, "properties": {"nom": "L'INTER MARCHE DU PLATEAU", "type": "Boucherie-épicerie", "adresse": "1670   Avenue Mont-Royal Est"}}, {"type": "Feature", "geometry": {"type": "Point", "coordinates": [-73.624073, 45.474199]}, "properties": {"nom": "LE MAITRE BOUCHER", "type": "Boucherie-épicerie", "adresse": "5719   Avenue Monkland "}}, {"type": "Feature", "geometry": {"type": "Point", "coordinates": [-73.61161, 45.537488]}, "properties": {"nom": "DEPANNEUR L'AMITIE", "type": "Épicerie", "adresse": "421   Rue Bélanger "}}, {"type": "Feature", "geometry": {"type": "Point", "coordinates": [-73.624461, 45.621977]}, "properties": {"nom": "MARCHE NUMIDIA INC.", "type": "Boucherie-épicerie", "adresse": "6287   Boulevard Léger "}}, {"type": "Feature", "geometry": {"type": "Point", "coordinates": [-73.630234, 45.483918]}, "properties": {"nom": "THE SANTE", "type": "Aliments naturels", "adresse": "5136  26 Boulevard Décarie "}}, {"type": "Feature", "geometry": {"type": "Point", "coordinates": [-73.583532, 45.523248]}, "properties": {"nom": "VARIETES PLUS MONT-ROYAL", "type": "Épicerie", "adresse": "324   Avenue Mont-Royal Est"}}, {"type": "Feature", "geometry": {"type": "Point", "coordinates": [-73.597845, 45.559385]}, "properties": {"nom": "MARCHE ADCO (DEPANNEUR 7 A 11)", "type": "Épicerie avec préparation", "adresse": "3279   Rue Jean-Talon Est"}}, {"type": "Feature", "geometry": {"type": "Point", "coordinates": [-73.596439, 45.533294]}, "properties": {"nom": "FRUITERIE ROSE-PATRIE", "type": "Épicerie avec préparation", "adresse": "804   Boulevard Rosemont "}}, {"type": "Feature", "geometry": {"type": "Point", "coordinates": [-73.631834, 45.500703]}, "properties": {"nom": "MARCHE LAVANIYA", "type": "Épicerie avec préparation", "adresse": "6145   Chemin Côte-des-Neiges "}}, {"type": "Feature", "geometry": {"type": "Point", "coordinates": [-73.554027, 45.52079]}, "properties": {"nom": "DEPANNEUR CENTRE SUD ENR.", "type": "Épicerie", "adresse": "1464   Rue Sainte-Catherine Est"}}, {"type": "Feature", "geometry": {"type": "Point", "coordinates": [-73.614928, 45.536867]}, "properties": {"nom": "LA CHEVRERIE DU BUCKLAND", "type": "Épicerie avec préparation", "adresse": "7070  C24 Avenue Henri-Julien "}}, {"type": "Feature", "geometry": {"type": "Point", "coordinates": [-73.578304, 45.564202]}, "properties": {"nom": "LE POINT ROSÉE", "type": "Épicerie avec préparation", "adresse": "4288   Rue Beaubien Est"}}, {"type": "Feature", "geometry": {"type": "Point", "coordinates": [-73.576181, 45.515528]}, "properties": {"nom": "LIBRAIRIE ESPAGNOLE", "type": "Épicerie avec préparation", "adresse": "3811   Boulevard Saint-Laurent "}}, {"type": "Feature", "geometry": {"type": "Point", "coordinates": [-73.568553, 45.518547]}, "properties": {"nom": "TABAGIE DE STATION DE METRO SHERBROOKE", "type": "Épicerie", "adresse": "3580   Rue Berri "}}, {"type": "Feature", "geometry": {"type": "Point", "coordinates": [-73.658739, 45.558816]}, "properties": {"nom": "TABAGIE COUCHE-TARD 2", "type": "Épicerie", "adresse": "1165   Rue Fleury Est"}}, {"type": "Feature", "geometry": {"type": "Point", "coordinates": [-73.65159, 45.58564]}, "properties": {"nom": "DEPANNEUR PORTOFINO", "type": "Épicerie avec préparation", "adresse": "3255   Boulevard Gouin Est"}}, {"type": "Feature", "geometry": {"type": "Point", "coordinates": [-73.574721, 45.498193]}, "properties": {"nom": "GNC (GENERAL NUTRITION CENTERS)", "type": "Aliments naturels", "adresse": "1242 A  Rue Sainte-Catherine Ouest"}}, {"type": "Feature", "geometry": {"type": "Point", "coordinates": [-73.56996, 45.521573]}, "properties": {"nom": "MARCHE TRADITION ST-ANDRE", "type": "Boucherie-épicerie", "adresse": "3795   Rue Saint-André "}}, {"type": "Feature", "geometry": {"type": "Point", "coordinates": [-73.579749, 45.527433]}, "properties": {"nom": "INTERMARCHE MONT-ROYAL, BOYER", "type": "Boucherie-épicerie", "adresse": "1000   Avenue Mont-Royal Est"}}, {"type": "Feature", "geometry": {"type": "Point", "coordinates": [-73.620959, 45.53878]}, "properties": {"nom": "DEPANNEUR VARIN ENR.", "type": "Épicerie", "adresse": "302   Rue Faillon "}}, {"type": "Feature", "geometry": {"type": "Point", "coordinates": [-73.60595, 45.549167]}, "properties": {"nom": "SUPER MARCHE BINO", "type": "Boucherie-épicerie", "adresse": "1951   Rue Jean-Talon Est"}}, {"type": "Feature", "geometry": {"type": "Point", "coordinates": [-73.631082, 45.596848]}, "properties": {"nom": "PHARMACIE GIBEAULT ET NORMAND", "type": "Épicerie", "adresse": "4770   Rue Charleroi "}}, {"type": "Feature", "geometry": {"type": "Point", "coordinates": [-73.561203, 45.508658]}, "properties": {"nom": "EPICERIE SHUN LEE", "type": "Épicerie avec préparation", "adresse": "1106   Boulevard Saint-Laurent "}}, {"type": "Feature", "geometry": {"type": "Point", "coordinates": [-73.628881, 45.543138]}, "properties": {"nom": "FRUITERIE FORCIER", "type": "Épicerie avec préparation", "adresse": "435   Rue Jarry Est"}}, {"type": "Feature", "geometry": {"type": "Point", "coordinates": [-73.58543, 45.555687]}, "properties": {"nom": "SAUCISSONS EUROPEENS ENR.", "type": "Épicerie avec préparation", "adresse": "6417   Avenue 12e "}}, {"type": "Feature", "geometry": {"type": "Point", "coordinates": [-73.614928, 45.536867]}, "properties": {"nom": "LES AMOURGANDISES", "type": "Épicerie", "adresse": "7070  C24 Avenue Henri-Julien "}}, {"type": "Feature", "geometry": {"type": "Point", "coordinates": [-73.626894, 45.540358]}, "properties": {"nom": "DEPANNEUR JEAN", "type": "Épicerie", "adresse": "230   Rue Gounod "}}, {"type": "Feature", "geometry": {"type": "Point", "coordinates": [-73.539652, 45.541623]}, "properties": {"nom": "DEPANNEUR 3 M", "type": "Épicerie", "adresse": "3437   Rue Sainte-Catherine Est"}}, {"type": "Feature", "geometry": {"type": "Point", "coordinates": [-73.572413, 45.499793]}, "properties": {"nom": "DEPANNEUR PIZZA PEEL", "type": "Épicerie avec préparation", "adresse": "1224   Rue Peel "}}, {"type": "Feature", "geometry": {"type": "Point", "coordinates": [-73.568632, 45.533373]}, "properties": {"nom": "MULTI-FEMME INC.", "type": "Aliments naturels", "adresse": "4248   Avenue De Lorimier "}}, {"type": "Feature", "geometry": {"type": "Point", "coordinates": [-73.705835, 45.437093]}, "properties": {"nom": "168 HY DEPANNEUR (DEPANNEUR 7 JOURS)", "type": "Épicerie avec préparation", "adresse": "65  65 Avenue 45e "}}, {"type": "Feature", "geometry": {"type": "Point", "coordinates": [-73.60981, 45.563524]}, "properties": {"nom": "DEPANNEUR A ET C", "type": "Épicerie", "adresse": "3210   Rue Jarry Est"}}, {"type": "Feature", "geometry": {"type": "Point", "coordinates": [-73.616033, 45.536592]}, "properties": {"nom": "SUPERMARCHE L'OLIVIER", "type": "Boucherie-épicerie", "adresse": "234   Rue Jean-Talon Est"}}, {"type": "Feature", "geometry": {"type": "Point", "coordinates": [-73.592724, 45.55876]}, "properties": {"nom": "MERSON'S PATISSERIE", "type": "Épicerie avec préparation", "adresse": "3410   Rue Bélanger "}}, {"type": "Feature", "geometry": {"type": "Point", "coordinates": [-73.595778, 45.555269]}, "properties": {"nom": "PHARMACIE JEAN COUTU", "type": "Épicerie", "adresse": "2980   Rue Bélanger "}}, {"type": "Feature", "geometry": {"type": "Point", "coordinates": [-73.569028, 45.502795]}, "properties": {"nom": "POPEYE'S SUPPLEMENTS", "type": "Aliments naturels", "adresse": "1243 A  Boulevard Robert-Bourassa "}}, {"type": "Feature", "geometry": {"type": "Point", "coordinates": [-73.614928, 45.536867]}, "properties": {"nom": "CIDRERIE VERGER LEO BOUTIN", "type": "Marché public", "adresse": "7070  C24 Avenue Henri-Julien "}}, {"type": "Feature", "geometry": {"type": "Point", "coordinates": [-73.685378, 45.547376]}, "properties": {"nom": "DEPANNEUR LES DEUX AIRES", "type": "Épicerie", "adresse": "505   Boulevard Gouin Ouest"}}, {"type": "Feature", "geometry": {"type": "Point", "coordinates": [-73.638685, 45.48814]}, "properties": {"nom": "SANTE NATURELLE DE CHINE", "type": "Aliments naturels", "adresse": "5777 A  Boulevard Décarie "}}, {"type": "Feature", "geometry": {"type": "Point", "coordinates": [-73.547575, 45.529997]}, "properties": {"nom": "DEPANNEUR MARCHE VITA", "type": "Épicerie", "adresse": "2498  0 Boulevard De Maisonneuve Est"}}, {"type": "Feature", "geometry": {"type": "Point", "coordinates": [-73.568681, 45.518944]}, "properties": {"nom": "PATISSERIE ST-LOUIS DE FRANCE", "type": "Épicerie avec préparation", "adresse": "3575   Rue Berri "}}, {"type": "Feature", "geometry": {"type": "Point", "coordinates": [-73.577246, 45.647829]}, "properties": {"nom": "8533 IGA EXTRA BOURGAULT ET SANZONE", "type": "Supermarché", "adresse": "12285   Boulevard Rodolphe-Forget "}}, {"type": "Feature", "geometry": {"type": "Point", "coordinates": [-73.581759, 45.521961]}, "properties": {"nom": "DEPANNEUR MARIANNE", "type": "Épicerie avec préparation", "adresse": "4350   Avenue Henri-Julien "}}, {"type": "Feature", "geometry": {"type": "Point", "coordinates": [-73.589683, 45.521621]}, "properties": {"nom": "RACHELLE-BERY #8609", "type": "Épicerie avec préparation", "adresse": "4810   Boulevard Saint-Laurent "}}, {"type": "Feature", "geometry": {"type": "Point", "coordinates": [-73.588519, 45.56359]}, "properties": {"nom": "CLUB INTERNATIONAL VIDEOFILM ROSEMONT", "type": "Épicerie", "adresse": "3935   Rue Bélanger "}}, {"type": "Feature", "geometry": {"type": "Point", "coordinates": [-73.610371, 45.42597]}, "properties": {"nom": "DEPANNEUR JEAN ARCHAMBAULT", "type": "Épicerie", "adresse": "800   Rue Gagné "}}, {"type": "Feature", "geometry": {"type": "Point", "coordinates": [-73.506428, 45.669552]}, "properties": {"nom": "METRO (MARCHE DE LA ROUSSELIERE)", "type": "Supermarché", "adresse": "3000   Boulevard De La Rousselière "}}, {"type": "Feature", "geometry": {"type": "Point", "coordinates": [-73.541149, 45.586018]}, "properties": {"nom": "DEPANNEUR BEAUSOIR JBS HAIG", "type": "Épicerie", "adresse": "6920   Rue Sherbrooke Est"}}, {"type": "Feature", "geometry": {"type": "Point", "coordinates": [-73.581674, 45.530181]}, "properties": {"nom": "DEPANNEUR YONG", "type": "Épicerie", "adresse": "4748   Rue De La Roche "}}, {"type": "Feature", "geometry": {"type": "Point", "coordinates": [-73.62579, 45.541625]}, "properties": {"nom": "MARCHE CHAUVIN RICHELIEU", "type": "Boucherie-épicerie", "adresse": "7890   Rue Saint-Denis "}}, {"type": "Feature", "geometry": {"type": "Point", "coordinates": [-73.598262, 45.541438]}, "properties": {"nom": "INTER MARCHE  BEAUBIEN", "type": "Boucherie-épicerie", "adresse": "1451   Rue Beaubien Est"}}, {"type": "Feature", "geometry": {"type": "Point", "coordinates": [-73.6913, 45.434465]}, "properties": {"nom": "DEPANNEURS BELANGER XL", "type": "Épicerie avec préparation", "adresse": "3000   Rue Notre-Dame "}}, {"type": "Feature", "geometry": {"type": "Point", "coordinates": [-73.617351, 45.53909]}, "properties": {"nom": "BISCUITERIE BERTRAND ENR. (DÉPANNEUR)", "type": "Épicerie", "adresse": "392   Rue De Castelnau Est"}}, {"type": "Feature", "geometry": {"type": "Point", "coordinates": [-73.802684, 45.490134]}, "properties": {"nom": "PHARMAPRIX SOAD TAWFIK", "type": "Épicerie", "adresse": "3781   Boulevard Sources "}}, {"type": "Feature", "geometry": {"type": "Point", "coordinates": [-73.642236, 45.532485]}, "properties": {"nom": "IMPORTATION SUKS", "type": "Épicerie", "adresse": "680   Rue Liège Ouest"}}, {"type": "Feature", "geometry": {"type": "Point", "coordinates": [-73.571622, 45.520282]}, "properties": {"nom": "FRUITERIE DU PLATEAU INC.", "type": "Épicerie avec préparation", "adresse": "515   Rue Roy Est"}}, {"type": "Feature", "geometry": {"type": "Point", "coordinates": [-73.505366, 45.667697]}, "properties": {"nom": "DEPANNEUR CHUMI PLUS", "type": "Épicerie avec préparation", "adresse": "13890   Rue Sherbrooke Est"}}, {"type": "Feature", "geometry": {"type": "Point", "coordinates": [-73.53935, 45.581311]}, "properties": {"nom": "DEPANNEUR ALISOIR", "type": "Épicerie", "adresse": "6618   Rue Marseille "}}, {"type": "Feature", "geometry": {"type": "Point", "coordinates": [-73.543768, 45.547621]}, "properties": {"nom": "ARHOMA BOULANGERIE FROMAGERIE", "type": "Épicerie avec préparation", "adresse": "15   Place Simon-Valois "}}, {"type": "Feature", "geometry": {"type": "Point", "coordinates": [-73.562301, 45.585253]}, "properties": {"nom": "CENTRE DE SOLUTION SANTE", "type": "Épicerie", "adresse": "6364   Rue Beaubien Est"}}, {"type": "Feature", "geometry": {"type": "Point", "coordinates": [-73.602298, 45.527375]}, "properties": {"nom": "PUTIA EPICERIE", "type": "Épicerie", "adresse": "5817   Boulevard Saint-Laurent "}}, {"type": "Feature", "geometry": {"type": "Point", "coordinates": [-73.562839, 45.482433]}, "properties": {"nom": "DEPANNEUR SAMMY", "type": "Épicerie", "adresse": "1922   Rue Centre "}}, {"type": "Feature", "geometry": {"type": "Point", "coordinates": [-73.632688, 45.586373]}, "properties": {"nom": "PHARMACIE JEAN-COUTU #75", "type": "Épicerie", "adresse": "10330   Boulevard Pie-IX "}}, {"type": "Feature", "geometry": {"type": "Point", "coordinates": [-73.581522, 45.479301]}, "properties": {"nom": "PHARMACIE JEAN COUTU", "type": "Épicerie", "adresse": "3711   Rue Notre-Dame Ouest"}}, {"type": "Feature", "geometry": {"type": "Point", "coordinates": [-73.578503, 45.537911]}, "properties": {"nom": "COUCHE-TARD INC.#319", "type": "Épicerie avec préparation", "adresse": "2050   Avenue Laurier Est"}}, {"type": "Feature", "geometry": {"type": "Point", "coordinates": [-73.607457, 45.531334]}, "properties": {"nom": "BOUCHERIE-EPICERIE ST-VIATEUR", "type": "Boucherie-épicerie", "adresse": "88   Rue Beaubien Est"}}, {"type": "Feature", "geometry": {"type": "Point", "coordinates": [-73.556153, 45.510428]}, "properties": {"nom": "TABAGIE METRO CHAMPS DE MARS", "type": "Épicerie", "adresse": "940   Rue Sanguinet "}}, {"type": "Feature", "geometry": {"type": "Point", "coordinates": [-73.570495, 45.510054]}, "properties": {"nom": "MARCHE J.V.T.", "type": "Épicerie avec préparation", "adresse": "181   Rue Sherbrooke Ouest"}}, {"type": "Feature", "geometry": {"type": "Point", "coordinates": [-73.848859, 45.487328]}, "properties": {"nom": "ALIMENTS BEST NUTS", "type": "Épicerie avec préparation", "adresse": "4701 S  Boulevard Saint-Jean "}}, {"type": "Feature", "geometry": {"type": "Point", "coordinates": [-73.664344, 45.535548]}, "properties": {"nom": "LA PISTACHERIE", "type": "Épicerie avec préparation", "adresse": "9755   Boulevard Acadie "}}, {"type": "Feature", "geometry": {"type": "Point", "coordinates": [-73.559846, 45.506449]}, "properties": {"nom": "AUX HERBES D'ORIENT", "type": "Épicerie", "adresse": "990  G-06 Rue Saint-Urbain "}}, {"type": "Feature", "geometry": {"type": "Point", "coordinates": [-73.561373, 45.501132]}, "properties": {"nom": "DEPAN-ESCOMPTE COUCHE-TARD #206", "type": "Épicerie avec préparation", "adresse": "800  CP 85 Rue Square-Victoria "}}, {"type": "Feature", "geometry": {"type": "Point", "coordinates": [-73.559877, 45.501921]}, "properties": {"nom": "DEPANNEUR LE PIGNON MONDIAL", "type": "Épicerie", "adresse": "393  C-142 Rue Saint-Jacques "}}, {"type": "Feature", "geometry": {"type": "Point", "coordinates": [-73.66561, 45.547321]}, "properties": {"nom": "DEPANNEUR MERRY", "type": "Épicerie", "adresse": "67   Rue Fleury Ouest"}}, {"type": "Feature", "geometry": {"type": "Point", "coordinates": [-73.582002, 45.525001]}, "properties": {"nom": "GROUPE RESSOURCES DU PLATEAU MONT-ROYAL", "type": "Épicerie", "adresse": "500   Avenue Mont-Royal Est"}}, {"type": "Feature", "geometry": {"type": "Point", "coordinates": [-73.628238, 45.484816]}, "properties": {"nom": "METRO QUEEN MARY", "type": "Supermarché", "adresse": "5201   Chemin Queen-Mary "}}, {"type": "Feature", "geometry": {"type": "Point", "coordinates": [-73.662308, 45.552754]}, "properties": {"nom": "DEPAN-ESCOMPTE COUCHE-TARD 301", "type": "Épicerie avec préparation", "adresse": "500   Rue Fleury Est"}}, {"type": "Feature", "geometry": {"type": "Point", "coordinates": [-73.57009, 45.501453]}, "properties": {"nom": "PHARMAPRIX", "type": "Épicerie", "adresse": "1  1148 Place Ville-Marie "}}, {"type": "Feature", "geometry": {"type": "Point", "coordinates": [-73.866433, 45.479257]}, "properties": {"nom": "MARCHE AKHAVAN", "type": "Supermarché", "adresse": "15760   Boulevard Pierrefonds "}}, {"type": "Feature", "geometry": {"type": "Point", "coordinates": [-73.564415, 45.481477]}, "properties": {"nom": "DEPANNEUR CENTRE 2003", "type": "Épicerie", "adresse": "2044   Rue Centre "}}, {"type": "Feature", "geometry": {"type": "Point", "coordinates": [-73.622874, 45.529202]}, "properties": {"nom": "MARCHE THURGA", "type": "Épicerie avec préparation", "adresse": "444   Rue Jean-Talon Ouest"}}, {"type": "Feature", "geometry": {"type": "Point", "coordinates": [-73.644208, 45.579991]}, "properties": {"nom": "ECO-PATE", "type": "Épicerie avec préparation", "adresse": "10350   Boulevard Saint-Michel "}}, {"type": "Feature", "geometry": {"type": "Point", "coordinates": [-73.590149, 45.520137]}, "properties": {"nom": "EPICERIE ET BOUCHERIE SA & FILS INC.", "type": "Boucherie-épicerie", "adresse": "4701   Rue Saint-Urbain "}}, {"type": "Feature", "geometry": {"type": "Point", "coordinates": [-73.618618, 45.494775]}, "properties": {"nom": "BOUCHERIE ATLANTIQUE", "type": "Boucherie-épicerie", "adresse": "5060   Chemin Côte-des-Neiges "}}, {"type": "Feature", "geometry": {"type": "Point", "coordinates": [-73.672854, 45.537529]}, "properties": {"nom": "DEPANNEUR BOIS-DE-BOULOGNE", "type": "Épicerie", "adresse": "10300   Avenue Bois-de-Boulogne "}}, {"type": "Feature", "geometry": {"type": "Point", "coordinates": [-73.708188, 45.531435]}, "properties": {"nom": "COUCHE-TARD #273", "type": "Épicerie avec préparation", "adresse": "5195   Rue De Salaberry "}}, {"type": "Feature", "geometry": {"type": "Point", "coordinates": [-73.623687, 45.506827]}, "properties": {"nom": "PRODUITS ALIMENTAIRES MONDIAL", "type": "Épicerie avec préparation", "adresse": "6008   Avenue Darlington "}}, {"type": "Feature", "geometry": {"type": "Point", "coordinates": [-73.636502, 45.502795]}, "properties": {"nom": "MARCHE FU TAI", "type": "Supermarché", "adresse": "6700  200 Chemin Côte-des-Neiges "}}, {"type": "Feature", "geometry": {"type": "Point", "coordinates": [-73.628197, 45.457911]}, "properties": {"nom": "SUPER C / N.-D. DE GRACE #5912", "type": "Supermarché", "adresse": "6900   Rue Saint-Jacques "}}, {"type": "Feature", "geometry": {"type": "Point", "coordinates": [-73.561707, 45.508341]}, "properties": {"nom": "COMMERCE MING WAH HONG INC.", "type": "Épicerie", "adresse": "1127   Rue Clark "}}, {"type": "Feature", "geometry": {"type": "Point", "coordinates": [-73.601038, 45.523507]}, "properties": {"nom": "EPICERIE LATINA", "type": "Boucherie-épicerie", "adresse": "185   Rue Saint-Viateur Ouest"}}, {"type": "Feature", "geometry": {"type": "Point", "coordinates": [-73.601217, 45.537675]}, "properties": {"nom": "PHARMACIE JEAN-COUTU", "type": "Épicerie", "adresse": "6461   Avenue Christophe-Colomb "}}, {"type": "Feature", "geometry": {"type": "Point", "coordinates": [-73.599356, 45.535331]}, "properties": {"nom": "GEORGES FRUITS ET LEGUMES", "type": "Épicerie", "adresse": "900   Rue Bellechasse "}}, {"type": "Feature", "geometry": {"type": "Point", "coordinates": [-73.586411, 45.527201]}, "properties": {"nom": "DEPANNEUR FLEUR BLEUE", "type": "Épicerie avec préparation", "adresse": "4897   Rue Berri "}}, {"type": "Feature", "geometry": {"type": "Point", "coordinates": [-73.614928, 45.536867]}, "properties": {"nom": "LES JARDINS MIL'HERBES", "type": "Marché public", "adresse": "7070  C24 Avenue Henri-Julien "}}, {"type": "Feature", "geometry": {"type": "Point", "coordinates": [-73.558622, 45.502285]}, "properties": {"nom": "COUCHE-TARD #217", "type": "Épicerie avec préparation", "adresse": "350   Rue Notre-Dame Ouest"}}, {"type": "Feature", "geometry": {"type": "Point", "coordinates": [-73.56741, 45.458369]}, "properties": {"nom": "DEPANNEUR PERRY", "type": "Épicerie avec préparation", "adresse": "4601   Rue Wellington "}}, {"type": "Feature", "geometry": {"type": "Point", "coordinates": [-73.678492, 45.537524]}, "properties": {"nom": "COUCHE-TARD #326", "type": "Épicerie avec préparation", "adresse": "1520   Boulevard Henri-Bourassa Ouest"}}, {"type": "Feature", "geometry": {"type": "Point", "coordinates": [-73.595202, 45.525205]}, "properties": {"nom": "DEPANNEUR CAN-PAL ENR.", "type": "Épicerie avec préparation", "adresse": "50   Rue Maguire "}}, {"type": "Feature", "geometry": {"type": "Point", "coordinates": [-73.604467, 45.523201]}, "properties": {"nom": "PHARMACIE JEAN COUTU", "type": "Épicerie", "adresse": "5692   Avenue Parc "}}, {"type": "Feature", "geometry": {"type": "Point", "coordinates": [-73.598495, 45.450213]}, "properties": {"nom": "DEPANNEUR YOO'S S.E.N.C.", "type": "Épicerie", "adresse": "2900   Rue Allard "}}, {"type": "Feature", "geometry": {"type": "Point", "coordinates": [-73.603946, 45.454182]}, "properties": {"nom": "LE DEPANNEUR PAUSE SOURIRE", "type": "Épicerie", "adresse": "6250   Avenue Newman "}}, {"type": "Feature", "geometry": {"type": "Point", "coordinates": [-73.642456, 45.532105]}, "properties": {"nom": "DEPANNEUR 748", "type": "Épicerie avec préparation", "adresse": "748   Rue Liège Ouest"}}, {"type": "Feature", "geometry": {"type": "Point", "coordinates": [-73.586903, 45.545743]}, "properties": {"nom": "CYCLONE NUTRITION", "type": "Épicerie", "adresse": "2398   Boulevard Rosemont "}}, {"type": "Feature", "geometry": {"type": "Point", "coordinates": [-73.620678, 45.495626]}, "properties": {"nom": "EXO FRUITS", "type": "Épicerie avec préparation", "adresse": "5192   Chemin Côte-des-Neiges "}}, {"type": "Feature", "geometry": {"type": "Point", "coordinates": [-73.494379, 45.666228]}, "properties": {"nom": "DEPANNEURS BELANGER XL", "type": "Épicerie", "adresse": "13900   Rue Notre-Dame Est"}}, {"type": "Feature", "geometry": {"type": "Point", "coordinates": [-73.564717, 45.542466]}, "properties": {"nom": "LOCOMOTION STUDIO D'ENTRAINEMENT", "type": "Épicerie avec préparation", "adresse": "2600  133 Rue William-Tremblay "}}, {"type": "Feature", "geometry": {"type": "Point", "coordinates": [-73.594368, 45.521298]}, "properties": {"nom": "SUPER MARCHE RHAMAN", "type": "Épicerie", "adresse": "151   Avenue Laurier Ouest"}}, {"type": "Feature", "geometry": {"type": "Point", "coordinates": [-73.573618, 45.519729]}, "properties": {"nom": "KUSMI TEA", "type": "Épicerie", "adresse": "3875   Rue Saint-Denis "}}, {"type": "Feature", "geometry": {"type": "Point", "coordinates": [-73.629214, 45.529912]}, "properties": {"nom": "LES ALIMENTS J.P.A. LTEE", "type": "Boucherie-épicerie", "adresse": "541   Rue Saint-Roch "}}, {"type": "Feature", "geometry": {"type": "Point", "coordinates": [-73.581239, 45.611376]}, "properties": {"nom": "COUCHE-TARD #1076", "type": "Épicerie avec préparation", "adresse": "10001   Boulevard Louis-H.-La Fontaine "}}, {"type": "Feature", "geometry": {"type": "Point", "coordinates": [-73.594402, 45.52377]}, "properties": {"nom": "DEPANNEUR A.S.", "type": "Épicerie", "adresse": "5191   Boulevard Saint-Laurent "}}, {"type": "Feature", "geometry": {"type": "Point", "coordinates": [-73.586152, 45.52686]}, "properties": {"nom": "TABAGIE LAURIER", "type": "Épicerie", "adresse": "495   Rue Gilford "}}, {"type": "Feature", "geometry": {"type": "Point", "coordinates": [-73.597178, 45.520968]}, "properties": {"nom": "VARIETES DELPHI", "type": "Épicerie", "adresse": "221   Avenue Fairmount Ouest"}}, {"type": "Feature", "geometry": {"type": "Point", "coordinates": [-73.58102, 45.531351]}, "properties": {"nom": "DEPANNEUR GILFORD PLUS", "type": "Épicerie", "adresse": "1280   Rue Gilford "}}, {"type": "Feature", "geometry": {"type": "Point", "coordinates": [-73.500179, 45.666821]}, "properties": {"nom": "BOUCHERIE DES TREMBLES", "type": "Boucherie-épicerie", "adresse": "13870   Rue De Montigny "}}, {"type": "Feature", "geometry": {"type": "Point", "coordinates": [-73.631352, 45.428962]}, "properties": {"nom": "MARCHE CHAUHAN BROTHERS", "type": "Épicerie avec préparation", "adresse": "1741   Avenue Dollard "}}, {"type": "Feature", "geometry": {"type": "Point", "coordinates": [-73.635539, 45.531619]}, "properties": {"nom": "MARCHE BLAIR", "type": "Boucherie-épicerie", "adresse": "557   Rue Jarry Ouest"}}, {"type": "Feature", "geometry": {"type": "Point", "coordinates": [-73.560533, 45.508354]}, "properties": {"nom": "EPICERIE HENG HENG CHANCHAYA", "type": "Boucherie-épicerie", "adresse": "1071   Boulevard Saint-Laurent "}}, {"type": "Feature", "geometry": {"type": "Point", "coordinates": [-73.796519, 45.483827]}, "properties": {"nom": "PJC #249", "type": "Épicerie", "adresse": "3347   Boulevard Sources "}}, {"type": "Feature", "geometry": {"type": "Point", "coordinates": [-73.623492, 45.496876]}, "properties": {"nom": "C. CORP. #281 COUCHE-TARD", "type": "Épicerie avec préparation", "adresse": "5405   Chemin Côte-des-Neiges "}}, {"type": "Feature", "geometry": {"type": "Point", "coordinates": [-73.540697, 45.580144]}, "properties": {"nom": "SEMENCES D'ETOILES INC.", "type": "Aliments naturels", "adresse": "3085   Avenue Granby "}}, {"type": "Feature", "geometry": {"type": "Point", "coordinates": [-73.602012, 45.53564]}, "properties": {"nom": "BISCUITERIE OSCAR ENR.", "type": "Épicerie avec préparation", "adresse": "6356   Rue Saint-Hubert "}}, {"type": "Feature", "geometry": {"type": "Point", "coordinates": [-73.60119, 45.477959]}, "properties": {"nom": "L'AUTRE CHOIX MINI-MARCHE", "type": "Épicerie avec préparation", "adresse": "330 A 330A Avenue Victoria "}}, {"type": "Feature", "geometry": {"type": "Point", "coordinates": [-73.803972, 45.48504]}, "properties": {"nom": "PARADISE KOSHER", "type": "Épicerie avec préparation", "adresse": "11608   Boulevard De Salaberry "}}, {"type": "Feature", "geometry": {"type": "Point", "coordinates": [-73.669104, 45.52861]}, "properties": {"nom": "SUPER MARCHE BYBLOS", "type": "Boucherie-épicerie", "adresse": "175   Boulevard Côte-Vertu "}}, {"type": "Feature", "geometry": {"type": "Point", "coordinates": [-73.602905, 45.478756]}, "properties": {"nom": "ALIMENTS MIYAMOTO", "type": "Épicerie avec préparation", "adresse": "382   Avenue Victoria "}}, {"type": "Feature", "geometry": {"type": "Point", "coordinates": [-73.563066, 45.509522]}, "properties": {"nom": "LES PRODUITS SINO INC.", "type": "Épicerie", "adresse": "1207   Boulevard Saint-Laurent "}}, {"type": "Feature", "geometry": {"type": "Point", "coordinates": [-73.55717, 45.600478]}, "properties": {"nom": "TOYS \"R\" US #3515", "type": "Épicerie", "adresse": "7200   Boulevard Louis-H.-La Fontaine "}}, {"type": "Feature", "geometry": {"type": "Point", "coordinates": [-73.576542, 45.480032]}, "properties": {"nom": "ETALS 37-38(ALAIN,LUCIE DAUPHINAIS)", "type": "Marché public", "adresse": "138  ETAL 12-A Avenue Atwater "}}, {"type": "Feature", "geometry": {"type": "Point", "coordinates": [-73.624701, 45.526218]}, "properties": {"nom": "MICHAEL ROSSY LTEE", "type": "Épicerie", "adresse": "805   Rue Jean-Talon Ouest"}}, {"type": "Feature", "geometry": {"type": "Point", "coordinates": [-73.875847, 45.488593]}, "properties": {"nom": "DEPANNEUR DU VILLAGE MAGIE", "type": "Épicerie", "adresse": "378   Rue Cherrier "}}, {"type": "Feature", "geometry": {"type": "Point", "coordinates": [-73.666755, 45.461117]}, "properties": {"nom": "PATISSERIE ET TRAITEUR ADAR", "type": "Épicerie avec préparation", "adresse": "5634   Avenue Westminster "}}, {"type": "Feature", "geometry": {"type": "Point", "coordinates": [-73.608807, 45.525127]}, "properties": {"nom": "DEPANNEUR KARIM ENR.", "type": "Épicerie", "adresse": "6013   Avenue Parc "}}, {"type": "Feature", "geometry": {"type": "Point", "coordinates": [-73.576542, 45.480032]}, "properties": {"nom": "CONRAD PITRE & FILS", "type": "Marché public", "adresse": "138  10-11 Avenue Atwater "}}, {"type": "Feature", "geometry": {"type": "Point", "coordinates": [-73.620457, 45.440626]}, "properties": {"nom": "SUPER C / LASALLE # 5908", "type": "Supermarché", "adresse": "7401  360 Boulevard Newman "}}, {"type": "Feature", "geometry": {"type": "Point", "coordinates": [-73.674011, 45.521049]}, "properties": {"nom": "BOUCHERIE ABU ELIAS", "type": "Boucherie-épicerie", "adresse": "733   Boulevard Côte-Vertu "}}, {"type": "Feature", "geometry": {"type": "Point", "coordinates": [-73.60797, 45.425707]}, "properties": {"nom": "COUCHE-TARD #222", "type": "Épicerie avec préparation", "adresse": "8051   Rue George "}}, {"type": "Feature", "geometry": {"type": "Point", "coordinates": [-73.591097, 45.522266]}, "properties": {"nom": "COUCHE-TARD #392", "type": "Épicerie avec préparation", "adresse": "4910   Boulevard Saint-Laurent "}}, {"type": "Feature", "geometry": {"type": "Point", "coordinates": [-73.720661, 45.530524]}, "properties": {"nom": "DEPANNEUR BONI SUBA", "type": "Épicerie", "adresse": "12258   Rue Lachapelle "}}, {"type": "Feature", "geometry": {"type": "Point", "coordinates": [-73.838707, 45.477116]}, "properties": {"nom": "COUCHE TARD 278", "type": "Épicerie", "adresse": "4061   Boulevard Saint-Jean "}}, {"type": "Feature", "geometry": {"type": "Point", "coordinates": [-73.785773, 45.464858]}, "properties": {"nom": "COUCHE-TARD #219", "type": "Épicerie avec préparation", "adresse": "1856   Boulevard Sources "}}, {"type": "Feature", "geometry": {"type": "Point", "coordinates": [-73.555622, 45.612461]}, "properties": {"nom": "COUCHE-TARD #385", "type": "Épicerie", "adresse": "7700   Boulevard Roi-René "}}, {"type": "Feature", "geometry": {"type": "Point", "coordinates": [-73.553617, 45.504217]}, "properties": {"nom": "SCANDINAVE LES BAINS VIEUX-MONTREAL", "type": "Épicerie", "adresse": "71   Rue Commune Ouest"}}, {"type": "Feature", "geometry": {"type": "Point", "coordinates": [-73.586499, 45.63383]}, "properties": {"nom": "SUPER C / RIVIERE-DES-PRAIRIES #25986", "type": "Supermarché", "adresse": "8115   Boulevard Maurice-Duplessis "}}, {"type": "Feature", "geometry": {"type": "Point", "coordinates": [-73.626366, 45.599316]}, "properties": {"nom": "FLEUR DU SOLEIL", "type": "Épicerie avec préparation", "adresse": "5047   Rue Charleroi "}}, {"type": "Feature", "geometry": {"type": "Point", "coordinates": [-73.546514, 45.456053]}, "properties": {"nom": "COUCHE TARD 298", "type": "Épicerie avec préparation", "adresse": "270   Rue Elgar "}}, {"type": "Feature", "geometry": {"type": "Point", "coordinates": [-73.566796, 45.465127]}, "properties": {"nom": "DEPAN ESCOMPTE COUCHE-TARD #225", "type": "Épicerie", "adresse": "3890   Rue Wellington "}}, {"type": "Feature", "geometry": {"type": "Point", "coordinates": [-73.57165, 45.459516]}, "properties": {"nom": "COUCHE-TARD", "type": "Épicerie", "adresse": "4460   Rue Verdun "}}, {"type": "Feature", "geometry": {"type": "Point", "coordinates": [-73.575494, 45.510337]}, "properties": {"nom": "PRODUIT EDEN- FRUITERIE DU PARC", "type": "Épicerie avec préparation", "adresse": "3575  4304 Avenue Parc "}}, {"type": "Feature", "geometry": {"type": "Point", "coordinates": [-73.559596, 45.516993]}, "properties": {"nom": "COUCHE-TARD#378", "type": "Épicerie avec préparation", "adresse": "888  R23 Boulevard De Maisonneuve Est"}}, {"type": "Feature", "geometry": {"type": "Point", "coordinates": [-73.607656, 45.521288]}, "properties": {"nom": "MISSION SANTE THUY INC.", "type": "Épicerie avec préparation", "adresse": "1138   Avenue Bernard "}}, {"type": "Feature", "geometry": {"type": "Point", "coordinates": [-73.589506, 45.526877]}, "properties": {"nom": "MARCHE LAURIER", "type": "Épicerie avec préparation", "adresse": "377   Avenue Laurier Est"}}, {"type": "Feature", "geometry": {"type": "Point", "coordinates": [-73.614271, 45.535863]}, "properties": {"nom": "BOUCHERIE DU MARCHE", "type": "Boucherie-épicerie", "adresse": "224   Place Marché-du-Nord "}}, {"type": "Feature", "geometry": {"type": "Point", "coordinates": [-73.598985, 45.540642]}, "properties": {"nom": "DEPANNEUR SIMON ANTHONY", "type": "Épicerie", "adresse": "1349   Rue Beaubien Est"}}, {"type": "Feature", "geometry": {"type": "Point", "coordinates": [-73.631321, 45.4208]}, "properties": {"nom": "DEPANNEUR HOWELL", "type": "Épicerie", "adresse": "9001  A Rue Airlie "}}, {"type": "Feature", "geometry": {"type": "Point", "coordinates": [-73.614928, 45.536867]}, "properties": {"nom": "MARCHE JEAN TALON LOC. 113-174", "type": "Marché public", "adresse": "7070  C24 Avenue Henri-Julien "}}, {"type": "Feature", "geometry": {"type": "Point", "coordinates": [-73.614928, 45.536867]}, "properties": {"nom": "MARCHE JEAN-TALON (ETAL 47 A 100)", "type": "Marché public", "adresse": "7070  C24 Avenue Henri-Julien "}}, {"type": "Feature", "geometry": {"type": "Point", "coordinates": [-73.561285, 45.587011]}, "properties": {"nom": "DEPANNEUR 7 JOURS JUN", "type": "Épicerie", "adresse": "6470   Rue Beaubien Est"}}, {"type": "Feature", "geometry": {"type": "Point", "coordinates": [-73.898064, 45.436415]}, "properties": {"nom": "COUCHE-TARD #201", "type": "Épicerie", "adresse": "19795   Chemin Sainte-Marie "}}, {"type": "Feature", "geometry": {"type": "Point", "coordinates": [-73.541952, 45.54918]}, "properties": {"nom": "EVASIA", "type": "Épicerie avec préparation", "adresse": "3956   Rue Ontario Est"}}, {"type": "Feature", "geometry": {"type": "Point", "coordinates": [-73.605406, 45.568425]}, "properties": {"nom": "LES ALIMENTS KIM PHAT (JARRY)", "type": "Supermarché", "adresse": "3733   Rue Jarry Est"}}, {"type": "Feature", "geometry": {"type": "Point", "coordinates": [-73.572893, 45.532129]}, "properties": {"nom": "SAUM-MOM - L'ARTISAN DU SAUMON", "type": "Épicerie avec préparation", "adresse": "4378   Avenue Papineau "}}, {"type": "Feature", "geometry": {"type": "Point", "coordinates": [-73.602882, 45.479468]}, "properties": {"nom": "RESTAURANT EATZ ENCORE", "type": "Épicerie avec préparation", "adresse": "4824   Rue Sherbrooke Ouest"}}, {"type": "Feature", "geometry": {"type": "Point", "coordinates": [-73.779471, 45.504188]}, "properties": {"nom": "110 MIRACLES INC.", "type": "Épicerie avec préparation", "adresse": "9549   Boulevard Gouin Ouest"}}, {"type": "Feature", "geometry": {"type": "Point", "coordinates": [-73.578651, 45.480849]}, "properties": {"nom": "BOUCHERIE NOTRE-DAME 1980", "type": "Boucherie-épicerie", "adresse": "3035   Rue Notre-Dame Ouest"}}, {"type": "Feature", "geometry": {"type": "Point", "coordinates": [-73.552373, 45.533328]}, "properties": {"nom": "DEPANNEUR KIM IE", "type": "Épicerie", "adresse": "2575   Rue Ontario Est"}}, {"type": "Feature", "geometry": {"type": "Point", "coordinates": [-73.949612, 45.403095]}, "properties": {"nom": "DEPAN-ESCOMPTE COUCHE-TARD #215", "type": "Épicerie", "adresse": "56   Rue Sainte-Anne "}}, {"type": "Feature", "geometry": {"type": "Point", "coordinates": [-73.674934, 45.509507]}, "properties": {"nom": "DEPANNEUR KIT-KAT", "type": "Épicerie", "adresse": "1495   Rue Collège "}}, {"type": "Feature", "geometry": {"type": "Point", "coordinates": [-73.566978, 45.463112]}, "properties": {"nom": "PHARMACIE JEAN-COUTU ENR. #8", "type": "Épicerie", "adresse": "4061   Rue Wellington "}}, {"type": "Feature", "geometry": {"type": "Point", "coordinates": [-73.630136, 45.428257]}, "properties": {"nom": "COUCHE-TARD #263", "type": "Épicerie", "adresse": "1640   Avenue Dollard "}}, {"type": "Feature", "geometry": {"type": "Point", "coordinates": [-73.62093, 45.619095]}, "properties": {"nom": "C. COMMUNAUTAIRE MULTI-ETHNIQUE MTL-NORD", "type": "Épicerie avec préparation", "adresse": "6343   Rue Pierre "}}, {"type": "Feature", "geometry": {"type": "Point", "coordinates": [-73.595483, 45.57961]}, "properties": {"nom": "LA GROTTE DES FROMAGES", "type": "Épicerie avec préparation", "adresse": "4919   Rue Jarry Est"}}, {"type": "Feature", "geometry": {"type": "Point", "coordinates": [-73.846597, 45.432564]}, "properties": {"nom": "PHARMAPRIX", "type": "Épicerie", "adresse": "50   Boulevard Saint-Charles "}}, {"type": "Feature", "geometry": {"type": "Point", "coordinates": [-73.880962, 45.419727]}, "properties": {"nom": "COUCHE-TARD #284", "type": "Épicerie avec préparation", "adresse": "459   Boulevard Beaconsfield "}}, {"type": "Feature", "geometry": {"type": "Point", "coordinates": [-73.624541, 45.526486]}, "properties": {"nom": "DHILLON BROTHER GROCERY", "type": "Épicerie avec préparation", "adresse": "775   Rue Jean-Talon Ouest"}}, {"type": "Feature", "geometry": {"type": "Point", "coordinates": [-73.670164, 45.4349]}, "properties": {"nom": "DEPANNEUR 7 JOURS", "type": "Épicerie", "adresse": "695   Rue Notre-Dame "}}, {"type": "Feature", "geometry": {"type": "Point", "coordinates": [-73.692687, 45.441678]}, "properties": {"nom": "C. CORP # 269 (COUCHE-TARD)", "type": "Épicerie avec préparation", "adresse": "685   Avenue 32e "}}, {"type": "Feature", "geometry": {"type": "Point", "coordinates": [-73.553574, 45.537706]}, "properties": {"nom": "MARCHE ROUEN PLUS SENC", "type": "Boucherie-épicerie", "adresse": "2850   Rue Rouen "}}, {"type": "Feature", "geometry": {"type": "Point", "coordinates": [-73.533418, 45.60719]}, "properties": {"nom": "SOC.ST-VINCENT-DE-PAUL CONF. ST-JUSTIN", "type": "Épicerie", "adresse": "8830   Rue De Grosbois "}}, {"type": "Feature", "geometry": {"type": "Point", "coordinates": [-73.626605, 45.436991]}, "properties": {"nom": "DEPANNEUR SAN REMO AYANNA", "type": "Épicerie", "adresse": "2079   Rue Thierry "}}, {"type": "Feature", "geometry": {"type": "Point", "coordinates": [-73.649183, 45.441469]}, "properties": {"nom": "LE CORDON DU QUEBEC", "type": "Épicerie avec préparation", "adresse": "150   Rue Notre-Dame "}}, {"type": "Feature", "geometry": {"type": "Point", "coordinates": [-73.627624, 45.485455]}, "properties": {"nom": "COUCHE-TARD # 223", "type": "Épicerie avec préparation", "adresse": "5107   Chemin Queen-Mary "}}, {"type": "Feature", "geometry": {"type": "Point", "coordinates": [-73.645964, 45.464057]}, "properties": {"nom": "MARCHE OASIS", "type": "Boucherie-épicerie", "adresse": "6945   Avenue Fielding "}}, {"type": "Feature", "geometry": {"type": "Point", "coordinates": [-73.642645, 45.531784]}, "properties": {"nom": "MARCHE GREEN PUNJAB", "type": "Épicerie", "adresse": "771   Rue Liège Ouest"}}, {"type": "Feature", "geometry": {"type": "Point", "coordinates": [-73.648123, 45.574783]}, "properties": {"nom": "SABRA 5 ETOILES", "type": "Boucherie-épicerie", "adresse": "2432   Rue Fleury Est"}}, {"type": "Feature", "geometry": {"type": "Point", "coordinates": [-73.616595, 45.431204]}, "properties": {"nom": "FRUTTA SI INTERNATIONAL", "type": "Boucherie-épicerie", "adresse": "1255   Boulevard Shevchenko "}}, {"type": "Feature", "geometry": {"type": "Point", "coordinates": [-73.818204, 45.509982]}, "properties": {"nom": "BOUCHERIE ET B.B.Q. ABOUL ABED", "type": "Boucherie-épicerie", "adresse": "11495   Boulevard Gouin Ouest"}}, {"type": "Feature", "geometry": {"type": "Point", "coordinates": [-73.577276, 45.481652]}, "properties": {"nom": "PHARMAPRIX", "type": "Épicerie", "adresse": "2740   Rue Notre-Dame Ouest"}}, {"type": "Feature", "geometry": {"type": "Point", "coordinates": [-73.57869, 45.522037]}, "properties": {"nom": "LES MAGASINS TAU", "type": "Épicerie avec préparation", "adresse": "4238   Rue Saint-Denis "}}, {"type": "Feature", "geometry": {"type": "Point", "coordinates": [-73.569579, 45.478325]}, "properties": {"nom": "MAXI DOLLARD", "type": "Épicerie", "adresse": "2600   Rue Centre "}}, {"type": "Feature", "geometry": {"type": "Point", "coordinates": [-73.571666, 45.459346]}, "properties": {"nom": "DEPANNEUR-CAFE LEVE-TOT INC.", "type": "Épicerie", "adresse": "4525  4525 Rue Verdun "}}, {"type": "Feature", "geometry": {"type": "Point", "coordinates": [-73.59379, 45.546418]}, "properties": {"nom": "FRUITERIE ROYAL GALA", "type": "Épicerie avec préparation", "adresse": "2213   Rue Beaubien Est"}}, {"type": "Feature", "geometry": {"type": "Point", "coordinates": [-73.680894, 45.435085]}, "properties": {"nom": "MARCHE PUBLIC LACHINE", "type": "Marché public", "adresse": "1875   Rue Notre-Dame "}}, {"type": "Feature", "geometry": {"type": "Point", "coordinates": [-73.751968, 45.448173]}, "properties": {"nom": "DEPAN-ESCOMPTE COUCHE-TARD #221", "type": "Épicerie avec préparation", "adresse": "475  115 Avenue Dumont "}}, {"type": "Feature", "geometry": {"type": "Point", "coordinates": [-73.575584, 45.531855]}, "properties": {"nom": "BOUCHERIE CHAMPFLEURI", "type": "Boucherie-épicerie", "adresse": "1577   Avenue Mont-Royal Est"}}, {"type": "Feature", "geometry": {"type": "Point", "coordinates": [-73.653952, 45.529497]}, "properties": {"nom": "GOURMET BAZAR", "type": "Épicerie avec préparation", "adresse": "9051   Rue Charles-De La Tour "}}, {"type": "Feature", "geometry": {"type": "Point", "coordinates": [-73.815877, 45.512199]}, "properties": {"nom": "IGA #8543 (ALIMENTATION J.P.J. MARTIN)", "type": "Supermarché", "adresse": "11130   Rue Meighen "}}, {"type": "Feature", "geometry": {"type": "Point", "coordinates": [-73.604457, 45.473928]}, "properties": {"nom": "DEPANNEUR N.D.G. INC.", "type": "Épicerie", "adresse": "5181 A  Boulevard De Maisonneuve Ouest"}}, {"type": "Feature", "geometry": {"type": "Point", "coordinates": [-73.630984, 45.526916]}, "properties": {"nom": "MARCHE LES QUATRE COINS", "type": "Épicerie avec préparation", "adresse": "921   Rue Saint-Roch "}}, {"type": "Feature", "geometry": {"type": "Point", "coordinates": [-73.575414, 45.5103]}, "properties": {"nom": "SUPER DEPANNEUR LA CITE", "type": "Épicerie", "adresse": "3576  4302 Avenue Parc "}}, {"type": "Feature", "geometry": {"type": "Point", "coordinates": [-73.823225, 45.42978]}, "properties": {"nom": "EPICERIE PRETTE ET CAFE SMOOTHIE", "type": "Épicerie avec préparation", "adresse": "251   Chemin Bord-du-Lac-Lakeshore "}}, {"type": "Feature", "geometry": {"type": "Point", "coordinates": [-73.577505, 45.542766]}, "properties": {"nom": "DEPANNEUR VINA", "type": "Épicerie", "adresse": "5210   Rue D'Iberville "}}, {"type": "Feature", "geometry": {"type": "Point", "coordinates": [-73.603866, 45.535259]}, "properties": {"nom": "DEPANNEUR F & L", "type": "Épicerie", "adresse": "536   Rue Beaubien Est"}}, {"type": "Feature", "geometry": {"type": "Point", "coordinates": [-73.57499, 45.500658]}, "properties": {"nom": "TABAGIE METRO PEEL OUEST", "type": "Épicerie avec préparation", "adresse": "1115  OUEST Boulevard De Maisonneuve Ouest"}}, {"type": "Feature", "geometry": {"type": "Point", "coordinates": [-73.653898, 45.539529]}, "properties": {"nom": "MARCHE PALUMBO INC.", "type": "Boucherie-épicerie", "adresse": "310   Rue Chabanel Ouest"}}, {"type": "Feature", "geometry": {"type": "Point", "coordinates": [-73.804563, 45.48476]}, "properties": {"nom": "YANNICK FROMAGERIE MARCHE DE L'OUEST", "type": "Épicerie avec préparation", "adresse": "11690   Boulevard De Salaberry "}}, {"type": "Feature", "geometry": {"type": "Point", "coordinates": [-73.56661, 45.655432]}, "properties": {"nom": "BOUCHERIE NAPPI", "type": "Boucherie-épicerie", "adresse": "9690   Rue 4e "}}, {"type": "Feature", "geometry": {"type": "Point", "coordinates": [-73.58069, 45.49466]}, "properties": {"nom": "DEPANNEUR BEAU SOIR", "type": "Épicerie", "adresse": "2030   Rue Saint-Mathieu "}}, {"type": "Feature", "geometry": {"type": "Point", "coordinates": [-73.559643, 45.514683]}, "properties": {"nom": "ALIMENTS NATURELS JADE ENR.", "type": "Aliments naturels", "adresse": "505  727 Rue Sainte-Catherine Est"}}, {"type": "Feature", "geometry": {"type": "Point", "coordinates": [-73.637335, 45.42959]}, "properties": {"nom": "ALIMENTS PUNJAB LTEE", "type": "Épicerie avec préparation", "adresse": "9000   Boulevard Newman "}}, {"type": "Feature", "geometry": {"type": "Point", "coordinates": [-73.5725, 45.450176]}, "properties": {"nom": "DEPAN-ESCOMPTE COUCHE-TARD 251", "type": "Épicerie", "adresse": "5673   Rue Verdun "}}, {"type": "Feature", "geometry": {"type": "Point", "coordinates": [-73.572279, 45.583154]}, "properties": {"nom": "MARCHE BADRE", "type": "Boucherie-épicerie", "adresse": "5905   Rue Bélanger "}}, {"type": "Feature", "geometry": {"type": "Point", "coordinates": [-73.615057, 45.520299]}, "properties": {"nom": "COUCHE-TARD", "type": "Épicerie", "adresse": "1409   Avenue Van Horne "}}, {"type": "Feature", "geometry": {"type": "Point", "coordinates": [-73.874065, 45.4772]}, "properties": {"nom": "DEPANNEUR", "type": "Épicerie", "adresse": "16332   Boulevard Gouin Ouest"}}, {"type": "Feature", "geometry": {"type": "Point", "coordinates": [-73.875668, 45.468815]}, "properties": {"nom": "DEPANNEUR COUCHE-TARD", "type": "Épicerie avec préparation", "adresse": "4930   Boulevard Saint-Charles "}}, {"type": "Feature", "geometry": {"type": "Point", "coordinates": [-73.57896, 45.516766]}, "properties": {"nom": "2982935 CANADA INC. (ENTREPOT SEGAL)", "type": "Épicerie", "adresse": "4001   Boulevard Saint-Laurent "}}, {"type": "Feature", "geometry": {"type": "Point", "coordinates": [-73.683278, 45.513912]}, "properties": {"nom": "TABAGIE JEAN-PIERRE NO 1 (MÉTRO CÔTE-VERTU)", "type": "Épicerie", "adresse": "1515   Boulevard Côte-Vertu "}}, {"type": "Feature", "geometry": {"type": "Point", "coordinates": [-73.644442, 45.417371]}, "properties": {"nom": "COUCHE-TARD #276", "type": "Épicerie", "adresse": "9301   Boulevard LaSalle "}}, {"type": "Feature", "geometry": {"type": "Point", "coordinates": [-73.610573, 45.447155]}, "properties": {"nom": "LE NATURISTE JEAN-MARC BRUNET", "type": "Aliments naturels", "adresse": "7077  187 Boulevard Newman "}}, {"type": "Feature", "geometry": {"type": "Point", "coordinates": [-73.591335, 45.528484]}, "properties": {"nom": "JOS LE DEPANNEUR", "type": "Épicerie", "adresse": "424   Rue Boucher "}}, {"type": "Feature", "geometry": {"type": "Point", "coordinates": [-73.576575, 45.530799]}, "properties": {"nom": "DEPANNEUR OPERA", "type": "Épicerie", "adresse": "1391   Avenue Mont-Royal Est"}}, {"type": "Feature", "geometry": {"type": "Point", "coordinates": [-73.594238, 45.453757]}, "properties": {"nom": "DEPAN-ESCOMPTE COUCHE-TARD #230", "type": "Épicerie avec préparation", "adresse": "6500   Boulevard Monk "}}, {"type": "Feature", "geometry": {"type": "Point", "coordinates": [-73.637122, 45.590816]}, "properties": {"nom": "BOUCHERIE PIE IX (IASENZA)", "type": "Boucherie-épicerie", "adresse": "10847   Boulevard Pie-IX "}}, {"type": "Feature", "geometry": {"type": "Point", "coordinates": [-73.576542, 45.480032]}, "properties": {"nom": "FERNAND THEORET (23-24)", "type": "Marché public", "adresse": "138  23-24 Avenue Atwater "}}, {"type": "Feature", "geometry": {"type": "Point", "coordinates": [-73.55493, 45.5306]}, "properties": {"nom": "BRONZAGE CAFE-SOLEIL", "type": "Épicerie", "adresse": "2308   Rue Ontario Est"}}, {"type": "Feature", "geometry": {"type": "Point", "coordinates": [-73.568422, 45.590456]}, "properties": {"nom": "IGA EXTRA #259", "type": "Supermarché", "adresse": "7150   Boulevard Langelier "}}, {"type": "Feature", "geometry": {"type": "Point", "coordinates": [-73.763624, 45.448644]}, "properties": {"nom": "MARCHE PINE BEACH", "type": "Épicerie", "adresse": "445  445 Boulevard Pine Beach "}}, {"type": "Feature", "geometry": {"type": "Point", "coordinates": [-73.597924, 45.601779]}, "properties": {"nom": "DEPANNEUR R.D.P. INC.", "type": "Épicerie", "adresse": "8970   Boulevard Langelier "}}, {"type": "Feature", "geometry": {"type": "Point", "coordinates": [-73.614696, 45.588843]}, "properties": {"nom": "COUCHE TARD 377", "type": "Épicerie avec préparation", "adresse": "9155   Boulevard Viau "}}, {"type": "Feature", "geometry": {"type": "Point", "coordinates": [-73.577873, 45.5186]}, "properties": {"nom": "DEPANNEUR JAY", "type": "Épicerie", "adresse": "169   Avenue Duluth Est"}}, {"type": "Feature", "geometry": {"type": "Point", "coordinates": [-73.674158, 45.520734]}, "properties": {"nom": "PHARMACIE JEAN COUTU", "type": "Épicerie", "adresse": "740  138 Boulevard Côte-Vertu "}}, {"type": "Feature", "geometry": {"type": "Point", "coordinates": [-73.572907, 45.59159]}, "properties": {"nom": "WALMART", "type": "Supermarché", "adresse": "7445   Boulevard Langelier "}}, {"type": "Feature", "geometry": {"type": "Point", "coordinates": [-73.541757, 45.542514]}, "properties": {"nom": "DEPANNEUR ADAM XIE", "type": "Épicerie", "adresse": "3451   Rue Adam "}}, {"type": "Feature", "geometry": {"type": "Point", "coordinates": [-73.590621, 45.470768]}, "properties": {"nom": "DEPANNEUR BEAU-SOIR", "type": "Épicerie avec préparation", "adresse": "4945   Rue Notre-Dame Ouest"}}, {"type": "Feature", "geometry": {"type": "Point", "coordinates": [-73.576542, 45.480032]}, "properties": {"nom": "ETALS 41-42 WILLY HAECK ET FILS", "type": "Marché public", "adresse": "138  41-42 Avenue Atwater "}}, {"type": "Feature", "geometry": {"type": "Point", "coordinates": [-73.704639, 45.496929]}, "properties": {"nom": "PHARMACIE KALFANE (UNIPRIX)", "type": "Épicerie", "adresse": "3131  J10B Boulevard Côte-Vertu "}}, {"type": "Feature", "geometry": {"type": "Point", "coordinates": [-73.492309, 45.657622]}, "properties": {"nom": "RESIDENCE DOUX SEJOUR", "type": "Aliments naturels", "adresse": "13300   Rue Notre-Dame Est"}}, {"type": "Feature", "geometry": {"type": "Point", "coordinates": [-73.488412, 45.692772]}, "properties": {"nom": "DEPANNEUR DE LA PISTE ENR.", "type": "Épicerie avec préparation", "adresse": "15808   Rue Notre-Dame Est"}}, {"type": "Feature", "geometry": {"type": "Point", "coordinates": [-73.576542, 45.480032]}, "properties": {"nom": "LES VERGERS ALAIN DAUPHINAIS", "type": "Marché public", "adresse": "138  53-54 Avenue Atwater "}}, {"type": "Feature", "geometry": {"type": "Point", "coordinates": [-73.576542, 45.480032]}, "properties": {"nom": "FRANCINE & GAETAN PROULX ETAL 25-26", "type": "Marché public", "adresse": "138  25-26 Avenue Atwater "}}, {"type": "Feature", "geometry": {"type": "Point", "coordinates": [-73.607124, 45.58242]}, "properties": {"nom": "MARCHE ANA", "type": "Boucherie-épicerie", "adresse": "4755   Boulevard Robert "}}, {"type": "Feature", "geometry": {"type": "Point", "coordinates": [-73.846213, 45.435607]}, "properties": {"nom": "COUCHE-TARD #1074", "type": "Épicerie", "adresse": "99   Avenue Elm "}}, {"type": "Feature", "geometry": {"type": "Point", "coordinates": [-73.605977, 45.47678]}, "properties": {"nom": "MARCHE DE FRUITS WESTMOUNT", "type": "Épicerie", "adresse": "5029   Rue Sherbrooke Ouest"}}, {"type": "Feature", "geometry": {"type": "Point", "coordinates": [-73.566074, 45.598093]}, "properties": {"nom": "MARCHE LES HALLES D'ANJOU (ADMINISTRATION)", "type": "Marché public", "adresse": "7500  65 #A Boulevard Galeries-d'Anjou "}}, {"type": "Feature", "geometry": {"type": "Point", "coordinates": [-73.576542, 45.480032]}, "properties": {"nom": "LUCIE PINSONNEAULT ETAL 93-94", "type": "Marché public", "adresse": "138  93-94 Avenue Atwater "}}, {"type": "Feature", "geometry": {"type": "Point", "coordinates": [-73.576542, 45.480032]}, "properties": {"nom": "ETALS 12-13 GAETAN & DIANE PINSONNEAULT", "type": "Marché public", "adresse": "138  ETAL 12 Avenue Atwater "}}, {"type": "Feature", "geometry": {"type": "Point", "coordinates": [-73.6223, 45.604201]}, "properties": {"nom": "SUPERMARCHE B. ET G.", "type": "Boucherie-épicerie", "adresse": "11301   Avenue Jean-Meunier "}}, {"type": "Feature", "geometry": {"type": "Point", "coordinates": [-73.571686, 45.595893]}, "properties": {"nom": "BONANZA LALUMIERE", "type": "Supermarché", "adresse": "6852 A  Rue Jean-Talon Est"}}, {"type": "Feature", "geometry": {"type": "Point", "coordinates": [-73.629002, 45.427827]}, "properties": {"nom": "FRUITERIE DOLLARD", "type": "Épicerie avec préparation", "adresse": "1583   Avenue Dollard "}}, {"type": "Feature", "geometry": {"type": "Point", "coordinates": [-73.575164, 45.532303]}, "properties": {"nom": "FRUITERIE DU JOUR MONT-ROYAL", "type": "Épicerie avec préparation", "adresse": "1655   Avenue Mont-Royal Est"}}, {"type": "Feature", "geometry": {"type": "Point", "coordinates": [-73.584378, 45.446015]}, "properties": {"nom": "DEPANNEUR OMA'S", "type": "Épicerie avec préparation", "adresse": "6401   Rue Beurling "}}, {"type": "Feature", "geometry": {"type": "Point", "coordinates": [-73.824286, 45.458844]}, "properties": {"nom": "DEPANNEUR BELANGER", "type": "Épicerie", "adresse": "230  106 Boulevard Hymus "}}, {"type": "Feature", "geometry": {"type": "Point", "coordinates": [-73.576233, 45.456949]}, "properties": {"nom": "VARIETES SAVOIE ENR.", "type": "Épicerie", "adresse": "4906   Rue Bannantyne "}}, {"type": "Feature", "geometry": {"type": "Point", "coordinates": [-73.639869, 45.495366]}, "properties": {"nom": "MARCHE GLORIE (MARCHE DUC THANH)", "type": "Boucherie-épicerie", "adresse": "6430   Avenue Victoria "}}, {"type": "Feature", "geometry": {"type": "Point", "coordinates": [-73.580369, 45.494736]}, "properties": {"nom": "PAT TABACONISTE", "type": "Épicerie", "adresse": "1685   Boulevard De Maisonneuve Ouest"}}, {"type": "Feature", "geometry": {"type": "Point", "coordinates": [-73.620756, 45.617521]}, "properties": {"nom": "BOUCHERIE FORTIN 1983", "type": "Boucherie-épicerie", "adresse": "6290   Rue Pascal "}}, {"type": "Feature", "geometry": {"type": "Point", "coordinates": [-73.614645, 45.535462]}, "properties": {"nom": "BOUCHERS CAPITOL", "type": "Boucherie-épicerie", "adresse": "158   Place Marché-du-Nord "}}, {"type": "Feature", "geometry": {"type": "Point", "coordinates": [-73.6146, 45.535511]}, "properties": {"nom": "MARCHE TANIA", "type": "Épicerie avec préparation", "adresse": "166   Place Marché-du-Nord "}}, {"type": "Feature", "geometry": {"type": "Point", "coordinates": [-73.635446, 45.431225]}, "properties": {"nom": "LE NATURISTE J.M.B. #25", "type": "Aliments naturels", "adresse": "2101   Avenue Dollard "}}, {"type": "Feature", "geometry": {"type": "Point", "coordinates": [-73.601289, 45.431229]}, "properties": {"nom": "DEPANNEUR YIDI S.E.N.C.", "type": "Épicerie avec préparation", "adresse": "7665   Rue Broadway "}}, {"type": "Feature", "geometry": {"type": "Point", "coordinates": [-73.569916, 45.50305]}, "properties": {"nom": "G.N.C. BIEN VIVRE", "type": "Aliments naturels", "adresse": "677  M-10 Rue Sainte-Catherine Ouest"}}, {"type": "Feature", "geometry": {"type": "Point", "coordinates": [-73.572504, 45.59496]}, "properties": {"nom": "SUPER C ST-LEONARD #5904", "type": "Supermarché", "adresse": "6775   Rue Jean-Talon Est"}}, {"type": "Feature", "geometry": {"type": "Point", "coordinates": [-73.606145, 45.476636]}, "properties": {"nom": "PHARMAPRIX PQ 56", "type": "Épicerie", "adresse": "5038   Rue Sherbrooke Ouest"}}, {"type": "Feature", "geometry": {"type": "Point", "coordinates": [-73.571189, 45.501934]}, "properties": {"nom": "DOLLARAMA", "type": "Épicerie", "adresse": "1500  A053 Avenue McGill College "}}, {"type": "Feature", "geometry": {"type": "Point", "coordinates": [-73.612507, 45.426683]}, "properties": {"nom": "MARCHE D'ALIMENTATION BECK (I.G.A.)", "type": "Supermarché", "adresse": "8130   Boulevard Champlain "}}, {"type": "Feature", "geometry": {"type": "Point", "coordinates": [-73.620174, 45.602528]}, "properties": {"nom": "BOUCHERIE SANCHEZ", "type": "Boucherie-épicerie", "adresse": "5510   Rue Charleroi "}}, {"type": "Feature", "geometry": {"type": "Point", "coordinates": [-73.631542, 45.591258]}, "properties": {"nom": "FRUITERIE AMIENS", "type": "Épicerie avec préparation", "adresse": "4437   Rue Amiens "}}, {"type": "Feature", "geometry": {"type": "Point", "coordinates": [-73.680936, 45.512471]}, "properties": {"nom": "CENTRE SOUTIEN JEUNESSE DE ST-LAURENT", "type": "Épicerie", "adresse": "1525   Rue Decelles "}}, {"type": "Feature", "geometry": {"type": "Point", "coordinates": [-73.822494, 45.505624]}, "properties": {"nom": "SUPER C / PIERREFONDS #5910", "type": "Supermarché", "adresse": "11851   Boulevard Pierrefonds "}}, {"type": "Feature", "geometry": {"type": "Point", "coordinates": [-73.828427, 45.506522]}, "properties": {"nom": "MARCHE JAFFNA FRUITS", "type": "Boucherie-épicerie", "adresse": "12201   Boulevard Gouin Ouest"}}, {"type": "Feature", "geometry": {"type": "Point", "coordinates": [-73.606845, 45.450671]}, "properties": {"nom": "WAL-MART #3046", "type": "Supermarché", "adresse": "6797   Boulevard Newman "}}, {"type": "Feature", "geometry": {"type": "Point", "coordinates": [-73.852276, 45.445701]}, "properties": {"nom": "CATANZARO", "type": "Épicerie avec préparation", "adresse": "2754   Boulevard Saint-Charles "}}, {"type": "Feature", "geometry": {"type": "Point", "coordinates": [-73.624645, 45.465985]}, "properties": {"nom": "MARCHE AL AMANA", "type": "Boucherie-épicerie", "adresse": "6260   Rue Sherbrooke Ouest"}}, {"type": "Feature", "geometry": {"type": "Point", "coordinates": [-73.682282, 45.513993]}, "properties": {"nom": "DEPANNEUR NADER", "type": "Épicerie", "adresse": "981   Boulevard Décarie "}}, {"type": "Feature", "geometry": {"type": "Point", "coordinates": [-73.626628, 45.486566]}, "properties": {"nom": "DOLLAR QUEEN MARY", "type": "Épicerie", "adresse": "4948   Chemin Queen-Mary "}}, {"type": "Feature", "geometry": {"type": "Point", "coordinates": [-73.587243, 45.480058]}, "properties": {"nom": "DEPANNEUR YOYO", "type": "Épicerie avec préparation", "adresse": "3951   Rue Saint-Antoine Ouest"}}, {"type": "Feature", "geometry": {"type": "Point", "coordinates": [-73.576542, 45.480032]}, "properties": {"nom": "JARDINS BEAUDIN  ETALS 49-50", "type": "Marché public", "adresse": "138  ETAL 12-A Avenue Atwater "}}, {"type": "Feature", "geometry": {"type": "Point", "coordinates": [-73.569643, 45.534639]}, "properties": {"nom": "PROVI-MARK", "type": "Épicerie", "adresse": "2139   Rue Marie-Anne Est"}}, {"type": "Feature", "geometry": {"type": "Point", "coordinates": [-73.576118, 45.524001]}, "properties": {"nom": "DEPANNEUR RACHEL (GUI)", "type": "Épicerie", "adresse": "850   Rue Rachel Est"}}, {"type": "Feature", "geometry": {"type": "Point", "coordinates": [-73.64554, 45.491198]}, "properties": {"nom": "SMART FOR LIFE/CONTROLE DE POIDS", "type": "Aliments naturels", "adresse": "6525  GR 123 Boulevard Décarie "}}, {"type": "Feature", "geometry": {"type": "Point", "coordinates": [-73.637115, 45.49494]}, "properties": {"nom": "EURO VICTORIA (MARCHE EUROPEEN)", "type": "Épicerie avec préparation", "adresse": "4751   Avenue Van Horne "}}, {"type": "Feature", "geometry": {"type": "Point", "coordinates": [-73.601209, 45.521755]}, "properties": {"nom": "P'TIT BONHEUR AU NATUREL", "type": "Aliments naturels", "adresse": "5412   Avenue Parc "}}, {"type": "Feature", "geometry": {"type": "Point", "coordinates": [-73.665525, 45.469956]}, "properties": {"nom": "PROVISIONS CALDWELL", "type": "Épicerie avec préparation", "adresse": "7025   Chemin Kildare "}}, {"type": "Feature", "geometry": {"type": "Point", "coordinates": [-73.61305, 45.522558]}, "properties": {"nom": "DEPAN 7 JOURS", "type": "Épicerie", "adresse": "1200   Avenue Van Horne "}}, {"type": "Feature", "geometry": {"type": "Point", "coordinates": [-73.626331, 45.460169]}, "properties": {"nom": "BENTO NOUVEAU", "type": "Épicerie avec préparation", "adresse": "6600   Rue Saint-Jacques "}}, {"type": "Feature", "geometry": {"type": "Point", "coordinates": [-73.614282, 45.535851]}, "properties": {"nom": "CHEZ LOUIS FRUITS ET LEGUMES", "type": "Marché public", "adresse": "222   Place Marché-du-Nord "}}, {"type": "Feature", "geometry": {"type": "Point", "coordinates": [-73.571573, 45.500404]}, "properties": {"nom": "DEPANNEUR METCALFE", "type": "Épicerie", "adresse": "1229   Rue Metcalfe "}}, {"type": "Feature", "geometry": {"type": "Point", "coordinates": [-73.631244, 45.510374]}, "properties": {"nom": "MARCHE OLGUN", "type": "Épicerie", "adresse": "6791   Avenue Darlington "}}, {"type": "Feature", "geometry": {"type": "Point", "coordinates": [-73.638965, 45.492868]}, "properties": {"nom": "8522 I.G.A.", "type": "Supermarché", "adresse": "4885   Avenue Van Horne "}}, {"type": "Feature", "geometry": {"type": "Point", "coordinates": [-73.638861, 45.494915]}, "properties": {"nom": "MARCHE VICTORIA ORIENTAL MONTREAL ENR.", "type": "Épicerie avec préparation", "adresse": "6324   Avenue Victoria "}}, {"type": "Feature", "geometry": {"type": "Point", "coordinates": [-73.639151, 45.495045]}, "properties": {"nom": "EPICERIE SHAVIT ENR.", "type": "Boucherie-épicerie", "adresse": "6334   Avenue Victoria "}}, {"type": "Feature", "geometry": {"type": "Point", "coordinates": [-73.620351, 45.619396]}, "properties": {"nom": "DEPANNEUR PIERRE", "type": "Épicerie avec préparation", "adresse": "6371   Rue Pierre "}}, {"type": "Feature", "geometry": {"type": "Point", "coordinates": [-73.640009, 45.603169]}, "properties": {"nom": "DEPANNEUR STE-GERTRUDE", "type": "Épicerie avec préparation", "adresse": "4698   Boulevard Gouin Est"}}, {"type": "Feature", "geometry": {"type": "Point", "coordinates": [-73.673163, 45.434931]}, "properties": {"nom": "MARCHE KELLI", "type": "Épicerie", "adresse": "1060   Rue Notre-Dame "}}, {"type": "Feature", "geometry": {"type": "Point", "coordinates": [-73.651732, 45.587427]}, "properties": {"nom": "DEPANNEUR SAULT AUX RECOLLETS ENR.", "type": "Épicerie", "adresse": "3295  #1 Boulevard Gouin Est"}}, {"type": "Feature", "geometry": {"type": "Point", "coordinates": [-73.551152, 45.520963]}, "properties": {"nom": "ASSOCIATION LES CHEMINS DU SOLEIL", "type": "Épicerie", "adresse": "1188   Rue De Champlain "}}, {"type": "Feature", "geometry": {"type": "Point", "coordinates": [-73.534863, 45.521485]}, "properties": {"nom": "SLOCHE  (ALLEE DU MONSTRE)", "type": "Épicerie", "adresse": "336  336 Chemin La Ronde "}}, {"type": "Feature", "geometry": {"type": "Point", "coordinates": [-73.636452, 45.503393]}, "properties": {"nom": "LES ALIMENTS KIM PHAT (GOYER)", "type": "Boucherie-épicerie", "adresse": "3588   Rue Goyer "}}, {"type": "Feature", "geometry": {"type": "Point", "coordinates": [-73.647619, 45.526334]}, "properties": {"nom": "GNC (GENERAL NUTRITION CENTER)", "type": "Aliments naturels", "adresse": "2305  1010 Chemin Rockland "}}, {"type": "Feature", "geometry": {"type": "Point", "coordinates": [-73.682922, 45.514403]}, "properties": {"nom": "MARCHE YASMINE ET FRERES INC.", "type": "Boucherie-épicerie", "adresse": "1015   Rue Décarie "}}, {"type": "Feature", "geometry": {"type": "Point", "coordinates": [-73.576404, 45.45508]}, "properties": {"nom": "489 I.G.A.", "type": "Supermarché", "adresse": "5144   Rue Bannantyne "}}, {"type": "Feature", "geometry": {"type": "Point", "coordinates": [-73.631464, 45.477972]}, "properties": {"nom": "DEPANNEUR COUCHE-TARD #268", "type": "Épicerie", "adresse": "5700   Chemin Côte-Saint-Luc "}}, {"type": "Feature", "geometry": {"type": "Point", "coordinates": [-73.635072, 45.471191]}, "properties": {"nom": "COUCHE-TARD #274", "type": "Épicerie", "adresse": "6240   Avenue Somerled "}}, {"type": "Feature", "geometry": {"type": "Point", "coordinates": [-73.50413, 45.642187]}, "properties": {"nom": "PHARMACIE JEAN-COUTU", "type": "Épicerie", "adresse": "1400   Boulevard Saint-Jean-Baptiste "}}, {"type": "Feature", "geometry": {"type": "Point", "coordinates": [-73.499975, 45.657002]}, "properties": {"nom": "DEPANNEUR 32E AVENUE", "type": "Épicerie", "adresse": "13181   Rue René-Lévesque "}}, {"type": "Feature", "geometry": {"type": "Point", "coordinates": [-73.576542, 45.480032]}, "properties": {"nom": "LE COIN GOURMAND  (SERGE BOURCIER)", "type": "Épicerie", "adresse": "138  15-16 Avenue Atwater "}}, {"type": "Feature", "geometry": {"type": "Point", "coordinates": [-73.544328, 45.545906]}, "properties": {"nom": "EPICERIE ET CAFE MARCO ROSA", "type": "Épicerie avec préparation", "adresse": "3668   Rue Ontario Est"}}, {"type": "Feature", "geometry": {"type": "Point", "coordinates": [-73.594757, 45.430044]}, "properties": {"nom": "BOUCHERIE FRANCAISE (LIÉ À ÉTABL.67481)", "type": "Boucherie-épicerie", "adresse": "7670   Rue Édouard "}}, {"type": "Feature", "geometry": {"type": "Point", "coordinates": [-73.67807, 45.437981]}, "properties": {"nom": "DEPANNEUR SEIZIEME", "type": "Épicerie", "adresse": "1601   Rue Remembrance "}}, {"type": "Feature", "geometry": {"type": "Point", "coordinates": [-73.618516, 45.534444]}, "properties": {"nom": "FAEMA DISTRIBUTEUR INC.", "type": "Épicerie avec préparation", "adresse": "14   Rue Jean-Talon Ouest"}}, {"type": "Feature", "geometry": {"type": "Point", "coordinates": [-73.622834, 45.475572]}, "properties": {"nom": "FRUITERIE & CHARCUTERIE MONKLAND", "type": "Épicerie avec préparation", "adresse": "5605   Avenue Monkland "}}, {"type": "Feature", "geometry": {"type": "Point", "coordinates": [-73.640556, 45.422762]}, "properties": {"nom": "LA MAISONNETTE", "type": "Épicerie", "adresse": "9284   Rue Airlie "}}, {"type": "Feature", "geometry": {"type": "Point", "coordinates": [-73.687013, 45.441846]}, "properties": {"nom": "DEPAN-ESCOMPTE COUCHE-TARD #208", "type": "Épicerie avec préparation", "adresse": "2555   Rue Provost "}}, {"type": "Feature", "geometry": {"type": "Point", "coordinates": [-73.584189, 45.575458]}, "properties": {"nom": "669 I.G.A. EXTRA", "type": "Supermarché", "adresse": "5000   Rue Jean-Talon Est"}}, {"type": "Feature", "geometry": {"type": "Point", "coordinates": [-73.611905, 45.472573]}, "properties": {"nom": "WAWEL", "type": "Épicerie avec préparation", "adresse": "5499   Rue Sherbrooke Ouest"}}, {"type": "Feature", "geometry": {"type": "Point", "coordinates": [-73.633201, 45.529333]}, "properties": {"nom": "EPICERIE BALL", "type": "Épicerie", "adresse": "751   Avenue Ball "}}, {"type": "Feature", "geometry": {"type": "Point", "coordinates": [-73.597468, 45.559803]}, "properties": {"nom": "FRUITERIE RONICA INC.", "type": "Épicerie", "adresse": "3319   Rue Jean-Talon Est"}}, {"type": "Feature", "geometry": {"type": "Point", "coordinates": [-73.593958, 45.453015]}, "properties": {"nom": "FRUITERIE SHAANA", "type": "Épicerie avec préparation", "adresse": "6601   Boulevard Monk "}}, {"type": "Feature", "geometry": {"type": "Point", "coordinates": [-73.596537, 45.46158]}, "properties": {"nom": "DEPANNEUR DORE", "type": "Épicerie avec préparation", "adresse": "2351   Rue De Villiers "}}, {"type": "Feature", "geometry": {"type": "Point", "coordinates": [-73.62232, 45.476143]}, "properties": {"nom": "ALIMENTS NATURELS FLEURS SAUVAGES", "type": "Épicerie avec préparation", "adresse": "5561   Avenue Monkland "}}, {"type": "Feature", "geometry": {"type": "Point", "coordinates": [-73.627791, 45.571762]}, "properties": {"nom": "SUPER MARCHE WAWAA", "type": "Épicerie avec préparation", "adresse": "9048   Boulevard Saint-Michel "}}, {"type": "Feature", "geometry": {"type": "Point", "coordinates": [-73.506821, 45.632014]}, "properties": {"nom": "DEPANNEUR BO-COIN", "type": "Épicerie avec préparation", "adresse": "301   Avenue Broadway "}}, {"type": "Feature", "geometry": {"type": "Point", "coordinates": [-73.496015, 45.670861]}, "properties": {"nom": "DEPANNEUR MARIO", "type": "Épicerie avec préparation", "adresse": "14213   Rue Victoria "}}, {"type": "Feature", "geometry": {"type": "Point", "coordinates": [-73.615034, 45.611402]}, "properties": {"nom": "DEPANNEUR DIJON ENRG", "type": "Épicerie avec préparation", "adresse": "6315   Rue Dijon "}}, {"type": "Feature", "geometry": {"type": "Point", "coordinates": [-73.594305, 45.450972]}, "properties": {"nom": "COUCHE-TARD 275", "type": "Épicerie avec préparation", "adresse": "2525   Rue Allard "}}, {"type": "Feature", "geometry": {"type": "Point", "coordinates": [-73.629941, 45.528687]}, "properties": {"nom": "SUWAN ET FRERES EPICERIE", "type": "Épicerie", "adresse": "693   Rue Saint-Roch "}}, {"type": "Feature", "geometry": {"type": "Point", "coordinates": [-73.577963, 45.538474]}, "properties": {"nom": "DEPANNEUR AZALEE ROUGE", "type": "Épicerie", "adresse": "2144   Avenue Laurier Est"}}, {"type": "Feature", "geometry": {"type": "Point", "coordinates": [-73.585531, 45.521038]}, "properties": {"nom": "8127 INTERMARCHE MTL, MT-ROYAL / ST-LAURENT", "type": "Boucherie-épicerie", "adresse": "89   Avenue Mont-Royal Est"}}, {"type": "Feature", "geometry": {"type": "Point", "coordinates": [-73.621552, 45.49628]}, "properties": {"nom": "MARCHE JEAN BRILLANT - (MARCHÉ PUBLIC VDM)", "type": "Marché public", "adresse": "3551   Rue Jean-Brillant "}}, {"type": "Feature", "geometry": {"type": "Point", "coordinates": [-73.644195, 45.516937]}, "properties": {"nom": "DEPAN-ESCOMPTE COUCHE-TARD #260", "type": "Épicerie", "adresse": "1375   Chemin Canora "}}, {"type": "Feature", "geometry": {"type": "Point", "coordinates": [-73.576821, 45.515812]}, "properties": {"nom": "PHARMAPRIX PQ-1800", "type": "Épicerie", "adresse": "3861   Boulevard Saint-Laurent "}}, {"type": "Feature", "geometry": {"type": "Point", "coordinates": [-73.602922, 45.479433]}, "properties": {"nom": "FRUITERIE MONT VICTORIA", "type": "Épicerie avec préparation", "adresse": "4826   Rue Sherbrooke Ouest"}}, {"type": "Feature", "geometry": {"type": "Point", "coordinates": [-73.802544, 45.509689]}, "properties": {"nom": "DEPANNEUR CHANLONG", "type": "Épicerie", "adresse": "10386   Boulevard Gouin Ouest"}}, {"type": "Feature", "geometry": {"type": "Point", "coordinates": [-73.568207, 45.462834]}, "properties": {"nom": "METRO BELLEMARE", "type": "Supermarché", "adresse": "349   Rue Église "}}, {"type": "Feature", "geometry": {"type": "Point", "coordinates": [-73.576795, 45.498896]}, "properties": {"nom": "COUCHE-TARD/MAC'S S.E.C. #749", "type": "Épicerie avec préparation", "adresse": "1285   Boulevard De Maisonneuve Ouest"}}, {"type": "Feature", "geometry": {"type": "Point", "coordinates": [-73.576473, 45.479977]}, "properties": {"nom": "LA FROMAGERIE DU MARCHE ATWATER", "type": "Épicerie avec préparation", "adresse": "134   Avenue Atwater "}}, {"type": "Feature", "geometry": {"type": "Point", "coordinates": [-73.54381, 45.546749]}, "properties": {"nom": "FRUITS DU JOUR", "type": "Épicerie avec préparation", "adresse": "3765   Rue Ontario Est"}}, {"type": "Feature", "geometry": {"type": "Point", "coordinates": [-73.700135, 45.537502]}, "properties": {"nom": "COUCHE-TARD #632", "type": "Épicerie avec préparation", "adresse": "2707   Rue De Salaberry "}}, {"type": "Feature", "geometry": {"type": "Point", "coordinates": [-73.576542, 45.480032]}, "properties": {"nom": "LES SERRES JASMIN (29-30)", "type": "Marché public", "adresse": "138  29-30 Avenue Atwater "}}, {"type": "Feature", "geometry": {"type": "Point", "coordinates": [-73.487936, 45.649203]}, "properties": {"nom": "COUCHE-TARD #313", "type": "Épicerie avec préparation", "adresse": "12745   Rue Notre-Dame Est"}}, {"type": "Feature", "geometry": {"type": "Point", "coordinates": [-73.66956, 45.527872]}, "properties": {"nom": "JEAN COUTU #81 (PHARM ESCOMPTE NELLEY & TANIA KANOU)", "type": "Épicerie", "adresse": "237   Boulevard Côte-Vertu "}}, {"type": "Feature", "geometry": {"type": "Point", "coordinates": [-73.620559, 45.60233]}, "properties": {"nom": "DEPANNEUR OXO", "type": "Épicerie avec préparation", "adresse": "5405   Rue Charleroi "}}, {"type": "Feature", "geometry": {"type": "Point", "coordinates": [-73.621719, 45.627395]}, "properties": {"nom": "DEPANNEUR LES TOURS GOUIN", "type": "Épicerie", "adresse": "6801 C  Boulevard Gouin Est"}}, {"type": "Feature", "geometry": {"type": "Point", "coordinates": [-73.657127, 45.534614]}, "properties": {"nom": "DOLLARAMA", "type": "Épicerie", "adresse": "1035   Rue Marché-Central "}}, {"type": "Feature", "geometry": {"type": "Point", "coordinates": [-73.643092, 45.531024]}, "properties": {"nom": "MARCHE MACCA", "type": "Boucherie-épicerie", "adresse": "834   Rue Liège Ouest"}}, {"type": "Feature", "geometry": {"type": "Point", "coordinates": [-73.59831, 45.531227]}, "properties": {"nom": "TABAGIE METRO ROSEMONT", "type": "Épicerie avec préparation", "adresse": "420   Boulevard Rosemont "}}, {"type": "Feature", "geometry": {"type": "Point", "coordinates": [-73.572756, 45.447311]}, "properties": {"nom": "PHARMAPRIX #1885", "type": "Épicerie", "adresse": "5987   Rue Verdun "}}, {"type": "Feature", "geometry": {"type": "Point", "coordinates": [-73.572378, 45.451461]}, "properties": {"nom": "MARCHE YVES TONDREAU & FILS INC.", "type": "Boucherie-épicerie", "adresse": "5589  5589 Rue Verdun "}}, {"type": "Feature", "geometry": {"type": "Point", "coordinates": [-73.68718, 45.540299]}, "properties": {"nom": "BOUCHERIE BBQ DANDACHE", "type": "Boucherie-épicerie", "adresse": "1569   Rue Dudemaine "}}, {"type": "Feature", "geometry": {"type": "Point", "coordinates": [-73.510206, 45.654684]}, "properties": {"nom": "SUPER C / P.A.T. #25963", "type": "Supermarché", "adresse": "12695   Rue Sherbrooke Est"}}, {"type": "Feature", "geometry": {"type": "Point", "coordinates": [-73.664028, 45.477032]}, "properties": {"nom": "IGA", "type": "Supermarché", "adresse": "5800   Boulevard Cavendish "}}, {"type": "Feature", "geometry": {"type": "Point", "coordinates": [-73.609284, 45.596946]}, "properties": {"nom": "GESTION PHARMASSO", "type": "Épicerie", "adresse": "9235   Boulevard Lacordaire "}}, {"type": "Feature", "geometry": {"type": "Point", "coordinates": [-73.59227, 45.592224]}, "properties": {"nom": "COUCHE-TARD #370", "type": "Épicerie avec préparation", "adresse": "5959   Boulevard Robert "}}, {"type": "Feature", "geometry": {"type": "Point", "coordinates": [-73.579187, 45.493885]}, "properties": {"nom": "PHARM. JEAN-COUTU", "type": "Épicerie", "adresse": "1675   Rue Sainte-Catherine Ouest"}}, {"type": "Feature", "geometry": {"type": "Point", "coordinates": [-73.650477, 45.590414]}, "properties": {"nom": "EPICERIE J.D.V. INC.", "type": "Boucherie-épicerie", "adresse": "3461  412 Boulevard Gouin Est"}}, {"type": "Feature", "geometry": {"type": "Point", "coordinates": [-73.584231, 45.49144]}, "properties": {"nom": "LES PROVISIONS ST-LUKE", "type": "Épicerie", "adresse": "2184   Boulevard De Maisonneuve Ouest"}}, {"type": "Feature", "geometry": {"type": "Point", "coordinates": [-73.610815, 45.549607]}, "properties": {"nom": "SUPER MARCHE MENDEZ", "type": "Épicerie avec préparation", "adresse": "7400   Avenue Papineau "}}, {"type": "Feature", "geometry": {"type": "Point", "coordinates": [-73.667829, 45.470681]}, "properties": {"nom": "COTE ST-LUC BAGEL", "type": "Épicerie avec préparation", "adresse": "5757   Avenue Caldwell "}}, {"type": "Feature", "geometry": {"type": "Point", "coordinates": [-73.615023, 45.511473]}, "properties": {"nom": "PHAR.THIERRY MVILANGO &MONY PAULINE PEN", "type": "Épicerie", "adresse": "7   Avenue Vincent-D'Indy "}}, {"type": "Feature", "geometry": {"type": "Point", "coordinates": [-73.615509, 45.537155]}, "properties": {"nom": "BOUCHER ALKHAIR", "type": "Boucherie-épicerie", "adresse": "300   Rue Jean-Talon Est"}}, {"type": "Feature", "geometry": {"type": "Point", "coordinates": [-73.561928, 45.521875]}, "properties": {"nom": "DOLLAR SELECT", "type": "Épicerie", "adresse": "1271   Rue Ontario Est"}}, {"type": "Feature", "geometry": {"type": "Point", "coordinates": [-73.579398, 45.48338]}, "properties": {"nom": "CAFE UNDERGROUND", "type": "Épicerie avec préparation", "adresse": "620  cc-121 Avenue Atwater "}}, {"type": "Feature", "geometry": {"type": "Point", "coordinates": [-73.604118, 45.474222]}, "properties": {"nom": "TABAGIE METRO VENDOME", "type": "Épicerie", "adresse": "5160   Boulevard De Maisonneuve Ouest"}}, {"type": "Feature", "geometry": {"type": "Point", "coordinates": [-73.598043, 45.525424]}, "properties": {"nom": "PETRO-CANADA", "type": "Épicerie", "adresse": "5455   Boulevard Saint-Laurent "}}, {"type": "Feature", "geometry": {"type": "Point", "coordinates": [-73.566074, 45.598093]}, "properties": {"nom": "CAFE PLANTATION", "type": "Épicerie avec préparation", "adresse": "7500  160 Boulevard Galeries-d'Anjou "}}, {"type": "Feature", "geometry": {"type": "Point", "coordinates": [-73.561625, 45.508916]}, "properties": {"nom": "COUCHE-TARD #362", "type": "Épicerie avec préparation", "adresse": "1   Boulevard René-Lévesque Est"}}, {"type": "Feature", "geometry": {"type": "Point", "coordinates": [-73.604639, 45.572351]}, "properties": {"nom": "SUPER C / PIE-IX / JARRY #25945", "type": "Supermarché", "adresse": "8200   Boulevard Pie-IX "}}, {"type": "Feature", "geometry": {"type": "Point", "coordinates": [-73.609168, 45.563553]}, "properties": {"nom": "DEPANNEUR LE KAI", "type": "Épicerie", "adresse": "8054   Boulevard Saint-Michel "}}, {"type": "Feature", "geometry": {"type": "Point", "coordinates": [-73.628907, 45.600625]}, "properties": {"nom": "STEVE VEILLEUX (DEPANNEUR NATHALIE ENR.)", "type": "Épicerie", "adresse": "5041   Rue Amos "}}, {"type": "Feature", "geometry": {"type": "Point", "coordinates": [-73.506913, 45.663699]}, "properties": {"nom": "COUCHE-TARD # 327", "type": "Épicerie avec préparation", "adresse": "13600   Rue Sherbrooke Est"}}, {"type": "Feature", "geometry": {"type": "Point", "coordinates": [-73.543074, 45.547853]}, "properties": {"nom": "PHARMAPRIX", "type": "Épicerie", "adresse": "3845   Rue Ontario Est"}}, {"type": "Feature", "geometry": {"type": "Point", "coordinates": [-73.583622, 45.493257]}, "properties": {"nom": "DEPANNEUR SALMA", "type": "Épicerie", "adresse": "1950  111 Avenue Lincoln "}}, {"type": "Feature", "geometry": {"type": "Point", "coordinates": [-73.604726, 45.584253]}, "properties": {"nom": "PHARMACIE JEAN COUTU", "type": "Épicerie", "adresse": "8630   Boulevard Viau "}}, {"type": "Feature", "geometry": {"type": "Point", "coordinates": [-73.572066, 45.583391]}, "properties": {"nom": "DEPANNEUR POISSANT", "type": "Épicerie avec préparation", "adresse": "5936   Rue Bélanger "}}, {"type": "Feature", "geometry": {"type": "Point", "coordinates": [-73.574056, 45.509664]}, "properties": {"nom": "MARCHE LOBO", "type": "Boucherie-épicerie", "adresse": "3509   Avenue Parc "}}, {"type": "Feature", "geometry": {"type": "Point", "coordinates": [-73.654408, 45.493139]}, "properties": {"nom": "WAL-MART #3165", "type": "Supermarché", "adresse": "5400   Rue Jean-Talon Ouest"}}, {"type": "Feature", "geometry": {"type": "Point", "coordinates": [-73.586035, 45.634018]}, "properties": {"nom": "PHARMAPRIX OLIVIER GUERTIN", "type": "Épicerie", "adresse": "8222   Boulevard Maurice-Duplessis "}}, {"type": "Feature", "geometry": {"type": "Point", "coordinates": [-73.606138, 45.538112]}, "properties": {"nom": "454 SUPERMARCHE BARCELO (GESTION M.H.)", "type": "Supermarché", "adresse": "900   Rue Saint-Zotique Est"}}, {"type": "Feature", "geometry": {"type": "Point", "coordinates": [-73.576542, 45.480032]}, "properties": {"nom": "BOUCHERIE CLAUDE ET HENRI 2005", "type": "Boucherie-épicerie", "adresse": "138  ETAL 11 Avenue Atwater "}}, {"type": "Feature", "geometry": {"type": "Point", "coordinates": [-73.576542, 45.480032]}, "properties": {"nom": "ADELARD BELANGER & FILS LTEE", "type": "Boucherie-épicerie", "adresse": "138  ETAL 12-A Avenue Atwater "}}, {"type": "Feature", "geometry": {"type": "Point", "coordinates": [-73.644069, 45.586294]}, "properties": {"nom": "BOUCHERIE MONSELET", "type": "Boucherie-épicerie", "adresse": "3565   Rue Monselet "}}, {"type": "Feature", "geometry": {"type": "Point", "coordinates": [-73.619915, 45.468455]}, "properties": {"nom": "MARCHE SHAHRAN  (9533-0395 QUÉBEC INC.)", "type": "Épicerie avec préparation", "adresse": "6010   Rue Sherbrooke Ouest"}}, {"type": "Feature", "geometry": {"type": "Point", "coordinates": [-73.572225, 45.453156]}, "properties": {"nom": "DEPANNEUR DIABLO", "type": "Épicerie", "adresse": "5369  5369 Rue Verdun "}}, {"type": "Feature", "geometry": {"type": "Point", "coordinates": [-73.568944, 45.535372]}, "properties": {"nom": "DEPANNEUR CIRCE", "type": "Épicerie", "adresse": "2198   Rue Marie-Anne Est"}}, {"type": "Feature", "geometry": {"type": "Point", "coordinates": [-73.613346, 45.536152]}, "properties": {"nom": "LES ALIMENTS MERCI", "type": "Épicerie avec préparation", "adresse": "7010   Avenue Henri-Julien "}}, {"type": "Feature", "geometry": {"type": "Point", "coordinates": [-73.67174, 45.549109]}, "properties": {"nom": "LE PALAIS DES CHAUSSONS & PIZZAS INC.", "type": "Épicerie avec préparation", "adresse": "77   Boulevard Henri-Bourassa Ouest"}}, {"type": "Feature", "geometry": {"type": "Point", "coordinates": [-73.614928, 45.536867]}, "properties": {"nom": "LES DELICES DE LA MER (ATKINS)", "type": "Épicerie avec préparation", "adresse": "7070  C24 Avenue Henri-Julien "}}, {"type": "Feature", "geometry": {"type": "Point", "coordinates": [-73.674158, 45.520734]}, "properties": {"nom": "FRUITERIE MONTPELLIER", "type": "Épicerie avec préparation", "adresse": "740  140 Boulevard Côte-Vertu "}}, {"type": "Feature", "geometry": {"type": "Point", "coordinates": [-73.570462, 45.646012]}, "properties": {"nom": "VALEUR PRIX", "type": "Épicerie", "adresse": "9171   Boulevard Maurice-Duplessis "}}, {"type": "Feature", "geometry": {"type": "Point", "coordinates": [-73.583189, 45.492334]}, "properties": {"nom": "BONJOUR SUPERMARCHE", "type": "Épicerie avec préparation", "adresse": "2070  6 Boulevard De Maisonneuve Ouest"}}, {"type": "Feature", "geometry": {"type": "Point", "coordinates": [-73.57153, 45.48976]}, "properties": {"nom": "FONDATION DES RESIDENCES MANCE-DECARY", "type": "Épicerie", "adresse": "1800  2108 Rue Saint-Jacques "}}, {"type": "Feature", "geometry": {"type": "Point", "coordinates": [-73.62675, 45.593834]}, "properties": {"nom": "DEPANNEUR NOOR", "type": "Épicerie", "adresse": "4841   Rue Amiens "}}, {"type": "Feature", "geometry": {"type": "Point", "coordinates": [-73.551588, 45.534479]}, "properties": {"nom": "EPICERIE HIEP PHAT", "type": "Épicerie avec préparation", "adresse": "2679   Rue Ontario Est"}}, {"type": "Feature", "geometry": {"type": "Point", "coordinates": [-73.583849, 45.52438]}, "properties": {"nom": "ALCHIMISTE EN HERBE", "type": "Épicerie", "adresse": "4567   Rue Saint-Denis "}}, {"type": "Feature", "geometry": {"type": "Point", "coordinates": [-73.557613, 45.50034]}, "properties": {"nom": "NOUVELLE RESERVE MC GILL ENR.", "type": "Épicerie avec préparation", "adresse": "414   Rue McGill "}}, {"type": "Feature", "geometry": {"type": "Point", "coordinates": [-73.627082, 45.464711]}, "properties": {"nom": "PHARMAPRIX", "type": "Épicerie", "adresse": "6411   Rue Sherbrooke Ouest"}}, {"type": "Feature", "geometry": {"type": "Point", "coordinates": [-73.628789, 45.61725]}, "properties": {"nom": "EPICERIE M.H.(LOCAL 220)", "type": "Épicerie avec préparation", "adresse": "5872  220 Boulevard Léger "}}, {"type": "Feature", "geometry": {"type": "Point", "coordinates": [-73.585544, 45.474959]}, "properties": {"nom": "DEPANNEUR LAURION", "type": "Épicerie", "adresse": "321   Rue Sainte-Marguerite "}}, {"type": "Feature", "geometry": {"type": "Point", "coordinates": [-73.593407, 45.45155]}, "properties": {"nom": "VARIETE MONK 2010", "type": "Épicerie", "adresse": "6751   Boulevard Monk "}}, {"type": "Feature", "geometry": {"type": "Point", "coordinates": [-73.497293, 45.633791]}, "properties": {"nom": "DEPANNEUR VICTORIA 2007", "type": "Épicerie avec préparation", "adresse": "11529   Rue Victoria "}}, {"type": "Feature", "geometry": {"type": "Point", "coordinates": [-73.492147, 45.642467]}, "properties": {"nom": "DEPANNOTHEQUE ENR", "type": "Épicerie avec préparation", "adresse": "12205   Rue Victoria "}}, {"type": "Feature", "geometry": {"type": "Point", "coordinates": [-73.566074, 45.598093]}, "properties": {"nom": "PLACE DU MARCHE #17-18-19-20-21-22-24", "type": "Marché public", "adresse": "7500  17A24 Boulevard Galeries-d'Anjou "}}, {"type": "Feature", "geometry": {"type": "Point", "coordinates": [-73.669759, 45.547408]}, "properties": {"nom": "SOCIETE DE SAINT-VINCENT-DE-PAUL CONFERENCE: ST-ANDRE-APOTRE", "type": "Épicerie", "adresse": "10534   Rue Waverly "}}, {"type": "Feature", "geometry": {"type": "Point", "coordinates": [-73.518949, 45.60296]}, "properties": {"nom": "RETOUR AUX SOURCES", "type": "Aliments naturels", "adresse": "8833   Rue Hochelaga "}}, {"type": "Feature", "geometry": {"type": "Point", "coordinates": [-73.517192, 45.610934]}, "properties": {"nom": "DEPANNEUR KARIANNE", "type": "Épicerie avec préparation", "adresse": "9584   Avenue Pierre-De Coubertin "}}, {"type": "Feature", "geometry": {"type": "Point", "coordinates": [-73.720763, 45.53205]}, "properties": {"nom": "PHARMACIE JEAN-COUTU", "type": "Épicerie", "adresse": "5855   Boulevard Gouin Ouest"}}, {"type": "Feature", "geometry": {"type": "Point", "coordinates": [-73.593992, 45.432395]}, "properties": {"nom": "DEPANNEUR SHARKA (7 JOURS)", "type": "Épicerie avec préparation", "adresse": "7583   Rue Édouard "}}, {"type": "Feature", "geometry": {"type": "Point", "coordinates": [-73.595595, 45.561892]}, "properties": {"nom": "DEPANNEUR NOUR FRUIT", "type": "Épicerie", "adresse": "3570   Rue Jean-Talon Est"}}, {"type": "Feature", "geometry": {"type": "Point", "coordinates": [-73.677674, 45.53064]}, "properties": {"nom": "DEPANNEUR EPICERIE CHEZ GABY", "type": "Épicerie", "adresse": "301  L 57 Boulevard Deguire "}}, {"type": "Feature", "geometry": {"type": "Point", "coordinates": [-73.594525, 45.563083]}, "properties": {"nom": "BOUCHERIE YASMINE", "type": "Boucherie-épicerie", "adresse": "3710   Rue Jean-Talon Est"}}, {"type": "Feature", "geometry": {"type": "Point", "coordinates": [-73.630171, 45.509593]}, "properties": {"nom": "DEPANNEUR DARLINGTON", "type": "Épicerie", "adresse": "6660   Avenue Darlington "}}, {"type": "Feature", "geometry": {"type": "Point", "coordinates": [-73.635932, 45.421839]}, "properties": {"nom": "MARCHE FOODA", "type": "Épicerie", "adresse": "9165   Rue Airlie "}}, {"type": "Feature", "geometry": {"type": "Point", "coordinates": [-73.608107, 45.573983]}, "properties": {"nom": "PETRO CANADA", "type": "Épicerie", "adresse": "8401   Boulevard Pie-IX "}}, {"type": "Feature", "geometry": {"type": "Point", "coordinates": [-73.602301, 45.560645]}, "properties": {"nom": "PETRO-CANADA 13005", "type": "Épicerie", "adresse": "7515   Boulevard Saint-Michel "}}, {"type": "Feature", "geometry": {"type": "Point", "coordinates": [-73.560653, 45.523945]}, "properties": {"nom": "PAT & ROBERT TABAGIE", "type": "Épicerie", "adresse": "1474   Rue Ontario Est"}}, {"type": "Feature", "geometry": {"type": "Point", "coordinates": [-73.613901, 45.538042]}, "properties": {"nom": "MARCHE ORIENTAL ST-DENIS INC.", "type": "Boucherie-épicerie", "adresse": "7101   Rue Saint-Denis "}}, {"type": "Feature", "geometry": {"type": "Point", "coordinates": [-73.621489, 45.58638]}, "properties": {"nom": "DEPANNNEUR PROVITOT", "type": "Épicerie avec préparation", "adresse": "4572   Boulevard Grandes-Prairies "}}, {"type": "Feature", "geometry": {"type": "Point", "coordinates": [-73.613953, 45.536204]}, "properties": {"nom": "LE MARCHE DES SAVEURS DU QUEBEC", "type": "Épicerie avec préparation", "adresse": "280   Place Marché-du-Nord "}}, {"type": "Feature", "geometry": {"type": "Point", "coordinates": [-73.582098, 45.603978]}, "properties": {"nom": "SOCIETE DE SAINT-VINCENT-DE-PAUL CONFERENCE: JEAN-XXIII", "type": "Épicerie", "adresse": "7101   Avenue Alsace "}}, {"type": "Feature", "geometry": {"type": "Point", "coordinates": [-73.599786, 45.565701]}, "properties": {"nom": "DEPANNEUR BRUNO", "type": "Épicerie", "adresse": "3755   Rue Villeray "}}, {"type": "Feature", "geometry": {"type": "Point", "coordinates": [-73.611852, 45.584541]}, "properties": {"nom": "DEPANNEUR TONY", "type": "Épicerie avec préparation", "adresse": "4729   Boulevard Lavoisier "}}, {"type": "Feature", "geometry": {"type": "Point", "coordinates": [-73.511111, 45.591028]}, "properties": {"nom": "SOCIETE DE SAINT-VINCENT-DE-PAUL CONFERENCE: ST-FRANÇOIS D'ASSISE", "type": "Épicerie", "adresse": "700   Rue Georges-Bizet "}}, {"type": "Feature", "geometry": {"type": "Point", "coordinates": [-73.645736, 45.547964]}, "properties": {"nom": "VARIETES BERRI", "type": "Épicerie", "adresse": "9101   Rue Berri "}}, {"type": "Feature", "geometry": {"type": "Point", "coordinates": [-73.574667, 45.515563]}, "properties": {"nom": "DEPANNEUR PAUL", "type": "Épicerie", "adresse": "50   Avenue Pins Est"}}, {"type": "Feature", "geometry": {"type": "Point", "coordinates": [-73.596831, 45.460657]}, "properties": {"nom": "DEPANNEUR DIAMANT", "type": "Épicerie avec préparation", "adresse": "5773   Boulevard Monk "}}, {"type": "Feature", "geometry": {"type": "Point", "coordinates": [-73.625584, 45.528516]}, "properties": {"nom": "MARCHE GHANACAN INC.", "type": "Boucherie-épicerie", "adresse": "549   Avenue Ogilvy "}}, {"type": "Feature", "geometry": {"type": "Point", "coordinates": [-73.618385, 45.534811]}, "properties": {"nom": "PETRO CANADA", "type": "Épicerie avec préparation", "adresse": "7205   Boulevard Saint-Laurent "}}, {"type": "Feature", "geometry": {"type": "Point", "coordinates": [-73.735896, 45.439829]}, "properties": {"nom": "CHEZ CHARTIER", "type": "Boucherie-épicerie", "adresse": "655   Chemin Bord-du-Lac-Lakeshore "}}, {"type": "Feature", "geometry": {"type": "Point", "coordinates": [-73.626547, 45.526884]}, "properties": {"nom": "DEPANNEUR ET CHARCUTERIE STEVE ENR.", "type": "Épicerie", "adresse": "787   Avenue Ogilvy "}}, {"type": "Feature", "geometry": {"type": "Point", "coordinates": [-73.527334, 45.609409]}, "properties": {"nom": "MARCHE DE LUXE", "type": "Épicerie avec préparation", "adresse": "9204   Rue Sherbrooke Est"}}, {"type": "Feature", "geometry": {"type": "Point", "coordinates": [-73.622346, 45.496367]}, "properties": {"nom": "TABAGIE LI", "type": "Épicerie", "adresse": "5316   Chemin Côte-des-Neiges "}}, {"type": "Feature", "geometry": {"type": "Point", "coordinates": [-73.555976, 45.52953]}, "properties": {"nom": "EPICERIE PARTHENAIS", "type": "Épicerie avec préparation", "adresse": "2200   Rue Ontario Est"}}, {"type": "Feature", "geometry": {"type": "Point", "coordinates": [-73.702954, 45.519455]}, "properties": {"nom": "TIGRE GEANT # 171", "type": "Épicerie", "adresse": "2115   Boulevard Marcel-Laurin "}}, {"type": "Feature", "geometry": {"type": "Point", "coordinates": [-73.665931, 45.535728]}, "properties": {"nom": "PETRO-CANADA (ET A & W)", "type": "Épicerie avec préparation", "adresse": "9901   Boulevard Acadie "}}, {"type": "Feature", "geometry": {"type": "Point", "coordinates": [-73.87939, 45.486764]}, "properties": {"nom": "DEPANNEUR DE L'EGLISE", "type": "Épicerie", "adresse": "300   Montée Église "}}, {"type": "Feature", "geometry": {"type": "Point", "coordinates": [-73.614123, 45.536021]}, "properties": {"nom": "BOUCHER AN-NASR", "type": "Boucherie-épicerie", "adresse": "250   Place Marché-du-Nord "}}, {"type": "Feature", "geometry": {"type": "Point", "coordinates": [-73.63635, 45.53025]}, "properties": {"nom": "MARCHE BHANE", "type": "Épicerie avec préparation", "adresse": "755   Rue Jarry Ouest"}}, {"type": "Feature", "geometry": {"type": "Point", "coordinates": [-73.616399, 45.470263]}, "properties": {"nom": "EPICERIE CANAAN", "type": "Épicerie", "adresse": "5750   Rue Sherbrooke Ouest"}}, {"type": "Feature", "geometry": {"type": "Point", "coordinates": [-73.62159, 45.439142]}, "properties": {"nom": "SHELL", "type": "Épicerie", "adresse": "2209  2209 Rue Lapierre "}}, {"type": "Feature", "geometry": {"type": "Point", "coordinates": [-73.633338, 45.609734]}, "properties": {"nom": "DEPANNEUR KOBY", "type": "Épicerie", "adresse": "5315   Boulevard Léger "}}, {"type": "Feature", "geometry": {"type": "Point", "coordinates": [-73.581866, 45.49208]}, "properties": {"nom": "SUPERMARCHE P.A.", "type": "Supermarché", "adresse": "1420   Rue Fort "}}, {"type": "Feature", "geometry": {"type": "Point", "coordinates": [-73.594632, 45.535811]}, "properties": {"nom": "DEPANNEUR YING JIA", "type": "Épicerie", "adresse": "5801   Rue De La Roche "}}, {"type": "Feature", "geometry": {"type": "Point", "coordinates": [-73.576542, 45.480032]}, "properties": {"nom": "LE VRAC DU MARCHE ATWATER", "type": "Épicerie avec préparation", "adresse": "138  ETAL 05 Avenue Atwater "}}, {"type": "Feature", "geometry": {"type": "Point", "coordinates": [-73.604137, 45.635565]}, "properties": {"nom": "BOB PRODUITS FRAIS", "type": "Épicerie avec préparation", "adresse": "12559   Avenue Fernand-Gauthier "}}, {"type": "Feature", "geometry": {"type": "Point", "coordinates": [-73.739678, 45.45022]}, "properties": {"nom": "MARRIOTT FAIRFIELD INN & SUITES", "type": "Épicerie", "adresse": "700  MARCHE Avenue Michel-Jasmin "}}, {"type": "Feature", "geometry": {"type": "Point", "coordinates": [-73.556031, 45.499804]}, "properties": {"nom": "DEPANNEUR DU VIEUX PORT", "type": "Épicerie", "adresse": "138   Rue McGill "}}, {"type": "Feature", "geometry": {"type": "Point", "coordinates": [-73.620818, 45.581515]}, "properties": {"nom": "DEPANNEUR ROCCO", "type": "Épicerie", "adresse": "9163   Avenue 24e "}}, {"type": "Feature", "geometry": {"type": "Point", "coordinates": [-73.608202, 45.546673]}, "properties": {"nom": "PATRICE RIVEST&MANON ST-JEAN(JEAN-COUTU)", "type": "Épicerie", "adresse": "1465   Rue Jean-Talon Est"}}, {"type": "Feature", "geometry": {"type": "Point", "coordinates": [-73.60851, 45.564948]}, "properties": {"nom": "PHARMAPRIX NGOC THANH NGUYEN", "type": "Épicerie", "adresse": "3325   Rue Jarry Est"}}, {"type": "Feature", "geometry": {"type": "Point", "coordinates": [-73.805358, 45.484383]}, "properties": {"nom": "IGA EXTRA  D.D.O #517", "type": "Supermarché", "adresse": "11800   Boulevard De Salaberry "}}, {"type": "Feature", "geometry": {"type": "Point", "coordinates": [-73.577962, 45.598874]}, "properties": {"nom": "CAFE ADELIA", "type": "Épicerie avec préparation", "adresse": "6905   Rue Jarry Est"}}, {"type": "Feature", "geometry": {"type": "Point", "coordinates": [-73.591794, 45.482397]}, "properties": {"nom": "DEPANNEUR WANG", "type": "Épicerie", "adresse": "4421   Rue Sainte-Catherine Ouest"}}, {"type": "Feature", "geometry": {"type": "Point", "coordinates": [-73.721648, 45.444826]}, "properties": {"nom": "SUPER MARCHE DIXIE", "type": "Épicerie", "adresse": "401   Avenue Bourke "}}, {"type": "Feature", "geometry": {"type": "Point", "coordinates": [-73.538735, 45.554156]}, "properties": {"nom": "LES BOUCHERIES DU MARCHE", "type": "Boucherie-épicerie", "adresse": "4445  C-11 Rue Ontario Est"}}, {"type": "Feature", "geometry": {"type": "Point", "coordinates": [-73.56602, 45.510906]}, "properties": {"nom": "NOUVEAU MARCHE MEGHNA INC.", "type": "Boucherie-épicerie", "adresse": "1605   Boulevard Saint-Laurent "}}, {"type": "Feature", "geometry": {"type": "Point", "coordinates": [-73.574356, 45.48345]}, "properties": {"nom": "COUCHE TARD #250", "type": "Épicerie avec préparation", "adresse": "2375   Rue Notre-Dame Ouest"}}, {"type": "Feature", "geometry": {"type": "Point", "coordinates": [-73.536636, 45.57202]}, "properties": {"nom": "BEAU-SOIR HOCHELAGA", "type": "Épicerie", "adresse": "5885   Rue Hochelaga "}}, {"type": "Feature", "geometry": {"type": "Point", "coordinates": [-73.650823, 45.566967]}, "properties": {"nom": "PETRO-CANADA #12260", "type": "Épicerie", "adresse": "10110   Avenue Papineau "}}, {"type": "Feature", "geometry": {"type": "Point", "coordinates": [-73.510259, 45.65399]}, "properties": {"nom": "DEPANNEUR TRICENTENAIRE", "type": "Épicerie", "adresse": "12820   Rue Sherbrooke Est"}}, {"type": "Feature", "geometry": {"type": "Point", "coordinates": [-73.64891, 45.573852]}, "properties": {"nom": "AU PLAISIR D'OFFRIR", "type": "Épicerie avec préparation", "adresse": "2325   Rue Fleury Est"}}, {"type": "Feature", "geometry": {"type": "Point", "coordinates": [-73.559626, 45.511281]}, "properties": {"nom": "DEPANNEUR DINDIN", "type": "Épicerie", "adresse": "301   Boulevard René-Lévesque Est"}}, {"type": "Feature", "geometry": {"type": "Point", "coordinates": [-73.8219, 45.46316]}, "properties": {"nom": "PHARMAPRIX POINTE-CLAIRE", "type": "Épicerie", "adresse": "10   Place Triade "}}, {"type": "Feature", "geometry": {"type": "Point", "coordinates": [-73.572139, 45.500807]}, "properties": {"nom": "BIODOR PRODUITS NATURELS", "type": "Aliments naturels", "adresse": "977  101 Rue Sainte-Catherine Ouest"}}, {"type": "Feature", "geometry": {"type": "Point", "coordinates": [-73.817804, 45.504473]}, "properties": {"nom": "PHARMACIE JEAN-COUTU", "type": "Épicerie", "adresse": "4894   Boulevard Sources "}}, {"type": "Feature", "geometry": {"type": "Point", "coordinates": [-73.68341, 45.513635]}, "properties": {"nom": "LE MEME PRIX PLUS", "type": "Épicerie", "adresse": "1544   Boulevard Côte-Vertu "}}, {"type": "Feature", "geometry": {"type": "Point", "coordinates": [-73.566198, 45.55211]}, "properties": {"nom": "MARCHE MÉTRO SAINT-JOSEPH", "type": "Supermarché", "adresse": "3600   Boulevard Saint-Joseph Est"}}, {"type": "Feature", "geometry": {"type": "Point", "coordinates": [-73.644391, 45.579213]}, "properties": {"nom": "MARCHE D'ALIMENTATION LES CARAIBES", "type": "Épicerie avec préparation", "adresse": "2969   Rue Fleury Est"}}, {"type": "Feature", "geometry": {"type": "Point", "coordinates": [-73.619385, 45.555725]}, "properties": {"nom": "DEPANNEUR CANADIAN TIRE", "type": "Épicerie", "adresse": "2005   Boulevard Crémazie Est"}}, {"type": "Feature", "geometry": {"type": "Point", "coordinates": [-73.595365, 45.535063]}, "properties": {"nom": "BISTRO CROQUE NATURE S.E.N.C.", "type": "Aliments naturels", "adresse": "5805   Avenue Christophe-Colomb "}}, {"type": "Feature", "geometry": {"type": "Point", "coordinates": [-73.63074, 45.573183]}, "properties": {"nom": "DEPANNEUR EXTRA ST-MICHEL", "type": "Épicerie", "adresse": "9219   Boulevard Saint-Michel "}}, {"type": "Feature", "geometry": {"type": "Point", "coordinates": [-73.69568, 45.509064]}, "properties": {"nom": "DEPANNEUR THIMENS", "type": "Épicerie", "adresse": "2152   Rue Lucien-Thimens "}}, {"type": "Feature", "geometry": {"type": "Point", "coordinates": [-73.556342, 45.520547]}, "properties": {"nom": "DEPANNEUR DANNY", "type": "Épicerie avec préparation", "adresse": "1340   Boulevard De Maisonneuve Est"}}, {"type": "Feature", "geometry": {"type": "Point", "coordinates": [-73.533801, 45.554297]}, "properties": {"nom": "DEPANNEUR ADAM", "type": "Épicerie", "adresse": "4609   Rue Adam "}}, {"type": "Feature", "geometry": {"type": "Point", "coordinates": [-73.585331, 45.527734]}, "properties": {"nom": "CLUB VELO", "type": "Épicerie", "adresse": "782   Rue Gilford "}}, {"type": "Feature", "geometry": {"type": "Point", "coordinates": [-73.697457, 45.519426]}, "properties": {"nom": "T.M.S. FRUITERIE ( MARCHE ARASAN ).", "type": "Épicerie avec préparation", "adresse": "1681   Rue Poirier "}}, {"type": "Feature", "geometry": {"type": "Point", "coordinates": [-73.687383, 45.539977]}, "properties": {"nom": "DUDEMAINE GROCETERIA LTD", "type": "Épicerie avec préparation", "adresse": "1570   Rue Dudemaine "}}, {"type": "Feature", "geometry": {"type": "Point", "coordinates": [-73.551677, 45.611607]}, "properties": {"nom": "MARCHE BACHIR", "type": "Épicerie", "adresse": "7322   Avenue Baldwin "}}, {"type": "Feature", "geometry": {"type": "Point", "coordinates": [-73.5555, 45.594787]}, "properties": {"nom": "DEPANNEUR R.P.", "type": "Épicerie avec préparation", "adresse": "6600   Boulevard Galeries-d'Anjou "}}, {"type": "Feature", "geometry": {"type": "Point", "coordinates": [-73.566914, 45.498531]}, "properties": {"nom": "LE DEPANNEGIE", "type": "Épicerie", "adresse": "1000  P-4 Rue De La Gauchetière Ouest"}}, {"type": "Feature", "geometry": {"type": "Point", "coordinates": [-73.614928, 45.536867]}, "properties": {"nom": "FERME JACQUES ET LUCILLE MACHABE", "type": "Marché public", "adresse": "7070  C-26 Avenue Henri-Julien "}}, {"type": "Feature", "geometry": {"type": "Point", "coordinates": [-73.59157, 45.635492]}, "properties": {"nom": "SUPER MARCHE TROPIC", "type": "Épicerie avec préparation", "adresse": "8075   Avenue André-Ampère "}}, {"type": "Feature", "geometry": {"type": "Point", "coordinates": [-73.61706, 45.469923]}, "properties": {"nom": "MARCHE DE POISSON ST-LAURENT 2", "type": "Boucherie-épicerie", "adresse": "5780   Rue Sherbrooke Ouest"}}, {"type": "Feature", "geometry": {"type": "Point", "coordinates": [-73.612083, 45.542403]}, "properties": {"nom": "PHARMAPRIX", "type": "Épicerie avec préparation", "adresse": "1025   Rue Jean-Talon Est"}}, {"type": "Feature", "geometry": {"type": "Point", "coordinates": [-73.634292, 45.589794]}, "properties": {"nom": "MIRACLE 110", "type": "Épicerie avec préparation", "adresse": "4157   Rue Amiens "}}, {"type": "Feature", "geometry": {"type": "Point", "coordinates": [-73.61898, 45.503273]}, "properties": {"nom": "DEPANNEUR LOUIS COLIN", "type": "Épicerie avec préparation", "adresse": "5510   Avenue Louis-Colin "}}, {"type": "Feature", "geometry": {"type": "Point", "coordinates": [-73.594073, 45.521639]}, "properties": {"nom": "ESPRIT DU THE", "type": "Épicerie", "adresse": "112   Avenue Laurier Ouest"}}, {"type": "Feature", "geometry": {"type": "Point", "coordinates": [-73.656267, 45.550926]}, "properties": {"nom": "TABAGIE METRO SAUVE", "type": "Épicerie avec préparation", "adresse": "9800   Rue Berri "}}, {"type": "Feature", "geometry": {"type": "Point", "coordinates": [-73.630777, 45.510098]}, "properties": {"nom": "SUPERMARCHE CACHERE ONE STOP", "type": "Épicerie avec préparation", "adresse": "6735   Avenue Darlington "}}, {"type": "Feature", "geometry": {"type": "Point", "coordinates": [-73.573798, 45.549896]}, "properties": {"nom": "TABAGIE IMPERIALE", "type": "Épicerie", "adresse": "3159   Rue Masson "}}, {"type": "Feature", "geometry": {"type": "Point", "coordinates": [-73.576542, 45.480032]}, "properties": {"nom": "LES PETITS FRUITS MARC FLORA, ETAL 52", "type": "Marché public", "adresse": "138  52 Avenue Atwater "}}, {"type": "Feature", "geometry": {"type": "Point", "coordinates": [-73.595243, 45.456433]}, "properties": {"nom": "DEPANNEUR GATAL", "type": "Épicerie", "adresse": "6233   Boulevard Monk "}}, {"type": "Feature", "geometry": {"type": "Point", "coordinates": [-73.613878, 45.538032]}, "properties": {"nom": "MARCHE HUNG PHAT", "type": "Épicerie avec préparation", "adresse": "7099   Rue Saint-Denis "}}, {"type": "Feature", "geometry": {"type": "Point", "coordinates": [-73.642808, 45.586945]}, "properties": {"nom": "VARIETE MONTREAL-NORD INC. (UNIPRIX)", "type": "Épicerie", "adresse": "3651   Rue Monselet "}}, {"type": "Feature", "geometry": {"type": "Point", "coordinates": [-73.614735, 45.551342]}, "properties": {"nom": "PETRO-CANADA", "type": "Épicerie", "adresse": "7700   Avenue Papineau "}}, {"type": "Feature", "geometry": {"type": "Point", "coordinates": [-73.544625, 45.545422]}, "properties": {"nom": "MERCI ALIMENTS EN VRAC", "type": "Épicerie avec préparation", "adresse": "3623   Rue Ontario Est"}}, {"type": "Feature", "geometry": {"type": "Point", "coordinates": [-73.588106, 45.526333]}, "properties": {"nom": "FRUITERIE MUSCAT INC.", "type": "Épicerie avec préparation", "adresse": "5000   Rue Saint-Denis "}}, {"type": "Feature", "geometry": {"type": "Point", "coordinates": [-73.614678, 45.53472]}, "properties": {"nom": "CAMELLIA SINENSIS", "type": "Épicerie avec préparation", "adresse": "7010   Avenue Casgrain "}}, {"type": "Feature", "geometry": {"type": "Point", "coordinates": [-73.849222, 45.492389]}, "properties": {"nom": "MARCHE COLONNADE", "type": "Épicerie avec préparation", "adresse": "4850   Rue René-Émard "}}, {"type": "Feature", "geometry": {"type": "Point", "coordinates": [-73.559559, 45.547081]}, "properties": {"nom": "PETRO CANADA", "type": "Épicerie avec préparation", "adresse": "3400   Rue Rachel Est"}}, {"type": "Feature", "geometry": {"type": "Point", "coordinates": [-73.63445, 45.545412]}, "properties": {"nom": "DEPANNEUR PATSO VIE", "type": "Épicerie avec préparation", "adresse": "8496   Rue Lajeunesse "}}, {"type": "Feature", "geometry": {"type": "Point", "coordinates": [-73.57318, 45.550913]}, "properties": {"nom": "ALIMENTATION POIVRE ET SEL", "type": "Épicerie avec préparation", "adresse": "3245   Rue Masson "}}, {"type": "Feature", "geometry": {"type": "Point", "coordinates": [-73.828967, 45.503572]}, "properties": {"nom": "DEPANNEUR BON MATIN", "type": "Épicerie", "adresse": "12320   Boulevard Pierrefonds "}}, {"type": "Feature", "geometry": {"type": "Point", "coordinates": [-73.544742, 45.545231]}, "properties": {"nom": "PHARMACIE JEAN COUTU", "type": "Épicerie", "adresse": "3600   Rue Ontario Est"}}, {"type": "Feature", "geometry": {"type": "Point", "coordinates": [-73.560533, 45.508354]}, "properties": {"nom": "SANDWICH VIETNAMIEN HOANG OANH", "type": "Épicerie avec préparation", "adresse": "1071  R-14 Boulevard Saint-Laurent "}}, {"type": "Feature", "geometry": {"type": "Point", "coordinates": [-73.658143, 45.571146]}, "properties": {"nom": "LE DEPANNEUR", "type": "Épicerie avec préparation", "adresse": "1925   Boulevard Henri-Bourassa Est"}}, {"type": "Feature", "geometry": {"type": "Point", "coordinates": [-73.633122, 45.569988]}, "properties": {"nom": "AMANDA SHANG", "type": "Épicerie", "adresse": "2715   Rue Louvain Est"}}, {"type": "Feature", "geometry": {"type": "Point", "coordinates": [-73.614928, 45.536867]}, "properties": {"nom": "FERME MICHACA", "type": "Marché public", "adresse": "7070  C24 Avenue Henri-Julien "}}, {"type": "Feature", "geometry": {"type": "Point", "coordinates": [-73.702126, 45.521448]}, "properties": {"nom": "MARCHE SOHNI", "type": "Épicerie", "adresse": "1730   Rue Oxford "}}, {"type": "Feature", "geometry": {"type": "Point", "coordinates": [-73.55129, 45.48676]}, "properties": {"nom": "COSTCO", "type": "Supermarché", "adresse": "300   Rue Bridge "}}, {"type": "Feature", "geometry": {"type": "Point", "coordinates": [-73.568628, 45.46906]}, "properties": {"nom": "EGLISE NOTRE-DAME DE LA PAIX", "type": "Épicerie", "adresse": "3460   Rue Gertrude "}}, {"type": "Feature", "geometry": {"type": "Point", "coordinates": [-73.654122, 45.460247]}, "properties": {"nom": "MISTER PATTY", "type": "Épicerie avec préparation", "adresse": "5312   Avenue Patricia "}}, {"type": "Feature", "geometry": {"type": "Point", "coordinates": [-73.604662, 45.540287]}, "properties": {"nom": "DAVID CSQ", "type": "Épicerie", "adresse": "6700   Rue De La Roche "}}, {"type": "Feature", "geometry": {"type": "Point", "coordinates": [-73.567761, 45.520651]}, "properties": {"nom": "LE GRAND CYCLE ENR.", "type": "Épicerie", "adresse": "901   Rue Cherrier "}}, {"type": "Feature", "geometry": {"type": "Point", "coordinates": [-73.659166, 45.552585]}, "properties": {"nom": "DEPANNEUR SAURIOL", "type": "Épicerie avec préparation", "adresse": "10101   Rue Lajeunesse "}}, {"type": "Feature", "geometry": {"type": "Point", "coordinates": [-73.613567, 45.471715]}, "properties": {"nom": "MONTANGO", "type": "Épicerie", "adresse": "5588 A  Rue Sherbrooke Ouest"}}, {"type": "Feature", "geometry": {"type": "Point", "coordinates": [-73.570933, 45.57266]}, "properties": {"nom": "SANDY", "type": "Épicerie avec préparation", "adresse": "5120   Rue Beaubien Est"}}, {"type": "Feature", "geometry": {"type": "Point", "coordinates": [-73.57638, 45.455351]}, "properties": {"nom": "DEPANNEUR RJK", "type": "Épicerie avec préparation", "adresse": "5099  5099 Rue Bannantyne "}}, {"type": "Feature", "geometry": {"type": "Point", "coordinates": [-73.688764, 45.437571]}, "properties": {"nom": "IGA EXTRA #316", "type": "Supermarché", "adresse": "490   Avenue 28e "}}, {"type": "Feature", "geometry": {"type": "Point", "coordinates": [-73.816135, 45.44504]}, "properties": {"nom": "BONBONS RYAN", "type": "Épicerie avec préparation", "adresse": "303   Boulevard Saint-Jean "}}, {"type": "Feature", "geometry": {"type": "Point", "coordinates": [-73.510312, 45.654383]}, "properties": {"nom": "DOLLARAMA #34", "type": "Épicerie", "adresse": "12675  130 Rue Sherbrooke Est"}}, {"type": "Feature", "geometry": {"type": "Point", "coordinates": [-73.604361, 45.535715]}, "properties": {"nom": "DEPANNEUR AMT", "type": "Épicerie", "adresse": "6530   Avenue De Chateaubriand "}}, {"type": "Feature", "geometry": {"type": "Point", "coordinates": [-73.573847, 45.563839]}, "properties": {"nom": "DEPANNEUR TRESOR", "type": "Épicerie avec préparation", "adresse": "4352   Rue Bellechasse "}}, {"type": "Feature", "geometry": {"type": "Point", "coordinates": [-73.621164, 45.440227]}, "properties": {"nom": "NAUTILUS PLUS", "type": "Épicerie", "adresse": "7475   Boulevard Newman "}}, {"type": "Feature", "geometry": {"type": "Point", "coordinates": [-73.538735, 45.554156]}, "properties": {"nom": "FROMAGERIE MARCHE MAISONNEUVE", "type": "Épicerie avec préparation", "adresse": "4445  2 Rue Ontario Est"}}, {"type": "Feature", "geometry": {"type": "Point", "coordinates": [-73.582752, 45.492706]}, "properties": {"nom": "DEPANNEUR XIAOMIN", "type": "Épicerie avec préparation", "adresse": "1986   Boulevard De Maisonneuve Ouest"}}, {"type": "Feature", "geometry": {"type": "Point", "coordinates": [-73.622957, 45.601084]}, "properties": {"nom": "CASSE-CROUTE MARCHE KABLAIN", "type": "Épicerie avec préparation", "adresse": "5305   Rue Charleroi "}}, {"type": "Feature", "geometry": {"type": "Point", "coordinates": [-73.631388, 45.596686]}, "properties": {"nom": "MAMA SUPER MARCHE ANTILLAIS INC.", "type": "Épicerie avec préparation", "adresse": "4757   Rue Charleroi "}}, {"type": "Feature", "geometry": {"type": "Point", "coordinates": [-73.583476, 45.56939]}, "properties": {"nom": "RUBIAN", "type": "Épicerie avec préparation", "adresse": "4528   Rue Bélanger "}}, {"type": "Feature", "geometry": {"type": "Point", "coordinates": [-73.53921, 45.589305]}, "properties": {"nom": "TABAGIE METRO RADISSON", "type": "Épicerie avec préparation", "adresse": "7250   Rue Sherbrooke Est"}}, {"type": "Feature", "geometry": {"type": "Point", "coordinates": [-73.716716, 45.526763]}, "properties": {"nom": "MAGASIN ECONOMIQUE", "type": "Épicerie", "adresse": "6177 A  Rue Périnault "}}, {"type": "Feature", "geometry": {"type": "Point", "coordinates": [-73.616791, 45.602789]}, "properties": {"nom": "PRIMA GOCCIA ENR.", "type": "Épicerie avec préparation", "adresse": "5730   Boulevard Industriel "}}, {"type": "Feature", "geometry": {"type": "Point", "coordinates": [-73.566074, 45.598093]}, "properties": {"nom": "FRUITERIE 440", "type": "Épicerie avec préparation", "adresse": "7500  7 Boulevard Galeries-d'Anjou "}}, {"type": "Feature", "geometry": {"type": "Point", "coordinates": [-73.55311, 45.509398]}, "properties": {"nom": "DEPANNEUR LE QUARTIER", "type": "Épicerie avec préparation", "adresse": "321   Rue Notre-Dame Est"}}, {"type": "Feature", "geometry": {"type": "Point", "coordinates": [-73.614928, 45.536867]}, "properties": {"nom": "OLIVE & OLIVES", "type": "Épicerie", "adresse": "7070  C-11 Avenue Henri-Julien "}}, {"type": "Feature", "geometry": {"type": "Point", "coordinates": [-73.571877, 45.457024]}, "properties": {"nom": "MAMAN JEANNE", "type": "Épicerie avec préparation", "adresse": "4842   Rue Verdun "}}, {"type": "Feature", "geometry": {"type": "Point", "coordinates": [-73.67755, 45.504131]}, "properties": {"nom": "DEPANNEUR ST-LOUIS", "type": "Épicerie", "adresse": "1857   Rue Saint-Louis "}}, {"type": "Feature", "geometry": {"type": "Point", "coordinates": [-73.635396, 45.470823]}, "properties": {"nom": "FRUITERIE N D G", "type": "Épicerie avec préparation", "adresse": "6270   Avenue Somerled "}}, {"type": "Feature", "geometry": {"type": "Point", "coordinates": [-73.568471, 45.500604]}, "properties": {"nom": "MARCHE ARTISAN", "type": "Épicerie avec préparation", "adresse": "900   Boulevard René-Lévesque Ouest"}}, {"type": "Feature", "geometry": {"type": "Point", "coordinates": [-73.561523, 45.660114]}, "properties": {"nom": "ECOLE SIMONE DESJARDINS (PAVILLON PERRAS", "type": "Aliments naturels", "adresse": "9955   Boulevard Perras "}}, {"type": "Feature", "geometry": {"type": "Point", "coordinates": [-73.571638, 45.595948]}, "properties": {"nom": "CANANUT ST-LEONARD", "type": "Épicerie avec préparation", "adresse": "6858   Rue Jean-Talon Est"}}, {"type": "Feature", "geometry": {"type": "Point", "coordinates": [-73.576542, 45.480032]}, "properties": {"nom": "LES DOUCEURS DU MARCHE", "type": "Épicerie avec préparation", "adresse": "138  150 Avenue Atwater "}}, {"type": "Feature", "geometry": {"type": "Point", "coordinates": [-73.572231, 45.552597]}, "properties": {"nom": "PHARMAPRIX MASSON", "type": "Épicerie", "adresse": "3425   Rue Masson "}}, {"type": "Feature", "geometry": {"type": "Point", "coordinates": [-73.594773, 45.523939]}, "properties": {"nom": "MARCHE PRIMA VERA JA", "type": "Épicerie avec préparation", "adresse": "5200   Boulevard Saint-Laurent "}}, {"type": "Feature", "geometry": {"type": "Point", "coordinates": [-73.558351, 45.595847]}, "properties": {"nom": "DEPANNEURS BELANGER XL", "type": "Épicerie", "adresse": "7001   Boulevard Galeries-d'Anjou "}}, {"type": "Feature", "geometry": {"type": "Point", "coordinates": [-73.644769, 45.465598]}, "properties": {"nom": "FRUITS ROCKY MONTANA", "type": "Épicerie avec préparation", "adresse": "6815   Avenue Fielding "}}, {"type": "Feature", "geometry": {"type": "Point", "coordinates": [-73.600135, 45.539365]}, "properties": {"nom": "FOUS DES ILES", "type": "Épicerie avec préparation", "adresse": "1253   Rue Beaubien Est"}}, {"type": "Feature", "geometry": {"type": "Point", "coordinates": [-73.579917, 45.495121]}, "properties": {"nom": "DEPANNEUR BEAU-PRIX", "type": "Épicerie", "adresse": "1640   Boulevard De Maisonneuve Ouest"}}, {"type": "Feature", "geometry": {"type": "Point", "coordinates": [-73.61347, 45.550784]}, "properties": {"nom": "DEPANNEUR MIX", "type": "Épicerie", "adresse": "7649   Avenue Papineau "}}, {"type": "Feature", "geometry": {"type": "Point", "coordinates": [-73.538735, 45.554156]}, "properties": {"nom": "LES ALIMENTS MERCI", "type": "Épicerie avec préparation", "adresse": "4445   Rue Ontario Est"}}, {"type": "Feature", "geometry": {"type": "Point", "coordinates": [-73.815847, 45.44433]}, "properties": {"nom": "PLAZA DOLLAR", "type": "Épicerie", "adresse": "245   Boulevard Saint-Jean "}}, {"type": "Feature", "geometry": {"type": "Point", "coordinates": [-73.632018, 45.543422]}, "properties": {"nom": "PROVI-SOIR", "type": "Épicerie", "adresse": "8299   Rue Saint-Denis "}}, {"type": "Feature", "geometry": {"type": "Point", "coordinates": [-73.596338, 45.561064]}, "properties": {"nom": "BOULANGERIE PATISSERIE CASTEL", "type": "Boucherie-épicerie", "adresse": "3455   Rue Jean-Talon Est"}}, {"type": "Feature", "geometry": {"type": "Point", "coordinates": [-73.528522, 45.60728]}, "properties": {"nom": "MARIEPAIN", "type": "Épicerie avec préparation", "adresse": "8990   Rue Sherbrooke Est"}}, {"type": "Feature", "geometry": {"type": "Point", "coordinates": [-73.595526, 45.522634]}, "properties": {"nom": "BOUCHERIE ET CHARCUTERIE CHEZ VITO", "type": "Boucherie-épicerie", "adresse": "5180   Rue Saint-Urbain "}}, {"type": "Feature", "geometry": {"type": "Point", "coordinates": [-73.669603, 45.527801]}, "properties": {"nom": "DEPANNEUR COTE VERTU", "type": "Épicerie avec préparation", "adresse": "243   Boulevard Côte-Vertu "}}, {"type": "Feature", "geometry": {"type": "Point", "coordinates": [-73.669765, 45.527539]}, "properties": {"nom": "INTERMARCHE CÔTE-VERTU #8125", "type": "Supermarché", "adresse": "265   Boulevard Côte-Vertu "}}, {"type": "Feature", "geometry": {"type": "Point", "coordinates": [-73.614928, 45.536867]}, "properties": {"nom": "LES COCHONS TOUT RONDS", "type": "Épicerie avec préparation", "adresse": "7070  CE Avenue Henri-Julien "}}, {"type": "Feature", "geometry": {"type": "Point", "coordinates": [-73.576542, 45.480032]}, "properties": {"nom": "BRULERIE AUX QUATRE VENTS", "type": "Épicerie avec préparation", "adresse": "138  ETAL 18 Avenue Atwater "}}, {"type": "Feature", "geometry": {"type": "Point", "coordinates": [-73.557284, 45.519542]}, "properties": {"nom": "GOURMET FRUTTI", "type": "Épicerie avec préparation", "adresse": "1251   Boulevard De Maisonneuve Est"}}, {"type": "Feature", "geometry": {"type": "Point", "coordinates": [-73.567647, 45.455732]}, "properties": {"nom": "MARCHE SAHNIM", "type": "Épicerie", "adresse": "5029   Rue Wellington "}}, {"type": "Feature", "geometry": {"type": "Point", "coordinates": [-73.584288, 45.532899]}, "properties": {"nom": "METRO BEAULIEU LAURIER", "type": "Supermarché", "adresse": "1293   Avenue Laurier Est"}}, {"type": "Feature", "geometry": {"type": "Point", "coordinates": [-73.661836, 45.459256]}, "properties": {"nom": "FRUITERIE MARUTI", "type": "Épicerie avec préparation", "adresse": "5478   Avenue Westminster "}}, {"type": "Feature", "geometry": {"type": "Point", "coordinates": [-73.566324, 45.538108]}, "properties": {"nom": "COUCHE-TARD", "type": "Épicerie avec préparation", "adresse": "2520   Rue Marie-Anne Est"}}, {"type": "Feature", "geometry": {"type": "Point", "coordinates": [-73.79176, 45.450096]}, "properties": {"nom": "SUPERMARCHE LAVIOLETTE", "type": "Épicerie", "adresse": "14   Avenue Baie-de-Valois "}}, {"type": "Feature", "geometry": {"type": "Point", "coordinates": [-73.675025, 45.509339]}, "properties": {"nom": "PARISOIR", "type": "Épicerie avec préparation", "adresse": "598   Boulevard Décarie "}}, {"type": "Feature", "geometry": {"type": "Point", "coordinates": [-73.804794, 45.48465]}, "properties": {"nom": "FROMAGERIE CAVALLARO", "type": "Épicerie avec préparation", "adresse": "11722   Boulevard De Salaberry "}}, {"type": "Feature", "geometry": {"type": "Point", "coordinates": [-73.554658, 45.541569]}, "properties": {"nom": "SUN TABAGIE (METRO PREFONTAINE)", "type": "Épicerie avec préparation", "adresse": "3100   Rue Hochelaga "}}, {"type": "Feature", "geometry": {"type": "Point", "coordinates": [-73.63097, 45.584758]}, "properties": {"nom": "MAXI & CIE PIE IX #8704", "type": "Supermarché", "adresse": "10200   Boulevard Pie-IX "}}, {"type": "Feature", "geometry": {"type": "Point", "coordinates": [-73.671156, 45.537035]}, "properties": {"nom": "DEPANNEUR LE TOURNESOL", "type": "Épicerie avec préparation", "adresse": "10205   Avenue Bois-de-Boulogne "}}, {"type": "Feature", "geometry": {"type": "Point", "coordinates": [-73.784598, 45.498082]}, "properties": {"nom": "EUROMARCHE DE L'OUEST DE L'ILE", "type": "Supermarché", "adresse": "1125   Rue Hyman "}}, {"type": "Feature", "geometry": {"type": "Point", "coordinates": [-73.566271, 45.499504]}, "properties": {"nom": "COUCHE-TARD #1084", "type": "Épicerie", "adresse": "895  90-420B Rue De La Gauchetière Ouest"}}, {"type": "Feature", "geometry": {"type": "Point", "coordinates": [-73.623994, 45.527411]}, "properties": {"nom": "DEPANNEUR 7 JOURS", "type": "Épicerie", "adresse": "660   Rue Jean-Talon Ouest"}}, {"type": "Feature", "geometry": {"type": "Point", "coordinates": [-73.626974, 45.486181]}, "properties": {"nom": "NATURE SANTE 2000", "type": "Aliments naturels", "adresse": "5006   Chemin Queen-Mary "}}, {"type": "Feature", "geometry": {"type": "Point", "coordinates": [-73.562387, 45.585108]}, "properties": {"nom": "DEPANNEUR NI HAO", "type": "Épicerie", "adresse": "6350   Rue Beaubien Est"}}, {"type": "Feature", "geometry": {"type": "Point", "coordinates": [-73.614928, 45.536867]}, "properties": {"nom": "VERGER ROBERT MEUNIER", "type": "Épicerie avec préparation", "adresse": "7070   Avenue Henri-Julien "}}, {"type": "Feature", "geometry": {"type": "Point", "coordinates": [-73.620059, 45.628694]}, "properties": {"nom": "DEPANNEUR BEAURIVAGE", "type": "Épicerie", "adresse": "6894  C Boulevard Gouin Est"}}, {"type": "Feature", "geometry": {"type": "Point", "coordinates": [-73.608819, 45.535731]}, "properties": {"nom": "PETRO-CANADA", "type": "Épicerie", "adresse": "6705   Rue Saint-Denis "}}, {"type": "Feature", "geometry": {"type": "Point", "coordinates": [-73.576542, 45.480032]}, "properties": {"nom": "FERME CARON ETAL #17", "type": "Marché public", "adresse": "138  18-19 Avenue Atwater "}}, {"type": "Feature", "geometry": {"type": "Point", "coordinates": [-73.587813, 45.540757]}, "properties": {"nom": "PROVIMAX", "type": "Épicerie", "adresse": "1951   Rue Carrières "}}, {"type": "Feature", "geometry": {"type": "Point", "coordinates": [-73.658818, 45.535111]}, "properties": {"nom": "COSTCO", "type": "Supermarché", "adresse": "1015   Rue Marché-Central "}}, {"type": "Feature", "geometry": {"type": "Point", "coordinates": [-73.539958, 45.552266]}, "properties": {"nom": "DEPANNEUR 7 JOURS", "type": "Épicerie", "adresse": "4285   Rue Ontario Est"}}, {"type": "Feature", "geometry": {"type": "Point", "coordinates": [-73.576637, 45.480108]}, "properties": {"nom": "SUPER C #5952", "type": "Boucherie-épicerie", "adresse": "147   Avenue Atwater "}}, {"type": "Feature", "geometry": {"type": "Point", "coordinates": [-73.585007, 45.54792]}, "properties": {"nom": "DEPANNEUR K.I.K", "type": "Épicerie avec préparation", "adresse": "2601   Boulevard Rosemont "}}, {"type": "Feature", "geometry": {"type": "Point", "coordinates": [-73.575965, 45.531448]}, "properties": {"nom": "LES JARDINS VAL-MONT", "type": "Épicerie avec préparation", "adresse": "1495   Avenue Mont-Royal Est"}}, {"type": "Feature", "geometry": {"type": "Point", "coordinates": [-73.557256, 45.566337]}, "properties": {"nom": "CENTRE DE PRATIQUE DU GOLF VIAU", "type": "Épicerie", "adresse": "4235   Rue Viau "}}, {"type": "Feature", "geometry": {"type": "Point", "coordinates": [-73.602644, 45.522391]}, "properties": {"nom": "EPICERIE-KLEINS", "type": "Épicerie avec préparation", "adresse": "5573   Avenue Parc "}}, {"type": "Feature", "geometry": {"type": "Point", "coordinates": [-73.614084, 45.538126]}, "properties": {"nom": "MARCHE AFRIQUE ST-DENIS", "type": "Boucherie-épicerie", "adresse": "7117   Rue Saint-Denis "}}, {"type": "Feature", "geometry": {"type": "Point", "coordinates": [-73.642627, 45.423228]}, "properties": {"nom": "UNIPRIX", "type": "Épicerie", "adresse": "9316   Rue Airlie "}}, {"type": "Feature", "geometry": {"type": "Point", "coordinates": [-73.56263, 45.5075]}, "properties": {"nom": "HERBES & ALIMENTS DE CHINE TONG SENG INC", "type": "Épicerie avec préparation", "adresse": "200  007 Boulevard René-Lévesque Ouest"}}, {"type": "Feature", "geometry": {"type": "Point", "coordinates": [-73.564492, 45.49332]}, "properties": {"nom": "COUCHE-TARD #568", "type": "Épicerie", "adresse": "1255  R-011 Rue Notre-Dame Ouest"}}, {"type": "Feature", "geometry": {"type": "Point", "coordinates": [-73.595823, 45.561637]}, "properties": {"nom": "BOUCHERIE WALIMA", "type": "Boucherie-épicerie", "adresse": "3550   Rue Jean-Talon Est"}}, {"type": "Feature", "geometry": {"type": "Point", "coordinates": [-73.600264, 45.559759]}, "properties": {"nom": "TABAGIE METRO ST-MICHEL", "type": "Épicerie", "adresse": "7345   Boulevard Saint-Michel "}}, {"type": "Feature", "geometry": {"type": "Point", "coordinates": [-73.614928, 45.536867]}, "properties": {"nom": "MANGUE ET MELON", "type": "Épicerie avec préparation", "adresse": "7070  C24 Avenue Henri-Julien "}}, {"type": "Feature", "geometry": {"type": "Point", "coordinates": [-73.643391, 45.542191]}, "properties": {"nom": "MARCHE ISTANBUL", "type": "Épicerie avec préparation", "adresse": "8780  03 Boulevard Saint-Laurent "}}, {"type": "Feature", "geometry": {"type": "Point", "coordinates": [-73.587167, 45.52047]}, "properties": {"nom": "ALIMENTATION PICADO", "type": "Épicerie avec préparation", "adresse": "4553   Boulevard Saint-Laurent "}}, {"type": "Feature", "geometry": {"type": "Point", "coordinates": [-73.614199, 45.538178]}, "properties": {"nom": "MARCHE THAI HOUR", "type": "Boucherie-épicerie", "adresse": "7130   Rue Saint-Denis "}}, {"type": "Feature", "geometry": {"type": "Point", "coordinates": [-73.571416, 45.462178]}, "properties": {"nom": "DEPANNEUR SUYA", "type": "Épicerie avec préparation", "adresse": "4150   Rue Verdun "}}, {"type": "Feature", "geometry": {"type": "Point", "coordinates": [-73.586873, 45.530001]}, "properties": {"nom": "DEPANNEUR MABOULE", "type": "Épicerie avec préparation", "adresse": "948   Avenue Laurier Est"}}, {"type": "Feature", "geometry": {"type": "Point", "coordinates": [-73.635819, 45.493557]}, "properties": {"nom": "FRUITERIE HABY", "type": "Épicerie avec préparation", "adresse": "5925   Avenue Victoria "}}, {"type": "Feature", "geometry": {"type": "Point", "coordinates": [-73.85975, 45.484093]}, "properties": {"nom": "PHARMAPRIX", "type": "Épicerie", "adresse": "4955   Rue Saint-Pierre "}}, {"type": "Feature", "geometry": {"type": "Point", "coordinates": [-73.552323, 45.666254]}, "properties": {"nom": "COUCHE-TARD #356", "type": "Épicerie avec préparation", "adresse": "10450   Boulevard Perras "}}, {"type": "Feature", "geometry": {"type": "Point", "coordinates": [-73.614928, 45.536867]}, "properties": {"nom": "FABRIQUE DE PATES SACCHETTO INC.", "type": "Épicerie avec préparation", "adresse": "7070  C17 Avenue Henri-Julien "}}, {"type": "Feature", "geometry": {"type": "Point", "coordinates": [-73.583302, 45.549877]}, "properties": {"nom": "DEPANNEUR YU", "type": "Épicerie", "adresse": "2846   Boulevard Rosemont "}}, {"type": "Feature", "geometry": {"type": "Point", "coordinates": [-73.591468, 45.566424]}, "properties": {"nom": "DEPANNEUR 7 JOURS", "type": "Épicerie avec préparation", "adresse": "4054   Rue Jean-Talon Est"}}, {"type": "Feature", "geometry": {"type": "Point", "coordinates": [-73.596688, 45.560673]}, "properties": {"nom": "TABAGIE JEAN-TALON", "type": "Épicerie", "adresse": "3407   Rue Jean-Talon Est"}}, {"type": "Feature", "geometry": {"type": "Point", "coordinates": [-73.587323, 45.519059]}, "properties": {"nom": "TABAGIE MONT-ROYAL", "type": "Épicerie", "adresse": "87   Avenue Mont-Royal Ouest"}}, {"type": "Feature", "geometry": {"type": "Point", "coordinates": [-73.59275, 45.481585]}, "properties": {"nom": "DEPANNEUR  7 JOURS HUANG", "type": "Épicerie avec préparation", "adresse": "4466   Rue Sainte-Catherine Ouest"}}, {"type": "Feature", "geometry": {"type": "Point", "coordinates": [-73.58416, 45.446706]}, "properties": {"nom": "DEPANNEUR HONG YAN", "type": "Épicerie avec préparation", "adresse": "6301   Rue Beurling "}}, {"type": "Feature", "geometry": {"type": "Point", "coordinates": [-73.627703, 45.434264]}, "properties": {"nom": "PHARMACIE PROXIM", "type": "Épicerie", "adresse": "8200   Boulevard Newman "}}, {"type": "Feature", "geometry": {"type": "Point", "coordinates": [-73.604361, 45.536705]}, "properties": {"nom": "UN SEUL PRIX 1$ PLUS", "type": "Épicerie", "adresse": "6566   Rue Saint-Hubert "}}, {"type": "Feature", "geometry": {"type": "Point", "coordinates": [-73.614928, 45.536867]}, "properties": {"nom": "MARCHE JEAN TALON LOC. 175-238", "type": "Marché public", "adresse": "7070  C24 Avenue Henri-Julien "}}, {"type": "Feature", "geometry": {"type": "Point", "coordinates": [-73.525494, 45.56995]}, "properties": {"nom": "DEPANNEUR GUYBOURG", "type": "Épicerie avec préparation", "adresse": "6007   Rue La Fontaine "}}, {"type": "Feature", "geometry": {"type": "Point", "coordinates": [-73.646122, 45.45317]}, "properties": {"nom": "ESCOMPTE MINI-COUT INC.", "type": "Épicerie avec préparation", "adresse": "56   Avenue Westminster Nord"}}, {"type": "Feature", "geometry": {"type": "Point", "coordinates": [-73.625234, 45.529109]}, "properties": {"nom": "MARCHE SWADESH", "type": "Boucherie-épicerie", "adresse": "484   Avenue Ogilvy "}}, {"type": "Feature", "geometry": {"type": "Point", "coordinates": [-73.896828, 45.436819]}, "properties": {"nom": "DELI LA TRATTORIA", "type": "Épicerie avec préparation", "adresse": "19787   Chemin Sainte-Marie "}}, {"type": "Feature", "geometry": {"type": "Point", "coordinates": [-73.567533, 45.456987]}, "properties": {"nom": "DEPANNEUR", "type": "Épicerie", "adresse": "4823   Rue Wellington "}}, {"type": "Feature", "geometry": {"type": "Point", "coordinates": [-73.700717, 45.528558]}, "properties": {"nom": "PROVI-SOIR", "type": "Épicerie", "adresse": "4975   Rue Dudemaine "}}, {"type": "Feature", "geometry": {"type": "Point", "coordinates": [-73.658497, 45.53111]}, "properties": {"nom": "CANANUT", "type": "Épicerie avec préparation", "adresse": "1565   Rue Chabanel Ouest"}}, {"type": "Feature", "geometry": {"type": "Point", "coordinates": [-73.555186, 45.548292]}, "properties": {"nom": "BOUTIQUE BELANGER", "type": "Épicerie", "adresse": "3600   Rue Sherbrooke Est"}}, {"type": "Feature", "geometry": {"type": "Point", "coordinates": [-73.585597, 45.527452]}, "properties": {"nom": "LES 3 PILIERS", "type": "Épicerie avec préparation", "adresse": "750   Rue Gilford "}}, {"type": "Feature", "geometry": {"type": "Point", "coordinates": [-73.710578, 45.492219]}, "properties": {"nom": "STATION SERVICE  SHELL #06138", "type": "Épicerie", "adresse": "3885   Boulevard Côte-Vertu "}}, {"type": "Feature", "geometry": {"type": "Point", "coordinates": [-73.576072, 45.496422]}, "properties": {"nom": "DEPANNEUR BISHOP", "type": "Épicerie", "adresse": "1267   Rue Bishop "}}, {"type": "Feature", "geometry": {"type": "Point", "coordinates": [-73.679191, 45.536407]}, "properties": {"nom": "PHARMAPRIX CHADI HAMORIE", "type": "Épicerie", "adresse": "1650   Boulevard Henri-Bourassa Ouest"}}, {"type": "Feature", "geometry": {"type": "Point", "coordinates": [-73.614928, 45.536867]}, "properties": {"nom": "FERME C. M. J. I. ROBERT INC.", "type": "Marché public", "adresse": "7070  C-26 Avenue Henri-Julien "}}, {"type": "Feature", "geometry": {"type": "Point", "coordinates": [-73.576163, 45.479729]}, "properties": {"nom": "AU PARADIS DU FROMAGE", "type": "Épicerie avec préparation", "adresse": "116   Avenue Atwater "}}, {"type": "Feature", "geometry": {"type": "Point", "coordinates": [-73.56716, 45.461099]}, "properties": {"nom": "PHARMAPRIX", "type": "Épicerie", "adresse": "4260   Rue Wellington "}}, {"type": "Feature", "geometry": {"type": "Point", "coordinates": [-73.492093, 45.645196]}, "properties": {"nom": "DEPANNEUR MON AMI ROGER", "type": "Épicerie", "adresse": "12405   Rue Victoria "}}, {"type": "Feature", "geometry": {"type": "Point", "coordinates": [-73.620211, 45.417307]}, "properties": {"nom": "PHARMACIE UNIPRIX ARCHAMBAULT", "type": "Épicerie", "adresse": "8626   Rue Centrale "}}, {"type": "Feature", "geometry": {"type": "Point", "coordinates": [-73.815699, 45.502281]}, "properties": {"nom": "C. CORP  # 254 (COUCHE TARD)", "type": "Épicerie", "adresse": "4700   Boulevard Sources "}}, {"type": "Feature", "geometry": {"type": "Point", "coordinates": [-73.578802, 45.528437]}, "properties": {"nom": "SALE SUCRE", "type": "Épicerie avec préparation", "adresse": "1133   Avenue Mont-Royal Est"}}, {"type": "Feature", "geometry": {"type": "Point", "coordinates": [-73.63592, 45.493602]}, "properties": {"nom": "DEPANNEUR MURA", "type": "Épicerie avec préparation", "adresse": "5920   Avenue Victoria "}}, {"type": "Feature", "geometry": {"type": "Point", "coordinates": [-73.542679, 45.550694]}, "properties": {"nom": "SUPER C #5975", "type": "Supermarché", "adresse": "2050   Boulevard Pie-IX "}}, {"type": "Feature", "geometry": {"type": "Point", "coordinates": [-73.55582, 45.504703]}, "properties": {"nom": "MIN TAO XUAN", "type": "Épicerie avec préparation", "adresse": "451   Rue Saint-Sulpice "}}, {"type": "Feature", "geometry": {"type": "Point", "coordinates": [-73.611746, 45.510003]}, "properties": {"nom": "CAFETERIA MARIE-VICTORIA (SUSHI SHOP)", "type": "Épicerie", "adresse": "90  B218 Avenue Vincent-D'Indy "}}, {"type": "Feature", "geometry": {"type": "Point", "coordinates": [-73.66495, 45.548536]}, "properties": {"nom": "PHARMAPRIX PQ 1808", "type": "Épicerie", "adresse": "10305   Boulevard Saint-Laurent "}}, {"type": "Feature", "geometry": {"type": "Point", "coordinates": [-73.612287, 45.467002]}, "properties": {"nom": "DEPANNEUR R. V. J. INC.", "type": "Épicerie", "adresse": "5844   Chemin Upper-Lachine "}}, {"type": "Feature", "geometry": {"type": "Point", "coordinates": [-73.576542, 45.480032]}, "properties": {"nom": "MAROIS ET FRERES", "type": "Marché public", "adresse": "138  17-18 Avenue Atwater "}}, {"type": "Feature", "geometry": {"type": "Point", "coordinates": [-73.590161, 45.461935]}, "properties": {"nom": "DEPANNEUR EADIE", "type": "Épicerie", "adresse": "5651   Rue Eadie "}}, {"type": "Feature", "geometry": {"type": "Point", "coordinates": [-73.598764, 45.456298]}, "properties": {"nom": "DEPANNEUR D'ARAGON", "type": "Épicerie", "adresse": "2700   Rue Jolicoeur "}}, {"type": "Feature", "geometry": {"type": "Point", "coordinates": [-73.54385, 45.546683]}, "properties": {"nom": "BISCUITERIE OSCAR", "type": "Épicerie avec préparation", "adresse": "3755   Rue Ontario Est"}}, {"type": "Feature", "geometry": {"type": "Point", "coordinates": [-73.596875, 45.542917]}, "properties": {"nom": "LE MARCHAND DU BOURG INC.", "type": "Épicerie avec préparation", "adresse": "1661   Rue Beaubien Est"}}, {"type": "Feature", "geometry": {"type": "Point", "coordinates": [-73.590226, 45.585475]}, "properties": {"nom": "MULTI-CAFE", "type": "Épicerie", "adresse": "5540   Rue Jarry Est"}}, {"type": "Feature", "geometry": {"type": "Point", "coordinates": [-73.560144, 45.51887]}, "properties": {"nom": "MARCHE PATRY", "type": "Épicerie avec préparation", "adresse": "1685   Rue Atateken "}}, {"type": "Feature", "geometry": {"type": "Point", "coordinates": [-73.654713, 45.496663]}, "properties": {"nom": "MARCHE EPICURE", "type": "Supermarché", "adresse": "5252   Rue Paré "}}, {"type": "Feature", "geometry": {"type": "Point", "coordinates": [-73.629007, 45.538297]}, "properties": {"nom": "LA CAFETIERE DELMA", "type": "Épicerie", "adresse": "7907   Boulevard Saint-Laurent "}}, {"type": "Feature", "geometry": {"type": "Point", "coordinates": [-73.646418, 45.432447]}, "properties": {"nom": "BOUCHERIE AL KHAIR", "type": "Boucherie-épicerie", "adresse": "428   Avenue Lafleur "}}, {"type": "Feature", "geometry": {"type": "Point", "coordinates": [-73.713088, 45.527474]}, "properties": {"nom": "DEPANNEUR SADAAT", "type": "Épicerie avec préparation", "adresse": "5916   Rue De Salaberry "}}, {"type": "Feature", "geometry": {"type": "Point", "coordinates": [-73.495404, 45.635864]}, "properties": {"nom": "DEPANNEUR OASIS WANG", "type": "Épicerie", "adresse": "11669   Rue Victoria "}}, {"type": "Feature", "geometry": {"type": "Point", "coordinates": [-73.643898, 45.466722]}, "properties": {"nom": "DEPANNEUR LAILA", "type": "Épicerie avec préparation", "adresse": "6701   Avenue Fielding "}}, {"type": "Feature", "geometry": {"type": "Point", "coordinates": [-73.642656, 45.547081]}, "properties": {"nom": "DEPANNEUR BONS-AMIS DE JIN", "type": "Épicerie", "adresse": "8900   Rue Berri "}}, {"type": "Feature", "geometry": {"type": "Point", "coordinates": [-73.591519, 45.544104]}, "properties": {"nom": "DEPANNEUR LORIMIER LI", "type": "Épicerie", "adresse": "6201   Avenue De Lorimier "}}, {"type": "Feature", "geometry": {"type": "Point", "coordinates": [-73.614928, 45.536867]}, "properties": {"nom": "FERME J.P. DESGROSEILLIERS ET FILS, S.E.N.C.", "type": "Épicerie avec préparation", "adresse": "7070  C24 Avenue Henri-Julien "}}, {"type": "Feature", "geometry": {"type": "Point", "coordinates": [-73.602409, 45.521276]}, "properties": {"nom": "EPICERIE CASHERE BENTZY'S", "type": "Épicerie avec préparation", "adresse": "5540   Rue Hutchison "}}, {"type": "Feature", "geometry": {"type": "Point", "coordinates": [-73.575159, 45.547653]}, "properties": {"nom": "TABAGIE MASSON 6E AVENUE", "type": "Épicerie", "adresse": "2856   Rue Masson "}}, {"type": "Feature", "geometry": {"type": "Point", "coordinates": [-73.585239, 45.556251]}, "properties": {"nom": "DEPANNEUR BEIJING", "type": "Épicerie", "adresse": "3390   Rue Beaubien Est"}}, {"type": "Feature", "geometry": {"type": "Point", "coordinates": [-73.605828, 45.428461]}, "properties": {"nom": "BANQUE ALIMENTAIRE HOPE", "type": "Épicerie", "adresse": "7777   Rue George "}}, {"type": "Feature", "geometry": {"type": "Point", "coordinates": [-73.627791, 45.548131]}, "properties": {"nom": "DEPANNEUR FA DA", "type": "Épicerie avec préparation", "adresse": "8231   Rue Boyer "}}, {"type": "Feature", "geometry": {"type": "Point", "coordinates": [-73.581728, 45.59487]}, "properties": {"nom": "PETRO CANADA #13388", "type": "Épicerie avec préparation", "adresse": "8050   Boulevard Langelier "}}, {"type": "Feature", "geometry": {"type": "Point", "coordinates": [-73.855583, 45.449339]}, "properties": {"nom": "ESSO TIGRE EXPRESS", "type": "Épicerie avec préparation", "adresse": "3035   Boulevard Saint-Charles "}}, {"type": "Feature", "geometry": {"type": "Point", "coordinates": [-73.547566, 45.555001]}, "properties": {"nom": "DÉPANNEUR 7 JOURS", "type": "Épicerie avec préparation", "adresse": "2529   Avenue Letourneux "}}, {"type": "Feature", "geometry": {"type": "Point", "coordinates": [-73.631761, 45.50067]}, "properties": {"nom": "MARCHE BON FRUIT", "type": "Épicerie", "adresse": "6120   Chemin Côte-des-Neiges "}}, {"type": "Feature", "geometry": {"type": "Point", "coordinates": [-73.740922, 45.444197]}, "properties": {"nom": "WALMART #1140", "type": "Supermarché", "adresse": "400   Avenue Dorval "}}, {"type": "Feature", "geometry": {"type": "Point", "coordinates": [-73.614928, 45.536867]}, "properties": {"nom": "BALKANI MONTREAL", "type": "Boucherie-épicerie", "adresse": "7070  C-08 Avenue Henri-Julien "}}, {"type": "Feature", "geometry": {"type": "Point", "coordinates": [-73.614928, 45.536867]}, "properties": {"nom": "MIBO", "type": "Marché public", "adresse": "7070  C24 Avenue Henri-Julien "}}, {"type": "Feature", "geometry": {"type": "Point", "coordinates": [-73.600791, 45.549441]}, "properties": {"nom": "GASTRONOMIA ROBERTO ENR.", "type": "Épicerie avec préparation", "adresse": "2221   Rue Bélanger "}}, {"type": "Feature", "geometry": {"type": "Point", "coordinates": [-73.561451, 45.546178]}, "properties": {"nom": "BOUTIQUE ANGUS", "type": "Épicerie", "adresse": "3200  23 Rue Omer-Lavallée "}}, {"type": "Feature", "geometry": {"type": "Point", "coordinates": [-73.556768, 45.514413]}, "properties": {"nom": "DEPANNEUR B & D", "type": "Épicerie", "adresse": "565   Boulevard René-Lévesque Est"}}, {"type": "Feature", "geometry": {"type": "Point", "coordinates": [-73.597059, 45.532565]}, "properties": {"nom": "MARCHE STATION 54", "type": "Épicerie avec préparation", "adresse": "760   Boulevard Rosemont "}}, {"type": "Feature", "geometry": {"type": "Point", "coordinates": [-73.58067, 45.49448]}, "properties": {"nom": "KIOSQUE ST-MATHIEU", "type": "Épicerie avec préparation", "adresse": "1801   Boulevard De Maisonneuve Ouest"}}, {"type": "Feature", "geometry": {"type": "Point", "coordinates": [-73.525535, 45.569889]}, "properties": {"nom": "DEPAMARCHE", "type": "Épicerie", "adresse": "6001   Rue La Fontaine "}}, {"type": "Feature", "geometry": {"type": "Point", "coordinates": [-73.603192, 45.5462]}, "properties": {"nom": "MAGASIN H. S. LACASSE S.E.N.C.", "type": "Épicerie", "adresse": "6940   Avenue Papineau "}}, {"type": "Feature", "geometry": {"type": "Point", "coordinates": [-73.631952, 45.53916]}, "properties": {"nom": "PHARMAPRIX PQ1875", "type": "Épicerie", "adresse": "8125   Boulevard Saint-Laurent "}}, {"type": "Feature", "geometry": {"type": "Point", "coordinates": [-73.594383, 45.535559]}, "properties": {"nom": "DEPANNEUR EQUI-VALAND", "type": "Épicerie avec préparation", "adresse": "1140   Boulevard Rosemont "}}, {"type": "Feature", "geometry": {"type": "Point", "coordinates": [-73.581812, 45.49363]}, "properties": {"nom": "DEPANNEUR 2000", "type": "Épicerie", "adresse": "2000   Rue Saint-Marc "}}, {"type": "Feature", "geometry": {"type": "Point", "coordinates": [-73.576343, 45.545698]}, "properties": {"nom": "CLINIQUE SANTE NATURELLE", "type": "Aliments naturels", "adresse": "2637   Rue Masson "}}, {"type": "Feature", "geometry": {"type": "Point", "coordinates": [-73.638758, 45.46721]}, "properties": {"nom": "MINI MAX-VRAC PLUS", "type": "Épicerie", "adresse": "6559   Avenue Somerled "}}, {"type": "Feature", "geometry": {"type": "Point", "coordinates": [-73.636117, 45.589623]}, "properties": {"nom": "PETRO-CANADA & DEPANNEUR SUPER RELAIS", "type": "Épicerie", "adresse": "10770   Boulevard Pie-IX "}}, {"type": "Feature", "geometry": {"type": "Point", "coordinates": [-73.598106, 45.552595]}, "properties": {"nom": "DEPANNEUR SUN-WANG", "type": "Épicerie avec préparation", "adresse": "2530   Rue Bélanger "}}, {"type": "Feature", "geometry": {"type": "Point", "coordinates": [-73.620563, 45.61762]}, "properties": {"nom": "VARIETE DEPANNEUR UNIK", "type": "Épicerie avec préparation", "adresse": "6342   Rue Pascal "}}, {"type": "Feature", "geometry": {"type": "Point", "coordinates": [-73.686648, 45.444808]}, "properties": {"nom": "DEPANNEUR SHERBROOKE LMH", "type": "Épicerie avec préparation", "adresse": "2501   Rue Sherbrooke "}}, {"type": "Feature", "geometry": {"type": "Point", "coordinates": [-73.8654, 45.459269]}, "properties": {"nom": "SUPER C / KIRKLAND 25989", "type": "Supermarché", "adresse": "3700   Boulevard Saint-Charles "}}, {"type": "Feature", "geometry": {"type": "Point", "coordinates": [-73.6616, 45.564227]}, "properties": {"nom": "LES MARCHES OASIS", "type": "Boucherie-épicerie", "adresse": "1513   Boulevard Henri-Bourassa Est"}}, {"type": "Feature", "geometry": {"type": "Point", "coordinates": [-73.630374, 45.513067]}, "properties": {"nom": "DEPANNEUR WILDERTON", "type": "Épicerie", "adresse": "6910   Avenue Wilderton "}}, {"type": "Feature", "geometry": {"type": "Point", "coordinates": [-73.56035, 45.507582]}, "properties": {"nom": "BONBON A LA BARBE DE DRAGON", "type": "Épicerie avec préparation", "adresse": "52  B Rue De La Gauchetière Ouest"}}, {"type": "Feature", "geometry": {"type": "Point", "coordinates": [-73.698295, 45.526935]}, "properties": {"nom": "DEPANNEUR O'BRIEN", "type": "Épicerie", "adresse": "2432   Avenue O'Brien "}}, {"type": "Feature", "geometry": {"type": "Point", "coordinates": [-73.626159, 45.520277]}, "properties": {"nom": "PHARMACIE JEAN-COUTU", "type": "Épicerie", "adresse": "1365   Avenue Beaumont "}}, {"type": "Feature", "geometry": {"type": "Point", "coordinates": [-73.574719, 45.525524]}, "properties": {"nom": "DEPANNEUR DATANG", "type": "Épicerie", "adresse": "1000   Rue Rachel Est"}}, {"type": "Feature", "geometry": {"type": "Point", "coordinates": [-73.645822, 45.473163]}, "properties": {"nom": "DEPANNEUR CUIXIA LI", "type": "Épicerie avec préparation", "adresse": "6400   Chemin Côte-Saint-Luc "}}, {"type": "Feature", "geometry": {"type": "Point", "coordinates": [-73.660018, 45.532057]}, "properties": {"nom": "PAYER & EMPORTER CENTRAL", "type": "Épicerie avec préparation", "adresse": "1445   Rue Mazurette "}}, {"type": "Feature", "geometry": {"type": "Point", "coordinates": [-73.778004, 45.503774]}, "properties": {"nom": "MARCHE WEST ISLAND", "type": "Boucherie-épicerie", "adresse": "4706   Rue Alexander "}}, {"type": "Feature", "geometry": {"type": "Point", "coordinates": [-73.685643, 45.44186]}, "properties": {"nom": "MARCHE NEW ORCHARD", "type": "Épicerie avec préparation", "adresse": "2425   Rue Provost "}}, {"type": "Feature", "geometry": {"type": "Point", "coordinates": [-73.563334, 45.458328]}, "properties": {"nom": "DEPANNEUR XINGYUN", "type": "Épicerie", "adresse": "4569  4569 Boulevard LaSalle "}}, {"type": "Feature", "geometry": {"type": "Point", "coordinates": [-73.803169, 45.448161]}, "properties": {"nom": "DEPANNEUR POINTE-CLAIRE", "type": "Épicerie avec préparation", "adresse": "89   Avenue Ashgrove "}}, {"type": "Feature", "geometry": {"type": "Point", "coordinates": [-73.55741, 45.533396]}, "properties": {"nom": "DEPANNEUR FU QUAN", "type": "Épicerie", "adresse": "2440   Rue Rouen "}}, {"type": "Feature", "geometry": {"type": "Point", "coordinates": [-73.539132, 45.574276]}, "properties": {"nom": "DEPANNEUR COUBERTIN", "type": "Épicerie", "adresse": "5999   Avenue Pierre-De Coubertin "}}, {"type": "Feature", "geometry": {"type": "Point", "coordinates": [-73.803284, 45.490586]}, "properties": {"nom": "COUCHE TARD #1094", "type": "Épicerie", "adresse": "3865   Boulevard Sources "}}, {"type": "Feature", "geometry": {"type": "Point", "coordinates": [-73.679825, 45.497922]}, "properties": {"nom": "DEPANNEUR WARD", "type": "Épicerie avec préparation", "adresse": "2200   Rue Ward "}}, {"type": "Feature", "geometry": {"type": "Point", "coordinates": [-73.585166, 45.573914]}, "properties": {"nom": "DEPANNEUR KATE", "type": "Épicerie avec préparation", "adresse": "4834   Rue Jean-Talon Est"}}, {"type": "Feature", "geometry": {"type": "Point", "coordinates": [-73.591586, 45.583907]}, "properties": {"nom": "PETRO-CANADA #12973", "type": "Épicerie", "adresse": "7979   Boulevard Lacordaire "}}, {"type": "Feature", "geometry": {"type": "Point", "coordinates": [-73.614928, 45.536867]}, "properties": {"nom": "LE MAITRE OLIVIER", "type": "Épicerie", "adresse": "7070  135 Avenue Henri-Julien "}}, {"type": "Feature", "geometry": {"type": "Point", "coordinates": [-73.620043, 45.552084]}, "properties": {"nom": "FRUITERIE JARRY", "type": "Épicerie avec préparation", "adresse": "1560   Rue Jarry Est"}}, {"type": "Feature", "geometry": {"type": "Point", "coordinates": [-73.723714, 45.461493]}, "properties": {"nom": "HOLIDAY INN EXPRESS SUITE AEROPORT MONTREAL (DEPANNEUR)", "type": "Épicerie", "adresse": "10888  10888 Chemin Côte-de-Liesse "}}, {"type": "Feature", "geometry": {"type": "Point", "coordinates": [-73.565449, 45.500534]}, "properties": {"nom": "PAUSE CAFE GUIMAT (FIDO SOLUTIONS)", "type": "Épicerie", "adresse": "800   Rue De La Gauchetière Ouest"}}, {"type": "Feature", "geometry": {"type": "Point", "coordinates": [-73.606686, 45.548349]}, "properties": {"nom": "MARCHE SOUMMAM", "type": "Boucherie-épicerie", "adresse": "1848   Rue Jean-Talon Est"}}, {"type": "Feature", "geometry": {"type": "Point", "coordinates": [-73.588976, 45.563066]}, "properties": {"nom": "DEPANNEUR VARIETES AUX PETITS OISEAUX", "type": "Épicerie", "adresse": "3885   Rue Bélanger "}}, {"type": "Feature", "geometry": {"type": "Point", "coordinates": [-73.653208, 45.555995]}, "properties": {"nom": "EPICERIE MARCHE D'OR MJ INC.", "type": "Épicerie avec préparation", "adresse": "1001   Rue Sauvé Est"}}, {"type": "Feature", "geometry": {"type": "Point", "coordinates": [-73.576715, 45.451515]}, "properties": {"nom": "DEPANNEUR A.N.S.", "type": "Épicerie", "adresse": "5600   Rue Bannantyne "}}, {"type": "Feature", "geometry": {"type": "Point", "coordinates": [-73.559643, 45.514683]}, "properties": {"nom": "TABAGIE BERRI-UQAM (MONTMORENCY)", "type": "Épicerie", "adresse": "505  CC-746 Rue Sainte-Catherine Est"}}, {"type": "Feature", "geometry": {"type": "Point", "coordinates": [-73.559643, 45.514683]}, "properties": {"nom": "TAGAGIE METRO BERRI (COTE-VERTU)", "type": "Épicerie avec préparation", "adresse": "505  CC-746 Rue Sainte-Catherine Est"}}, {"type": "Feature", "geometry": {"type": "Point", "coordinates": [-73.576426, 45.577502]}, "properties": {"nom": "DEPAN-EXPRESS", "type": "Épicerie avec préparation", "adresse": "5355   Rue Bélanger "}}, {"type": "Feature", "geometry": {"type": "Point", "coordinates": [-73.58106, 45.591579]}, "properties": {"nom": "LE ROI DU SPORT 99", "type": "Épicerie", "adresse": "6245  322 Boulevard Métropolitain Est"}}, {"type": "Feature", "geometry": {"type": "Point", "coordinates": [-73.615684, 45.552515]}, "properties": {"nom": "DEPANNEUR BEAU MATIN LY", "type": "Épicerie", "adresse": "1861   Rue Tillemont "}}, {"type": "Feature", "geometry": {"type": "Point", "coordinates": [-73.622873, 45.529703]}, "properties": {"nom": "TABAGIE METRO DU PARC", "type": "Épicerie avec préparation", "adresse": "7245   Rue Hutchison "}}, {"type": "Feature", "geometry": {"type": "Point", "coordinates": [-73.669014, 45.536413]}, "properties": {"nom": "DEPANNEUR BELANGER XL", "type": "Épicerie", "adresse": "10005   Avenue Bois-de-Boulogne "}}, {"type": "Feature", "geometry": {"type": "Point", "coordinates": [-73.695314, 45.514729]}, "properties": {"nom": "SUPER C / ST-LAURENT #25928", "type": "Supermarché", "adresse": "1515   Boulevard Marcel-Laurin "}}, {"type": "Feature", "geometry": {"type": "Point", "coordinates": [-73.666069, 45.533983]}, "properties": {"nom": "MARCHE ADONIS", "type": "Supermarché", "adresse": "2001   Rue Sauvé Ouest"}}, {"type": "Feature", "geometry": {"type": "Point", "coordinates": [-73.563152, 45.475027]}, "properties": {"nom": "DEPANNEUR RICHARDSON", "type": "Épicerie", "adresse": "710   Rue Charlevoix "}}, {"type": "Feature", "geometry": {"type": "Point", "coordinates": [-73.562243, 45.481162]}, "properties": {"nom": "MARCHE DE FRUITS ET LEGUMES CPC/EPICERIE SOLIDAIRE", "type": "Marché public", "adresse": "1950   Rue Grand Trunk "}}, {"type": "Feature", "geometry": {"type": "Point", "coordinates": [-73.612474, 45.537391]}, "properties": {"nom": "EPICERIE HOUR HONG", "type": "Épicerie avec préparation", "adresse": "6976   Rue Saint-Denis "}}, {"type": "Feature", "geometry": {"type": "Point", "coordinates": [-73.643973, 45.517546]}, "properties": {"nom": "RACHELLE BERY #8613", "type": "Épicerie avec préparation", "adresse": "1289   Boulevard Laird "}}, {"type": "Feature", "geometry": {"type": "Point", "coordinates": [-73.556414, 45.55231]}, "properties": {"nom": "DEPANNEUR RACHEL", "type": "Épicerie avec préparation", "adresse": "3871   Rue Rachel Est"}}, {"type": "Feature", "geometry": {"type": "Point", "coordinates": [-73.547008, 45.541617]}, "properties": {"nom": "DEPANNEUR ST-GERMAIN", "type": "Épicerie", "adresse": "3247   Rue Ontario Est"}}, {"type": "Feature", "geometry": {"type": "Point", "coordinates": [-73.587189, 45.477143]}, "properties": {"nom": "DEPANNEUR BELLEVIE", "type": "Épicerie avec préparation", "adresse": "4201   Rue Saint-Jacques "}}, {"type": "Feature", "geometry": {"type": "Point", "coordinates": [-73.625191, 45.525386]}, "properties": {"nom": "MARCHE MEEZAN", "type": "Boucherie-épicerie", "adresse": "908   Rue Jean-Talon Ouest"}}, {"type": "Feature", "geometry": {"type": "Point", "coordinates": [-73.709519, 45.499729]}, "properties": {"nom": "MARCHE ADONIS (PLACE VERTU)", "type": "Supermarché", "adresse": "3100  K19C Boulevard Thimens "}}, {"type": "Feature", "geometry": {"type": "Point", "coordinates": [-73.54352, 45.469053]}, "properties": {"nom": "LES SURGELES COOL ET SIMPLE INC.", "type": "Épicerie", "adresse": "4  115 Place Commerce "}}, {"type": "Feature", "geometry": {"type": "Point", "coordinates": [-73.639308, 45.454331]}, "properties": {"nom": "DEPANNEUR HARLEY LIU INC.", "type": "Épicerie avec préparation", "adresse": "7423   Avenue Harley "}}, {"type": "Feature", "geometry": {"type": "Point", "coordinates": [-73.697019, 45.519762]}, "properties": {"nom": "MARCHE LU", "type": "Épicerie avec préparation", "adresse": "1655   Rue Poirier "}}, {"type": "Feature", "geometry": {"type": "Point", "coordinates": [-73.672629, 45.508927]}, "properties": {"nom": "TABAGIE METRO DU COLLEGE YAO", "type": "Épicerie avec préparation", "adresse": "1480   Rue Cartier "}}, {"type": "Feature", "geometry": {"type": "Point", "coordinates": [-73.628521, 45.500382]}, "properties": {"nom": "DEPANNEUR 7 JOURS", "type": "Épicerie", "adresse": "3450   Avenue Ellendale "}}, {"type": "Feature", "geometry": {"type": "Point", "coordinates": [-73.642195, 45.496403]}, "properties": {"nom": "ALIMENTATION EXOTIQUE DE MONTREAL", "type": "Épicerie avec préparation", "adresse": "6685   Avenue Victoria "}}, {"type": "Feature", "geometry": {"type": "Point", "coordinates": [-73.557995, 45.549638]}, "properties": {"nom": "DEPANNEUR CHEZ EMILE", "type": "Épicerie", "adresse": "3539   Rue Rachel Est"}}, {"type": "Feature", "geometry": {"type": "Point", "coordinates": [-73.549985, 45.529599]}, "properties": {"nom": "DEPANNEUR CARAVELLE", "type": "Épicerie", "adresse": "1650   Rue Dufresne "}}, {"type": "Feature", "geometry": {"type": "Point", "coordinates": [-73.551828, 45.54617]}, "properties": {"nom": "DEPANNEUR BIAO", "type": "Épicerie", "adresse": "3496   Rue Hochelaga "}}, {"type": "Feature", "geometry": {"type": "Point", "coordinates": [-73.557659, 45.477852]}, "properties": {"nom": "DEPANNEUR FORTUNE 2013", "type": "Épicerie", "adresse": "558   Rue Fortune "}}, {"type": "Feature", "geometry": {"type": "Point", "coordinates": [-73.58026, 45.501512]}, "properties": {"nom": "DEPANNEUR DRUMMOND", "type": "Épicerie avec préparation", "adresse": "3460   Rue Drummond "}}, {"type": "Feature", "geometry": {"type": "Point", "coordinates": [-73.629937, 45.57283]}, "properties": {"nom": "MARCHE LATINO LA BENDICION", "type": "Épicerie avec préparation", "adresse": "9201   Boulevard Saint-Michel "}}, {"type": "Feature", "geometry": {"type": "Point", "coordinates": [-73.590313, 45.550405]}, "properties": {"nom": "DEPANNEUR VIDA", "type": "Épicerie", "adresse": "2601   Rue Beaubien Est"}}, {"type": "Feature", "geometry": {"type": "Point", "coordinates": [-73.728307, 45.459653]}, "properties": {"nom": "LES ALIMENTS M.QUALITE INC.", "type": "Épicerie avec préparation", "adresse": "725   Avenue Halpern "}}, {"type": "Feature", "geometry": {"type": "Point", "coordinates": [-73.650615, 45.423249]}, "properties": {"nom": "CULINAIRE LASALLE", "type": "Épicerie avec préparation", "adresse": "85   Avenue Lafleur "}}, {"type": "Feature", "geometry": {"type": "Point", "coordinates": [-73.577446, 45.589112]}, "properties": {"nom": "DEPANNEUR DE LA VILLANELLE", "type": "Épicerie", "adresse": "6180   Rue Jean-Talon Est"}}, {"type": "Feature", "geometry": {"type": "Point", "coordinates": [-73.558244, 45.516431]}, "properties": {"nom": "NAUTILUS PLUS", "type": "Épicerie avec préparation", "adresse": "1431   Rue Saint-André "}}, {"type": "Feature", "geometry": {"type": "Point", "coordinates": [-73.621942, 45.530645]}, "properties": {"nom": "MAXI ET CIE JEAN-TALON OUEST 4558", "type": "Supermarché", "adresse": "375   Rue Jean-Talon Ouest"}}, {"type": "Feature", "geometry": {"type": "Point", "coordinates": [-73.637806, 45.503444]}, "properties": {"nom": "MAXI MTL BEDFORD", "type": "Supermarché", "adresse": "6825   Chemin Côte-des-Neiges "}}, {"type": "Feature", "geometry": {"type": "Point", "coordinates": [-73.801418, 45.464844]}, "properties": {"nom": "DEPANNEUR DELMAR", "type": "Épicerie avec préparation", "adresse": "477   Avenue Delmar "}}, {"type": "Feature", "geometry": {"type": "Point", "coordinates": [-73.831618, 45.469848]}, "properties": {"nom": "DEPANNEUR FAIRVIEW", "type": "Épicerie", "adresse": "1000  30 Boulevard Saint-Jean "}}, {"type": "Feature", "geometry": {"type": "Point", "coordinates": [-73.555186, 45.548292]}, "properties": {"nom": "DEPANNEUR BELANGER XL", "type": "Épicerie", "adresse": "3600   Rue Sherbrooke Est"}}, {"type": "Feature", "geometry": {"type": "Point", "coordinates": [-73.702069, 45.518904]}, "properties": {"nom": "POPEYE'S SUPPLEMENTS VILLE ST-LAURENT", "type": "Aliments naturels", "adresse": "1999   Boulevard Marcel-Laurin "}}, {"type": "Feature", "geometry": {"type": "Point", "coordinates": [-73.547609, 45.560011]}, "properties": {"nom": "BOUTIQUE DU BIODOME", "type": "Épicerie", "adresse": "4777   Avenue Pierre-De Coubertin "}}, {"type": "Feature", "geometry": {"type": "Point", "coordinates": [-73.647742, 45.575236]}, "properties": {"nom": "BRULERIE FLEURY", "type": "Épicerie avec préparation", "adresse": "2470   Rue Fleury Est"}}, {"type": "Feature", "geometry": {"type": "Point", "coordinates": [-73.577419, 45.599488]}, "properties": {"nom": "DEPANNEUR ETS", "type": "Épicerie", "adresse": "6965   Rue Jarry Est"}}, {"type": "Feature", "geometry": {"type": "Point", "coordinates": [-73.556627, 45.517961]}, "properties": {"nom": "RACHEL-BERY EPICERIE SANTE #8617", "type": "Épicerie avec préparation", "adresse": "1150   Rue Sainte-Catherine Est"}}, {"type": "Feature", "geometry": {"type": "Point", "coordinates": [-73.632085, 45.605484]}, "properties": {"nom": "DEPANNEUR 7 JOURS", "type": "Épicerie", "adresse": "5102   Rue Gare "}}, {"type": "Feature", "geometry": {"type": "Point", "coordinates": [-73.576542, 45.480032]}, "properties": {"nom": "FERME SOLEIL", "type": "Marché public", "adresse": "138  43-44 Avenue Atwater "}}, {"type": "Feature", "geometry": {"type": "Point", "coordinates": [-73.62946, 45.432675]}, "properties": {"nom": "DEPANNEUR PROXI", "type": "Épicerie", "adresse": "8390   Boulevard Newman "}}, {"type": "Feature", "geometry": {"type": "Point", "coordinates": [-73.615412, 45.617783]}, "properties": {"nom": "TONY DEPANNEUR", "type": "Épicerie", "adresse": "11865   Boulevard Langelier "}}, {"type": "Feature", "geometry": {"type": "Point", "coordinates": [-73.589368, 45.486833]}, "properties": {"nom": "LES 5 SAISONS GREENE", "type": "Supermarché", "adresse": "1280   Avenue Greene "}}, {"type": "Feature", "geometry": {"type": "Point", "coordinates": [-73.612078, 45.472485]}, "properties": {"nom": "PROVISION N.D.G.", "type": "Épicerie", "adresse": "5500   Rue Sherbrooke Ouest"}}, {"type": "Feature", "geometry": {"type": "Point", "coordinates": [-73.720791, 45.528219]}, "properties": {"nom": "MARCHE C & T", "type": "Supermarché", "adresse": "12200   Boulevard Laurentien "}}, {"type": "Feature", "geometry": {"type": "Point", "coordinates": [-73.556363, 45.479911]}, "properties": {"nom": "DEPANNEUR YANPENG SENC", "type": "Épicerie", "adresse": "502   Rue Bourgeoys "}}, {"type": "Feature", "geometry": {"type": "Point", "coordinates": [-73.630775, 45.597011]}, "properties": {"nom": "BOUCHERIE DE CHARLEROI", "type": "Boucherie-épicerie", "adresse": "4814   Rue Charleroi "}}, {"type": "Feature", "geometry": {"type": "Point", "coordinates": [-73.6033, 45.546614]}, "properties": {"nom": "DEPANNEUR LABELNICK", "type": "Épicerie avec préparation", "adresse": "1819   Rue Bélanger "}}, {"type": "Feature", "geometry": {"type": "Point", "coordinates": [-73.556782, 45.53812]}, "properties": {"nom": "DEPANNEUR CLAIR", "type": "Épicerie avec préparation", "adresse": "2801   Rue Hochelaga "}}, {"type": "Feature", "geometry": {"type": "Point", "coordinates": [-73.529827, 45.557263]}, "properties": {"nom": "DEPANNEUR COIN VIAU", "type": "Épicerie avec préparation", "adresse": "4949   Rue Sainte-Catherine Est"}}, {"type": "Feature", "geometry": {"type": "Point", "coordinates": [-73.514557, 45.578723]}, "properties": {"nom": "MARCHE SINA", "type": "Épicerie avec préparation", "adresse": "515   Avenue Émile-Legrand "}}, {"type": "Feature", "geometry": {"type": "Point", "coordinates": [-73.54094, 45.580225]}, "properties": {"nom": "WAL-MART", "type": "Épicerie", "adresse": "3121   Avenue Granby "}}, {"type": "Feature", "geometry": {"type": "Point", "coordinates": [-73.557746, 45.516746]}, "properties": {"nom": "DEPANNEUR TABAC-PLUS", "type": "Épicerie", "adresse": "922   Rue Sainte-Catherine Est"}}, {"type": "Feature", "geometry": {"type": "Point", "coordinates": [-73.603939, 45.545934]}, "properties": {"nom": "MARCHE DE FRANCE", "type": "Épicerie avec préparation", "adresse": "1651   Rue Bélanger "}}, {"type": "Feature", "geometry": {"type": "Point", "coordinates": [-73.570187, 45.502775]}, "properties": {"nom": "LES THES DAVID'S TEA", "type": "Épicerie avec préparation", "adresse": "705  2113A Rue Sainte-Catherine Ouest"}}, {"type": "Feature", "geometry": {"type": "Point", "coordinates": [-73.556496, 45.518104]}, "properties": {"nom": "SAUNA G.I. JOE (2012)", "type": "Épicerie avec préparation", "adresse": "1166   Rue Sainte-Catherine Est"}}, {"type": "Feature", "geometry": {"type": "Point", "coordinates": [-73.625974, 45.573279]}, "properties": {"nom": "DEPANNEUR BMB EXPRESS", "type": "Épicerie", "adresse": "3300   Rue Legendre Est"}}, {"type": "Feature", "geometry": {"type": "Point", "coordinates": [-73.587075, 45.520428]}, "properties": {"nom": "TABAGIE CINQ ETOILES", "type": "Épicerie", "adresse": "4547   Boulevard Saint-Laurent "}}, {"type": "Feature", "geometry": {"type": "Point", "coordinates": [-73.572139, 45.500807]}, "properties": {"nom": "PRESOTEA", "type": "Épicerie avec préparation", "adresse": "977  3 Rue Sainte-Catherine Ouest"}}, {"type": "Feature", "geometry": {"type": "Point", "coordinates": [-73.546233, 45.529222]}, "properties": {"nom": "DEPANNEUR TINA", "type": "Épicerie avec préparation", "adresse": "2461   Rue Sainte-Catherine Est"}}, {"type": "Feature", "geometry": {"type": "Point", "coordinates": [-73.608604, 45.530262]}, "properties": {"nom": "MARCHE EXTRA PLUS", "type": "Épicerie avec préparation", "adresse": "6501   Boulevard Saint-Laurent "}}, {"type": "Feature", "geometry": {"type": "Point", "coordinates": [-73.710664, 45.512499]}, "properties": {"nom": "PROVI-SOIR #5010", "type": "Épicerie avec préparation", "adresse": "2555   Rue Nations "}}, {"type": "Feature", "geometry": {"type": "Point", "coordinates": [-73.675987, 45.503741]}, "properties": {"nom": "CHEZ DANIEL (BOULANGERIE KASHER)", "type": "Épicerie avec préparation", "adresse": "340   Boulevard Marcel-Laurin "}}, {"type": "Feature", "geometry": {"type": "Point", "coordinates": [-73.613953, 45.536204]}, "properties": {"nom": "LA MOUCHETE (MARCHE DES SAVEURS)", "type": "Épicerie", "adresse": "280   Place Marché-du-Nord "}}, {"type": "Feature", "geometry": {"type": "Point", "coordinates": [-73.623678, 45.436009]}, "properties": {"nom": "DEPANNEUR THIERRY", "type": "Épicerie", "adresse": "1693   Rue Thierry "}}, {"type": "Feature", "geometry": {"type": "Point", "coordinates": [-73.671103, 45.441963]}, "properties": {"nom": "DEPANNEUR LA DEPAGIE", "type": "Épicerie", "adresse": "815   Rue Provost "}}, {"type": "Feature", "geometry": {"type": "Point", "coordinates": [-73.577527, 45.535267]}, "properties": {"nom": "QF DEPANNEUR", "type": "Épicerie", "adresse": "4800   Rue Cartier "}}, {"type": "Feature", "geometry": {"type": "Point", "coordinates": [-73.582244, 45.456985]}, "properties": {"nom": "TABAGIE BINGO CHEN", "type": "Épicerie", "adresse": "6200   Rue Drake "}}, {"type": "Feature", "geometry": {"type": "Point", "coordinates": [-73.552052, 45.533752]}, "properties": {"nom": "TABAGIE PLACE FRONTENAC", "type": "Épicerie", "adresse": "2600  135 Rue Ontario Est"}}, {"type": "Feature", "geometry": {"type": "Point", "coordinates": [-73.668043, 45.555327]}, "properties": {"nom": "TABAGIE SY (HENRI BOURASSA EST)", "type": "Épicerie", "adresse": "590   Boulevard Henri-Bourassa Est"}}, {"type": "Feature", "geometry": {"type": "Point", "coordinates": [-73.522108, 45.602184]}, "properties": {"nom": "8498 INTER-MARCHE PALUMBO DESORMEAUX", "type": "Boucherie-épicerie", "adresse": "2710   Rue Des Ormeaux "}}, {"type": "Feature", "geometry": {"type": "Point", "coordinates": [-73.609112, 45.534886]}, "properties": {"nom": "DEPANNEUR CHRISTINE", "type": "Épicerie", "adresse": "351   Rue Saint-Zotique Est"}}, {"type": "Feature", "geometry": {"type": "Point", "coordinates": [-73.614928, 45.536867]}, "properties": {"nom": "VERGER ERIC TANGUAY", "type": "Marché public", "adresse": "7070  C24 Avenue Henri-Julien "}}, {"type": "Feature", "geometry": {"type": "Point", "coordinates": [-73.573103, 45.556982]}, "properties": {"nom": "DEPANNEUR X ET H", "type": "Épicerie", "adresse": "3807   Rue Dandurand "}}, {"type": "Feature", "geometry": {"type": "Point", "coordinates": [-73.5743, 45.54907]}, "properties": {"nom": "TORI TORA SUSHI", "type": "Épicerie avec préparation", "adresse": "3033   Rue Masson "}}, {"type": "Feature", "geometry": {"type": "Point", "coordinates": [-73.563885, 45.516639]}, "properties": {"nom": "MULTIMAGS (PRODUITS EN CONSIGNE)", "type": "Épicerie", "adresse": "1717   Rue Berri "}}, {"type": "Feature", "geometry": {"type": "Point", "coordinates": [-73.500213, 45.666711]}, "properties": {"nom": "DEPANNEUR L'EXPRESS", "type": "Épicerie avec préparation", "adresse": "13860   Rue De Montigny "}}, {"type": "Feature", "geometry": {"type": "Point", "coordinates": [-73.547922, 45.60925]}, "properties": {"nom": "DEPANNEUR 7 JOURS", "type": "Épicerie", "adresse": "6401   Boulevard Roi-René "}}, {"type": "Feature", "geometry": {"type": "Point", "coordinates": [-73.583, 45.53429]}, "properties": {"nom": "QUINCAILLERIE RONA", "type": "Épicerie", "adresse": "1473   Avenue Laurier Est"}}, {"type": "Feature", "geometry": {"type": "Point", "coordinates": [-73.597741, 45.431484]}, "properties": {"nom": "PHARMACIE BRUNET", "type": "Épicerie", "adresse": "7635   Rue Centrale "}}, {"type": "Feature", "geometry": {"type": "Point", "coordinates": [-73.509408, 45.657004]}, "properties": {"nom": "PHARMACIE CLAUDE SAUCIER (JEAN COUTU)", "type": "Épicerie", "adresse": "12905   Rue Sherbrooke Est"}}, {"type": "Feature", "geometry": {"type": "Point", "coordinates": [-73.607678, 45.54725]}, "properties": {"nom": "MARCHE REYNALD", "type": "Épicerie avec préparation", "adresse": "1595   Rue Jean-Talon Est"}}, {"type": "Feature", "geometry": {"type": "Point", "coordinates": [-73.580304, 45.492923]}, "properties": {"nom": "DEPANNEUR PANDA", "type": "Épicerie", "adresse": "1866   Rue Sainte-Catherine Ouest"}}, {"type": "Feature", "geometry": {"type": "Point", "coordinates": [-73.579825, 45.523338]}, "properties": {"nom": "DEPANNEUR LILY", "type": "Épicerie", "adresse": "4348   Rue Rivard "}}, {"type": "Feature", "geometry": {"type": "Point", "coordinates": [-73.583212, 45.549981]}, "properties": {"nom": "DEPANNEUR BJ", "type": "Épicerie", "adresse": "2851   Boulevard Rosemont "}}, {"type": "Feature", "geometry": {"type": "Point", "coordinates": [-73.565449, 45.500534]}, "properties": {"nom": "GOURMET EXPRESS", "type": "Épicerie avec préparation", "adresse": "800  2800 Rue De La Gauchetière Ouest"}}, {"type": "Feature", "geometry": {"type": "Point", "coordinates": [-73.636502, 45.502795]}, "properties": {"nom": "WALMART (#1170)", "type": "Épicerie", "adresse": "6700  235 Chemin Côte-des-Neiges "}}, {"type": "Feature", "geometry": {"type": "Point", "coordinates": [-73.866228, 45.479395]}, "properties": {"nom": "FRUITS NEVADA", "type": "Épicerie avec préparation", "adresse": "15771   Boulevard Pierrefonds "}}, {"type": "Feature", "geometry": {"type": "Point", "coordinates": [-73.624406, 45.507339]}, "properties": {"nom": "DEPANNEUR AJ", "type": "Épicerie", "adresse": "6070 A  Avenue Darlington "}}, {"type": "Feature", "geometry": {"type": "Point", "coordinates": [-73.5129, 45.599466]}, "properties": {"nom": "DEPANNEUR FAMILY MART", "type": "Épicerie", "adresse": "542   Rue Des Ormeaux "}}, {"type": "Feature", "geometry": {"type": "Point", "coordinates": [-73.589828, 45.516988]}, "properties": {"nom": "TA'S PIES", "type": "Épicerie avec préparation", "adresse": "4520   Avenue Parc "}}, {"type": "Feature", "geometry": {"type": "Point", "coordinates": [-73.587796, 45.528905]}, "properties": {"nom": "DEPANNEUR 7 JOURS", "type": "Épicerie", "adresse": "790   Avenue Laurier Est"}}, {"type": "Feature", "geometry": {"type": "Point", "coordinates": [-73.579511, 45.527676]}, "properties": {"nom": "LES SURGELES COOL ET SIMPLE", "type": "Épicerie", "adresse": "1024   Avenue Mont-Royal Est"}}, {"type": "Feature", "geometry": {"type": "Point", "coordinates": [-73.575044, 45.520377]}, "properties": {"nom": "CAFE MIMI PATISSERIE & DELI", "type": "Épicerie avec préparation", "adresse": "3970   Rue Saint-Denis "}}, {"type": "Feature", "geometry": {"type": "Point", "coordinates": [-73.612948, 45.42639]}, "properties": {"nom": "GENERAL DU DOLLARD", "type": "Épicerie", "adresse": "8164   Boulevard Champlain "}}, {"type": "Feature", "geometry": {"type": "Point", "coordinates": [-73.563331, 45.501699]}, "properties": {"nom": "TABAGIE SHAO", "type": "Épicerie avec préparation", "adresse": "601   Avenue Viger Ouest"}}, {"type": "Feature", "geometry": {"type": "Point", "coordinates": [-73.627721, 45.544815]}, "properties": {"nom": "DEPANNEUR BELLA", "type": "Épicerie avec préparation", "adresse": "635   Rue Jarry Est"}}, {"type": "Feature", "geometry": {"type": "Point", "coordinates": [-73.560809, 45.500855]}, "properties": {"nom": "PHARMACIE JEAN COUTU", "type": "Épicerie", "adresse": "614   Rue Saint-Jacques "}}, {"type": "Feature", "geometry": {"type": "Point", "coordinates": [-73.691451, 45.437537]}, "properties": {"nom": "MAXI LACHINE #8917", "type": "Supermarché", "adresse": "3150   Rue Remembrance "}}, {"type": "Feature", "geometry": {"type": "Point", "coordinates": [-73.598449, 45.520629]}, "properties": {"nom": "P.A. SUPER MARCHE", "type": "Supermarché", "adresse": "5242   Avenue Parc "}}, {"type": "Feature", "geometry": {"type": "Point", "coordinates": [-73.519785, 45.601573]}, "properties": {"nom": "TABAGIE RUBY", "type": "Épicerie", "adresse": "8723   Rue Hochelaga "}}, {"type": "Feature", "geometry": {"type": "Point", "coordinates": [-73.709932, 45.492501]}, "properties": {"nom": "WAL-MART #1189", "type": "Épicerie avec préparation", "adresse": "3820   Boulevard Côte-Vertu "}}, {"type": "Feature", "geometry": {"type": "Point", "coordinates": [-73.65378, 45.425073]}, "properties": {"nom": "DEPANNEUR BELANGER", "type": "Épicerie", "adresse": "82 A  Avenue Bélanger "}}, {"type": "Feature", "geometry": {"type": "Point", "coordinates": [-73.642049, 45.590305]}, "properties": {"nom": "MARCHE ROGER CHERRIER", "type": "Épicerie", "adresse": "3857   Rue Martial "}}, {"type": "Feature", "geometry": {"type": "Point", "coordinates": [-73.622902, 45.555124]}, "properties": {"nom": "MAXI & CIE PAPINEAU #8675", "type": "Supermarché", "adresse": "8305   Avenue Papineau "}}, {"type": "Feature", "geometry": {"type": "Point", "coordinates": [-73.626331, 45.460169]}, "properties": {"nom": "MAXI MTL,SAINT-JACQUES #7495", "type": "Supermarché", "adresse": "6600   Rue Saint-Jacques "}}, {"type": "Feature", "geometry": {"type": "Point", "coordinates": [-73.563159, 45.472039]}, "properties": {"nom": "MAXI VERDUN", "type": "Supermarché", "adresse": "3000   Rue Wellington "}}, {"type": "Feature", "geometry": {"type": "Point", "coordinates": [-73.698538, 45.516742]}, "properties": {"nom": "MAXI & CIE SAINT-LAURENT #8906", "type": "Supermarché", "adresse": "1757   Boulevard Marcel-Laurin "}}, {"type": "Feature", "geometry": {"type": "Point", "coordinates": [-73.606581, 45.450982]}, "properties": {"nom": "MAXI  & CIE LASALLE # 7557", "type": "Supermarché", "adresse": "6767   Boulevard Newman "}}, {"type": "Feature", "geometry": {"type": "Point", "coordinates": [-73.874653, 45.489211]}, "properties": {"nom": "DEPANNEUR MALEC (ULTRAMAR)", "type": "Épicerie avec préparation", "adresse": "360   Rue Cherrier "}}, {"type": "Feature", "geometry": {"type": "Point", "coordinates": [-73.851041, 45.490715]}, "properties": {"nom": "MAXI ET CIE PIERREFONDS", "type": "Supermarché", "adresse": "4849   Boulevard Saint-Jean "}}, {"type": "Feature", "geometry": {"type": "Point", "coordinates": [-73.595878, 45.458127]}, "properties": {"nom": "LA SOCIETE SAINT-VINCENT-DE-PAUL-DE-MONTREAL", "type": "Épicerie", "adresse": "6030   Boulevard Monk "}}, {"type": "Feature", "geometry": {"type": "Point", "coordinates": [-73.582947, 45.496472]}, "properties": {"nom": "MARCHE CHEZ BRO", "type": "Épicerie", "adresse": "3457   Chemin Côte-des-Neiges "}}, {"type": "Feature", "geometry": {"type": "Point", "coordinates": [-73.536627, 45.652244]}, "properties": {"nom": "COUCHE-TARD 1120", "type": "Épicerie avec préparation", "adresse": "10735   Boulevard Henri-Bourassa Est"}}, {"type": "Feature", "geometry": {"type": "Point", "coordinates": [-73.565585, 45.521119]}, "properties": {"nom": "DEPANNEUR SAM", "type": "Épicerie avec préparation", "adresse": "1055   Rue Sherbrooke Est"}}, {"type": "Feature", "geometry": {"type": "Point", "coordinates": [-73.615736, 45.536913]}, "properties": {"nom": "VRAC EN FOLIE", "type": "Épicerie avec préparation", "adresse": "274   Rue Jean-Talon Est"}}, {"type": "Feature", "geometry": {"type": "Point", "coordinates": [-73.86665, 45.482856]}, "properties": {"nom": "MARCHE PAIEMENT DEPANNEUR", "type": "Épicerie", "adresse": "17   Rue Paiement "}}, {"type": "Feature", "geometry": {"type": "Point", "coordinates": [-73.54832, 45.552439]}, "properties": {"nom": "DEPANNEUR MINUTE", "type": "Épicerie avec préparation", "adresse": "4060   Rue Hochelaga "}}, {"type": "Feature", "geometry": {"type": "Point", "coordinates": [-73.604423, 45.524897]}, "properties": {"nom": "BERNARD MARCHE", "type": "Épicerie", "adresse": "201   Rue Bernard Ouest"}}, {"type": "Feature", "geometry": {"type": "Point", "coordinates": [-73.569424, 45.507584]}, "properties": {"nom": "DÉPANNEUR FUJI", "type": "Épicerie", "adresse": "333   Avenue Président-Kennedy "}}, {"type": "Feature", "geometry": {"type": "Point", "coordinates": [-73.628195, 45.48471]}, "properties": {"nom": "BOUTIQUE 710", "type": "Épicerie", "adresse": "5184   Chemin Queen-Mary "}}, {"type": "Feature", "geometry": {"type": "Point", "coordinates": [-73.576563, 45.566198]}, "properties": {"nom": "PHARMACIE JEAN COUTU", "type": "Épicerie", "adresse": "4466   Rue Beaubien Est"}}, {"type": "Feature", "geometry": {"type": "Point", "coordinates": [-73.572161, 45.500784]}, "properties": {"nom": "JEAN COUTU #250", "type": "Épicerie", "adresse": "980   Rue Sainte-Catherine Ouest"}}, {"type": "Feature", "geometry": {"type": "Point", "coordinates": [-73.65584, 45.49324]}, "properties": {"nom": "BULK BARN", "type": "Épicerie avec préparation", "adresse": "5445   Rue Jockeys "}}, {"type": "Feature", "geometry": {"type": "Point", "coordinates": [-73.627166, 45.458873]}, "properties": {"nom": "H-MARCHÉ", "type": "Épicerie avec préparation", "adresse": "6785   Rue Saint-Jacques "}}, {"type": "Feature", "geometry": {"type": "Point", "coordinates": [-73.573211, 45.59415]}, "properties": {"nom": "NAUTILUS PLUS", "type": "Épicerie", "adresse": "6705  1E ETAGE Rue Jean-Talon Est"}}, {"type": "Feature", "geometry": {"type": "Point", "coordinates": [-73.537979, 45.551722]}, "properties": {"nom": "DEPANNEUR A+   (DING ET JIANG S.E.N.C.)", "type": "Épicerie avec préparation", "adresse": "4280   Rue La Fontaine "}}, {"type": "Feature", "geometry": {"type": "Point", "coordinates": [-73.50382, 45.632361]}, "properties": {"nom": "DEPANNEUR MONTREAL-EST", "type": "Épicerie", "adresse": "11351   Rue Dorchester "}}, {"type": "Feature", "geometry": {"type": "Point", "coordinates": [-73.614928, 45.536867]}, "properties": {"nom": "LE JARDIN DES FILLES A PAUL", "type": "Marché public", "adresse": "7070  C24 Avenue Henri-Julien "}}, {"type": "Feature", "geometry": {"type": "Point", "coordinates": [-73.59598, 45.5338]}, "properties": {"nom": "MARCHE TIPRIX", "type": "Épicerie", "adresse": "903   Boulevard Rosemont "}}, {"type": "Feature", "geometry": {"type": "Point", "coordinates": [-73.560057, 45.50799]}, "properties": {"nom": "PRESOTEA", "type": "Épicerie avec préparation", "adresse": "10   Rue De La Gauchetière Ouest"}}, {"type": "Feature", "geometry": {"type": "Point", "coordinates": [-73.573914, 45.560003]}, "properties": {"nom": "DEPANNEUR COCO", "type": "Épicerie", "adresse": "5745   Avenue Jeanne-d'Arc "}}, {"type": "Feature", "geometry": {"type": "Point", "coordinates": [-73.661676, 45.532777]}, "properties": {"nom": "LES ALIMENTS YUPIK", "type": "Épicerie avec préparation", "adresse": "1385   Rue Louvain Ouest"}}, {"type": "Feature", "geometry": {"type": "Point", "coordinates": [-73.624153, 45.437773]}, "properties": {"nom": "DEPANNEUR 7 JOURS", "type": "Épicerie", "adresse": "7707   Boulevard Newman "}}, {"type": "Feature", "geometry": {"type": "Point", "coordinates": [-73.572486, 45.558808]}, "properties": {"nom": "EPICERIE A. GAUDREAULT", "type": "Épicerie avec préparation", "adresse": "5617   Avenue Charlemagne "}}, {"type": "Feature", "geometry": {"type": "Point", "coordinates": [-73.577777, 45.496188]}, "properties": {"nom": "DEPANNEUR MACKAY", "type": "Épicerie", "adresse": "1434   Rue Mackay "}}, {"type": "Feature", "geometry": {"type": "Point", "coordinates": [-73.647619, 45.526334]}, "properties": {"nom": "NAUTILUS", "type": "Épicerie", "adresse": "2305  42 Chemin Rockland "}}, {"type": "Feature", "geometry": {"type": "Point", "coordinates": [-73.700451, 45.517722]}, "properties": {"nom": "NAUTILUS PLUS", "type": "Épicerie", "adresse": "1920   Boulevard Marcel-Laurin "}}, {"type": "Feature", "geometry": {"type": "Point", "coordinates": [-73.510407, 45.65356]}, "properties": {"nom": "8987 MAXI POINTE-AUX-TREMBLES", "type": "Supermarché", "adresse": "12780   Rue Sherbrooke Est"}}, {"type": "Feature", "geometry": {"type": "Point", "coordinates": [-73.538732, 45.59042]}, "properties": {"nom": "8910 MAXI / PLACE VERSAILLES", "type": "Supermarché", "adresse": "7455   Rue Sherbrooke Est"}}, {"type": "Feature", "geometry": {"type": "Point", "coordinates": [-73.589117, 45.569086]}, "properties": {"nom": "8956 MAXI & CIE JEAN-TALON", "type": "Supermarché", "adresse": "4325   Rue Jean-Talon Est"}}, {"type": "Feature", "geometry": {"type": "Point", "coordinates": [-73.558912, 45.540516]}, "properties": {"nom": "MAXI PRÉFONTAINE #8797", "type": "Supermarché", "adresse": "2925   Rue Sherbrooke Est"}}, {"type": "Feature", "geometry": {"type": "Point", "coordinates": [-73.544147, 45.467152]}, "properties": {"nom": "PROVIGO", "type": "Supermarché", "adresse": "42   Place Commerce "}}, {"type": "Feature", "geometry": {"type": "Point", "coordinates": [-73.635446, 45.431225]}, "properties": {"nom": "8900 MAXI LASALLE, DOLLARD", "type": "Supermarché", "adresse": "2101   Avenue Dollard "}}, {"type": "Feature", "geometry": {"type": "Point", "coordinates": [-73.860172, 45.483594]}, "properties": {"nom": "MAXI PIERREFONDS 8609", "type": "Supermarché", "adresse": "14875   Boulevard Pierrefonds "}}, {"type": "Feature", "geometry": {"type": "Point", "coordinates": [-73.740843, 45.443881]}, "properties": {"nom": "8914 MAXI DORVAL", "type": "Supermarché", "adresse": "310   Avenue Dorval "}}, {"type": "Feature", "geometry": {"type": "Point", "coordinates": [-73.513354, 45.610336]}, "properties": {"nom": "NOUVEAU MONDE UNI INC.", "type": "Épicerie", "adresse": "2250   Avenue Hector "}}, {"type": "Feature", "geometry": {"type": "Point", "coordinates": [-73.578388, 45.547817]}, "properties": {"nom": "DEPANNEUR MAI", "type": "Épicerie", "adresse": "5582   Avenue 4e "}}, {"type": "Feature", "geometry": {"type": "Point", "coordinates": [-73.632066, 45.500808]}, "properties": {"nom": "PHARMAPRIX 84", "type": "Aliments naturels", "adresse": "6180   Chemin Côte-des-Neiges "}}, {"type": "Feature", "geometry": {"type": "Point", "coordinates": [-73.637221, 45.494821]}, "properties": {"nom": "CITE CACHERE", "type": "Épicerie avec préparation", "adresse": "4765   Avenue Van Horne "}}, {"type": "Feature", "geometry": {"type": "Point", "coordinates": [-73.539745, 45.552595]}, "properties": {"nom": "LE BIEROLOGUE", "type": "Épicerie", "adresse": "4301   Rue Ontario Est"}}, {"type": "Feature", "geometry": {"type": "Point", "coordinates": [-73.577192, 45.530142]}, "properties": {"nom": "FRUITERIE BON ROYAL", "type": "Épicerie", "adresse": "1331   Avenue Mont-Royal Est"}}, {"type": "Feature", "geometry": {"type": "Point", "coordinates": [-73.596792, 45.537624]}, "properties": {"nom": "DEPANNEUR PRISCILLA", "type": "Épicerie", "adresse": "6062   Rue De Normanville "}}, {"type": "Feature", "geometry": {"type": "Point", "coordinates": [-73.841501, 45.479651]}, "properties": {"nom": "DEPANNEUR PROVI-SOIR", "type": "Épicerie", "adresse": "4220   Boulevard Saint-Jean "}}, {"type": "Feature", "geometry": {"type": "Point", "coordinates": [-73.593272, 45.558137]}, "properties": {"nom": "DEPANNEUR MIRAJ", "type": "Épicerie", "adresse": "3331   Rue Bélanger "}}, {"type": "Feature", "geometry": {"type": "Point", "coordinates": [-73.614136, 45.554246]}, "properties": {"nom": "DEPANNEUR 365 SOLEIL", "type": "Épicerie", "adresse": "2099   Rue Tillemont "}}, {"type": "Feature", "geometry": {"type": "Point", "coordinates": [-73.816033, 45.50264]}, "properties": {"nom": "MARCHÉ SHENG TAI", "type": "Supermarché", "adresse": "4850   Boulevard Sources "}}, {"type": "Feature", "geometry": {"type": "Point", "coordinates": [-73.587494, 45.533707]}, "properties": {"nom": "JEUNESSE ETUDIANTE CHRETIENNE (JEC)", "type": "Épicerie", "adresse": "5323   Rue De Brébeuf "}}, {"type": "Feature", "geometry": {"type": "Point", "coordinates": [-73.629776, 45.528967]}, "properties": {"nom": "PROVISIONS BOB", "type": "Épicerie", "adresse": "671   Rue Saint-Roch "}}, {"type": "Feature", "geometry": {"type": "Point", "coordinates": [-73.574381, 45.499707]}, "properties": {"nom": "NUTRIZONE", "type": "Épicerie", "adresse": "1437   Rue Stanley "}}, {"type": "Feature", "geometry": {"type": "Point", "coordinates": [-73.568741, 45.50413]}, "properties": {"nom": "TABAGIE CARRE PHILLIPS", "type": "Épicerie", "adresse": "1259   Rue Square-Phillips "}}, {"type": "Feature", "geometry": {"type": "Point", "coordinates": [-73.518686, 45.603399]}, "properties": {"nom": "DEPANNEUR HASSAN", "type": "Épicerie", "adresse": "8891   Rue Hochelaga "}}, {"type": "Feature", "geometry": {"type": "Point", "coordinates": [-73.585093, 45.489611]}, "properties": {"nom": "SOBEYS QUEBEC INC. - IGA CORPO 8253", "type": "Supermarché", "adresse": "1500   Avenue Atwater "}}, {"type": "Feature", "geometry": {"type": "Point", "coordinates": [-73.575494, 45.510337]}, "properties": {"nom": "TABAGIE LA CITE SD", "type": "Épicerie", "adresse": "3575  4108 Avenue Parc "}}, {"type": "Feature", "geometry": {"type": "Point", "coordinates": [-73.567207, 45.460601]}, "properties": {"nom": "CENTRE LA TIENDA D'ICI A COMPOSTELLE", "type": "Épicerie avec préparation", "adresse": "4329   Rue Wellington "}}, {"type": "Feature", "geometry": {"type": "Point", "coordinates": [-73.54267, 45.461846]}, "properties": {"nom": "UKA PROTEINE", "type": "Épicerie avec préparation", "adresse": "150  130 Rue Berlioz "}}, {"type": "Feature", "geometry": {"type": "Point", "coordinates": [-73.580992, 45.494205]}, "properties": {"nom": "ECOLE DES METIERS DE LA RESTAURATION ET DU TOURISME DE MONTREAL #490", "type": "Épicerie", "adresse": "1822   Boulevard De Maisonneuve Ouest"}}, {"type": "Feature", "geometry": {"type": "Point", "coordinates": [-73.624257, 45.473996]}, "properties": {"nom": "PHARMAPRIX", "type": "Épicerie", "adresse": "5730   Avenue Monkland "}}, {"type": "Feature", "geometry": {"type": "Point", "coordinates": [-73.597373, 45.568448]}, "properties": {"nom": "MARCHE VILLERAY", "type": "Épicerie", "adresse": "3980   Rue Villeray "}}, {"type": "Feature", "geometry": {"type": "Point", "coordinates": [-73.559408, 45.573309]}, "properties": {"nom": "SUSHI SHOP (PAVILLON HOPITAL MAISONNEUVE)", "type": "Épicerie", "adresse": "5415  4355 Boulevard Assomption "}}, {"type": "Feature", "geometry": {"type": "Point", "coordinates": [-73.618653, 45.497203]}, "properties": {"nom": "SUSHI SHOP CAMPUS (HEC)", "type": "Épicerie", "adresse": "5255   Avenue Decelles "}}, {"type": "Feature", "geometry": {"type": "Point", "coordinates": [-73.659745, 45.55711]}, "properties": {"nom": "RACHELLE BERY # 8625", "type": "Épicerie avec préparation", "adresse": "905   Rue Fleury Est"}}, {"type": "Feature", "geometry": {"type": "Point", "coordinates": [-73.582951, 45.49067]}, "properties": {"nom": "MARCHE ADONIS", "type": "Supermarché", "adresse": "2173   Rue Sainte-Catherine Ouest"}}, {"type": "Feature", "geometry": {"type": "Point", "coordinates": [-73.510644, 45.653418]}, "properties": {"nom": "ULTRAMAR", "type": "Épicerie", "adresse": "12651   Rue Sherbrooke Est"}}, {"type": "Feature", "geometry": {"type": "Point", "coordinates": [-73.621797, 45.580055]}, "properties": {"nom": "LE MARCHE HAITIEN", "type": "Épicerie avec préparation", "adresse": "9151   Boulevard Pie-IX "}}, {"type": "Feature", "geometry": {"type": "Point", "coordinates": [-73.585093, 45.489611]}, "properties": {"nom": "ABC MAGAZINE", "type": "Épicerie", "adresse": "1500  S-31 Avenue Atwater "}}, {"type": "Feature", "geometry": {"type": "Point", "coordinates": [-73.625268, 45.42593]}, "properties": {"nom": "MARCHE DU MBOA", "type": "Épicerie avec préparation", "adresse": "1240   Avenue Dollard "}}, {"type": "Feature", "geometry": {"type": "Point", "coordinates": [-73.590945, 45.574933]}, "properties": {"nom": "WAL-MART #1183", "type": "Épicerie avec préparation", "adresse": "7600   Boulevard Viau "}}, {"type": "Feature", "geometry": {"type": "Point", "coordinates": [-73.597672, 45.577179]}, "properties": {"nom": "DEPANNEUR TECH SENG", "type": "Épicerie", "adresse": "4669   Rue Jarry Est"}}, {"type": "Feature", "geometry": {"type": "Point", "coordinates": [-73.571131, 45.465312]}, "properties": {"nom": "DEPANNEUR THOMAS", "type": "Épicerie", "adresse": "3899   Rue Verdun "}}, {"type": "Feature", "geometry": {"type": "Point", "coordinates": [-73.624739, 45.545036]}, "properties": {"nom": "EPICERIE DECOSTE", "type": "Épicerie avec préparation", "adresse": "7951   Avenue De Chateaubriand "}}, {"type": "Feature", "geometry": {"type": "Point", "coordinates": [-73.809507, 45.477801]}, "properties": {"nom": "CENTRE D'AMUSEMENT SKYTAG", "type": "Épicerie avec préparation", "adresse": "77   Boulevard Brunswick "}}, {"type": "Feature", "geometry": {"type": "Point", "coordinates": [-73.595812, 45.627097]}, "properties": {"nom": "MAXI & CIE RIVIERE DES PRAIRIES", "type": "Supermarché", "adresse": "7605   Boulevard Maurice-Duplessis "}}, {"type": "Feature", "geometry": {"type": "Point", "coordinates": [-73.535673, 45.595264]}, "properties": {"nom": "PHARMACIE DAVE LAROUCHE ET HAMZA ZOUAOUI", "type": "Épicerie", "adresse": "7830   Rue Sherbrooke Est"}}, {"type": "Feature", "geometry": {"type": "Point", "coordinates": [-73.572504, 45.59496]}, "properties": {"nom": "MAXI SAINT-LEONARD", "type": "Supermarché", "adresse": "6750   Rue Jean-Talon Est"}}, {"type": "Feature", "geometry": {"type": "Point", "coordinates": [-73.595753, 45.533646]}, "properties": {"nom": "DEPANNEUR PRIME", "type": "Épicerie", "adresse": "5784   Rue Saint-André "}}, {"type": "Feature", "geometry": {"type": "Point", "coordinates": [-73.580743, 45.572537]}, "properties": {"nom": "DEPANNEUR PREMIERE CHANCE", "type": "Épicerie", "adresse": "4871   Rue Bélanger "}}, {"type": "Feature", "geometry": {"type": "Point", "coordinates": [-73.579398, 45.48338]}, "properties": {"nom": "DEPANNEIUR BONVIVANT (TABATOUT)", "type": "Épicerie", "adresse": "620   Avenue Atwater "}}, {"type": "Feature", "geometry": {"type": "Point", "coordinates": [-73.6334, 45.542301]}, "properties": {"nom": "FRUITERIE LINA", "type": "Épicerie avec préparation", "adresse": "8300   Avenue Henri-Julien "}}, {"type": "Feature", "geometry": {"type": "Point", "coordinates": [-73.630523, 45.432227]}, "properties": {"nom": "LES ALIMENTS M ET M LASALLE", "type": "Épicerie", "adresse": "8453   Boulevard Newman "}}, {"type": "Feature", "geometry": {"type": "Point", "coordinates": [-73.621884, 45.439785]}, "properties": {"nom": "POPEYE SUPPLEMENTS LASALLE", "type": "Aliments naturels", "adresse": "7553   Boulevard Newman "}}, {"type": "Feature", "geometry": {"type": "Point", "coordinates": [-73.858634, 45.484736]}, "properties": {"nom": "BULK BARN", "type": "Épicerie avec préparation", "adresse": "14830   Boulevard Pierrefonds "}}, {"type": "Feature", "geometry": {"type": "Point", "coordinates": [-73.854852, 45.448377]}, "properties": {"nom": "DEL MONACO", "type": "Épicerie avec préparation", "adresse": "2968   Boulevard Saint-Charles "}}, {"type": "Feature", "geometry": {"type": "Point", "coordinates": [-73.569922, 45.586141]}, "properties": {"nom": "DEPANNEUR 2000 TUANTUAN", "type": "Épicerie avec préparation", "adresse": "6199   Rue Bélanger "}}, {"type": "Feature", "geometry": {"type": "Point", "coordinates": [-73.668654, 45.542343]}, "properties": {"nom": "DEPANNEUR BONI-SOIR", "type": "Épicerie", "adresse": "444   Rue Fleury Ouest"}}, {"type": "Feature", "geometry": {"type": "Point", "coordinates": [-73.573513, 45.516925]}, "properties": {"nom": "DEPANNEUR MIM JIM EXPRESS", "type": "Épicerie avec préparation", "adresse": "200   Avenue Pins Est"}}, {"type": "Feature", "geometry": {"type": "Point", "coordinates": [-73.677087, 45.527276]}, "properties": {"nom": "SAMI FRUITS", "type": "Épicerie avec préparation", "adresse": "1320   Boulevard Jules-Poitras "}}, {"type": "Feature", "geometry": {"type": "Point", "coordinates": [-73.511111, 45.591028]}, "properties": {"nom": "SESAME", "type": "Épicerie", "adresse": "700   Rue Georges-Bizet "}}, {"type": "Feature", "geometry": {"type": "Point", "coordinates": [-73.62056, 45.495573]}, "properties": {"nom": "COUFFIN BIO COTE-DES-NEIGES", "type": "Épicerie avec préparation", "adresse": "5184   Chemin Côte-des-Neiges "}}, {"type": "Feature", "geometry": {"type": "Point", "coordinates": [-73.631301, 45.481277]}, "properties": {"nom": "DEPANNEUR BON-VOISIN", "type": "Épicerie avec préparation", "adresse": "5511   Chemin Queen-Mary "}}, {"type": "Feature", "geometry": {"type": "Point", "coordinates": [-73.615543, 45.4707]}, "properties": {"nom": "DEPANNEUR", "type": "Épicerie", "adresse": "5701   Rue Sherbrooke Ouest"}}, {"type": "Feature", "geometry": {"type": "Point", "coordinates": [-73.585896, 45.488136]}, "properties": {"nom": "PETIT MONDE", "type": "Épicerie avec préparation", "adresse": "4056   Rue Sainte-Catherine Ouest"}}, {"type": "Feature", "geometry": {"type": "Point", "coordinates": [-73.561624, 45.522389]}, "properties": {"nom": "DEPANNEUR TINA PLUS", "type": "Épicerie avec préparation", "adresse": "1311   Rue Ontario Est"}}, {"type": "Feature", "geometry": {"type": "Point", "coordinates": [-73.560334, 45.516165]}, "properties": {"nom": "TABAGIE CHEZ NOUS PLUS CHATEL", "type": "Épicerie", "adresse": "800  R-22Z Boulevard De Maisonneuve Est"}}, {"type": "Feature", "geometry": {"type": "Point", "coordinates": [-73.576104, 45.513859]}, "properties": {"nom": "DEPANNEUR PAUL 1", "type": "Épicerie", "adresse": "85   Avenue Pins Ouest"}}, {"type": "Feature", "geometry": {"type": "Point", "coordinates": [-73.566018, 45.65574]}, "properties": {"nom": "DEPANNEUR A+", "type": "Épicerie", "adresse": "9720   Rue 4e "}}, {"type": "Feature", "geometry": {"type": "Point", "coordinates": [-73.578503, 45.537911]}, "properties": {"nom": "BOUCHERIE DANS LA GUEULE DU LOUP", "type": "Épicerie avec préparation", "adresse": "2055   Avenue Laurier Est"}}, {"type": "Feature", "geometry": {"type": "Point", "coordinates": [-73.574335, 45.549885]}, "properties": {"nom": "LE FRIGO DE BACCHUS", "type": "Épicerie", "adresse": "5411   Avenue 9e "}}, {"type": "Feature", "geometry": {"type": "Point", "coordinates": [-73.588143, 45.542553]}, "properties": {"nom": "DEPANNEUR SUPRETTE", "type": "Épicerie", "adresse": "2100   Rue Carrières "}}, {"type": "Feature", "geometry": {"type": "Point", "coordinates": [-73.55962, 45.520387]}, "properties": {"nom": "LE MILIEU (COOPERATIVE DE SOLIDARITE CREATIVE)", "type": "Épicerie", "adresse": "1251   Rue Robin "}}, {"type": "Feature", "geometry": {"type": "Point", "coordinates": [-73.622709, 45.540736]}, "properties": {"nom": "FRUITERIE EPICERIE ST-DENIS", "type": "Épicerie avec préparation", "adresse": "7692   Rue Saint-Denis "}}, {"type": "Feature", "geometry": {"type": "Point", "coordinates": [-73.570813, 45.645747]}, "properties": {"nom": "CASSE-CROUTE & MARCHE ANTILLAIS JMC", "type": "Épicerie", "adresse": "9141   Boulevard Maurice-Duplessis "}}, {"type": "Feature", "geometry": {"type": "Point", "coordinates": [-73.552863, 45.530879]}, "properties": {"nom": "DEPANNEUR DUFRESNE", "type": "Épicerie", "adresse": "1900   Rue Dufresne "}}, {"type": "Feature", "geometry": {"type": "Point", "coordinates": [-73.639616, 45.488099]}, "properties": {"nom": "DÉPANNEUR BON SOLEIL", "type": "Épicerie", "adresse": "5814   Boulevard Décarie "}}, {"type": "Feature", "geometry": {"type": "Point", "coordinates": [-73.610807, 45.495617]}, "properties": {"nom": "DEPANNEUR CANTOR", "type": "Épicerie avec préparation", "adresse": "4730   Chemin Côte-des-Neiges "}}, {"type": "Feature", "geometry": {"type": "Point", "coordinates": [-73.647619, 45.526334]}, "properties": {"nom": "TEAVANA", "type": "Épicerie", "adresse": "2305  1010 Chemin Rockland "}}, {"type": "Feature", "geometry": {"type": "Point", "coordinates": [-73.588148, 45.462826]}, "properties": {"nom": "DEPANNEUR GALT 1800", "type": "Épicerie", "adresse": "1800   Rue Galt "}}, {"type": "Feature", "geometry": {"type": "Point", "coordinates": [-73.586083, 45.489854]}, "properties": {"nom": "TABAGIE METRO ATWATER", "type": "Épicerie", "adresse": "3015   Boulevard De Maisonneuve Ouest"}}, {"type": "Feature", "geometry": {"type": "Point", "coordinates": [-73.560965, 45.58168]}, "properties": {"nom": "DEPANNEUR DE CHARETTE", "type": "Épicerie", "adresse": "6005   Avenue De Charette "}}, {"type": "Feature", "geometry": {"type": "Point", "coordinates": [-73.551157, 45.540442]}, "properties": {"nom": "BLANC DE GRIS", "type": "Épicerie avec préparation", "adresse": "2152  400 Rue Moreau "}}, {"type": "Feature", "geometry": {"type": "Point", "coordinates": [-73.594147, 45.518888]}, "properties": {"nom": "PHARMACIE NADINE FADEL (UNIPRIX)", "type": "Épicerie", "adresse": "4898   Avenue Parc "}}, {"type": "Feature", "geometry": {"type": "Point", "coordinates": [-73.595215, 45.562314]}, "properties": {"nom": "MARCHE SAADA", "type": "Boucherie-épicerie", "adresse": "3600   Rue Jean-Talon Est"}}, {"type": "Feature", "geometry": {"type": "Point", "coordinates": [-73.66032, 45.566348]}, "properties": {"nom": "DEPANNEUR 7 JOURS", "type": "Épicerie avec préparation", "adresse": "1638   Boulevard Henri-Bourassa Est"}}, {"type": "Feature", "geometry": {"type": "Point", "coordinates": [-73.645421, 45.464758]}, "properties": {"nom": "DEPANNEUR HRF", "type": "Épicerie", "adresse": "6897   Avenue Fielding "}}, {"type": "Feature", "geometry": {"type": "Point", "coordinates": [-73.565506, 45.507937]}, "properties": {"nom": "LE KIOSQUE DU COMPLEXE", "type": "Épicerie avec préparation", "adresse": "150  228 Rue Sainte-Catherine Ouest"}}, {"type": "Feature", "geometry": {"type": "Point", "coordinates": [-73.62211, 45.439628]}, "properties": {"nom": "ALIMENTS BULK BARN", "type": "Épicerie avec préparation", "adresse": "7579   Boulevard Newman "}}, {"type": "Feature", "geometry": {"type": "Point", "coordinates": [-73.562786, 45.469354]}, "properties": {"nom": "CAFE BISTRO LE SOMMET (LA PAUSE SANTE)", "type": "Épicerie avec préparation", "adresse": "3501   Boulevard Gaétan-Laberge "}}, {"type": "Feature", "geometry": {"type": "Point", "coordinates": [-73.621399, 45.623623]}, "properties": {"nom": "DEPANNEUR TROIS ETOILES", "type": "Épicerie avec préparation", "adresse": "6512   Boulevard Léger "}}, {"type": "Feature", "geometry": {"type": "Point", "coordinates": [-73.636025, 45.530793]}, "properties": {"nom": "BOUCHERIE YANUS HALAL VIANDE", "type": "Épicerie avec préparation", "adresse": "675   Rue Jarry Ouest"}}, {"type": "Feature", "geometry": {"type": "Point", "coordinates": [-73.576348, 45.479877]}, "properties": {"nom": "LES SURGELES COOL ET SIMPLE", "type": "Épicerie", "adresse": "131   Avenue Atwater "}}, {"type": "Feature", "geometry": {"type": "Point", "coordinates": [-73.567242, 45.460211]}, "properties": {"nom": "MARCHE ONKEE", "type": "Épicerie avec préparation", "adresse": "4363   Rue Wellington "}}, {"type": "Feature", "geometry": {"type": "Point", "coordinates": [-73.57779, 45.481342]}, "properties": {"nom": "SHELL SELECT", "type": "Épicerie", "adresse": "2770   Rue Notre-Dame Ouest"}}, {"type": "Feature", "geometry": {"type": "Point", "coordinates": [-73.624265, 45.526956]}, "properties": {"nom": "SERVICE MULTI LIVRAISON", "type": "Épicerie", "adresse": "694 A  Rue Jean-Talon Ouest"}}, {"type": "Feature", "geometry": {"type": "Point", "coordinates": [-73.62522, 45.581524]}, "properties": {"nom": "EPICERIE COSTA", "type": "Épicerie avec préparation", "adresse": "9301   Boulevard Pie-IX "}}, {"type": "Feature", "geometry": {"type": "Point", "coordinates": [-73.578873, 45.522121]}, "properties": {"nom": "NEON (COMPTOIR CAFE)", "type": "Épicerie", "adresse": "4251   Rue Saint-Denis "}}, {"type": "Feature", "geometry": {"type": "Point", "coordinates": [-73.54306, 45.573038]}, "properties": {"nom": "MARCHE RICHELIEU LACORDAIRE", "type": "Épicerie avec préparation", "adresse": "2914   Rue Lacordaire "}}, {"type": "Feature", "geometry": {"type": "Point", "coordinates": [-73.577159, 45.446865]}, "properties": {"nom": "DEPANNEUR CAMPEAU", "type": "Épicerie avec préparation", "adresse": "6101   Rue Bannantyne "}}, {"type": "Feature", "geometry": {"type": "Point", "coordinates": [-73.574418, 45.499726]}, "properties": {"nom": "MARCHE STANLEY", "type": "Épicerie", "adresse": "1439   Rue Stanley "}}, {"type": "Feature", "geometry": {"type": "Point", "coordinates": [-73.634578, 45.60603]}, "properties": {"nom": "MARCHE RICHELIEU", "type": "Épicerie", "adresse": "5051   Rue Perras "}}, {"type": "Feature", "geometry": {"type": "Point", "coordinates": [-73.644135, 45.579945]}, "properties": {"nom": "DEPANNEUR L.Z. ST MICHEL S.E.N.C. (DEPANNEUR JUDITH)", "type": "Épicerie avec préparation", "adresse": "10342   Boulevard Saint-Michel "}}, {"type": "Feature", "geometry": {"type": "Point", "coordinates": [-73.629085, 45.49946]}, "properties": {"nom": "BOUCHERIE FARHAT COTE-DES-NEIGES", "type": "Boucherie-épicerie", "adresse": "5785   Chemin Côte-des-Neiges "}}, {"type": "Feature", "geometry": {"type": "Point", "coordinates": [-73.668413, 45.542727]}, "properties": {"nom": "MARCHE TROPIC LEO", "type": "Épicerie avec préparation", "adresse": "400   Rue Fleury Ouest"}}, {"type": "Feature", "geometry": {"type": "Point", "coordinates": [-73.819597, 45.46037]}, "properties": {"nom": "WAL-MART", "type": "Supermarché", "adresse": "195   Boulevard Hymus "}}, {"type": "Feature", "geometry": {"type": "Point", "coordinates": [-73.626724, 45.48646]}, "properties": {"nom": "DOLLARAMA", "type": "Épicerie", "adresse": "4964   Chemin Queen-Mary "}}, {"type": "Feature", "geometry": {"type": "Point", "coordinates": [-73.552906, 45.509657]}, "properties": {"nom": "CAFE MERCANTI", "type": "Épicerie avec préparation", "adresse": "350   Rue Notre-Dame Est"}}, {"type": "Feature", "geometry": {"type": "Point", "coordinates": [-73.615658, 45.535162]}, "properties": {"nom": "LE CAPITAINE 2022", "type": "Épicerie", "adresse": "7075  147 Avenue Casgrain "}}, {"type": "Feature", "geometry": {"type": "Point", "coordinates": [-73.629211, 45.529917]}, "properties": {"nom": "MARCHE JEEVENI INC.", "type": "Épicerie avec préparation", "adresse": "534   Rue Saint-Roch "}}, {"type": "Feature", "geometry": {"type": "Point", "coordinates": [-73.538759, 45.543093]}, "properties": {"nom": "VOTRE DEPANNEUR TINA", "type": "Épicerie", "adresse": "3571   Rue Sainte-Catherine Est"}}, {"type": "Feature", "geometry": {"type": "Point", "coordinates": [-73.575494, 45.510337]}, "properties": {"nom": "RESTAURANT SUSHI TOPIA LTEE (RÉFRIGÉRATEUR EN CONSIGNE)", "type": "Épicerie", "adresse": "3575  4115 Avenue Parc "}}, {"type": "Feature", "geometry": {"type": "Point", "coordinates": [-73.558472, 45.599472]}, "properties": {"nom": "MARCHE ADONIS ANJOU", "type": "Supermarché", "adresse": "7250   Boulevard Roseraies "}}, {"type": "Feature", "geometry": {"type": "Point", "coordinates": [-73.580312, 45.526832]}, "properties": {"nom": "TIAN XIA SUSHI & DEPANNEUR", "type": "Épicerie avec préparation", "adresse": "928   Avenue Mont-Royal Est"}}, {"type": "Feature", "geometry": {"type": "Point", "coordinates": [-73.564425, 45.541438]}, "properties": {"nom": "MAMIE CLAFOUTIS", "type": "Épicerie avec préparation", "adresse": "4093   Rue Molson "}}, {"type": "Feature", "geometry": {"type": "Point", "coordinates": [-73.59545, 45.579645]}, "properties": {"nom": "BOUCHERIE A.G.A.", "type": "Boucherie-épicerie", "adresse": "4927   Rue Jarry Est"}}, {"type": "Feature", "geometry": {"type": "Point", "coordinates": [-73.611113, 45.552982]}, "properties": {"nom": "DEPANNEUR HUAHUA", "type": "Épicerie", "adresse": "7586   Avenue De Lorimier "}}, {"type": "Feature", "geometry": {"type": "Point", "coordinates": [-73.603772, 45.525599]}, "properties": {"nom": "DEPANNEUR VILAMAR", "type": "Épicerie", "adresse": "140   Rue Bernard Ouest"}}, {"type": "Feature", "geometry": {"type": "Point", "coordinates": [-73.601385, 45.54874]}, "properties": {"nom": "PROVISOIR BELANGER", "type": "Épicerie", "adresse": "2101   Rue Bélanger "}}, {"type": "Feature", "geometry": {"type": "Point", "coordinates": [-73.624954, 45.529581]}, "properties": {"nom": "DEPANNEUR CASEY", "type": "Épicerie avec préparation", "adresse": "450   Avenue Ogilvy "}}, {"type": "Feature", "geometry": {"type": "Point", "coordinates": [-73.681735, 45.513867]}, "properties": {"nom": "MARCHE RICXMAN", "type": "Épicerie avec préparation", "adresse": "1489   Rue MacDonald "}}, {"type": "Feature", "geometry": {"type": "Point", "coordinates": [-73.606717, 45.555618]}, "properties": {"nom": "DEPANNEUR RICHNADA", "type": "Épicerie avec préparation", "adresse": "2498   Rue L.-O.-David "}}, {"type": "Feature", "geometry": {"type": "Point", "coordinates": [-73.592705, 45.582665]}, "properties": {"nom": "OMNI SOIR", "type": "Épicerie", "adresse": "5224   Rue Jarry Est"}}, {"type": "Feature", "geometry": {"type": "Point", "coordinates": [-73.722435, 45.530534]}, "properties": {"nom": "DEPANNEUR NOUVEAU GOUIN", "type": "Épicerie", "adresse": "6096 A  Boulevard Gouin Ouest"}}, {"type": "Feature", "geometry": {"type": "Point", "coordinates": [-73.539915, 45.552332]}, "properties": {"nom": "PHARMAPRIX", "type": "Épicerie", "adresse": "4290   Rue Ontario Est"}}, {"type": "Feature", "geometry": {"type": "Point", "coordinates": [-73.614366, 45.6166]}, "properties": {"nom": "DÉPANNEUR PROVI-SOIR", "type": "Épicerie", "adresse": "11800   Boulevard Langelier "}}, {"type": "Feature", "geometry": {"type": "Point", "coordinates": [-73.560031, 45.554184]}, "properties": {"nom": "DEPANNEUR DU PROPRIO", "type": "Boucherie-épicerie", "adresse": "3920   Avenue Mont-Royal Est"}}, {"type": "Feature", "geometry": {"type": "Point", "coordinates": [-73.638395, 45.545487]}, "properties": {"nom": "FRUITERIE DES CEDRES", "type": "Épicerie", "adresse": "404   Boulevard Crémazie Est"}}, {"type": "Feature", "geometry": {"type": "Point", "coordinates": [-73.893438, 45.459226]}, "properties": {"nom": "PHARMAPRIX", "type": "Épicerie", "adresse": "19224   Boulevard Pierrefonds "}}, {"type": "Feature", "geometry": {"type": "Point", "coordinates": [-73.641288, 45.455204]}, "properties": {"nom": "DEPANNEUR SUTTON", "type": "Épicerie", "adresse": "7404   Rue Sherbrooke Ouest"}}, {"type": "Feature", "geometry": {"type": "Point", "coordinates": [-73.576542, 45.480032]}, "properties": {"nom": "LES FRUITS DE LA RELEVE S.E.N.C.", "type": "Marché public", "adresse": "138   Avenue Atwater "}}, {"type": "Feature", "geometry": {"type": "Point", "coordinates": [-73.630937, 45.596925]}, "properties": {"nom": "LES MARCHES TRADITIONS", "type": "Boucherie-épicerie", "adresse": "4805   Rue Charleroi "}}, {"type": "Feature", "geometry": {"type": "Point", "coordinates": [-73.602985, 45.541605]}, "properties": {"nom": "DEPANNEUR GRIGNOTERIE", "type": "Épicerie avec préparation", "adresse": "1301   Rue Saint-Zotique Est"}}, {"type": "Feature", "geometry": {"type": "Point", "coordinates": [-73.566721, 45.511405]}, "properties": {"nom": "SUPER MARCHE MADINA", "type": "Boucherie-épicerie", "adresse": "17   Rue Ontario Est"}}, {"type": "Feature", "geometry": {"type": "Point", "coordinates": [-73.694329, 45.542716]}, "properties": {"nom": "CHEZ JEAN SEPT JOUR", "type": "Épicerie", "adresse": "1548   Rue De Salaberry "}}, {"type": "Feature", "geometry": {"type": "Point", "coordinates": [-73.882076, 45.419575]}, "properties": {"nom": "PHARMACIE JEAN COUTU #078", "type": "Épicerie", "adresse": "485   Boulevard Beaconsfield "}}, {"type": "Feature", "geometry": {"type": "Point", "coordinates": [-73.616396, 45.533807]}, "properties": {"nom": "RACHELLE-BERY EPICERIE  SANTE 8600", "type": "Épicerie avec préparation", "adresse": "7055   Boulevard Saint-Laurent "}}, {"type": "Feature", "geometry": {"type": "Point", "coordinates": [-73.556719, 45.595303]}, "properties": {"nom": "SUPER RELAIS", "type": "Épicerie", "adresse": "6901   Boulevard Galeries-d'Anjou "}}, {"type": "Feature", "geometry": {"type": "Point", "coordinates": [-73.568135, 45.508059]}, "properties": {"nom": "TABAGIE METRO PLACE DES ARTS", "type": "Épicerie", "adresse": "1555   Rue Jeanne-Mance "}}, {"type": "Feature", "geometry": {"type": "Point", "coordinates": [-73.51098, 45.65245]}, "properties": {"nom": "DEPANNEUR ESSENCE + CANADIAN TIRE", "type": "Épicerie", "adresse": "12645   Rue Sherbrooke Est"}}, {"type": "Feature", "geometry": {"type": "Point", "coordinates": [-73.558428, 45.592019]}, "properties": {"nom": "DEPANNEUR WEI", "type": "Épicerie", "adresse": "6883   Rue Beaubien Est"}}, {"type": "Feature", "geometry": {"type": "Point", "coordinates": [-73.581177, 45.517779]}, "properties": {"nom": "MARCHE SHANAJ", "type": "Épicerie", "adresse": "4142   Boulevard Saint-Laurent "}}, {"type": "Feature", "geometry": {"type": "Point", "coordinates": [-73.686568, 45.441843]}, "properties": {"nom": "MARCHE PARADISE LACHINE", "type": "Épicerie avec préparation", "adresse": "2510   Rue Provost "}}, {"type": "Feature", "geometry": {"type": "Point", "coordinates": [-73.628688, 45.530049]}, "properties": {"nom": "LA PLACE COMMUNE", "type": "Épicerie avec préparation", "adresse": "7669   Avenue Querbes "}}, {"type": "Feature", "geometry": {"type": "Point", "coordinates": [-73.630733, 45.573054]}, "properties": {"nom": "CAFE ETUDIANT", "type": "Épicerie", "adresse": "9300   Boulevard Saint-Michel "}}, {"type": "Feature", "geometry": {"type": "Point", "coordinates": [-73.620101, 45.617855]}, "properties": {"nom": "DEPANNEUR PASCAL", "type": "Épicerie", "adresse": "6364   Rue Pascal "}}, {"type": "Feature", "geometry": {"type": "Point", "coordinates": [-73.587974, 45.54451]}, "properties": {"nom": "DEPANNEUR ROSEMONT", "type": "Épicerie", "adresse": "2301   Boulevard Rosemont "}}, {"type": "Feature", "geometry": {"type": "Point", "coordinates": [-73.583519, 45.56934]}, "properties": {"nom": "PATISSERIE CHARCUTERIE EUROPEEN VATRA", "type": "Boucherie-épicerie", "adresse": "4524   Rue Bélanger "}}, {"type": "Feature", "geometry": {"type": "Point", "coordinates": [-73.573255, 45.581813]}, "properties": {"nom": "DEPANNEUR MATO 2015", "type": "Épicerie", "adresse": "5800   Rue Bélanger "}}, {"type": "Feature", "geometry": {"type": "Point", "coordinates": [-73.548292, 45.545187]}, "properties": {"nom": "DEPANNEUR LTY", "type": "Épicerie", "adresse": "2208   Rue Aylwin "}}, {"type": "Feature", "geometry": {"type": "Point", "coordinates": [-73.577337, 45.544084]}, "properties": {"nom": "SHELL", "type": "Épicerie", "adresse": "2544   Rue Masson "}}, {"type": "Feature", "geometry": {"type": "Point", "coordinates": [-73.613508, 45.546157]}, "properties": {"nom": "DEPANNEUR BING BEATRICE", "type": "Épicerie", "adresse": "1301   Rue Everett "}}, {"type": "Feature", "geometry": {"type": "Point", "coordinates": [-73.570316, 45.477877]}, "properties": {"nom": "1$ DEPANNEUR", "type": "Épicerie", "adresse": "2672   Rue Centre "}}, {"type": "Feature", "geometry": {"type": "Point", "coordinates": [-73.562725, 45.520058]}, "properties": {"nom": "FRUITERIE DU PETIT ST-JACQUES", "type": "Épicerie avec préparation", "adresse": "1907  RC Rue Atateken "}}, {"type": "Feature", "geometry": {"type": "Point", "coordinates": [-73.57033, 45.556174]}, "properties": {"nom": "FAMILIPRIX EXTRA", "type": "Épicerie", "adresse": "3815   Rue Masson "}}, {"type": "Feature", "geometry": {"type": "Point", "coordinates": [-73.550319, 45.531238]}, "properties": {"nom": "MARCHE ELLE QUEBEC INC. (MARCHE ZHONG)", "type": "Épicerie", "adresse": "1748   Rue D'Iberville "}}, {"type": "Feature", "geometry": {"type": "Point", "coordinates": [-73.58905, 45.521331]}, "properties": {"nom": "ESPACE NOMADE MD (BAR A JUS BIO)", "type": "Épicerie avec préparation", "adresse": "4660   Boulevard Saint-Laurent "}}, {"type": "Feature", "geometry": {"type": "Point", "coordinates": [-73.615714, 45.519568]}, "properties": {"nom": "SERPOLET", "type": "Épicerie", "adresse": "1457   Avenue Van Horne "}}, {"type": "Feature", "geometry": {"type": "Point", "coordinates": [-73.589688, 45.527056]}, "properties": {"nom": "UNIPRIX", "type": "Épicerie", "adresse": "5101   Rue Saint-Denis "}}, {"type": "Feature", "geometry": {"type": "Point", "coordinates": [-73.52194, 45.597804]}, "properties": {"nom": "DEPANNEUR GISELE", "type": "Épicerie avec préparation", "adresse": "8390   Rue Hochelaga "}}, {"type": "Feature", "geometry": {"type": "Point", "coordinates": [-73.697289, 45.519553]}, "properties": {"nom": "CHARCUTERIE ARGANE", "type": "Boucherie-épicerie", "adresse": "1670   Rue Poirier "}}, {"type": "Feature", "geometry": {"type": "Point", "coordinates": [-73.702243, 45.521357]}, "properties": {"nom": "NOUVEAU MARCHE TAHOOR", "type": "Boucherie-épicerie", "adresse": "1740   Rue Oxford "}}, {"type": "Feature", "geometry": {"type": "Point", "coordinates": [-73.583189, 45.46349]}, "properties": {"nom": "DEPANNEUR HK", "type": "Épicerie avec préparation", "adresse": "1521   Avenue Église "}}, {"type": "Feature", "geometry": {"type": "Point", "coordinates": [-73.578679, 45.482544]}, "properties": {"nom": "DEPANNEUR ZHANGLIAN", "type": "Épicerie", "adresse": "601   Avenue Atwater "}}, {"type": "Feature", "geometry": {"type": "Point", "coordinates": [-73.576089, 45.486769]}, "properties": {"nom": "DEPANNEUR VIVACE", "type": "Épicerie", "adresse": "2300   Rue Quesnel "}}, {"type": "Feature", "geometry": {"type": "Point", "coordinates": [-73.629249, 45.43233]}, "properties": {"nom": "DEPANNEUR SUPER PRIX", "type": "Épicerie", "adresse": "1739   Boulevard Shevchenko "}}, {"type": "Feature", "geometry": {"type": "Point", "coordinates": [-73.677823, 45.520906]}, "properties": {"nom": "DEPANNEUR HUIT ENCORE HUIT", "type": "Épicerie", "adresse": "1192   Rue Barré "}}, {"type": "Feature", "geometry": {"type": "Point", "coordinates": [-73.7069, 45.532446]}, "properties": {"nom": "FAMILIPRIX", "type": "Épicerie", "adresse": "4995   Rue De Salaberry "}}, {"type": "Feature", "geometry": {"type": "Point", "coordinates": [-73.69762, 45.543807]}, "properties": {"nom": "DEPANNEUR MU", "type": "Épicerie", "adresse": "12101   Avenue Bois-de-Boulogne "}}, {"type": "Feature", "geometry": {"type": "Point", "coordinates": [-73.588526, 45.521091]}, "properties": {"nom": "AUX VIVRES", "type": "Épicerie avec préparation", "adresse": "4641   Boulevard Saint-Laurent "}}, {"type": "Feature", "geometry": {"type": "Point", "coordinates": [-73.571886, 45.456934]}, "properties": {"nom": "MARCHE TONGDA", "type": "Épicerie", "adresse": "4849   Rue Verdun "}}, {"type": "Feature", "geometry": {"type": "Point", "coordinates": [-73.571189, 45.501934]}, "properties": {"nom": "KIOSQUES MR.PRETZELS MC", "type": "Épicerie avec préparation", "adresse": "1500  A053 Avenue McGill College "}}, {"type": "Feature", "geometry": {"type": "Point", "coordinates": [-73.629736, 45.434245]}, "properties": {"nom": "DEPANNEUR SUPER PRIX 2014", "type": "Épicerie", "adresse": "8196   Rue Juliette "}}, {"type": "Feature", "geometry": {"type": "Point", "coordinates": [-73.824461, 45.429252]}, "properties": {"nom": "LE PANIER", "type": "Épicerie avec préparation", "adresse": "274   Chemin Bord-du-Lac-Lakeshore "}}, {"type": "Feature", "geometry": {"type": "Point", "coordinates": [-73.802634, 45.489862]}, "properties": {"nom": "CENTRE DE CONDITIONNEMENT BUZZFIT", "type": "Épicerie", "adresse": "3796   Boulevard Sources "}}, {"type": "Feature", "geometry": {"type": "Point", "coordinates": [-73.796802, 45.484119]}, "properties": {"nom": "DEPANNEUR TONGTONG", "type": "Épicerie", "adresse": "3367   Boulevard Sources "}}, {"type": "Feature", "geometry": {"type": "Point", "coordinates": [-73.629066, 45.616782]}, "properties": {"nom": "MARCHE DIAZ", "type": "Épicerie avec préparation", "adresse": "5852   Boulevard Léger "}}, {"type": "Feature", "geometry": {"type": "Point", "coordinates": [-73.609574, 45.51914]}, "properties": {"nom": "TABAGIE OUTREMONT", "type": "Épicerie", "adresse": "1301   Avenue Bernard "}}, {"type": "Feature", "geometry": {"type": "Point", "coordinates": [-73.680894, 45.435085]}, "properties": {"nom": "JARDINS BEAUDIN (LACHINE)", "type": "Marché public", "adresse": "1875   Rue Notre-Dame "}}, {"type": "Feature", "geometry": {"type": "Point", "coordinates": [-73.607486, 45.541989]}, "properties": {"nom": "MARCHE LIMA LIMON", "type": "Épicerie avec préparation", "adresse": "1220   Rue Bélanger "}}, {"type": "Feature", "geometry": {"type": "Point", "coordinates": [-73.630413, 45.52788]}, "properties": {"nom": "MARCHE PAK STOP", "type": "Boucherie-épicerie", "adresse": "800   Rue Saint-Roch "}}, {"type": "Feature", "geometry": {"type": "Point", "coordinates": [-73.596793, 45.554104]}, "properties": {"nom": "MAISON GLORIA", "type": "Épicerie avec préparation", "adresse": "2640   Rue Bélanger "}}, {"type": "Feature", "geometry": {"type": "Point", "coordinates": [-73.594058, 45.557244]}, "properties": {"nom": "COUCHE-TARD", "type": "Épicerie avec préparation", "adresse": "3246   Rue Bélanger "}}, {"type": "Feature", "geometry": {"type": "Point", "coordinates": [-73.566238, 45.488391]}, "properties": {"nom": "LE RICHMOND, MARCHE ITALIEN", "type": "Épicerie avec préparation", "adresse": "333   Rue Richmond "}}, {"type": "Feature", "geometry": {"type": "Point", "coordinates": [-73.599357, 45.453131]}, "properties": {"nom": "DEPANNEUR ESPOSITO", "type": "Épicerie", "adresse": "2836   Rue Springland "}}, {"type": "Feature", "geometry": {"type": "Point", "coordinates": [-73.576875, 45.523186]}, "properties": {"nom": "L'OR EN GRAIN", "type": "Épicerie avec préparation", "adresse": "751   Rue Rachel Est"}}, {"type": "Feature", "geometry": {"type": "Point", "coordinates": [-73.818753, 45.460798]}, "properties": {"nom": "DOLLARAMA", "type": "Épicerie", "adresse": "187 B  Boulevard Hymus "}}, {"type": "Feature", "geometry": {"type": "Point", "coordinates": [-73.590364, 45.477322]}, "properties": {"nom": "DEPANNEUR BONI SOIR", "type": "Épicerie", "adresse": "4299   Rue Saint-Antoine Ouest"}}, {"type": "Feature", "geometry": {"type": "Point", "coordinates": [-73.614928, 45.536867]}, "properties": {"nom": "FERME AVICOLE BERNARD MORIN & FILS", "type": "Épicerie avec préparation", "adresse": "7070   Avenue Henri-Julien "}}, {"type": "Feature", "geometry": {"type": "Point", "coordinates": [-73.55876, 45.493801]}, "properties": {"nom": "MARCHE ADONIS", "type": "Supermarché", "adresse": "225   Rue Peel "}}, {"type": "Feature", "geometry": {"type": "Point", "coordinates": [-73.722231, 45.529001]}, "properties": {"nom": "SUPER MARCHE BKR", "type": "Épicerie avec préparation", "adresse": "12251   Boulevard Laurentien "}}, {"type": "Feature", "geometry": {"type": "Point", "coordinates": [-73.628014, 45.46988]}, "properties": {"nom": "ECOLLEGEY DISTRIBUTION", "type": "Épicerie avec préparation", "adresse": "6131   Avenue Monkland "}}, {"type": "Feature", "geometry": {"type": "Point", "coordinates": [-73.581742, 45.610827]}, "properties": {"nom": "SHELL/SOBEYS #5843", "type": "Épicerie", "adresse": "9950   Boulevard Louis-H.-La Fontaine "}}, {"type": "Feature", "geometry": {"type": "Point", "coordinates": [-73.59813, 45.6019]}, "properties": {"nom": "BOUCHERIE MARCHE MEVLANA", "type": "Épicerie avec préparation", "adresse": "8980   Boulevard Langelier "}}, {"type": "Feature", "geometry": {"type": "Point", "coordinates": [-73.656236, 45.533179]}, "properties": {"nom": "ALIMENTS BULK BARN", "type": "Épicerie avec préparation", "adresse": "9193   Boulevard Acadie "}}, {"type": "Feature", "geometry": {"type": "Point", "coordinates": [-73.578662, 45.48434]}, "properties": {"nom": "DEPANNEUR CIFRA PAPRIKA", "type": "Épicerie avec préparation", "adresse": "2580   Rue Saint-Jacques "}}, {"type": "Feature", "geometry": {"type": "Point", "coordinates": [-73.614928, 45.536867]}, "properties": {"nom": "CREATION MADELEINE", "type": "Épicerie", "adresse": "7070  C24 Avenue Henri-Julien "}}, {"type": "Feature", "geometry": {"type": "Point", "coordinates": [-73.641622, 45.432138]}, "properties": {"nom": "DEPANNEUR CLEMENT L1", "type": "Épicerie", "adresse": "9376   Rue Clément "}}, {"type": "Feature", "geometry": {"type": "Point", "coordinates": [-73.56112, 45.512988]}, "properties": {"nom": "SALON G", "type": "Épicerie avec préparation", "adresse": "315  AM-950 Rue Sainte-Catherine Est"}}, {"type": "Feature", "geometry": {"type": "Point", "coordinates": [-73.655529, 45.495534]}, "properties": {"nom": "DEPANNEUR SUPER RELAIS", "type": "Épicerie avec préparation", "adresse": "7560   Boulevard Décarie "}}, {"type": "Feature", "geometry": {"type": "Point", "coordinates": [-73.578105, 45.481146]}, "properties": {"nom": "DEPANNEUR SUPER RELAIS", "type": "Épicerie", "adresse": "3000   Rue Notre-Dame Ouest"}}, {"type": "Feature", "geometry": {"type": "Point", "coordinates": [-73.709229, 45.493058]}, "properties": {"nom": "DEPANNEUR SUPER RELAIS", "type": "Épicerie", "adresse": "3700   Boulevard Côte-Vertu "}}, {"type": "Feature", "geometry": {"type": "Point", "coordinates": [-73.799236, 45.484255]}, "properties": {"nom": "SAMI FRUITS", "type": "Épicerie avec préparation", "adresse": "3000   Rue Marché "}}, {"type": "Feature", "geometry": {"type": "Point", "coordinates": [-73.629656, 45.542742]}, "properties": {"nom": "PASCAL LE BOUCHER", "type": "Boucherie-épicerie", "adresse": "8113   Rue Saint-Denis "}}, {"type": "Feature", "geometry": {"type": "Point", "coordinates": [-73.816613, 45.503485]}, "properties": {"nom": "ENTREPRISE H & H  (MARCHE AL-HAMD)", "type": "Boucherie-épicerie", "adresse": "4775   Boulevard Sources "}}, {"type": "Feature", "geometry": {"type": "Point", "coordinates": [-73.796604, 45.483915]}, "properties": {"nom": "DOLLARAMA", "type": "Épicerie", "adresse": "3353   Boulevard Sources "}}, {"type": "Feature", "geometry": {"type": "Point", "coordinates": [-73.570487, 45.537223]}, "properties": {"nom": "CROISSANTCROISSANT", "type": "Épicerie avec préparation", "adresse": "2270   Avenue Mont-Royal Est"}}, {"type": "Feature", "geometry": {"type": "Point", "coordinates": [-73.563575, 45.514666]}, "properties": {"nom": "SALON DE THÉ CAMELLIA SINENSIS", "type": "Épicerie avec préparation", "adresse": "347   Rue Émery "}}, {"type": "Feature", "geometry": {"type": "Point", "coordinates": [-73.559846, 45.506449]}, "properties": {"nom": "MIKE CONSULAR", "type": "Aliments naturels", "adresse": "990  G-04 Rue Saint-Urbain "}}, {"type": "Feature", "geometry": {"type": "Point", "coordinates": [-73.594366, 45.450961]}, "properties": {"nom": "PROXIM", "type": "Aliments naturels", "adresse": "2529   Rue Allard "}}, {"type": "Feature", "geometry": {"type": "Point", "coordinates": [-73.627898, 45.498162]}, "properties": {"nom": "PROXIM", "type": "Épicerie", "adresse": "3755   Chemin Côte-Sainte-Catherine "}}, {"type": "Feature", "geometry": {"type": "Point", "coordinates": [-73.589142, 45.562874]}, "properties": {"nom": "FAMILIPRIX", "type": "Épicerie", "adresse": "3871  101 Rue Bélanger "}}, {"type": "Feature", "geometry": {"type": "Point", "coordinates": [-73.826637, 45.428807]}, "properties": {"nom": "FAMILIPRIX", "type": "Épicerie", "adresse": "308   Chemin Bord-du-Lac-Lakeshore "}}, {"type": "Feature", "geometry": {"type": "Point", "coordinates": [-73.666108, 45.546497]}, "properties": {"nom": "FOU DES ILES", "type": "Épicerie avec préparation", "adresse": "138   Rue Fleury Ouest"}}, {"type": "Feature", "geometry": {"type": "Point", "coordinates": [-73.584023, 45.573586]}, "properties": {"nom": "DEPANNEUR JACQUES", "type": "Épicerie", "adresse": "7202   Rue Cannes "}}, {"type": "Feature", "geometry": {"type": "Point", "coordinates": [-73.614928, 45.536867]}, "properties": {"nom": "NATHALIE ET RICHARD TROTTIER", "type": "Marché public", "adresse": "7070  C24 Avenue Henri-Julien "}}, {"type": "Feature", "geometry": {"type": "Point", "coordinates": [-73.541648, 45.546485]}, "properties": {"nom": "DEPANNEUR GISELE ET CLAUDE", "type": "Épicerie", "adresse": "3793   Rue La Fontaine "}}, {"type": "Feature", "geometry": {"type": "Point", "coordinates": [-73.60466, 45.539208]}, "properties": {"nom": "EPICERIE VRAC & BOCAUX", "type": "Épicerie avec préparation", "adresse": "6698   Avenue Christophe-Colomb "}}, {"type": "Feature", "geometry": {"type": "Point", "coordinates": [-73.563906, 45.509774]}, "properties": {"nom": "DEPANNEUR M2", "type": "Épicerie", "adresse": "5   Rue Sainte-Catherine Ouest"}}, {"type": "Feature", "geometry": {"type": "Point", "coordinates": [-73.562958, 45.499406]}, "properties": {"nom": "DEPANNEUR C&C", "type": "Épicerie avec préparation", "adresse": "777  101-A Boulevard Robert-Bourassa "}}, {"type": "Feature", "geometry": {"type": "Point", "coordinates": [-73.648313, 45.498494]}, "properties": {"nom": "BONBONS SQUISH", "type": "Épicerie avec préparation", "adresse": "4810  312 Rue Jean-Talon Ouest"}}, {"type": "Feature", "geometry": {"type": "Point", "coordinates": [-73.731961, 45.499046]}, "properties": {"nom": "EVOILA 5", "type": "Épicerie", "adresse": "5550   Boulevard Thimens "}}, {"type": "Feature", "geometry": {"type": "Point", "coordinates": [-73.623836, 45.479701]}, "properties": {"nom": "DEPANNEUR SAINT-LUC", "type": "Épicerie", "adresse": "5363   Chemin Côte-Saint-Luc "}}, {"type": "Feature", "geometry": {"type": "Point", "coordinates": [-73.509316, 45.656726]}, "properties": {"nom": "BOULANGERIE REPENTIGNY (MARIEPAIN)", "type": "Épicerie", "adresse": "13076   Rue Sherbrooke Est"}}, {"type": "Feature", "geometry": {"type": "Point", "coordinates": [-73.592813, 45.547537]}, "properties": {"nom": "CHEZ CLEMENTINE", "type": "Épicerie avec préparation", "adresse": "2339   Rue Beaubien Est"}}, {"type": "Feature", "geometry": {"type": "Point", "coordinates": [-73.626748, 45.486433]}, "properties": {"nom": "DELI QUEEN", "type": "Épicerie avec préparation", "adresse": "4968 B  Chemin Queen-Mary "}}, {"type": "Feature", "geometry": {"type": "Point", "coordinates": [-73.635535, 45.544166]}, "properties": {"nom": "VEUX-TU UNE BIERE", "type": "Épicerie avec préparation", "adresse": "372   Rue Liège Est"}}, {"type": "Feature", "geometry": {"type": "Point", "coordinates": [-73.57806, 45.548967]}, "properties": {"nom": "DEPANEUR XIN XIN", "type": "Épicerie", "adresse": "2891   Rue Dandurand "}}, {"type": "Feature", "geometry": {"type": "Point", "coordinates": [-73.585254, 45.573806]}, "properties": {"nom": "EPICERIE MARCHE JAWHARA", "type": "Boucherie-épicerie", "adresse": "4835   Rue Jean-Talon Est"}}, {"type": "Feature", "geometry": {"type": "Point", "coordinates": [-73.62898, 45.542971]}, "properties": {"nom": "EPICERIE LOCO", "type": "Épicerie avec préparation", "adresse": "422   Rue Jarry Est"}}, {"type": "Feature", "geometry": {"type": "Point", "coordinates": [-73.532079, 45.553744]}, "properties": {"nom": "AGRIGOURMET", "type": "Épicerie avec préparation", "adresse": "4605   Rue Sainte-Catherine Est"}}, {"type": "Feature", "geometry": {"type": "Point", "coordinates": [-73.614743, 45.534749]}, "properties": {"nom": "LES ALIMENTS MAYA", "type": "Épicerie avec préparation", "adresse": "7016   Avenue Casgrain "}}, {"type": "Feature", "geometry": {"type": "Point", "coordinates": [-73.551381, 45.546898]}, "properties": {"nom": "TABAGIE YUYANG", "type": "Épicerie avec préparation", "adresse": "3580   Rue Hochelaga "}}, {"type": "Feature", "geometry": {"type": "Point", "coordinates": [-73.561942, 45.586188]}, "properties": {"nom": "T.T.T. NGUYEN (PHARMACIE UNIPRIX)", "type": "Épicerie", "adresse": "6425   Rue Beaubien Est"}}, {"type": "Feature", "geometry": {"type": "Point", "coordinates": [-73.5867, 45.438048]}, "properties": {"nom": "DEPANNEUR CRAWFORD LI-NAN", "type": "Épicerie", "adresse": "7277   Rue Churchill "}}, {"type": "Feature", "geometry": {"type": "Point", "coordinates": [-73.508089, 45.586876]}, "properties": {"nom": "DEPANNEUR LONGUE POINTE FANG", "type": "Épicerie avec préparation", "adresse": "7801   Rue Notre-Dame Est"}}, {"type": "Feature", "geometry": {"type": "Point", "coordinates": [-73.76291, 45.487921]}, "properties": {"nom": "HOTEL NOVOTEL AEROPORT MONTREAL", "type": "Épicerie", "adresse": "2599   Boulevard Alfred-Nobel "}}, {"type": "Feature", "geometry": {"type": "Point", "coordinates": [-73.595007, 45.519266]}, "properties": {"nom": "P.A. NATURE", "type": "Épicerie avec préparation", "adresse": "5029   Avenue Parc "}}, {"type": "Feature", "geometry": {"type": "Point", "coordinates": [-73.510906, 45.65569]}, "properties": {"nom": "EXO-ALIMENTS", "type": "Épicerie avec préparation", "adresse": "3469   Rue Robert-Chevalier "}}, {"type": "Feature", "geometry": {"type": "Point", "coordinates": [-73.559945, 45.538581]}, "properties": {"nom": "PHARMAPRIX", "type": "Épicerie", "adresse": "2759   Rue Sherbrooke Est"}}, {"type": "Feature", "geometry": {"type": "Point", "coordinates": [-73.618333, 45.503846]}, "properties": {"nom": "TABAGIE TAO", "type": "Épicerie", "adresse": "2830   Boulevard Édouard-Montpetit "}}, {"type": "Feature", "geometry": {"type": "Point", "coordinates": [-73.589593, 45.574931]}, "properties": {"nom": "ULTRAMAR", "type": "Épicerie", "adresse": "7480   Boulevard Viau "}}, {"type": "Feature", "geometry": {"type": "Point", "coordinates": [-73.645933, 45.473088]}, "properties": {"nom": "FRUITERIE SOLEIL 4 SAISON", "type": "Épicerie", "adresse": "6412   Chemin Côte-Saint-Luc "}}, {"type": "Feature", "geometry": {"type": "Point", "coordinates": [-73.68069, 45.501643]}, "properties": {"nom": "MIMIMELON", "type": "Épicerie avec préparation", "adresse": "2069   Rue Saint-Louis "}}, {"type": "Feature", "geometry": {"type": "Point", "coordinates": [-73.675009, 45.434943]}, "properties": {"nom": "VIETSANTE", "type": "Aliments naturels", "adresse": "1238   Rue Notre-Dame "}}, {"type": "Feature", "geometry": {"type": "Point", "coordinates": [-73.534606, 45.605182]}, "properties": {"nom": "DEPANEUR LE PASSE TEMPS", "type": "Épicerie", "adresse": "8670   Rue De Grosbois "}}, {"type": "Feature", "geometry": {"type": "Point", "coordinates": [-73.55108, 45.535228]}, "properties": {"nom": "MARCHE HAQUE", "type": "Épicerie", "adresse": "2743   Rue Ontario Est"}}, {"type": "Feature", "geometry": {"type": "Point", "coordinates": [-73.576542, 45.480032]}, "properties": {"nom": "PURE HORTICULTURE", "type": "Marché public", "adresse": "138   Avenue Atwater "}}, {"type": "Feature", "geometry": {"type": "Point", "coordinates": [-73.592788, 45.564996]}, "properties": {"nom": "BOUCHERIE ALMARAI", "type": "Boucherie-épicerie", "adresse": "3875   Rue Jean-Talon Est"}}, {"type": "Feature", "geometry": {"type": "Point", "coordinates": [-73.580147, 45.5227]}, "properties": {"nom": "MYCOBOUTIQUE", "type": "Épicerie avec préparation", "adresse": "4324   Rue Saint-Denis "}}, {"type": "Feature", "geometry": {"type": "Point", "coordinates": [-73.610514, 45.544145]}, "properties": {"nom": "MARCHE NUVO", "type": "Épicerie avec préparation", "adresse": "1263   Rue Jean-Talon Est"}}, {"type": "Feature", "geometry": {"type": "Point", "coordinates": [-73.580713, 45.58435]}, "properties": {"nom": "DEPANNEUR L&A", "type": "Épicerie", "adresse": "5762   Rue Jean-Talon Est"}}, {"type": "Feature", "geometry": {"type": "Point", "coordinates": [-73.543973, 45.55919]}, "properties": {"nom": "MARCHE MALO", "type": "Épicerie avec préparation", "adresse": "4737   Rue Hochelaga "}}, {"type": "Feature", "geometry": {"type": "Point", "coordinates": [-73.585398, 45.454028]}, "properties": {"nom": "DEPANNEUR SPRINGLAND 2014", "type": "Épicerie avec préparation", "adresse": "1550   Rue Springland "}}, {"type": "Feature", "geometry": {"type": "Point", "coordinates": [-73.653284, 45.49491]}, "properties": {"nom": "TABAGIE METRO NAMUR MONTREAL", "type": "Épicerie", "adresse": "7405   Boulevard Décarie "}}, {"type": "Feature", "geometry": {"type": "Point", "coordinates": [-73.583296, 45.526411]}, "properties": {"nom": "BOUTIQUE ET SALON DE THE CHA DO RAKU", "type": "Épicerie avec préparation", "adresse": "750   Rue De Bienville "}}, {"type": "Feature", "geometry": {"type": "Point", "coordinates": [-73.567523, 45.461918]}, "properties": {"nom": "TABAGIE VERDUN", "type": "Épicerie", "adresse": "250   Rue Galt "}}, {"type": "Feature", "geometry": {"type": "Point", "coordinates": [-73.57318, 45.550913]}, "properties": {"nom": "VIANDE S.G.", "type": "Épicerie", "adresse": "3245   Rue Masson "}}, {"type": "Feature", "geometry": {"type": "Point", "coordinates": [-73.626931, 45.416844]}, "properties": {"nom": "DEPANNEUR FENG & JIN", "type": "Épicerie", "adresse": "8864   Rue Centrale "}}, {"type": "Feature", "geometry": {"type": "Point", "coordinates": [-73.632256, 45.500893]}, "properties": {"nom": "DEPANNEUR SURER RELAIS (13016)", "type": "Épicerie avec préparation", "adresse": "6211   Chemin Côte-des-Neiges "}}, {"type": "Feature", "geometry": {"type": "Point", "coordinates": [-73.680673, 45.512992]}, "properties": {"nom": "MARCHE MBOPPI", "type": "Épicerie avec préparation", "adresse": "905   Boulevard Décarie "}}, {"type": "Feature", "geometry": {"type": "Point", "coordinates": [-73.685961, 45.434219]}, "properties": {"nom": "DEPANNEUR DES VOYAGEURS", "type": "Épicerie avec préparation", "adresse": "2420   Boulevard Saint-Joseph "}}, {"type": "Feature", "geometry": {"type": "Point", "coordinates": [-73.563076, 45.495319]}, "properties": {"nom": "ETS (PAVILLON B)", "type": "Épicerie", "adresse": "1111   Rue Notre-Dame Ouest"}}, {"type": "Feature", "geometry": {"type": "Point", "coordinates": [-73.564154, 45.493743]}, "properties": {"nom": "JEAN COUTU #385", "type": "Épicerie", "adresse": "1224   Rue Notre-Dame Ouest"}}, {"type": "Feature", "geometry": {"type": "Point", "coordinates": [-73.676923, 45.446077]}, "properties": {"nom": "MARCHÉ CHOLAN 950", "type": "Épicerie avec préparation", "adresse": "905   Avenue 14e "}}, {"type": "Feature", "geometry": {"type": "Point", "coordinates": [-73.583971, 45.453292]}, "properties": {"nom": "SHELL", "type": "Épicerie", "adresse": "1450   Avenue Woodland "}}, {"type": "Feature", "geometry": {"type": "Point", "coordinates": [-73.578723, 45.463295]}, "properties": {"nom": "SHELL", "type": "Épicerie", "adresse": "1125   Rue Église "}}, {"type": "Feature", "geometry": {"type": "Point", "coordinates": [-73.672211, 45.523614]}, "properties": {"nom": "SHELL/SOBEYS", "type": "Épicerie", "adresse": "515   Boulevard Côte-Vertu "}}, {"type": "Feature", "geometry": {"type": "Point", "coordinates": [-73.672585, 45.52306]}, "properties": {"nom": "SHELL", "type": "Épicerie", "adresse": "555   Boulevard Côte-Vertu "}}, {"type": "Feature", "geometry": {"type": "Point", "coordinates": [-73.662276, 45.508183]}, "properties": {"nom": "SHELL", "type": "Épicerie", "adresse": "3980   Chemin Côte-de-Liesse "}}, {"type": "Feature", "geometry": {"type": "Point", "coordinates": [-73.646251, 45.432817]}, "properties": {"nom": "SHELL", "type": "Épicerie", "adresse": "444   Avenue Lafleur "}}, {"type": "Feature", "geometry": {"type": "Point", "coordinates": [-73.869815, 45.4893]}, "properties": {"nom": "TABAGIE ILE BIZARD", "type": "Épicerie", "adresse": "116   Boulevard Jacques-Bizard "}}, {"type": "Feature", "geometry": {"type": "Point", "coordinates": [-73.832617, 45.471076]}, "properties": {"nom": "SHELL", "type": "Épicerie", "adresse": "3601   Boulevard Saint-Jean "}}, {"type": "Feature", "geometry": {"type": "Point", "coordinates": [-73.588936, 45.521912]}, "properties": {"nom": "EPICERIE MUSCAT", "type": "Épicerie avec préparation", "adresse": "23   Rue Villeneuve Est"}}, {"type": "Feature", "geometry": {"type": "Point", "coordinates": [-73.602344, 45.535791]}, "properties": {"nom": "MADEMOISELLE DUMPLING", "type": "Épicerie avec préparation", "adresse": "6381   Rue Saint-Hubert "}}, {"type": "Feature", "geometry": {"type": "Point", "coordinates": [-73.556712, 45.494295]}, "properties": {"nom": "PHARMAPRIX", "type": "Épicerie", "adresse": "1000   Rue Wellington "}}, {"type": "Feature", "geometry": {"type": "Point", "coordinates": [-73.573252, 45.499674]}, "properties": {"nom": "PHARMAPRIX", "type": "Épicerie", "adresse": "1120   Rue Sainte-Catherine Ouest"}}, {"type": "Feature", "geometry": {"type": "Point", "coordinates": [-73.632873, 45.492243]}, "properties": {"nom": "MARCHE THARSINI", "type": "Épicerie avec préparation", "adresse": "5670   Avenue Victoria "}}, {"type": "Feature", "geometry": {"type": "Point", "coordinates": [-73.630784, 45.428689]}, "properties": {"nom": "BOUCHERIE GOURAYA", "type": "Boucherie-épicerie", "adresse": "1693   Avenue Dollard "}}, {"type": "Feature", "geometry": {"type": "Point", "coordinates": [-73.56918, 45.513079]}, "properties": {"nom": "MAGIE DEPANNEUR", "type": "Épicerie", "adresse": "65  102 Rue Sherbrooke Est"}}, {"type": "Feature", "geometry": {"type": "Point", "coordinates": [-73.568389, 45.477925]}, "properties": {"nom": "DEPANNEUR CHARLEVOIX", "type": "Épicerie", "adresse": "1127   Rue Charlevoix "}}, {"type": "Feature", "geometry": {"type": "Point", "coordinates": [-73.625523, 45.524832]}, "properties": {"nom": "FRUITS DOOR DESH", "type": "Épicerie", "adresse": "992   Rue Jean-Talon Ouest"}}, {"type": "Feature", "geometry": {"type": "Point", "coordinates": [-73.566976, 45.502198]}, "properties": {"nom": "TABAGIE GATEWAY", "type": "Épicerie", "adresse": "630  130 Boulevard René-Lévesque Ouest"}}, {"type": "Feature", "geometry": {"type": "Point", "coordinates": [-73.558929, 45.517725]}, "properties": {"nom": "SHELL", "type": "Épicerie", "adresse": "1022   Boulevard De Maisonneuve Est"}}, {"type": "Feature", "geometry": {"type": "Point", "coordinates": [-73.612256, 45.599679]}, "properties": {"nom": "SHELL/SOBEYS #5802", "type": "Épicerie", "adresse": "9405   Boulevard Lacordaire "}}, {"type": "Feature", "geometry": {"type": "Point", "coordinates": [-73.560807, 45.508478]}, "properties": {"nom": "HERBES DE CHINES KIM HUE", "type": "Épicerie avec préparation", "adresse": "1078   Boulevard Saint-Laurent "}}, {"type": "Feature", "geometry": {"type": "Point", "coordinates": [-73.653334, 45.54076]}, "properties": {"nom": "VARIETES CHABANEL", "type": "Épicerie", "adresse": "215   Rue Chabanel Ouest"}}, {"type": "Feature", "geometry": {"type": "Point", "coordinates": [-73.555134, 45.503026]}, "properties": {"nom": "LE PETIT DEP", "type": "Épicerie avec préparation", "adresse": "179   Rue Saint-Paul Ouest"}}, {"type": "Feature", "geometry": {"type": "Point", "coordinates": [-73.573211, 45.514193]}, "properties": {"nom": "EDIBLE ARRANGEMENTS", "type": "Épicerie avec préparation", "adresse": "3636   Boulevard Saint-Laurent "}}, {"type": "Feature", "geometry": {"type": "Point", "coordinates": [-73.702116, 45.518781]}, "properties": {"nom": "PHARMAPRIX", "type": "Épicerie", "adresse": "2000   Boulevard Marcel-Laurin "}}, {"type": "Feature", "geometry": {"type": "Point", "coordinates": [-73.614734, 45.533051]}, "properties": {"nom": "MULTIMAGS", "type": "Épicerie", "adresse": "6889   Boulevard Saint-Laurent "}}, {"type": "Feature", "geometry": {"type": "Point", "coordinates": [-73.60702, 45.531805]}, "properties": {"nom": "DEPANNEUR PIF", "type": "Épicerie", "adresse": "184   Rue Beaubien Est"}}, {"type": "Feature", "geometry": {"type": "Point", "coordinates": [-73.601693, 45.543035]}, "properties": {"nom": "VEUX TU UNE BIERE", "type": "Épicerie avec préparation", "adresse": "1451   Rue Saint-Zotique Est"}}, {"type": "Feature", "geometry": {"type": "Point", "coordinates": [-73.567437, 45.458054]}, "properties": {"nom": "PIZZA EXPRESSO (ROYAL INDIAN SPICES)", "type": "Épicerie avec préparation", "adresse": "4634   Rue Wellington "}}, {"type": "Feature", "geometry": {"type": "Point", "coordinates": [-73.5508, 45.576474]}, "properties": {"nom": "EPICERIE VOTRE MARCHE LOCAL", "type": "Épicerie avec préparation", "adresse": "5855   Rue De Jumonville "}}, {"type": "Feature", "geometry": {"type": "Point", "coordinates": [-73.535914, 45.594858]}, "properties": {"nom": "BULK BARN ALIMENTS EN VRAC DE QUALITE", "type": "Épicerie avec préparation", "adresse": "7760   Rue Sherbrooke Est"}}, {"type": "Feature", "geometry": {"type": "Point", "coordinates": [-73.541523, 45.585379]}, "properties": {"nom": "COUCHE-TARD  #1171", "type": "Épicerie", "adresse": "6860   Rue Sherbrooke Est"}}, {"type": "Feature", "geometry": {"type": "Point", "coordinates": [-73.579089, 45.563299]}, "properties": {"nom": "DEPANNEUR NITHI", "type": "Épicerie avec préparation", "adresse": "4200   Rue Beaubien Est"}}, {"type": "Feature", "geometry": {"type": "Point", "coordinates": [-73.582002, 45.525001]}, "properties": {"nom": "PHARMACIE JEAN COUTU", "type": "Épicerie", "adresse": "501   Avenue Mont-Royal Est"}}, {"type": "Feature", "geometry": {"type": "Point", "coordinates": [-73.55876, 45.493801]}, "properties": {"nom": "RESTAURANT YOKOSO SUSHI", "type": "Épicerie", "adresse": "225   Rue Peel "}}, {"type": "Feature", "geometry": {"type": "Point", "coordinates": [-73.614532, 45.476877]}, "properties": {"nom": "MARCHE RICHELIEU MARCHE DUNN", "type": "Épicerie avec préparation", "adresse": "3824   Boulevard Décarie "}}, {"type": "Feature", "geometry": {"type": "Point", "coordinates": [-73.593577, 45.468446]}, "properties": {"nom": "DEPANNEUR FAMILIAL", "type": "Épicerie", "adresse": "5301   Chemin Côte-Saint-Paul "}}, {"type": "Feature", "geometry": {"type": "Point", "coordinates": [-73.577552, 45.479674]}, "properties": {"nom": "AVE GREENE", "type": "Épicerie avec préparation", "adresse": "155   Avenue Greene "}}, {"type": "Feature", "geometry": {"type": "Point", "coordinates": [-73.563916, 45.462642]}, "properties": {"nom": "DEPANNEUR JK", "type": "Épicerie avec préparation", "adresse": "25   Rue Église "}}, {"type": "Feature", "geometry": {"type": "Point", "coordinates": [-73.606423, 45.532445]}, "properties": {"nom": "PELUSO BONISOIR", "type": "Épicerie avec préparation", "adresse": "251   Rue Beaubien Est"}}, {"type": "Feature", "geometry": {"type": "Point", "coordinates": [-73.630439, 45.547714]}, "properties": {"nom": "DEPANNEUR ST-HUBERT", "type": "Épicerie avec préparation", "adresse": "8395   Rue Saint-Hubert "}}, {"type": "Feature", "geometry": {"type": "Point", "coordinates": [-73.621955, 45.439738]}, "properties": {"nom": "ST.  PETERSBOURG", "type": "Épicerie avec préparation", "adresse": "7561   Boulevard Newman "}}, {"type": "Feature", "geometry": {"type": "Point", "coordinates": [-73.561627, 45.650621]}, "properties": {"nom": "COUCHE TARD #1161(ESSO)", "type": "Épicerie", "adresse": "9600   Boulevard Maurice-Duplessis "}}, {"type": "Feature", "geometry": {"type": "Point", "coordinates": [-73.535348, 45.54868]}, "properties": {"nom": "COUCHE-TARD #1174", "type": "Épicerie", "adresse": "4110   Rue Sainte-Catherine Est"}}, {"type": "Feature", "geometry": {"type": "Point", "coordinates": [-73.8194, 45.506376]}, "properties": {"nom": "PHARMAPRIX #1827", "type": "Épicerie", "adresse": "4933   Boulevard Sources "}}, {"type": "Feature", "geometry": {"type": "Point", "coordinates": [-73.531758, 45.610025]}, "properties": {"nom": "DEPANNEUR DE GROSBOIS", "type": "Épicerie", "adresse": "9201   Rue De Grosbois "}}, {"type": "Feature", "geometry": {"type": "Point", "coordinates": [-73.615824, 45.550131]}, "properties": {"nom": "MARCHÉ VIE EN VERT", "type": "Boucherie-épicerie", "adresse": "7700   Rue Fabre "}}, {"type": "Feature", "geometry": {"type": "Point", "coordinates": [-73.510312, 45.654383]}, "properties": {"nom": "LE NATURISTE #30", "type": "Aliments naturels", "adresse": "12675   Rue Sherbrooke Est"}}, {"type": "Feature", "geometry": {"type": "Point", "coordinates": [-73.538929, 45.590095]}, "properties": {"nom": "LE NATURISTE #73", "type": "Aliments naturels", "adresse": "7275  5 Rue Sherbrooke Est"}}, {"type": "Feature", "geometry": {"type": "Point", "coordinates": [-73.585093, 45.489611]}, "properties": {"nom": "LE NATURISTE #68", "type": "Aliments naturels", "adresse": "1500  S-11 Avenue Atwater "}}, {"type": "Feature", "geometry": {"type": "Point", "coordinates": [-73.653942, 45.567155]}, "properties": {"nom": "LE NATURISTE #64", "type": "Aliments naturels", "adresse": "1767  8 Rue Fleury Est"}}, {"type": "Feature", "geometry": {"type": "Point", "coordinates": [-73.636502, 45.502795]}, "properties": {"nom": "LE NATURISTE #11", "type": "Aliments naturels", "adresse": "6700  229 Chemin Côte-des-Neiges "}}, {"type": "Feature", "geometry": {"type": "Point", "coordinates": [-73.756352, 45.502865]}, "properties": {"nom": "DEPANNEUR SUPER RELAIS #012", "type": "Épicerie avec préparation", "adresse": "3550   Boulevard Pitfield "}}, {"type": "Feature", "geometry": {"type": "Point", "coordinates": [-73.550771, 45.547903]}, "properties": {"nom": "FRUITERIE HOCHELAGA", "type": "Épicerie avec préparation", "adresse": "3679   Rue Hochelaga "}}, {"type": "Feature", "geometry": {"type": "Point", "coordinates": [-73.653161, 45.56794]}, "properties": {"nom": "COUCHE-TARD #1261", "type": "Épicerie avec préparation", "adresse": "10288   Avenue Papineau "}}, {"type": "Feature", "geometry": {"type": "Point", "coordinates": [-73.569749, 45.467274]}, "properties": {"nom": "DEPANNEUR PIGEON", "type": "Épicerie", "adresse": "460   Rue Regina "}}, {"type": "Feature", "geometry": {"type": "Point", "coordinates": [-73.626943, 45.426836]}, "properties": {"nom": "BOUCHERIE LA PREFERENCE", "type": "Boucherie-épicerie", "adresse": "1397   Avenue Dollard "}}, {"type": "Feature", "geometry": {"type": "Point", "coordinates": [-73.617466, 45.517619]}, "properties": {"nom": "DEPANNEUR ALESCIO", "type": "Épicerie avec préparation", "adresse": "1607   Avenue Van Horne "}}, {"type": "Feature", "geometry": {"type": "Point", "coordinates": [-73.602159, 45.537124]}, "properties": {"nom": "YANNICK FROMAGERIE BEAUBIEN", "type": "Épicerie avec préparation", "adresse": "1001   Rue Beaubien Est"}}, {"type": "Feature", "geometry": {"type": "Point", "coordinates": [-73.640648, 45.591038]}, "properties": {"nom": "MARCHE JUDITH", "type": "Épicerie avec préparation", "adresse": "3950   Rue Martial "}}, {"type": "Feature", "geometry": {"type": "Point", "coordinates": [-73.576922, 45.517148]}, "properties": {"nom": "EPICERIE COLONIALE", "type": "Épicerie avec préparation", "adresse": "3916   Avenue Coloniale "}}, {"type": "Feature", "geometry": {"type": "Point", "coordinates": [-73.581325, 45.625579]}, "properties": {"nom": "COUCHE TARD #1248", "type": "Épicerie avec préparation", "adresse": "8015   Boulevard Henri-Bourassa Est"}}, {"type": "Feature", "geometry": {"type": "Point", "coordinates": [-73.588398, 45.477019]}, "properties": {"nom": "BOUTIQUE JOD", "type": "Épicerie", "adresse": "715   Rue Saint-Philippe "}}, {"type": "Feature", "geometry": {"type": "Point", "coordinates": [-73.600398, 45.524198]}, "properties": {"nom": "DEPANNEUR SUPER D", "type": "Épicerie", "adresse": "121   Rue Saint-Viateur Ouest"}}, {"type": "Feature", "geometry": {"type": "Point", "coordinates": [-73.56748, 45.501664]}, "properties": {"nom": "DEPANNEUR DE LA GARE", "type": "Épicerie avec préparation", "adresse": "700  1FF Boulevard René-Lévesque Ouest"}}, {"type": "Feature", "geometry": {"type": "Point", "coordinates": [-73.580839, 45.496272]}, "properties": {"nom": "SERVICE RAPIDE", "type": "Épicerie", "adresse": "2250  R-1 Rue Guy "}}, {"type": "Feature", "geometry": {"type": "Point", "coordinates": [-73.538929, 45.590095]}, "properties": {"nom": "LES BONBONS POPINO", "type": "Épicerie avec préparation", "adresse": "7275   Rue Sherbrooke Est"}}, {"type": "Feature", "geometry": {"type": "Point", "coordinates": [-73.589688, 45.527056]}, "properties": {"nom": "COUCHE-TARD #1256", "type": "Épicerie avec préparation", "adresse": "5110   Rue Saint-Denis "}}, {"type": "Feature", "geometry": {"type": "Point", "coordinates": [-73.600022, 45.544813]}, "properties": {"nom": "COUCHE-TARD #1266", "type": "Épicerie avec préparation", "adresse": "1810   Rue Saint-Zotique Est"}}, {"type": "Feature", "geometry": {"type": "Point", "coordinates": [-73.583709, 45.537142]}, "properties": {"nom": "COUCHE-TARD #1247", "type": "Épicerie avec préparation", "adresse": "5355   Avenue Papineau "}}, {"type": "Feature", "geometry": {"type": "Point", "coordinates": [-73.56687, 45.464316]}, "properties": {"nom": "BULK BARN (TMA 388043)", "type": "Épicerie avec préparation", "adresse": "3939   Rue Wellington "}}, {"type": "Feature", "geometry": {"type": "Point", "coordinates": [-73.619891, 45.606501]}, "properties": {"nom": "COUCHE-TARD #1157", "type": "Épicerie", "adresse": "11300   Boulevard Lacordaire "}}, {"type": "Feature", "geometry": {"type": "Point", "coordinates": [-73.559509, 45.507888]}, "properties": {"nom": "G & D SUPERMARCHE", "type": "Boucherie-épicerie", "adresse": "1006   Boulevard Saint-Laurent "}}, {"type": "Feature", "geometry": {"type": "Point", "coordinates": [-73.635569, 45.502702]}, "properties": {"nom": "MARCHÉ ALEXANDRIA", "type": "Épicerie avec préparation", "adresse": "3596   Avenue Barclay "}}, {"type": "Feature", "geometry": {"type": "Point", "coordinates": [-73.575291, 45.533243]}, "properties": {"nom": "ZERO GRAVITÉ ESCALADE & YOGA", "type": "Épicerie", "adresse": "4519   Avenue Papineau "}}, {"type": "Feature", "geometry": {"type": "Point", "coordinates": [-73.602757, 45.471736]}, "properties": {"nom": "CORPORATION PRESSE COMMERCE (LIBRAIRIE PAPETERIE MULTIMAGS)", "type": "Épicerie", "adresse": "1001  206 Boulevard Décarie "}}, {"type": "Feature", "geometry": {"type": "Point", "coordinates": [-73.595324, 45.535044]}, "properties": {"nom": "COUCHE TARD #1152", "type": "Épicerie", "adresse": "5800   Avenue Christophe-Colomb "}}, {"type": "Feature", "geometry": {"type": "Point", "coordinates": [-73.665291, 45.548637]}, "properties": {"nom": "ALIMENTS AKAGNI", "type": "Épicerie avec préparation", "adresse": "10330   Boulevard Saint-Laurent "}}, {"type": "Feature", "geometry": {"type": "Point", "coordinates": [-73.668625, 45.556933]}, "properties": {"nom": "IGA", "type": "Supermarché", "adresse": "10760   Avenue Millen "}}, {"type": "Feature", "geometry": {"type": "Point", "coordinates": [-73.567298, 45.459607]}, "properties": {"nom": "EPICERIE LOCO", "type": "Épicerie avec préparation", "adresse": "4437   Rue Wellington "}}, {"type": "Feature", "geometry": {"type": "Point", "coordinates": [-73.531411, 45.598249]}, "properties": {"nom": "LES MIELS DU BUDA", "type": "Épicerie avec préparation", "adresse": "3191   Rue Liébert "}}, {"type": "Feature", "geometry": {"type": "Point", "coordinates": [-73.585373, 45.497911]}, "properties": {"nom": "DEPANNEUR DYNAMIX (LOCAL 100)", "type": "Épicerie", "adresse": "1530  S-100 Avenue Docteur-Penfield "}}, {"type": "Feature", "geometry": {"type": "Point", "coordinates": [-73.570771, 45.572848]}, "properties": {"nom": "VARIETE PLUS 2", "type": "Épicerie avec préparation", "adresse": "5138   Rue Beaubien Est"}}, {"type": "Feature", "geometry": {"type": "Point", "coordinates": [-73.585182, 45.556315]}, "properties": {"nom": "POLLO GUSTOSO DE CAMPAGNE", "type": "Épicerie avec préparation", "adresse": "3396   Rue Beaubien Est"}}, {"type": "Feature", "geometry": {"type": "Point", "coordinates": [-73.629315, 45.478367]}, "properties": {"nom": "COUCHE-TARD #1253", "type": "Épicerie avec préparation", "adresse": "5620   Chemin Côte-Saint-Luc "}}, {"type": "Feature", "geometry": {"type": "Point", "coordinates": [-73.657329, 45.561209]}, "properties": {"nom": "FOU VRAC CAFE", "type": "Épicerie avec préparation", "adresse": "1400   Rue Fleury Est"}}, {"type": "Feature", "geometry": {"type": "Point", "coordinates": [-73.551631, 45.536222]}, "properties": {"nom": "DEPANNEUR LE P'TIT DETOUR", "type": "Épicerie avec préparation", "adresse": "2042   Rue Montgomery "}}, {"type": "Feature", "geometry": {"type": "Point", "coordinates": [-73.616225, 45.470351]}, "properties": {"nom": "ESPOSITO", "type": "Boucherie-épicerie", "adresse": "5737   Rue Sherbrooke Ouest"}}, {"type": "Feature", "geometry": {"type": "Point", "coordinates": [-73.635252, 45.460404]}, "properties": {"nom": "COUCHE-TARD #1257", "type": "Épicerie avec préparation", "adresse": "6905   Rue Sherbrooke Ouest"}}, {"type": "Feature", "geometry": {"type": "Point", "coordinates": [-73.713448, 45.527182]}, "properties": {"nom": "CLINIQUE IDEAL MINCEUR", "type": "Aliments naturels", "adresse": "5976   Rue De Salaberry "}}, {"type": "Feature", "geometry": {"type": "Point", "coordinates": [-73.54332, 45.559969]}, "properties": {"nom": "DEPANNEUR BOBO", "type": "Épicerie", "adresse": "4810   Rue Hochelaga "}}, {"type": "Feature", "geometry": {"type": "Point", "coordinates": [-73.622672, 45.541353]}, "properties": {"nom": "DEPANNEUR H.F.A.", "type": "Épicerie avec préparation", "adresse": "430   Rue Villeray "}}, {"type": "Feature", "geometry": {"type": "Point", "coordinates": [-73.582633, 45.502652]}, "properties": {"nom": "DEPANNEUR LE DEP", "type": "Épicerie", "adresse": "3660   Promenade Sir-William-Osler "}}, {"type": "Feature", "geometry": {"type": "Point", "coordinates": [-73.603663, 45.561247]}, "properties": {"nom": "MARCHE MURUGAN", "type": "Épicerie", "adresse": "7615   Boulevard Saint-Michel "}}, {"type": "Feature", "geometry": {"type": "Point", "coordinates": [-73.593885, 45.546309]}, "properties": {"nom": "DEPANNEUR 7 JOURS", "type": "Épicerie", "adresse": "2205   Rue Beaubien Est"}}, {"type": "Feature", "geometry": {"type": "Point", "coordinates": [-73.567122, 45.490063]}, "properties": {"nom": "DEPANNEUR SUPER RELAIS", "type": "Épicerie", "adresse": "455   Rue Guy "}}, {"type": "Feature", "geometry": {"type": "Point", "coordinates": [-73.62423, 45.527014]}, "properties": {"nom": "MARCHE BKR", "type": "Boucherie-épicerie", "adresse": "690   Rue Jean-Talon Ouest"}}, {"type": "Feature", "geometry": {"type": "Point", "coordinates": [-73.522709, 45.567507]}, "properties": {"nom": "COUCHE-TARD #1164", "type": "Épicerie", "adresse": "5945   Rue Notre-Dame Est"}}, {"type": "Feature", "geometry": {"type": "Point", "coordinates": [-73.633389, 45.485783]}, "properties": {"nom": "COUCHE-TARD #1175", "type": "Épicerie", "adresse": "5405   Boulevard Décarie "}}, {"type": "Feature", "geometry": {"type": "Point", "coordinates": [-73.546997, 45.569222]}, "properties": {"nom": "TABAGIE METRO", "type": "Épicerie avec préparation", "adresse": "3075   Boulevard Assomption "}}, {"type": "Feature", "geometry": {"type": "Point", "coordinates": [-73.554834, 45.551808]}, "properties": {"nom": "COUCHE-TARD #1170", "type": "Épicerie", "adresse": "3881   Rue Sherbrooke Est"}}, {"type": "Feature", "geometry": {"type": "Point", "coordinates": [-73.564257, 45.49361]}, "properties": {"nom": "METRO PLUS ETS", "type": "Supermarché", "adresse": "1230   Rue Notre-Dame Ouest"}}, {"type": "Feature", "geometry": {"type": "Point", "coordinates": [-73.553304, 45.523765]}, "properties": {"nom": "MARCHE BEAU MATIN", "type": "Épicerie", "adresse": "1849   Boulevard De Maisonneuve Est"}}, {"type": "Feature", "geometry": {"type": "Point", "coordinates": [-73.54504, 45.544743]}, "properties": {"nom": "TISANERIE MANDALA", "type": "Épicerie avec préparation", "adresse": "3555 A  Rue Ontario Est"}}, {"type": "Feature", "geometry": {"type": "Point", "coordinates": [-73.631028, 45.53889]}, "properties": {"nom": "COUCHE-TARD #1255", "type": "Épicerie avec préparation", "adresse": "8067   Boulevard Saint-Laurent "}}, {"type": "Feature", "geometry": {"type": "Point", "coordinates": [-73.638563, 45.546027]}, "properties": {"nom": "TABAGIE METRO CREMAZIE", "type": "Épicerie", "adresse": "505   Boulevard Crémazie Est"}}, {"type": "Feature", "geometry": {"type": "Point", "coordinates": [-73.592363, 45.561081]}, "properties": {"nom": "DEPANNEUR SOLEIL ZHI HUI", "type": "Épicerie avec préparation", "adresse": "3602   Rue Bélair "}}, {"type": "Feature", "geometry": {"type": "Point", "coordinates": [-73.803914, 45.485068]}, "properties": {"nom": "LES JARDINS DU MARCHE", "type": "Épicerie avec préparation", "adresse": "11600   Boulevard De Salaberry "}}, {"type": "Feature", "geometry": {"type": "Point", "coordinates": [-73.578834, 45.4633]}, "properties": {"nom": "COUCHE-TARD #1273", "type": "Épicerie avec préparation", "adresse": "1170   Rue Église "}}, {"type": "Feature", "geometry": {"type": "Point", "coordinates": [-73.631433, 45.573487]}, "properties": {"nom": "LE COIN LATINO MONTREAL S. E. N. C.", "type": "Épicerie avec préparation", "adresse": "9265   Boulevard Saint-Michel "}}, {"type": "Feature", "geometry": {"type": "Point", "coordinates": [-73.571678, 45.504111]}, "properties": {"nom": "VARIETES DAVID CHO & FILS", "type": "Épicerie", "adresse": "2001  301 Boulevard Robert-Bourassa "}}, {"type": "Feature", "geometry": {"type": "Point", "coordinates": [-73.566734, 45.480062]}, "properties": {"nom": "MARCHE K & C", "type": "Épicerie avec préparation", "adresse": "2361   Rue Centre "}}, {"type": "Feature", "geometry": {"type": "Point", "coordinates": [-73.569916, 45.50305]}, "properties": {"nom": "TABAGIE VOILA", "type": "Épicerie", "adresse": "677  M-5 Rue Sainte-Catherine Ouest"}}, {"type": "Feature", "geometry": {"type": "Point", "coordinates": [-73.514566, 45.599956]}, "properties": {"nom": "DEPANNEUR DES ORMEAUX", "type": "Épicerie avec préparation", "adresse": "641   Rue Des Ormeaux "}}, {"type": "Feature", "geometry": {"type": "Point", "coordinates": [-73.661951, 45.500309]}, "properties": {"nom": "DEPANNEUR DE LA SAVANE", "type": "Épicerie avec préparation", "adresse": "8261   Boulevard Décarie "}}, {"type": "Feature", "geometry": {"type": "Point", "coordinates": [-73.635604, 45.548504]}, "properties": {"nom": "COUCHE-TARD #1154", "type": "Épicerie", "adresse": "790   Boulevard Crémazie Est"}}, {"type": "Feature", "geometry": {"type": "Point", "coordinates": [-73.492771, 45.640124]}, "properties": {"nom": "SAINT-ENFANT-JESUS", "type": "Épicerie", "adresse": "11985   Rue Victoria "}}, {"type": "Feature", "geometry": {"type": "Point", "coordinates": [-73.644095, 45.466467]}, "properties": {"nom": "DEPANNEUR VARIETE N.D.G.", "type": "Épicerie", "adresse": "6733   Avenue Fielding "}}, {"type": "Feature", "geometry": {"type": "Point", "coordinates": [-73.647988, 45.443744]}, "properties": {"nom": "COUCHE-TARD #1274", "type": "Épicerie avec préparation", "adresse": "301   Rue Saint-Jacques "}}, {"type": "Feature", "geometry": {"type": "Point", "coordinates": [-73.644731, 45.502682]}, "properties": {"nom": "COUCHE-TARD #1298", "type": "Épicerie avec préparation", "adresse": "700   Chemin Lucerne "}}, {"type": "Feature", "geometry": {"type": "Point", "coordinates": [-73.781642, 45.45205]}, "properties": {"nom": "DEPANNEUR DU COIN #002", "type": "Épicerie avec préparation", "adresse": "560   Boulevard Sources "}}, {"type": "Feature", "geometry": {"type": "Point", "coordinates": [-73.613592, 45.495337]}, "properties": {"nom": "MARCHE SALUK", "type": "Épicerie avec préparation", "adresse": "4824 D  Chemin Côte-des-Neiges "}}, {"type": "Feature", "geometry": {"type": "Point", "coordinates": [-73.583711, 45.608336]}, "properties": {"nom": "METRO PLUS GROUPE MESSIER", "type": "Supermarché", "adresse": "7172   Rue Bombardier "}}, {"type": "Feature", "geometry": {"type": "Point", "coordinates": [-73.571867, 45.457128]}, "properties": {"nom": "MARCHE C & C", "type": "Épicerie avec préparation", "adresse": "4829   Rue Verdun "}}, {"type": "Feature", "geometry": {"type": "Point", "coordinates": [-73.652092, 45.570088]}, "properties": {"nom": "PHARMAPRIX", "type": "Épicerie", "adresse": "2044   Rue Fleury Est"}}, {"type": "Feature", "geometry": {"type": "Point", "coordinates": [-73.591505, 45.54077]}, "properties": {"nom": "DEPANNEUR L'UNIQUE", "type": "Épicerie avec préparation", "adresse": "5901   Avenue Papineau "}}, {"type": "Feature", "geometry": {"type": "Point", "coordinates": [-73.605594, 45.523599]}, "properties": {"nom": "VARIETES LE BERNARD", "type": "Épicerie", "adresse": "351   Rue Bernard Ouest"}}, {"type": "Feature", "geometry": {"type": "Point", "coordinates": [-73.582951, 45.49067]}, "properties": {"nom": "LES ALIMENTS YOKOSO", "type": "Épicerie", "adresse": "2173   Rue Sainte-Catherine Ouest"}}, {"type": "Feature", "geometry": {"type": "Point", "coordinates": [-73.530922, 45.555528]}, "properties": {"nom": "DEPANNEUR YW", "type": "Épicerie avec préparation", "adresse": "4785   Rue Sainte-Catherine Est"}}, {"type": "Feature", "geometry": {"type": "Point", "coordinates": [-73.490478, 45.639302]}, "properties": {"nom": "HUILE ET VINAIGRE", "type": "Épicerie", "adresse": "11983   Rue Notre-Dame Est"}}, {"type": "Feature", "geometry": {"type": "Point", "coordinates": [-73.538468, 45.582722]}, "properties": {"nom": "FIKA VEGANE", "type": "Épicerie avec préparation", "adresse": "6725   Rue Marseille "}}, {"type": "Feature", "geometry": {"type": "Point", "coordinates": [-73.622389, 45.467176]}, "properties": {"nom": "SUSHI Q (CONCESSION MARCHÉ CORÉEN)", "type": "Épicerie", "adresse": "6151   Rue Sherbrooke Ouest"}}, {"type": "Feature", "geometry": {"type": "Point", "coordinates": [-73.623575, 45.539806]}, "properties": {"nom": "BOUTIQUE ARCHIVE MONTREAL", "type": "Épicerie avec préparation", "adresse": "318   Rue Villeray "}}, {"type": "Feature", "geometry": {"type": "Point", "coordinates": [-73.549748, 45.578028]}, "properties": {"nom": "DEPANNEUR JEAN L.C", "type": "Épicerie", "adresse": "6007   Rue De Jumonville "}}, {"type": "Feature", "geometry": {"type": "Point", "coordinates": [-73.58166, 45.560335]}, "properties": {"nom": "DEPANNEUR SULI INC.", "type": "Épicerie avec préparation", "adresse": "3863   Rue Beaubien Est"}}, {"type": "Feature", "geometry": {"type": "Point", "coordinates": [-73.566748, 45.465667]}, "properties": {"nom": "CHEZ ROBIN MARCHÉ LOCAL", "type": "Épicerie avec préparation", "adresse": "3819   Rue Wellington "}}, {"type": "Feature", "geometry": {"type": "Point", "coordinates": [-73.570485, 45.49446]}, "properties": {"nom": "TABAGIE MÉTRO LUCIEN-L'ALLIER", "type": "Épicerie", "adresse": "955   Rue Lucien-L'Allier "}}, {"type": "Feature", "geometry": {"type": "Point", "coordinates": [-73.529938, 45.604872]}, "properties": {"nom": "COUCHE TARD #1254", "type": "Épicerie avec préparation", "adresse": "8732   Rue Sherbrooke Est"}}, {"type": "Feature", "geometry": {"type": "Point", "coordinates": [-73.572203, 45.571204]}, "properties": {"nom": "COUCHE-TARD #1262", "type": "Épicerie avec préparation", "adresse": "4971   Rue Beaubien Est"}}, {"type": "Feature", "geometry": {"type": "Point", "coordinates": [-73.650711, 45.544334]}, "properties": {"nom": "COUCHE-TARD #1252", "type": "Épicerie avec préparation", "adresse": "9255   Boulevard Saint-Laurent "}}, {"type": "Feature", "geometry": {"type": "Point", "coordinates": [-73.642741, 45.539361]}, "properties": {"nom": "COUCHE-TARD #1259", "type": "Épicerie avec préparation", "adresse": "180   Boulevard Crémazie Ouest"}}, {"type": "Feature", "geometry": {"type": "Point", "coordinates": [-73.862518, 45.481918]}, "properties": {"nom": "COUCHE-TARD #1271", "type": "Épicerie avec préparation", "adresse": "15200   Boulevard Pierrefonds "}}, {"type": "Feature", "geometry": {"type": "Point", "coordinates": [-73.806754, 45.493049]}, "properties": {"nom": "COUCHE-TARD #1222", "type": "Épicerie avec préparation", "adresse": "4090   Boulevard Sources "}}, {"type": "Feature", "geometry": {"type": "Point", "coordinates": [-73.613163, 45.56444]}, "properties": {"nom": "DEPANNEUR D'HERELLE WANG'S", "type": "Épicerie avec préparation", "adresse": "3187   Rue D'Hérelle "}}, {"type": "Feature", "geometry": {"type": "Point", "coordinates": [-73.648119, 45.430832]}, "properties": {"nom": "DEPANNEUR 7 JOURS SOLEIL", "type": "Épicerie", "adresse": "9558   Rue Jean-Milot "}}, {"type": "Feature", "geometry": {"type": "Point", "coordinates": [-73.614928, 45.536867]}, "properties": {"nom": "LES BIO LOCAUX", "type": "Marché public", "adresse": "7070  C24 Avenue Henri-Julien "}}, {"type": "Feature", "geometry": {"type": "Point", "coordinates": [-73.614928, 45.536867]}, "properties": {"nom": "LA FERME DES QUATRE-TEMPS", "type": "Marché public", "adresse": "7070  C24 Avenue Henri-Julien "}}, {"type": "Feature", "geometry": {"type": "Point", "coordinates": [-73.614928, 45.536867]}, "properties": {"nom": "VERGER ERIC L'ECUYER", "type": "Marché public", "adresse": "7070  C24 Avenue Henri-Julien "}}, {"type": "Feature", "geometry": {"type": "Point", "coordinates": [-73.643084, 45.587096]}, "properties": {"nom": "SUPERMARCHE S.A.S.", "type": "Épicerie avec préparation", "adresse": "10800   Boulevard Saint-Vital "}}, {"type": "Feature", "geometry": {"type": "Point", "coordinates": [-73.650293, 45.527108]}, "properties": {"nom": "COUCHE-TARD #1168", "type": "Épicerie", "adresse": "2495   Chemin Rockland "}}, {"type": "Feature", "geometry": {"type": "Point", "coordinates": [-73.614972, 45.527865]}, "properties": {"nom": "LE MARCHE FOODERIE", "type": "Épicerie avec préparation", "adresse": "6680   Avenue Parc "}}, {"type": "Feature", "geometry": {"type": "Point", "coordinates": [-73.581208, 45.463406]}, "properties": {"nom": "COUCHE-TARD #1185", "type": "Épicerie", "adresse": "1390   Avenue Église "}}, {"type": "Feature", "geometry": {"type": "Point", "coordinates": [-73.666069, 45.533983]}, "properties": {"nom": "RESTAURANT YOKOSO SUSHI", "type": "Épicerie", "adresse": "2001   Rue Sauvé Ouest"}}, {"type": "Feature", "geometry": {"type": "Point", "coordinates": [-73.575258, 45.528679]}, "properties": {"nom": "LE LOUP BLEU", "type": "Épicerie avec préparation", "adresse": "1279   Rue Marie-Anne Est"}}, {"type": "Feature", "geometry": {"type": "Point", "coordinates": [-73.583971, 45.610022]}, "properties": {"nom": "TIGRE GEANT #232", "type": "Épicerie", "adresse": "7560   Rue Béclard "}}, {"type": "Feature", "geometry": {"type": "Point", "coordinates": [-73.681059, 45.513233]}, "properties": {"nom": "RELA MARCHE AFRICAIN", "type": "Épicerie avec préparation", "adresse": "925   Boulevard Décarie "}}, {"type": "Feature", "geometry": {"type": "Point", "coordinates": [-73.572436, 45.591486]}, "properties": {"nom": "NUTRIFORT", "type": "Épicerie", "adresse": "7373  C-4 Boulevard Langelier "}}, {"type": "Feature", "geometry": {"type": "Point", "coordinates": [-73.571126, 45.508645]}, "properties": {"nom": "ASIATICA", "type": "Épicerie avec préparation", "adresse": "310   Rue Sherbrooke Ouest"}}, {"type": "Feature", "geometry": {"type": "Point", "coordinates": [-73.587559, 45.596975]}, "properties": {"nom": "COUCHE-TARD #1272", "type": "Épicerie avec préparation", "adresse": "8380   Boulevard Langelier "}}, {"type": "Feature", "geometry": {"type": "Point", "coordinates": [-73.592262, 45.518061]}, "properties": {"nom": "COUCHE-TARD #1258", "type": "Épicerie avec préparation", "adresse": "4680   Avenue Parc "}}, {"type": "Feature", "geometry": {"type": "Point", "coordinates": [-73.572842, 45.58241]}, "properties": {"nom": "G.B. LA REFERENCE", "type": "Épicerie avec préparation", "adresse": "5852   Rue Bélanger "}}, {"type": "Feature", "geometry": {"type": "Point", "coordinates": [-73.5739, 45.526605]}, "properties": {"nom": "DEPANNEUR & CREMERIE LE BEC SUCRE SALE INC.", "type": "Épicerie avec préparation", "adresse": "4211   Rue De La Roche "}}, {"type": "Feature", "geometry": {"type": "Point", "coordinates": [-73.777785, 45.504737]}, "properties": {"nom": "PROVISOIR", "type": "Épicerie avec préparation", "adresse": "9521   Boulevard Gouin Ouest"}}, {"type": "Feature", "geometry": {"type": "Point", "coordinates": [-73.544856, 45.545044]}, "properties": {"nom": "TERRE A SOI", "type": "Épicerie avec préparation", "adresse": "3580   Rue Ontario Est"}}, {"type": "Feature", "geometry": {"type": "Point", "coordinates": [-73.595169, 45.523147]}, "properties": {"nom": "DROGHERIA FINE EPICERIE (SALSA DELLA NONNA)", "type": "Épicerie avec préparation", "adresse": "62   Avenue Fairmount Ouest"}}, {"type": "Feature", "geometry": {"type": "Point", "coordinates": [-73.623736, 45.625963]}, "properties": {"nom": "DEPANNEUR WEI", "type": "Épicerie", "adresse": "6700  C-2 Boulevard Gouin Est"}}, {"type": "Feature", "geometry": {"type": "Point", "coordinates": [-73.614928, 45.536867]}, "properties": {"nom": "LES JARDINS D'EMILIE", "type": "Marché public", "adresse": "7070  C24 Avenue Henri-Julien "}}, {"type": "Feature", "geometry": {"type": "Point", "coordinates": [-73.56338, 45.519417]}, "properties": {"nom": "COUCHE-TARD #1250", "type": "Épicerie avec préparation", "adresse": "915   Rue Ontario Est"}}, {"type": "Feature", "geometry": {"type": "Point", "coordinates": [-73.554332, 45.520457]}, "properties": {"nom": "SAUNA OASIS", "type": "Épicerie", "adresse": "1390   Rue Sainte-Catherine Est"}}, {"type": "Feature", "geometry": {"type": "Point", "coordinates": [-73.57869, 45.522037]}, "properties": {"nom": "TAU SAINT-DENIS (BOUCHERIE PRÉMIUM)", "type": "Épicerie avec préparation", "adresse": "4238   Rue Saint-Denis "}}, {"type": "Feature", "geometry": {"type": "Point", "coordinates": [-73.629371, 45.508934]}, "properties": {"nom": "BOUCHERIE L'EXCELLENCE", "type": "Boucherie-épicerie", "adresse": "6530   Avenue Darlington "}}, {"type": "Feature", "geometry": {"type": "Point", "coordinates": [-73.623692, 45.502819]}, "properties": {"nom": "SUSHI SHOP CAMPUS INC. (STE-JUSTINE)", "type": "Épicerie", "adresse": "3175  K017 Chemin Côte-Sainte-Catherine "}}, {"type": "Feature", "geometry": {"type": "Point", "coordinates": [-73.538654, 45.582352]}, "properties": {"nom": "FRUITERIE AUX PETITS OIGNIONS", "type": "Épicerie", "adresse": "6685   Rue Marseille "}}, {"type": "Feature", "geometry": {"type": "Point", "coordinates": [-73.618443, 45.556162]}, "properties": {"nom": "CANADIAN TIRE", "type": "Épicerie", "adresse": "2225   Boulevard Crémazie Est"}}, {"type": "Feature", "geometry": {"type": "Point", "coordinates": [-73.587997, 45.542409]}, "properties": {"nom": "VEL'AUBE", "type": "Épicerie", "adresse": "5863   Avenue De Lorimier "}}, {"type": "Feature", "geometry": {"type": "Point", "coordinates": [-73.575768, 45.501403]}, "properties": {"nom": "RESIDENCE INN MONTREALCENTRE-VILLE", "type": "Épicerie", "adresse": "2045   Rue Peel "}}, {"type": "Feature", "geometry": {"type": "Point", "coordinates": [-73.580533, 45.492729]}, "properties": {"nom": "ÉPICERIE DU BAZAAR", "type": "Boucherie-épicerie", "adresse": "1905   Rue Sainte-Catherine Ouest"}}, {"type": "Feature", "geometry": {"type": "Point", "coordinates": [-73.618213, 45.547334]}, "properties": {"nom": "UNIPRIX VILLERAY", "type": "Épicerie", "adresse": "1275   Rue Villeray "}}, {"type": "Feature", "geometry": {"type": "Point", "coordinates": [-73.876698, 45.495093]}, "properties": {"nom": "IGA EXTRA FAMILLE SEVIGNY", "type": "Supermarché", "adresse": "640   Boulevard Jacques-Bizard "}}, {"type": "Feature", "geometry": {"type": "Point", "coordinates": [-73.822359, 45.508288]}, "properties": {"nom": "MARCHE MAKKAH", "type": "Épicerie avec préparation", "adresse": "11727   Boulevard Gouin Ouest"}}, {"type": "Feature", "geometry": {"type": "Point", "coordinates": [-73.829676, 45.506266]}, "properties": {"nom": "DEPANNEUR 7 JOURS", "type": "Épicerie", "adresse": "12249   Boulevard Gouin Ouest"}}, {"type": "Feature", "geometry": {"type": "Point", "coordinates": [-73.649177, 45.492239]}, "properties": {"nom": "PROXIM", "type": "Épicerie", "adresse": "6900  126 Boulevard Décarie "}}, {"type": "Feature", "geometry": {"type": "Point", "coordinates": [-73.62918, 45.52997]}, "properties": {"nom": "9363-6058 QUEBEC INC. (MARCHE JANTA)", "type": "Boucherie-épicerie", "adresse": "530   Rue Saint-Roch "}}, {"type": "Feature", "geometry": {"type": "Point", "coordinates": [-73.614928, 45.536867]}, "properties": {"nom": "LES NOIX DU MARCHE", "type": "Épicerie avec préparation", "adresse": "7070   Avenue Henri-Julien "}}, {"type": "Feature", "geometry": {"type": "Point", "coordinates": [-73.569452, 45.472239]}, "properties": {"nom": "DEPANNEUR 7 JOURS", "type": "Épicerie avec préparation", "adresse": "3126   Boulevard LaSalle "}}, {"type": "Feature", "geometry": {"type": "Point", "coordinates": [-73.569959, 45.512729]}, "properties": {"nom": "COUCHE-TARD #1173", "type": "Épicerie", "adresse": "3440   Boulevard Saint-Laurent "}}, {"type": "Feature", "geometry": {"type": "Point", "coordinates": [-73.551, 45.535346]}, "properties": {"nom": "MARTIN ROOSEBOOM VELO", "type": "Épicerie avec préparation", "adresse": "2751   Rue Ontario Est"}}, {"type": "Feature", "geometry": {"type": "Point", "coordinates": [-73.567945, 45.452466]}, "properties": {"nom": "DEPANNEUR JINYI", "type": "Épicerie", "adresse": "5437   Rue Wellington "}}, {"type": "Feature", "geometry": {"type": "Point", "coordinates": [-73.629906, 45.482804]}, "properties": {"nom": "EPICERIE HANNA'S HUT", "type": "Épicerie avec préparation", "adresse": "5343   Chemin Queen-Mary "}}, {"type": "Feature", "geometry": {"type": "Point", "coordinates": [-73.610052, 45.447562]}, "properties": {"nom": "COUCHE-TARD #1268", "type": "Épicerie avec préparation", "adresse": "7067   Boulevard Newman "}}, {"type": "Feature", "geometry": {"type": "Point", "coordinates": [-73.555253, 45.49615]}, "properties": {"nom": "MINI MARCHE BONAVENTURE", "type": "Épicerie", "adresse": "75   Rue Duke "}}, {"type": "Feature", "geometry": {"type": "Point", "coordinates": [-73.579725, 45.483947]}, "properties": {"nom": "COUCHE-TARD #1178", "type": "Épicerie", "adresse": "700   Avenue Atwater "}}, {"type": "Feature", "geometry": {"type": "Point", "coordinates": [-73.693825, 45.488853]}, "properties": {"nom": "MARKITO FITNESS & NUTRITION", "type": "Épicerie avec préparation", "adresse": "3361   Rue Griffith "}}, {"type": "Feature", "geometry": {"type": "Point", "coordinates": [-73.839343, 45.500196]}, "properties": {"nom": "DEPANNEUR N. P.", "type": "Épicerie", "adresse": "13072   Boulevard Pierrefonds "}}, {"type": "Feature", "geometry": {"type": "Point", "coordinates": [-73.720378, 45.528026]}, "properties": {"nom": "SUPER MARCHE IMAN", "type": "Boucherie-épicerie", "adresse": "12178   Boulevard Laurentien "}}, {"type": "Feature", "geometry": {"type": "Point", "coordinates": [-73.527529, 45.609356]}, "properties": {"nom": "PHARMAPRIX", "type": "Épicerie", "adresse": "9215   Rue Sherbrooke Est"}}, {"type": "Feature", "geometry": {"type": "Point", "coordinates": [-73.618522, 45.542343]}, "properties": {"nom": "DEPANNEUR PROVIMAX", "type": "Épicerie", "adresse": "751   Rue Faillon "}}, {"type": "Feature", "geometry": {"type": "Point", "coordinates": [-73.538735, 45.554156]}, "properties": {"nom": "EXPRESS MAISONNEUVE", "type": "Épicerie", "adresse": "4445  12 Rue Ontario Est"}}, {"type": "Feature", "geometry": {"type": "Point", "coordinates": [-73.522737, 45.596744]}, "properties": {"nom": "COUCHE-TARD #1264", "type": "Épicerie avec préparation", "adresse": "8265   Rue Hochelaga "}}, {"type": "Feature", "geometry": {"type": "Point", "coordinates": [-73.511421, 45.594887]}, "properties": {"nom": "COUCHE-TARD #1265", "type": "Épicerie avec préparation", "adresse": "8425   Rue Notre-Dame Est"}}, {"type": "Feature", "geometry": {"type": "Point", "coordinates": [-73.620095, 45.495337]}, "properties": {"nom": "METRO COTE-DES-NEIGES", "type": "Supermarché", "adresse": "5150   Chemin Côte-des-Neiges "}}, {"type": "Feature", "geometry": {"type": "Point", "coordinates": [-73.838794, 45.476967]}, "properties": {"nom": "COUCHE-TARD #1223", "type": "Épicerie avec préparation", "adresse": "4032   Boulevard Saint-Jean "}}, {"type": "Feature", "geometry": {"type": "Point", "coordinates": [-73.65272, 45.444224]}, "properties": {"nom": "DEPANNEUR WINDSOR ENR.", "type": "Épicerie avec préparation", "adresse": "2   Avenue Windsor "}}, {"type": "Feature", "geometry": {"type": "Point", "coordinates": [-73.570703, 45.470067]}, "properties": {"nom": "DEPANNEUR VERDUN", "type": "Épicerie avec préparation", "adresse": "3360   Rue Verdun "}}, {"type": "Feature", "geometry": {"type": "Point", "coordinates": [-73.70056, 45.528365]}, "properties": {"nom": "MARCHE DOSTI", "type": "Épicerie avec préparation", "adresse": "11746   Boulevard O'Brien "}}, {"type": "Feature", "geometry": {"type": "Point", "coordinates": [-73.675352, 45.44197]}, "properties": {"nom": "DEPANNEUR PROVOST", "type": "Épicerie", "adresse": "1240   Rue Provost "}}, {"type": "Feature", "geometry": {"type": "Point", "coordinates": [-73.570968, 45.498152]}, "properties": {"nom": "TABAGIE LA TOUR", "type": "Épicerie", "adresse": "1155  B7 Boulevard René-Lévesque Ouest"}}, {"type": "Feature", "geometry": {"type": "Point", "coordinates": [-73.576542, 45.480032]}, "properties": {"nom": "DOMAINE VILLENEUVE", "type": "Marché public", "adresse": "138  22 Avenue Atwater "}}, {"type": "Feature", "geometry": {"type": "Point", "coordinates": [-73.58002, 45.495034]}, "properties": {"nom": "VAPE 24H", "type": "Épicerie", "adresse": "1648 B  Boulevard De Maisonneuve Ouest"}}, {"type": "Feature", "geometry": {"type": "Point", "coordinates": [-73.66416, 45.460185]}, "properties": {"nom": "MARCHÉ EPICURE COTE SAINT-LUC", "type": "Épicerie avec préparation", "adresse": "5555  100 Avenue Westminster "}}, {"type": "Feature", "geometry": {"type": "Point", "coordinates": [-73.642819, 45.540213]}, "properties": {"nom": "COUCHE- TARD #1155", "type": "Épicerie", "adresse": "115   Boulevard Crémazie Ouest"}}, {"type": "Feature", "geometry": {"type": "Point", "coordinates": [-73.578176, 45.497336]}, "properties": {"nom": "CONCORDIA GREENHOUSE", "type": "Marché public", "adresse": "1455   Boulevard De Maisonneuve Ouest"}}, {"type": "Feature", "geometry": {"type": "Point", "coordinates": [-73.615236, 45.588976]}, "properties": {"nom": "LES ALIMENTS ATLAS IMPEX", "type": "Épicerie avec préparation", "adresse": "9172   Boulevard Viau "}}, {"type": "Feature", "geometry": {"type": "Point", "coordinates": [-73.63017, 45.51021]}, "properties": {"nom": "JOLIE-AICHA", "type": "Épicerie avec préparation", "adresse": "2888   Rue Goyer "}}, {"type": "Feature", "geometry": {"type": "Point", "coordinates": [-73.66424, 45.463711]}, "properties": {"nom": "TIENDE SANTE & VEGETARIEN", "type": "Épicerie", "adresse": "5614   Avenue Eldridge "}}, {"type": "Feature", "geometry": {"type": "Point", "coordinates": [-73.651593, 45.444938]}, "properties": {"nom": "DEPANNEUR TAIFENG", "type": "Épicerie avec préparation", "adresse": "168   Avenue Saint-Pierre "}}, {"type": "Feature", "geometry": {"type": "Point", "coordinates": [-73.598838, 45.558288]}, "properties": {"nom": "COUCHE-TARD #1260", "type": "Épicerie avec préparation", "adresse": "3221   Rue Jean-Talon Est"}}, {"type": "Feature", "geometry": {"type": "Point", "coordinates": [-73.692178, 45.5222]}, "properties": {"nom": "DEPANNEUR DE RUE POIRIER", "type": "Épicerie", "adresse": "1401   Rue Poirier "}}, {"type": "Feature", "geometry": {"type": "Point", "coordinates": [-73.82738, 45.428696]}, "properties": {"nom": "MARCHE EPICURE", "type": "Épicerie avec préparation", "adresse": "323   Chemin Bord-du-Lac-Lakeshore "}}, {"type": "Feature", "geometry": {"type": "Point", "coordinates": [-73.593151, 45.634661]}, "properties": {"nom": "DEPANNEUR 7 JOURS", "type": "Épicerie", "adresse": "7981   Avenue André-Ampère "}}, {"type": "Feature", "geometry": {"type": "Point", "coordinates": [-73.579742, 45.493402]}, "properties": {"nom": "MARCHE D'ALIMENTATION COREEN ET JAPONAIS", "type": "Épicerie avec préparation", "adresse": "1829   Rue Sainte-Catherine Ouest"}}, {"type": "Feature", "geometry": {"type": "Point", "coordinates": [-73.614928, 45.536867]}, "properties": {"nom": "TROTTIER & FRERES (190)", "type": "Marché public", "adresse": "7070  190 Avenue Henri-Julien "}}, {"type": "Feature", "geometry": {"type": "Point", "coordinates": [-73.614928, 45.536867]}, "properties": {"nom": "TROTTIER & FRERES (95)", "type": "Marché public", "adresse": "7070  95 Avenue Henri-Julien "}}, {"type": "Feature", "geometry": {"type": "Point", "coordinates": [-73.658519, 45.559197]}, "properties": {"nom": "PILE OU GLACE", "type": "Épicerie avec préparation", "adresse": "1210   Rue Fleury Est"}}, {"type": "Feature", "geometry": {"type": "Point", "coordinates": [-73.712608, 45.525374]}, "properties": {"nom": "COUCHE-TARD #1246", "type": "Épicerie avec préparation", "adresse": "11950   Rue Lachapelle "}}, {"type": "Feature", "geometry": {"type": "Point", "coordinates": [-73.538977, 45.542734]}, "properties": {"nom": "DEPANNEUR HENG", "type": "Épicerie avec préparation", "adresse": "3542   Rue Sainte-Catherine Est"}}, {"type": "Feature", "geometry": {"type": "Point", "coordinates": [-73.697586, 45.519326]}, "properties": {"nom": "MARCHE MON VILLAGE (MARCHE AD2M)", "type": "Épicerie avec préparation", "adresse": "1689   Rue Poirier "}}, {"type": "Feature", "geometry": {"type": "Point", "coordinates": [-73.560153, 45.507633]}, "properties": {"nom": "PROSPERITE", "type": "Épicerie avec préparation", "adresse": "1020   Rue Clark "}}, {"type": "Feature", "geometry": {"type": "Point", "coordinates": [-73.669607, 45.471368]}, "properties": {"nom": "COFFEE SHOP (HOPITAL MAIMONIDES) SUMMIT SCHOOL", "type": "Aliments naturels", "adresse": "5795   Avenue Caldwell "}}, {"type": "Feature", "geometry": {"type": "Point", "coordinates": [-73.854762, 45.448532]}, "properties": {"nom": "BOUTIQUE SORELLA", "type": "Épicerie avec préparation", "adresse": "2979   Boulevard Saint-Charles "}}, {"type": "Feature", "geometry": {"type": "Point", "coordinates": [-73.550257, 45.571451]}, "properties": {"nom": "DEPANNEUR 7 JOURS (SF)", "type": "Épicerie", "adresse": "5500  c-05 Rue Sherbrooke Est"}}, {"type": "Feature", "geometry": {"type": "Point", "coordinates": [-73.642955, 45.586867]}, "properties": {"nom": "DEPANNEUR CHEZ NENETTE", "type": "Épicerie avec préparation", "adresse": "3648   Rue Monselet "}}, {"type": "Feature", "geometry": {"type": "Point", "coordinates": [-73.650288, 45.536938]}, "properties": {"nom": "SERVICES T-MART FOOD", "type": "Épicerie avec préparation", "adresse": "9035   Avenue Parc "}}, {"type": "Feature", "geometry": {"type": "Point", "coordinates": [-73.509997, 45.665392]}, "properties": {"nom": "COUCHE-TARD #1249", "type": "Épicerie avec préparation", "adresse": "13685   Boulevard Henri-Bourassa Est"}}, {"type": "Feature", "geometry": {"type": "Point", "coordinates": [-73.578856, 45.494166]}, "properties": {"nom": "ALIMENTS BULK BARN", "type": "Épicerie avec préparation", "adresse": "1616   Rue Sainte-Catherine Ouest"}}, {"type": "Feature", "geometry": {"type": "Point", "coordinates": [-73.551239, 45.547131]}, "properties": {"nom": "GOURMET JOLIETTE", "type": "Épicerie avec préparation", "adresse": "3597   Rue Hochelaga "}}, {"type": "Feature", "geometry": {"type": "Point", "coordinates": [-73.629852, 45.509323]}, "properties": {"nom": "SUPER MARCHE INTERNATIONAL DARLINGTON", "type": "Boucherie-épicerie", "adresse": "6655   Avenue Darlington "}}, {"type": "Feature", "geometry": {"type": "Point", "coordinates": [-73.647619, 45.526334]}, "properties": {"nom": "LE NATURISTE", "type": "Aliments naturels", "adresse": "2305  1501 Chemin Rockland "}}, {"type": "Feature", "geometry": {"type": "Point", "coordinates": [-73.567726, 45.555754]}, "properties": {"nom": "DEPANNEUR LAURIER EST", "type": "Épicerie avec préparation", "adresse": "3860   Avenue Laurier Est"}}, {"type": "Feature", "geometry": {"type": "Point", "coordinates": [-73.613259, 45.426183]}, "properties": {"nom": "JEAN COUTU # 312", "type": "Épicerie", "adresse": "8188   Boulevard Champlain "}}, {"type": "Feature", "geometry": {"type": "Point", "coordinates": [-73.559668, 45.525991]}, "properties": {"nom": "COUCHE-TARD #1165", "type": "Épicerie", "adresse": "2010   Avenue Papineau "}}, {"type": "Feature", "geometry": {"type": "Point", "coordinates": [-73.650671, 45.571761]}, "properties": {"nom": "ÉPICERIE BANH MI LINH", "type": "Épicerie avec préparation", "adresse": "2151   Rue Fleury Est"}}, {"type": "Feature", "geometry": {"type": "Point", "coordinates": [-73.574308, 45.52]}, "properties": {"nom": "ARTIZAN 4/22", "type": "Épicerie", "adresse": "3916   Rue Saint-Denis "}}, {"type": "Feature", "geometry": {"type": "Point", "coordinates": [-73.510968, 45.60975]}, "properties": {"nom": "DEPANNEUR DE LA PROMENADE DE L'EST INC.", "type": "Épicerie", "adresse": "9580   Rue Notre-Dame Est"}}, {"type": "Feature", "geometry": {"type": "Point", "coordinates": [-73.560982, 45.519256]}, "properties": {"nom": "EXPERIENCE BIERE", "type": "Épicerie", "adresse": "1751   Rue Atateken "}}, {"type": "Feature", "geometry": {"type": "Point", "coordinates": [-73.576826, 45.530533]}, "properties": {"nom": "PHARMACIE JEAN COUTU #61", "type": "Épicerie", "adresse": "1370   Avenue Mont-Royal Est"}}, {"type": "Feature", "geometry": {"type": "Point", "coordinates": [-73.886291, 45.452382]}, "properties": {"nom": "PROVI SOIR # 5080", "type": "Épicerie", "adresse": "18401   Rue Antoine-Faucon "}}, {"type": "Feature", "geometry": {"type": "Point", "coordinates": [-73.603129, 45.571827]}, "properties": {"nom": "DEPANNEUR XELLENT", "type": "Épicerie", "adresse": "8151   Boulevard Pie-IX "}}, {"type": "Feature", "geometry": {"type": "Point", "coordinates": [-73.576715, 45.451515]}, "properties": {"nom": "DEPANNEUR TRENMORE", "type": "Épicerie avec préparation", "adresse": "5601  5601 Rue Bannantyne "}}, {"type": "Feature", "geometry": {"type": "Point", "coordinates": [-73.671987, 45.441964]}, "properties": {"nom": "COUCHE-TARD #1267", "type": "Épicerie avec préparation", "adresse": "915   Rue Provost "}}, {"type": "Feature", "geometry": {"type": "Point", "coordinates": [-73.600497, 45.477646]}, "properties": {"nom": "ATELIER DE REPARATION MARTIN SWISS", "type": "Épicerie", "adresse": "313   Avenue Victoria "}}, {"type": "Feature", "geometry": {"type": "Point", "coordinates": [-73.62031, 45.479649]}, "properties": {"nom": "TABAGIE T ET L S.E.N.C.", "type": "Épicerie", "adresse": "4331   Boulevard Décarie "}}, {"type": "Feature", "geometry": {"type": "Point", "coordinates": [-73.638327, 45.487523]}, "properties": {"nom": "DEPANNEUR DAMIEN", "type": "Épicerie", "adresse": "5700   Boulevard Décarie "}}, {"type": "Feature", "geometry": {"type": "Point", "coordinates": [-73.566733, 45.465829]}, "properties": {"nom": "TABAGIE WELLINGTON", "type": "Épicerie", "adresse": "3801   Rue Wellington "}}, {"type": "Feature", "geometry": {"type": "Point", "coordinates": [-73.747329, 45.456946]}, "properties": {"nom": "1 MINUTE (ARRIVÉES)", "type": "Épicerie avec préparation", "adresse": "975   Boulevard Roméo-Vachon Nord"}}, {"type": "Feature", "geometry": {"type": "Point", "coordinates": [-73.575878, 45.546475]}, "properties": {"nom": "PHARMACIE JEAN COUTU", "type": "Épicerie", "adresse": "2700   Rue Masson "}}, {"type": "Feature", "geometry": {"type": "Point", "coordinates": [-73.58939, 45.568754]}, "properties": {"nom": "EPICERIE METRO PLUS PIE-IX JEAN-TALON", "type": "Supermarché", "adresse": "4290   Rue Jean-Talon Est"}}, {"type": "Feature", "geometry": {"type": "Point", "coordinates": [-73.582602, 45.534715]}, "properties": {"nom": "MECHANTS PINSONS", "type": "Épicerie avec préparation", "adresse": "1546   Avenue Laurier Est"}}, {"type": "Feature", "geometry": {"type": "Point", "coordinates": [-73.582864, 45.538364]}, "properties": {"nom": "MARCHE PELLETIER", "type": "Épicerie", "adresse": "1912   Rue Masson "}}, {"type": "Feature", "geometry": {"type": "Point", "coordinates": [-73.568553, 45.518547]}, "properties": {"nom": "TOI MOI ET CAFE EXPRESS", "type": "Épicerie avec préparation", "adresse": "3580   Rue Berri "}}, {"type": "Feature", "geometry": {"type": "Point", "coordinates": [-73.532002, 45.579588]}, "properties": {"nom": "COUCHE-TARD #1251", "type": "Épicerie avec préparation", "adresse": "6685   Rue Hochelaga "}}, {"type": "Feature", "geometry": {"type": "Point", "coordinates": [-73.560052, 45.533618]}, "properties": {"nom": "DEPANNEUR PINGATO", "type": "Épicerie", "adresse": "2439   Rue Sheppard "}}, {"type": "Feature", "geometry": {"type": "Point", "coordinates": [-73.585546, 45.627954]}, "properties": {"nom": "ALIMENTATION L'EPICIER", "type": "Épicerie", "adresse": "11460   Boulevard Armand-Bombardier "}}, {"type": "Feature", "geometry": {"type": "Point", "coordinates": [-73.551656, 45.52555]}, "properties": {"nom": "COUCHE-TARD", "type": "Épicerie", "adresse": "2155   Boulevard De Maisonneuve Est"}}, {"type": "Feature", "geometry": {"type": "Point", "coordinates": [-73.540413, 45.572156]}, "properties": {"nom": "PROXIM PHARMACIE AFFILIE TRAN ET LEUNG", "type": "Épicerie", "adresse": "2680   Rue Lacordaire "}}, {"type": "Feature", "geometry": {"type": "Point", "coordinates": [-73.59864, 45.525696]}, "properties": {"nom": "BRULERIE FARO", "type": "Épicerie avec préparation", "adresse": "5505   Boulevard Saint-Laurent "}}, {"type": "Feature", "geometry": {"type": "Point", "coordinates": [-73.555474, 45.519216]}, "properties": {"nom": "DEPANNEUR DU VILLAGE", "type": "Épicerie avec préparation", "adresse": "1273   Rue Sainte-Catherine Est"}}, {"type": "Feature", "geometry": {"type": "Point", "coordinates": [-73.574342, 45.51471]}, "properties": {"nom": "SUPERMARCHE LA MAIN INC.", "type": "Épicerie avec préparation", "adresse": "3695   Boulevard Saint-Laurent "}}, {"type": "Feature", "geometry": {"type": "Point", "coordinates": [-73.581363, 45.517865]}, "properties": {"nom": "DEPANNEUR J.Z.", "type": "Épicerie avec préparation", "adresse": "4171   Boulevard Saint-Laurent "}}, {"type": "Feature", "geometry": {"type": "Point", "coordinates": [-73.543354, 45.539821]}, "properties": {"nom": "MARCHE LE QUARTIER", "type": "Épicerie avec préparation", "adresse": "1546   Rue Dézéry "}}, {"type": "Feature", "geometry": {"type": "Point", "coordinates": [-73.576114, 45.520498]}, "properties": {"nom": "LES SAUCES PIQUANTES PIKO PEPPERS INC.", "type": "Épicerie", "adresse": "367   Avenue Duluth Est"}}, {"type": "Feature", "geometry": {"type": "Point", "coordinates": [-73.625703, 45.524419]}, "properties": {"nom": "RAM SWEET SHOP", "type": "Épicerie avec préparation", "adresse": "1016   Rue Jean-Talon Ouest"}}, {"type": "Feature", "geometry": {"type": "Point", "coordinates": [-73.637312, 45.494719]}, "properties": {"nom": "MARCHE KIM HOUR", "type": "Épicerie avec préparation", "adresse": "4777   Avenue Van Horne "}}, {"type": "Feature", "geometry": {"type": "Point", "coordinates": [-73.609658, 45.46888]}, "properties": {"nom": "DEPANNEUR MINTO", "type": "Épicerie avec préparation", "adresse": "5650   Chemin Upper-Lachine "}}, {"type": "Feature", "geometry": {"type": "Point", "coordinates": [-73.567412, 45.45835]}, "properties": {"nom": "DEPANNEUR Y&Y", "type": "Épicerie", "adresse": "4602   Rue Wellington "}}, {"type": "Feature", "geometry": {"type": "Point", "coordinates": [-73.557165, 45.537533]}, "properties": {"nom": "DEPANNEUR JOUR ET NUIT LL", "type": "Épicerie", "adresse": "2750   Rue Hochelaga "}}, {"type": "Feature", "geometry": {"type": "Point", "coordinates": [-73.579595, 45.503269]}, "properties": {"nom": "PROVI-SOIR", "type": "Épicerie avec préparation", "adresse": "1100   Avenue Docteur-Penfield "}}, {"type": "Feature", "geometry": {"type": "Point", "coordinates": [-73.62363, 45.582667]}, "properties": {"nom": "MARCHE SEOMICA", "type": "Épicerie avec préparation", "adresse": "4200   Rue 51e "}}, {"type": "Feature", "geometry": {"type": "Point", "coordinates": [-73.567618, 45.654906]}, "properties": {"nom": "MARCHE ILLIAMISE", "type": "Épicerie avec préparation", "adresse": "9630   Rue 4e "}}, {"type": "Feature", "geometry": {"type": "Point", "coordinates": [-73.499202, 45.669712]}, "properties": {"nom": "DEPANNEUR BONNE CHANCE", "type": "Épicerie avec préparation", "adresse": "14090   Rue De Montigny "}}, {"type": "Feature", "geometry": {"type": "Point", "coordinates": [-73.552912, 45.52381]}, "properties": {"nom": "TABAGIE METRO PAPINEAU", "type": "Épicerie", "adresse": "1425   Rue Cartier "}}, {"type": "Feature", "geometry": {"type": "Point", "coordinates": [-73.570218, 45.556362]}, "properties": {"nom": "CHARCUTERIE VARSOVIE", "type": "Boucherie-épicerie", "adresse": "3833   Rue Masson "}}, {"type": "Feature", "geometry": {"type": "Point", "coordinates": [-73.57972, 45.520107]}, "properties": {"nom": "@ MATCH", "type": "Épicerie", "adresse": "220   Rue Rachel Est"}}, {"type": "Feature", "geometry": {"type": "Point", "coordinates": [-73.542854, 45.540452]}, "properties": {"nom": "DEPANNEUR ANGELYNN", "type": "Épicerie", "adresse": "1535   Rue Saint-Germain "}}, {"type": "Feature", "geometry": {"type": "Point", "coordinates": [-73.64198, 45.475156]}, "properties": {"nom": "BASKIN ROBBINS", "type": "Épicerie avec préparation", "adresse": "6170   Chemin Côte-Saint-Luc "}}, {"type": "Feature", "geometry": {"type": "Point", "coordinates": [-73.570961, 45.504828]}, "properties": {"nom": "CHOCOLATERIE LEONIDAS", "type": "Épicerie avec préparation", "adresse": "605   Boulevard De Maisonneuve Ouest"}}, {"type": "Feature", "geometry": {"type": "Point", "coordinates": [-73.626112, 45.552517]}, "properties": {"nom": "FAMILIPRIX EXTRA", "type": "Épicerie", "adresse": "1451  101 Boulevard Crémazie Est"}}, {"type": "Feature", "geometry": {"type": "Point", "coordinates": [-73.639371, 45.4543]}, "properties": {"nom": "MARCHE FRUITERIE CITE", "type": "Épicerie avec préparation", "adresse": "7427   Avenue Harley "}}, {"type": "Feature", "geometry": {"type": "Point", "coordinates": [-73.560006, 45.50806]}, "properties": {"nom": "PATISSERIE COCO", "type": "Épicerie avec préparation", "adresse": "2   Rue De La Gauchetière Ouest"}}, {"type": "Feature", "geometry": {"type": "Point", "coordinates": [-73.578856, 45.494166]}, "properties": {"nom": "MARCHE NEWON", "type": "Supermarché", "adresse": "1616  302 Rue Sainte-Catherine Ouest"}}, {"type": "Feature", "geometry": {"type": "Point", "coordinates": [-73.570823, 45.50186]}, "properties": {"nom": "STATION VITAMINE", "type": "Épicerie avec préparation", "adresse": "1253  W-9 Avenue McGill College "}}, {"type": "Feature", "geometry": {"type": "Point", "coordinates": [-73.637193, 45.432729]}, "properties": {"nom": "CREVIER", "type": "Épicerie", "adresse": "2430   Avenue Dollard "}}, {"type": "Feature", "geometry": {"type": "Point", "coordinates": [-73.664028, 45.477032]}, "properties": {"nom": "SUSHI EXPRESS METSUYAN (CONSIGNATION IGA).", "type": "Épicerie", "adresse": "5800   Boulevard Cavendish "}}, {"type": "Feature", "geometry": {"type": "Point", "coordinates": [-73.713276, 45.523909]}, "properties": {"nom": "LES ALIMENTS KIM PHAT (SAINT-LAURENT)", "type": "Supermarché", "adresse": "1935   Boulevard Keller "}}, {"type": "Feature", "geometry": {"type": "Point", "coordinates": [-73.582395, 45.534525]}, "properties": {"nom": "PASTILLE - CHOCOLATERIE ARTISANALE", "type": "Épicerie avec préparation", "adresse": "5090   Rue Fabre "}}, {"type": "Feature", "geometry": {"type": "Point", "coordinates": [-73.657301, 45.561257]}, "properties": {"nom": "FOUVRAC FLEURY (MAGASIN)", "type": "Épicerie", "adresse": "1404 A  Rue Fleury Est"}}, {"type": "Feature", "geometry": {"type": "Point", "coordinates": [-73.61357, 45.532523]}, "properties": {"nom": "LES EPICES ANATOL", "type": "Épicerie avec préparation", "adresse": "6807   Boulevard Saint-Laurent "}}, {"type": "Feature", "geometry": {"type": "Point", "coordinates": [-73.617217, 45.580705]}, "properties": {"nom": "DEPANNEUR 7 BONS", "type": "Épicerie", "adresse": "4220   Rue 42e "}}, {"type": "Feature", "geometry": {"type": "Point", "coordinates": [-73.563885, 45.516639]}, "properties": {"nom": "NOIX ET COMPAGNIE", "type": "Épicerie avec préparation", "adresse": "1717   Rue Berri "}}, {"type": "Feature", "geometry": {"type": "Point", "coordinates": [-73.584743, 45.519379]}, "properties": {"nom": "EPICERIE SABOR LATINO #2", "type": "Épicerie avec préparation", "adresse": "4387   Boulevard Saint-Laurent "}}, {"type": "Feature", "geometry": {"type": "Point", "coordinates": [-73.576479, 45.609829]}, "properties": {"nom": "L'ARTISAN DE LA MER", "type": "Épicerie", "adresse": "9701   Boulevard Louis-H.-La Fontaine "}}, {"type": "Feature", "geometry": {"type": "Point", "coordinates": [-73.583201, 45.577149]}, "properties": {"nom": "ALIMENTS SANTE NATURASOL", "type": "Aliments naturels", "adresse": "5138   Rue Jean-Talon Est"}}, {"type": "Feature", "geometry": {"type": "Point", "coordinates": [-73.846597, 45.432564]}, "properties": {"nom": "SUSHI AKI BEACONSFIELD", "type": "Épicerie avec préparation", "adresse": "50  BUR17 Boulevard Saint-Charles "}}, {"type": "Feature", "geometry": {"type": "Point", "coordinates": [-73.549994, 45.553189]}, "properties": {"nom": "LE MURIER", "type": "Aliments naturels", "adresse": "2615   Boulevard Pie-IX "}}, {"type": "Feature", "geometry": {"type": "Point", "coordinates": [-73.57497, 45.511197]}, "properties": {"nom": "MARCHE MILTON PARC", "type": "Épicerie", "adresse": "208   Rue Prince-Arthur Ouest"}}, {"type": "Feature", "geometry": {"type": "Point", "coordinates": [-73.55976, 45.508664]}, "properties": {"nom": "CENTRE COMMUNAUTAIRE RADISSON", "type": "Épicerie", "adresse": "1101   Rue Saint-Dominique "}}, {"type": "Feature", "geometry": {"type": "Point", "coordinates": [-73.741164, 45.44633]}, "properties": {"nom": "COUCHE-TARD #1188", "type": "Épicerie", "adresse": "395   Avenue Dorval "}}, {"type": "Feature", "geometry": {"type": "Point", "coordinates": [-73.604903, 45.536951]}, "properties": {"nom": "EPICERIE CONSERVA", "type": "Épicerie avec préparation", "adresse": "6604   Rue Saint-Hubert "}}, {"type": "Feature", "geometry": {"type": "Point", "coordinates": [-73.601623, 45.56141]}, "properties": {"nom": "P.A.R.I. DE SAINT-MICHEL", "type": "Épicerie avec préparation", "adresse": "7501   Rue François-Perrault "}}, {"type": "Feature", "geometry": {"type": "Point", "coordinates": [-73.739639, 45.450516]}, "properties": {"nom": "MARKET (DOUBLE TREE)", "type": "Épicerie", "adresse": "705   Avenue Michel-Jasmin "}}, {"type": "Feature", "geometry": {"type": "Point", "coordinates": [-73.636317, 45.486523]}, "properties": {"nom": "COUCHE-TARD #1186", "type": "Épicerie avec préparation", "adresse": "5500   Boulevard Décarie "}}, {"type": "Feature", "geometry": {"type": "Point", "coordinates": [-73.608545, 45.474181]}, "properties": {"nom": "COUCHE-TARD", "type": "Épicerie", "adresse": "2160   Boulevard Décarie "}}, {"type": "Feature", "geometry": {"type": "Point", "coordinates": [-73.647733, 45.471673]}, "properties": {"nom": "COUCHE TARD", "type": "Épicerie avec préparation", "adresse": "6500   Chemin Côte-Saint-Luc "}}, {"type": "Feature", "geometry": {"type": "Point", "coordinates": [-73.588121, 45.547462]}, "properties": {"nom": "DEPANNEUR LAURA", "type": "Épicerie", "adresse": "2500   Rue Bellechasse "}}, {"type": "Feature", "geometry": {"type": "Point", "coordinates": [-73.602756, 45.547189]}, "properties": {"nom": "EPICERIE LES RECOLTES", "type": "Épicerie avec préparation", "adresse": "1895   Rue Bélanger "}}, {"type": "Feature", "geometry": {"type": "Point", "coordinates": [-73.663667, 45.508097]}, "properties": {"nom": "COUCHE-TARD #1163", "type": "Épicerie", "adresse": "10   Avenue Sainte-Croix "}}, {"type": "Feature", "geometry": {"type": "Point", "coordinates": [-73.65682, 45.53335]}, "properties": {"nom": "COUCHE-TARD #1159", "type": "Épicerie", "adresse": "9255   Boulevard Acadie "}}, {"type": "Feature", "geometry": {"type": "Point", "coordinates": [-73.586309, 45.546424]}, "properties": {"nom": "COUCHE-TARD #1169", "type": "Épicerie", "adresse": "2488   Boulevard Rosemont "}}, {"type": "Feature", "geometry": {"type": "Point", "coordinates": [-73.552912, 45.52381]}, "properties": {"nom": "FRUIT AMINE", "type": "Marché public", "adresse": "1425   Rue Cartier "}}, {"type": "Feature", "geometry": {"type": "Point", "coordinates": [-73.784772, 45.498]}, "properties": {"nom": "DEPANNEUR QUATRE SAISON", "type": "Épicerie", "adresse": "1119   Rue Hyman "}}, {"type": "Feature", "geometry": {"type": "Point", "coordinates": [-73.576542, 45.480032]}, "properties": {"nom": "LA PETITE TOMATE (ETALS 27-28)", "type": "Épicerie avec préparation", "adresse": "138  27-28 Avenue Atwater "}}, {"type": "Feature", "geometry": {"type": "Point", "coordinates": [-73.617439, 45.630476]}, "properties": {"nom": "DEPANNEUR RIVE DES PRAIRIES", "type": "Épicerie avec préparation", "adresse": "7095  111 Boulevard Gouin Est"}}, {"type": "Feature", "geometry": {"type": "Point", "coordinates": [-73.573384, 45.534174]}, "properties": {"nom": "WILLIAM J. WALTER MONT-ROYAL", "type": "Épicerie avec préparation", "adresse": "1957   Avenue Mont-Royal Est"}}, {"type": "Feature", "geometry": {"type": "Point", "coordinates": [-73.603023, 45.52256]}, "properties": {"nom": "SUPERMARCHE MILE-END", "type": "Épicerie avec préparation", "adresse": "5600   Avenue Parc "}}, {"type": "Feature", "geometry": {"type": "Point", "coordinates": [-73.632436, 45.421051]}, "properties": {"nom": "MARCHE PARADISE LASALLE", "type": "Épicerie", "adresse": "9047   Rue Airlie "}}, {"type": "Feature", "geometry": {"type": "Point", "coordinates": [-73.588243, 45.486356]}, "properties": {"nom": "PHARMACIE JEAN-COUTU #252", "type": "Épicerie", "adresse": "1222   Avenue Greene "}}, {"type": "Feature", "geometry": {"type": "Point", "coordinates": [-73.675936, 45.51378]}, "properties": {"nom": "SUSHI BENTO", "type": "Épicerie avec préparation", "adresse": "821   Avenue Sainte-Croix "}}, {"type": "Feature", "geometry": {"type": "Point", "coordinates": [-73.670357, 45.441966]}, "properties": {"nom": "LA PICADA", "type": "Épicerie avec préparation", "adresse": "705   Rue Provost "}}, {"type": "Feature", "geometry": {"type": "Point", "coordinates": [-73.513836, 45.643614]}, "properties": {"nom": "COUCHE-TARD", "type": "Épicerie", "adresse": "12044   Rue Sherbrooke Est"}}, {"type": "Feature", "geometry": {"type": "Point", "coordinates": [-73.626776, 45.571314]}, "properties": {"nom": "MARCHE RICCO", "type": "Épicerie avec préparation", "adresse": "9010   Boulevard Saint-Michel "}}, {"type": "Feature", "geometry": {"type": "Point", "coordinates": [-73.589535, 45.568588]}, "properties": {"nom": "CANADIAN TIRE", "type": "Épicerie", "adresse": "4250   Rue Jean-Talon Est"}}, {"type": "Feature", "geometry": {"type": "Point", "coordinates": [-73.578264, 45.521843]}, "properties": {"nom": "RACHELLE-BERY #8628", "type": "Épicerie avec préparation", "adresse": "4201   Rue Saint-Denis "}}, {"type": "Feature", "geometry": {"type": "Point", "coordinates": [-73.610573, 45.447155]}, "properties": {"nom": "PHARMAPRIX", "type": "Épicerie", "adresse": "7077  #8 Boulevard Newman "}}, {"type": "Feature", "geometry": {"type": "Point", "coordinates": [-73.614928, 45.536867]}, "properties": {"nom": "LA FOURNEE DES SUCRERIES", "type": "Épicerie avec préparation", "adresse": "7070  C-22 Avenue Henri-Julien "}}, {"type": "Feature", "geometry": {"type": "Point", "coordinates": [-73.596255, 45.456752]}, "properties": {"nom": "DEPANNEUR FREESIA", "type": "Épicerie", "adresse": "2435  2435 Rue Jolicoeur "}}, {"type": "Feature", "geometry": {"type": "Point", "coordinates": [-73.587795, 45.472292]}, "properties": {"nom": "DEPANNEUR YUE WEN", "type": "Épicerie avec préparation", "adresse": "252   Rue De Courcelle "}}, {"type": "Feature", "geometry": {"type": "Point", "coordinates": [-73.700883, 45.517991]}, "properties": {"nom": "PAINS ET SAVEURS", "type": "Épicerie avec préparation", "adresse": "1950   Boulevard Marcel-Laurin "}}, {"type": "Feature", "geometry": {"type": "Point", "coordinates": [-73.572366, 45.504446]}, "properties": {"nom": "MY LITTLE CUP COMPTOIR CAFE", "type": "Épicerie avec préparation", "adresse": "2055   Boulevard Robert-Bourassa "}}, {"type": "Feature", "geometry": {"type": "Point", "coordinates": [-73.643314, 45.530645]}, "properties": {"nom": "MARCHE AYESHA", "type": "Épicerie", "adresse": "907   Rue Liège Ouest"}}, {"type": "Feature", "geometry": {"type": "Point", "coordinates": [-73.598651, 45.57609]}, "properties": {"nom": "DEPANNEUR O COIN", "type": "Épicerie", "adresse": "4545   Rue Jarry Est"}}, {"type": "Feature", "geometry": {"type": "Point", "coordinates": [-73.57499, 45.500658]}, "properties": {"nom": "TABAGIE METRO PEEL EST", "type": "Épicerie avec préparation", "adresse": "1115   Boulevard De Maisonneuve Ouest"}}, {"type": "Feature", "geometry": {"type": "Point", "coordinates": [-73.632791, 45.485505]}, "properties": {"nom": "BOULANGERIE DOUGHNATS", "type": "Épicerie avec préparation", "adresse": "5325   Boulevard Décarie "}}, {"type": "Feature", "geometry": {"type": "Point", "coordinates": [-73.571102, 45.498013]}, "properties": {"nom": "NAJI MOUSA (PRESSE GATEWAY)", "type": "Épicerie", "adresse": "1201   Boulevard René-Lévesque Ouest"}}, {"type": "Feature", "geometry": {"type": "Point", "coordinates": [-73.654199, 45.56668]}, "properties": {"nom": "AKI SUSHII", "type": "Épicerie avec préparation", "adresse": "1745   Rue Fleury Est"}}, {"type": "Feature", "geometry": {"type": "Point", "coordinates": [-73.866652, 45.460907]}, "properties": {"nom": "AKI SUSHI", "type": "Épicerie avec préparation", "adresse": "3801   Boulevard Saint-Charles "}}, {"type": "Feature", "geometry": {"type": "Point", "coordinates": [-73.609084, 45.53048]}, "properties": {"nom": "ETAT DE CHOC", "type": "Épicerie avec préparation", "adresse": "6466   Boulevard Saint-Laurent "}}, {"type": "Feature", "geometry": {"type": "Point", "coordinates": [-73.573393, 45.505071]}, "properties": {"nom": "TABAGIE MCGILL", "type": "Épicerie", "adresse": "670   Rue Sherbrooke Ouest"}}, {"type": "Feature", "geometry": {"type": "Point", "coordinates": [-73.55491, 45.535708]}, "properties": {"nom": "EPICERIE TAILLEFER", "type": "Épicerie avec préparation", "adresse": "2689   Rue Rouen "}}, {"type": "Feature", "geometry": {"type": "Point", "coordinates": [-73.687548, 45.509697]}, "properties": {"nom": "COUCHE-TARD #1162", "type": "Épicerie avec préparation", "adresse": "950   Boulevard Marcel-Laurin "}}, {"type": "Feature", "geometry": {"type": "Point", "coordinates": [-73.592813, 45.547537]}, "properties": {"nom": "RACHELLE-BERY BARCELO", "type": "Épicerie avec préparation", "adresse": "2346   Rue Beaubien Est"}}, {"type": "Feature", "geometry": {"type": "Point", "coordinates": [-73.611561, 45.564737]}, "properties": {"nom": "DOLLARAMA #1063", "type": "Épicerie", "adresse": "8261   Boulevard Saint-Michel "}}, {"type": "Feature", "geometry": {"type": "Point", "coordinates": [-73.588128, 45.518121]}, "properties": {"nom": "DEPANNEUR PARC MONT-ROYAL", "type": "Épicerie", "adresse": "201   Avenue Mont-Royal Ouest"}}, {"type": "Feature", "geometry": {"type": "Point", "coordinates": [-73.560628, 45.507216]}, "properties": {"nom": "FOSETTER", "type": "Épicerie avec préparation", "adresse": "78   Rue De La Gauchetière Ouest"}}, {"type": "Feature", "geometry": {"type": "Point", "coordinates": [-73.73168, 45.440586]}, "properties": {"nom": "LORY FLEURS", "type": "Épicerie", "adresse": "485   Chemin Bord-du-Lac-Lakeshore "}}, {"type": "Feature", "geometry": {"type": "Point", "coordinates": [-73.634059, 45.492771]}, "properties": {"nom": "MAGASIN 7-11", "type": "Épicerie", "adresse": "5765   Avenue Victoria "}}, {"type": "Feature", "geometry": {"type": "Point", "coordinates": [-73.560879, 45.58798]}, "properties": {"nom": "BOULANGERIE MALAK", "type": "Épicerie avec préparation", "adresse": "6561   Rue Beaubien Est"}}, {"type": "Feature", "geometry": {"type": "Point", "coordinates": [-73.650909, 45.550184]}, "properties": {"nom": "MARCHE MARCOUX ET FRERES", "type": "Épicerie", "adresse": "9485   Rue Lajeunesse "}}, {"type": "Feature", "geometry": {"type": "Point", "coordinates": [-73.615781, 45.536865]}, "properties": {"nom": "PATISSERIE SAINT-MARTIN", "type": "Épicerie avec préparation", "adresse": "268   Rue Jean-Talon Est"}}, {"type": "Feature", "geometry": {"type": "Point", "coordinates": [-73.537626, 45.570558]}, "properties": {"nom": "DEPANNEUR 5750", "type": "Épicerie", "adresse": "5750   Rue Hochelaga "}}, {"type": "Feature", "geometry": {"type": "Point", "coordinates": [-73.787558, 45.501685]}, "properties": {"nom": "PROVI-SOIR #5098", "type": "Épicerie", "adresse": "1800   Boulevard Sunnybrooke "}}, {"type": "Feature", "geometry": {"type": "Point", "coordinates": [-73.567488, 45.571141]}, "properties": {"nom": "DEPANNEUR CHEZ ASTOR", "type": "Épicerie", "adresse": "5086   Rue Bellechasse "}}, {"type": "Feature", "geometry": {"type": "Point", "coordinates": [-73.546108, 45.548934]}, "properties": {"nom": "DEPANNEUR SUNNY YANG", "type": "Épicerie", "adresse": "2231   Avenue Bourbonnière "}}, {"type": "Feature", "geometry": {"type": "Point", "coordinates": [-73.674158, 45.520734]}, "properties": {"nom": "METRO-PLUS CÔTE-VERTU", "type": "Supermarché", "adresse": "740  134 Boulevard Côte-Vertu "}}, {"type": "Feature", "geometry": {"type": "Point", "coordinates": [-73.633125, 45.587038]}, "properties": {"nom": "COUCHE-TARD #1167", "type": "Épicerie", "adresse": "10433   Boulevard Pie-IX "}}, {"type": "Feature", "geometry": {"type": "Point", "coordinates": [-73.587914, 45.564282]}, "properties": {"nom": "COUCHE-TARD #1151", "type": "Épicerie", "adresse": "4085   Rue Bélanger "}}, {"type": "Feature", "geometry": {"type": "Point", "coordinates": [-73.538382, 45.467371]}, "properties": {"nom": "COUCHE-TARD #1190", "type": "Épicerie", "adresse": "22   Place Commerce "}}, {"type": "Feature", "geometry": {"type": "Point", "coordinates": [-73.58328, 45.516325]}, "properties": {"nom": "EDMOND CAFE CANTINE", "type": "Épicerie avec préparation", "adresse": "105   Rue Rachel Ouest"}}, {"type": "Feature", "geometry": {"type": "Point", "coordinates": [-73.553657, 45.505787]}, "properties": {"nom": "DEPANNEUR AVIRON SUPER", "type": "Épicerie", "adresse": "8   Rue Saint-Paul Est"}}, {"type": "Feature", "geometry": {"type": "Point", "coordinates": [-73.593703, 45.5252]}, "properties": {"nom": "ALIPOP", "type": "Épicerie", "adresse": "5201   Avenue Casgrain "}}, {"type": "Feature", "geometry": {"type": "Point", "coordinates": [-73.641792, 45.540899]}, "properties": {"nom": "TABAGIE BONJOUR 50", "type": "Épicerie", "adresse": "50  20 Boulevard Crémazie Ouest"}}, {"type": "Feature", "geometry": {"type": "Point", "coordinates": [-73.679619, 45.522045]}, "properties": {"nom": "DEPANNEUR CHEZ ANNY ET MARIO", "type": "Épicerie", "adresse": "1317   Rue Barré "}}, {"type": "Feature", "geometry": {"type": "Point", "coordinates": [-73.587914, 45.564282]}, "properties": {"nom": "COMMERCE LAMINE ABRICHE (ULTRAMAR)", "type": "Épicerie avec préparation", "adresse": "4090   Rue Bélanger "}}, {"type": "Feature", "geometry": {"type": "Point", "coordinates": [-73.842264, 45.480643]}, "properties": {"nom": "PHARMAPRIX", "type": "Épicerie", "adresse": "4301   Boulevard Saint-Jean "}}, {"type": "Feature", "geometry": {"type": "Point", "coordinates": [-73.580663, 45.542374]}, "properties": {"nom": "LE MONDE EST SCONE", "type": "Épicerie", "adresse": "5500  325 Rue Fullum "}}, {"type": "Feature", "geometry": {"type": "Point", "coordinates": [-73.548366, 45.545991]}, "properties": {"nom": "DEPANNEUR BEAULIEU 2019", "type": "Épicerie", "adresse": "3570   Rue Rouen "}}, {"type": "Feature", "geometry": {"type": "Point", "coordinates": [-73.589578, 45.56854]}, "properties": {"nom": "MARCHE ATLAS", "type": "Supermarché", "adresse": "4265   Rue Jean-Talon Est"}}, {"type": "Feature", "geometry": {"type": "Point", "coordinates": [-73.567184, 45.460853]}, "properties": {"nom": "MARCHE LA GAZELLE", "type": "Boucherie-épicerie", "adresse": "4307   Rue Wellington "}}, {"type": "Feature", "geometry": {"type": "Point", "coordinates": [-73.511283, 45.594529]}, "properties": {"nom": "MÉTRO", "type": "Supermarché", "adresse": "8355   Rue Notre-Dame Est"}}, {"type": "Feature", "geometry": {"type": "Point", "coordinates": [-73.599702, 45.524949]}, "properties": {"nom": "LLOYDIE'S ST-VIATEUR", "type": "Épicerie avec préparation", "adresse": "66   Rue Saint-Viateur Ouest"}}, {"type": "Feature", "geometry": {"type": "Point", "coordinates": [-73.61888, 45.468985]}, "properties": {"nom": "DEPANNEUR B&B NDG", "type": "Épicerie avec préparation", "adresse": "5902   Rue Sherbrooke Ouest"}}, {"type": "Feature", "geometry": {"type": "Point", "coordinates": [-73.553265, 45.505165]}, "properties": {"nom": "PRODUITS D'ERABLE BOIVIN HASTINGS", "type": "Épicerie", "adresse": "2  QUAI KING EDWARD Rue Commune Ouest"}}, {"type": "Feature", "geometry": {"type": "Point", "coordinates": [-73.561687, 45.51232]}, "properties": {"nom": "ALIMENTATION BONI-CHOIX", "type": "Épicerie", "adresse": "257   Rue Sainte-Catherine Est"}}, {"type": "Feature", "geometry": {"type": "Point", "coordinates": [-73.606211, 45.532674]}, "properties": {"nom": "M. ET MME CHOCOLAT", "type": "Épicerie avec préparation", "adresse": "273  100-A Rue Beaubien Est"}}, {"type": "Feature", "geometry": {"type": "Point", "coordinates": [-73.628789, 45.61725]}, "properties": {"nom": "MARCHE DU NORD (ANGLE RUE ROLLAND ET ARTHUR-CREVIER)", "type": "Marché public", "adresse": "5872   Boulevard Léger "}}, {"type": "Feature", "geometry": {"type": "Point", "coordinates": [-73.606112, 45.523022]}, "properties": {"nom": "VIANDES MEHADRIN", "type": "Boucherie-épicerie", "adresse": "387   Rue Bernard Ouest"}}, {"type": "Feature", "geometry": {"type": "Point", "coordinates": [-73.556351, 45.50485]}, "properties": {"nom": "LE PETIT DEP", "type": "Épicerie avec préparation", "adresse": "461   Rue Saint-Sulpice "}}, {"type": "Feature", "geometry": {"type": "Point", "coordinates": [-73.639604, 45.427146]}, "properties": {"nom": "EPICERIE AFRICAINE SANO HALAL FOOD", "type": "Épicerie avec préparation", "adresse": "1023   Avenue 90e "}}, {"type": "Feature", "geometry": {"type": "Point", "coordinates": [-73.820694, 45.507706]}, "properties": {"nom": "MARCHE AMEEN", "type": "Boucherie-épicerie", "adresse": "4991   Boulevard Sources "}}, {"type": "Feature", "geometry": {"type": "Point", "coordinates": [-73.538929, 45.590095]}, "properties": {"nom": "LAURA SECORD #5225", "type": "Épicerie avec préparation", "adresse": "7275  09 Rue Sherbrooke Est"}}, {"type": "Feature", "geometry": {"type": "Point", "coordinates": [-73.573294, 45.54098]}, "properties": {"nom": "CREALUNCH", "type": "Épicerie avec préparation", "adresse": "5000  240 Rue D'Iberville "}}, {"type": "Feature", "geometry": {"type": "Point", "coordinates": [-73.57419, 45.549252]}, "properties": {"nom": "FOU DELICE (MEGA VRAC)", "type": "Épicerie avec préparation", "adresse": "3101   Rue Masson "}}, {"type": "Feature", "geometry": {"type": "Point", "coordinates": [-73.613335, 45.536085]}, "properties": {"nom": "DEPANNEUR LE KAHERA", "type": "Épicerie", "adresse": "282   Avenue Mozart Est"}}, {"type": "Feature", "geometry": {"type": "Point", "coordinates": [-73.602772, 45.527581]}, "properties": {"nom": "EPICERIE LE  BUTTERBLUME", "type": "Épicerie avec préparation", "adresse": "5830   Boulevard Saint-Laurent "}}, {"type": "Feature", "geometry": {"type": "Point", "coordinates": [-73.640436, 45.495619]}, "properties": {"nom": "NOUVEAU BISMILLAH BAZAR", "type": "Épicerie avec préparation", "adresse": "6495   Avenue Victoria "}}, {"type": "Feature", "geometry": {"type": "Point", "coordinates": [-73.598404, 45.552254]}, "properties": {"nom": "STATION-SERVICE SHELL", "type": "Épicerie", "adresse": "2500   Rue Bélanger "}}, {"type": "Feature", "geometry": {"type": "Point", "coordinates": [-73.638219, 45.546429]}, "properties": {"nom": "CAFE J & P RIKA (VAN HOUTE EDIFICE FTQ)", "type": "Épicerie avec préparation", "adresse": "545   Boulevard Crémazie Est"}}, {"type": "Feature", "geometry": {"type": "Point", "coordinates": [-73.542766, 45.544645]}, "properties": {"nom": "DEPANNEUR ST-ONGE", "type": "Épicerie avec préparation", "adresse": "3588   Rue La Fontaine "}}, {"type": "Feature", "geometry": {"type": "Point", "coordinates": [-73.603124, 45.546169]}, "properties": {"nom": "DEPANNEUR DES AMIS", "type": "Épicerie", "adresse": "6939   Avenue Papineau "}}, {"type": "Feature", "geometry": {"type": "Point", "coordinates": [-73.717941, 45.527082]}, "properties": {"nom": "MARCHE MADNI", "type": "Épicerie avec préparation", "adresse": "12083   Boulevard Laurentien "}}, {"type": "Feature", "geometry": {"type": "Point", "coordinates": [-73.826525, 45.428827]}, "properties": {"nom": "LES BISCUITS MAROOKIES", "type": "Épicerie avec préparation", "adresse": "307   Chemin Bord-du-Lac-Lakeshore "}}, {"type": "Feature", "geometry": {"type": "Point", "coordinates": [-73.598768, 45.540881]}, "properties": {"nom": "PANADERIA MEXICANA SARAI", "type": "Épicerie avec préparation", "adresse": "1365   Rue Beaubien Est"}}, {"type": "Feature", "geometry": {"type": "Point", "coordinates": [-73.577202, 45.522827]}, "properties": {"nom": "EPICERIE BASTA", "type": "Épicerie avec préparation", "adresse": "505   Rue Rachel Est"}}, {"type": "Feature", "geometry": {"type": "Point", "coordinates": [-73.55965, 45.539136]}, "properties": {"nom": "STATION-SERVICE SHELL", "type": "Épicerie", "adresse": "2800   Rue Sherbrooke Est"}}, {"type": "Feature", "geometry": {"type": "Point", "coordinates": [-73.626795, 45.537652]}, "properties": {"nom": "RUE20", "type": "Épicerie avec préparation", "adresse": "7807   Boulevard Saint-Laurent "}}, {"type": "Feature", "geometry": {"type": "Point", "coordinates": [-73.613501, 45.539785]}, "properties": {"nom": "COUCHE-TARD #1352", "type": "Épicerie avec préparation", "adresse": "600   Rue Jean-Talon Est"}}, {"type": "Feature", "geometry": {"type": "Point", "coordinates": [-73.574854, 45.494777]}, "properties": {"nom": "LE MARCHE GANESH", "type": "Épicerie avec préparation", "adresse": "1165   Rue Mackay "}}, {"type": "Feature", "geometry": {"type": "Point", "coordinates": [-73.569141, 45.478597]}, "properties": {"nom": "COUCHE-TARD #1209", "type": "Épicerie avec préparation", "adresse": "2580   Rue Centre "}}, {"type": "Feature", "geometry": {"type": "Point", "coordinates": [-73.786781, 45.450285]}, "properties": {"nom": "MAISON BRAMBLE", "type": "Épicerie", "adresse": "53   Avenue Donegani "}}, {"type": "Feature", "geometry": {"type": "Point", "coordinates": [-73.696879, 45.509163]}, "properties": {"nom": "COUCHE-TARD", "type": "Épicerie avec préparation", "adresse": "1315   Boulevard Alexis-Nihon "}}, {"type": "Feature", "geometry": {"type": "Point", "coordinates": [-73.877738, 45.487252]}, "properties": {"nom": "LES BISCUITS JOSIE", "type": "Épicerie avec préparation", "adresse": "449   Rue Cherrier "}}, {"type": "Feature", "geometry": {"type": "Point", "coordinates": [-73.614928, 45.536867]}, "properties": {"nom": "VERGER ERIC TANGUAY", "type": "Marché public", "adresse": "7070   Avenue Henri-Julien "}}, {"type": "Feature", "geometry": {"type": "Point", "coordinates": [-73.614928, 45.536867]}, "properties": {"nom": "DOMAINE VILLENEUVE ST-JOSEPH DU LAC", "type": "Marché public", "adresse": "7070   Avenue Henri-Julien "}}, {"type": "Feature", "geometry": {"type": "Point", "coordinates": [-73.614928, 45.536867]}, "properties": {"nom": "ERABLIERE LUSSIER", "type": "Marché public", "adresse": "7070   Avenue Henri-Julien "}}, {"type": "Feature", "geometry": {"type": "Point", "coordinates": [-73.614928, 45.536867]}, "properties": {"nom": "BEL HORIZON ROUGEMONT", "type": "Marché public", "adresse": "7070   Avenue Henri-Julien "}}, {"type": "Feature", "geometry": {"type": "Point", "coordinates": [-73.615997, 45.534993]}, "properties": {"nom": "BBQ QUEBEC MONTREAL", "type": "Épicerie", "adresse": "77   Avenue Shamrock "}}, {"type": "Feature", "geometry": {"type": "Point", "coordinates": [-73.576542, 45.480032]}, "properties": {"nom": "OLIVE & OLIVES", "type": "Épicerie", "adresse": "138  19 Avenue Atwater "}}, {"type": "Feature", "geometry": {"type": "Point", "coordinates": [-73.551262, 45.605126]}, "properties": {"nom": "AKI SUSHI", "type": "Épicerie avec préparation", "adresse": "6500   Boulevard Joseph-Renaud "}}, {"type": "Feature", "geometry": {"type": "Point", "coordinates": [-73.576542, 45.480032]}, "properties": {"nom": "MAROIS MARAICHER", "type": "Marché public", "adresse": "138   Avenue Atwater "}}, {"type": "Feature", "geometry": {"type": "Point", "coordinates": [-73.545874, 45.592361]}, "properties": {"nom": "DEPANNEUR PURADCHIKA", "type": "Épicerie", "adresse": "7235   Rue Pierre-Corneille "}}, {"type": "Feature", "geometry": {"type": "Point", "coordinates": [-73.607109, 45.54788]}, "properties": {"nom": "TABAGIE METRO FABRE", "type": "Épicerie", "adresse": "1737   Rue Jean-Talon Est"}}, {"type": "Feature", "geometry": {"type": "Point", "coordinates": [-73.571841, 45.457399]}, "properties": {"nom": "DEPANNEUR DU COIN", "type": "Épicerie", "adresse": "4800   Rue Verdun "}}, {"type": "Feature", "geometry": {"type": "Point", "coordinates": [-73.542735, 45.548248]}, "properties": {"nom": "DEPANNEUR SERVO SOIR", "type": "Épicerie avec préparation", "adresse": "3893   Rue Ontario Est"}}, {"type": "Feature", "geometry": {"type": "Point", "coordinates": [-73.624958, 45.521584]}, "properties": {"nom": "METRO PLUS - VILLE MONT-ROYAL", "type": "Supermarché", "adresse": "1280   Avenue Beaumont "}}, {"type": "Feature", "geometry": {"type": "Point", "coordinates": [-73.593749, 45.552008]}, "properties": {"nom": "MARCHE 7 JOURS", "type": "Épicerie", "adresse": "2601   Rue Saint-Zotique Est"}}, {"type": "Feature", "geometry": {"type": "Point", "coordinates": [-73.577638, 45.496121]}, "properties": {"nom": "MATCHA ZANMAI", "type": "Épicerie avec préparation", "adresse": "1428   Rue Mackay "}}, {"type": "Feature", "geometry": {"type": "Point", "coordinates": [-73.643463, 45.516933]}, "properties": {"nom": "PHARMAPRIX", "type": "Épicerie", "adresse": "1335   Chemin Canora "}}, {"type": "Feature", "geometry": {"type": "Point", "coordinates": [-73.572436, 45.591486]}, "properties": {"nom": "LES MARCHES D'ALIMENTS NATURELS TAU", "type": "Épicerie avec préparation", "adresse": "7373   Boulevard Langelier "}}, {"type": "Feature", "geometry": {"type": "Point", "coordinates": [-73.61692, 45.469994]}, "properties": {"nom": "MARCHE BIO NDG", "type": "Épicerie avec préparation", "adresse": "5785   Rue Sherbrooke Ouest"}}, {"type": "Feature", "geometry": {"type": "Point", "coordinates": [-73.621046, 45.586948]}, "properties": {"nom": "D & K MARCHE DEPOT", "type": "Épicerie", "adresse": "4595   Boulevard Grandes-Prairies "}}, {"type": "Feature", "geometry": {"type": "Point", "coordinates": [-73.540607, 45.586931]}, "properties": {"nom": "ILE DES GOURMANDS", "type": "Épicerie avec préparation", "adresse": "6976   Rue Sherbrooke Est"}}, {"type": "Feature", "geometry": {"type": "Point", "coordinates": [-73.633923, 45.430074]}, "properties": {"nom": "AKI SUSHI DOLLARD", "type": "Épicerie avec préparation", "adresse": "1880   Avenue Dollard "}}, {"type": "Feature", "geometry": {"type": "Point", "coordinates": [-73.560412, 45.508299]}, "properties": {"nom": "EPICERIE A LAM KEE", "type": "Épicerie avec préparation", "adresse": "1065   Boulevard Saint-Laurent "}}, {"type": "Feature", "geometry": {"type": "Point", "coordinates": [-73.573023, 45.52385]}, "properties": {"nom": "SANDWICHERIE SUE", "type": "Épicerie avec préparation", "adresse": "951   Avenue Duluth Est"}}, {"type": "Feature", "geometry": {"type": "Point", "coordinates": [-73.631839, 45.49178]}, "properties": {"nom": "JOLEE EXPRESS", "type": "Épicerie avec préparation", "adresse": "5499   Avenue Victoria "}}, {"type": "Feature", "geometry": {"type": "Point", "coordinates": [-73.58851, 45.486471]}, "properties": {"nom": "LES BOULANGERIES ET PATISSERIES FORNO WEST", "type": "Épicerie avec préparation", "adresse": "1235   Avenue Greene "}}, {"type": "Feature", "geometry": {"type": "Point", "coordinates": [-73.619289, 45.498473]}, "properties": {"nom": "CAFE ETUDIANT ANTHROPOLOGIE", "type": "Épicerie", "adresse": "3150  3029 Rue Jean-Brillant "}}, {"type": "Feature", "geometry": {"type": "Point", "coordinates": [-73.624852, 45.621695]}, "properties": {"nom": "MARCHE RIO", "type": "Épicerie avec préparation", "adresse": "6247   Boulevard Léger "}}, {"type": "Feature", "geometry": {"type": "Point", "coordinates": [-73.59558, 45.524305]}, "properties": {"nom": "ROMARIN EPICERIE ZERO DECHET", "type": "Épicerie avec préparation", "adresse": "5251   Boulevard Saint-Laurent "}}, {"type": "Feature", "geometry": {"type": "Point", "coordinates": [-73.587514, 45.564927]}, "properties": {"nom": "MARCHE THUVAARAKAI", "type": "Épicerie", "adresse": "7000   Boulevard Pie-IX "}}, {"type": "Feature", "geometry": {"type": "Point", "coordinates": [-73.569034, 45.478662]}, "properties": {"nom": "MARCHE AL-RAJI", "type": "Épicerie avec préparation", "adresse": "2557   Rue Centre "}}, {"type": "Feature", "geometry": {"type": "Point", "coordinates": [-73.582063, 45.517596]}, "properties": {"nom": "ROUGE ET BLANC", "type": "Épicerie", "adresse": "33   Rue Rachel Ouest"}}, {"type": "Feature", "geometry": {"type": "Point", "coordinates": [-73.619168, 45.431219]}, "properties": {"nom": "MARCHE EXPRESS #726", "type": "Épicerie avec préparation", "adresse": "1325   Boulevard Shevchenko "}}, {"type": "Feature", "geometry": {"type": "Point", "coordinates": [-73.596358, 45.459401]}, "properties": {"nom": "DEPANNEUR JIU HE", "type": "Épicerie", "adresse": "5921   Boulevard Monk "}}, {"type": "Feature", "geometry": {"type": "Point", "coordinates": [-73.587466, 45.520606]}, "properties": {"nom": "ALIMENTS PHILLIP VIENS", "type": "Boucherie-épicerie", "adresse": "4556 B  Boulevard Saint-Laurent "}}, {"type": "Feature", "geometry": {"type": "Point", "coordinates": [-73.551843, 45.546146]}, "properties": {"nom": "FAMILIPRIX JEAN-MAURICE WEIBEL", "type": "Épicerie", "adresse": "3495   Rue Hochelaga "}}, {"type": "Feature", "geometry": {"type": "Point", "coordinates": [-73.54501, 45.544792]}, "properties": {"nom": "MEGA VRAC ONTARIO", "type": "Épicerie avec préparation", "adresse": "3562   Rue Ontario Est"}}, {"type": "Feature", "geometry": {"type": "Point", "coordinates": [-73.583711, 45.608336]}, "properties": {"nom": "AKI SUSHI", "type": "Épicerie avec préparation", "adresse": "7172   Rue Bombardier "}}, {"type": "Feature", "geometry": {"type": "Point", "coordinates": [-73.532847, 45.552635]}, "properties": {"nom": "PHARMACIE JEAN-COUTU", "type": "Épicerie", "adresse": "4484   Rue Sainte-Catherine Est"}}, {"type": "Feature", "geometry": {"type": "Point", "coordinates": [-73.543878, 45.58137]}, "properties": {"nom": "AKI SUSHI", "type": "Épicerie avec préparation", "adresse": "6550   Rue Sherbrooke Est"}}, {"type": "Feature", "geometry": {"type": "Point", "coordinates": [-73.656408, 45.562766]}, "properties": {"nom": "AUX FRUITS FLEURY", "type": "Épicerie avec préparation", "adresse": "1513   Rue Fleury Est"}}, {"type": "Feature", "geometry": {"type": "Point", "coordinates": [-73.688103, 45.436063]}, "properties": {"nom": "LES ALIMENTS M&M", "type": "Épicerie", "adresse": "2750   Rue Victoria "}}, {"type": "Feature", "geometry": {"type": "Point", "coordinates": [-73.587596, 45.518758]}, "properties": {"nom": "JULIAN'S COMPTOIR GOURMAND", "type": "Épicerie avec préparation", "adresse": "111   Avenue Mont-Royal Ouest"}}, {"type": "Feature", "geometry": {"type": "Point", "coordinates": [-73.601408, 45.554323]}, "properties": {"nom": "BOULANGERIE LA CONCA D'ORO", "type": "Épicerie avec préparation", "adresse": "2550   Rue Jean-Talon Est"}}, {"type": "Feature", "geometry": {"type": "Point", "coordinates": [-73.617965, 45.603675]}, "properties": {"nom": "DEPAN-XPRESS", "type": "Épicerie", "adresse": "5650   Rue Charleroi "}}, {"type": "Feature", "geometry": {"type": "Point", "coordinates": [-73.570657, 45.537045]}, "properties": {"nom": "METRO BEAULIEU MONT-ROYAL", "type": "Supermarché", "adresse": "2275   Avenue Mont-Royal Est"}}, {"type": "Feature", "geometry": {"type": "Point", "coordinates": [-73.61366, 45.531708]}, "properties": {"nom": "ACAI MONTREAL", "type": "Épicerie", "adresse": "6748   Rue Clark "}}, {"type": "Feature", "geometry": {"type": "Point", "coordinates": [-73.603201, 45.47919]}, "properties": {"nom": "AKI SUSHI WESTMOUNT (METRO)", "type": "Épicerie avec préparation", "adresse": "4840   Rue Sherbrooke Ouest"}}, {"type": "Feature", "geometry": {"type": "Point", "coordinates": [-73.61299, 45.600212]}, "properties": {"nom": "MARCHE SENECAL IGA EXTRA", "type": "Supermarché", "adresse": "9450   Boulevard Lacordaire "}}, {"type": "Feature", "geometry": {"type": "Point", "coordinates": [-73.605004, 45.584488]}, "properties": {"nom": "DEPANNEUR SOLITA", "type": "Épicerie avec préparation", "adresse": "8649   Boulevard Viau "}}, {"type": "Feature", "geometry": {"type": "Point", "coordinates": [-73.594724, 45.474195]}, "properties": {"nom": "DEPANNEUR ST-HENRI", "type": "Épicerie avec préparation", "adresse": "4750   Rue Cazelais "}}, {"type": "Feature", "geometry": {"type": "Point", "coordinates": [-73.675987, 45.503741]}, "properties": {"nom": "LES ALIMENTS ESPOSITO LTEE", "type": "Boucherie-épicerie", "adresse": "340   Boulevard Marcel-Laurin "}}, {"type": "Feature", "geometry": {"type": "Point", "coordinates": [-73.576577, 45.453175]}, "properties": {"nom": "DEPANNEUR ARGYLE", "type": "Épicerie avec préparation", "adresse": "5403   Rue Bannantyne "}}, {"type": "Feature", "geometry": {"type": "Point", "coordinates": [-73.647447, 45.575586]}, "properties": {"nom": "DEPANNEUR HIRONDELLES", "type": "Épicerie", "adresse": "2502   Rue Fleury Est"}}, {"type": "Feature", "geometry": {"type": "Point", "coordinates": [-73.631544, 45.525964]}, "properties": {"nom": "DEPANNEUR TS", "type": "Épicerie", "adresse": "1032   Rue Saint-Roch "}}, {"type": "Feature", "geometry": {"type": "Point", "coordinates": [-73.6252, 45.436591]}, "properties": {"nom": "COUCHE-TARD #1269", "type": "Épicerie avec préparation", "adresse": "7888   Boulevard Newman "}}, {"type": "Feature", "geometry": {"type": "Point", "coordinates": [-73.583767, 45.533467]}, "properties": {"nom": "PHARMACIE JEAN COUTU", "type": "Épicerie", "adresse": "1351   Avenue Laurier Est"}}, {"type": "Feature", "geometry": {"type": "Point", "coordinates": [-73.594686, 45.430274]}, "properties": {"nom": "DÉPANNEUR EXTRA", "type": "Épicerie avec préparation", "adresse": "7660   Rue Édouard "}}, {"type": "Feature", "geometry": {"type": "Point", "coordinates": [-73.747329, 45.456946]}, "properties": {"nom": "LA BISCUITERY (DOM-50)", "type": "Épicerie avec préparation", "adresse": "975   Boulevard Roméo-Vachon Nord"}}, {"type": "Feature", "geometry": {"type": "Point", "coordinates": [-73.610306, 45.539394]}, "properties": {"nom": "SUPERMARCHE SABOR LATINO", "type": "Épicerie avec préparation", "adresse": "6955   Rue Saint-Hubert "}}, {"type": "Feature", "geometry": {"type": "Point", "coordinates": [-73.574674, 45.508273]}, "properties": {"nom": "SUPERETTE GREEN", "type": "Épicerie", "adresse": "434   Rue Milton "}}, {"type": "Feature", "geometry": {"type": "Point", "coordinates": [-73.647135, 45.565593]}, "properties": {"nom": "COUCHE-TARD #1166", "type": "Épicerie avec préparation", "adresse": "9777   Avenue Papineau "}}, {"type": "Feature", "geometry": {"type": "Point", "coordinates": [-73.592813, 45.547537]}, "properties": {"nom": "CUISINE PRONTO MTL", "type": "Épicerie", "adresse": "2339   Rue Beaubien Est"}}, {"type": "Feature", "geometry": {"type": "Point", "coordinates": [-73.798525, 45.485639]}, "properties": {"nom": "LES ALIMENTS M&M", "type": "Épicerie", "adresse": "3478   Boulevard Sources "}}, {"type": "Feature", "geometry": {"type": "Point", "coordinates": [-73.702023, 45.518875]}, "properties": {"nom": "MARCHE LIAN TAI", "type": "Supermarché", "adresse": "1993   Boulevard Marcel-Laurin "}}, {"type": "Feature", "geometry": {"type": "Point", "coordinates": [-73.556115, 45.505604]}, "properties": {"nom": "DEPANNEUR VIEUX MONTREAL", "type": "Épicerie avec préparation", "adresse": "42   Rue Notre-Dame Ouest"}}, {"type": "Feature", "geometry": {"type": "Point", "coordinates": [-73.553113, 45.480908]}, "properties": {"nom": "EPICERIE LE DETOUR", "type": "Épicerie avec préparation", "adresse": "1900   Rue Le Ber "}}, {"type": "Feature", "geometry": {"type": "Point", "coordinates": [-73.560581, 45.508376]}, "properties": {"nom": "EPICERIE KIEN VINH", "type": "Boucherie-épicerie", "adresse": "1062   Boulevard Saint-Laurent "}}, {"type": "Feature", "geometry": {"type": "Point", "coordinates": [-73.795705, 45.483008]}, "properties": {"nom": "MARCHE ADONIS", "type": "Épicerie avec préparation", "adresse": "3291   Boulevard Sources "}}, {"type": "Feature", "geometry": {"type": "Point", "coordinates": [-73.535887, 45.558558]}, "properties": {"nom": "DEPANNEUR PUTI", "type": "Épicerie avec préparation", "adresse": "4900   Rue Ontario Est"}}, {"type": "Feature", "geometry": {"type": "Point", "coordinates": [-73.638551, 45.429135]}, "properties": {"nom": "MARCHÉ EHI (BOULANGERIE EHI)", "type": "Épicerie avec préparation", "adresse": "1201   Avenue 90e "}}, {"type": "Feature", "geometry": {"type": "Point", "coordinates": [-73.609324, 45.53059]}, "properties": {"nom": "ALAMBIKA", "type": "Épicerie", "adresse": "6484   Boulevard Saint-Laurent "}}, {"type": "Feature", "geometry": {"type": "Point", "coordinates": [-73.597464, 45.533578]}, "properties": {"nom": "LA RESERVE NATURELLE", "type": "Aliments naturels", "adresse": "5854   Rue Saint-Hubert "}}, {"type": "Feature", "geometry": {"type": "Point", "coordinates": [-73.679202, 45.537628]}, "properties": {"nom": "MARCHE AL BARAKA", "type": "Épicerie avec préparation", "adresse": "1565   Boulevard Henri-Bourassa Ouest"}}, {"type": "Feature", "geometry": {"type": "Point", "coordinates": [-73.583724, 45.557969]}, "properties": {"nom": "FORKETTA EPICERIE GOURMET", "type": "Épicerie avec préparation", "adresse": "3589   Rue Beaubien Est"}}, {"type": "Feature", "geometry": {"type": "Point", "coordinates": [-73.560371, 45.508281]}, "properties": {"nom": "HUI TACK WING THE & GINSENG", "type": "Épicerie avec préparation", "adresse": "1063   Boulevard Saint-Laurent "}}, {"type": "Feature", "geometry": {"type": "Point", "coordinates": [-73.584851, 45.454006]}, "properties": {"nom": "MAIGRIR A LA CARTE", "type": "Épicerie", "adresse": "1512   Rue Springland "}}, {"type": "Feature", "geometry": {"type": "Point", "coordinates": [-73.612714, 45.522928]}, "properties": {"nom": "DEPANNEUR PANNU", "type": "Épicerie", "adresse": "1177   Avenue Van Horne "}}, {"type": "Feature", "geometry": {"type": "Point", "coordinates": [-73.635702, 45.531338]}, "properties": {"nom": "DEPANNEUR SIVA", "type": "Épicerie", "adresse": "621   Rue Jarry Ouest"}}, {"type": "Feature", "geometry": {"type": "Point", "coordinates": [-73.617632, 45.547988]}, "properties": {"nom": "DEPANNEUR 7 JOURS HONG", "type": "Épicerie", "adresse": "1300   Rue Villeray "}}, {"type": "Feature", "geometry": {"type": "Point", "coordinates": [-73.630187, 45.441482]}, "properties": {"nom": "DEPANNEUR SV", "type": "Épicerie", "adresse": "7637   Rue Cordner "}}, {"type": "Feature", "geometry": {"type": "Point", "coordinates": [-73.579596, 45.523918]}, "properties": {"nom": "DEPANNEUR MARIE-ANNE", "type": "Épicerie", "adresse": "501   Rue Marie-Anne Est"}}, {"type": "Feature", "geometry": {"type": "Point", "coordinates": [-73.614803, 45.617012]}, "properties": {"nom": "MARCHE 33", "type": "Épicerie avec préparation", "adresse": "11838   Boulevard Langelier "}}, {"type": "Feature", "geometry": {"type": "Point", "coordinates": [-73.556757, 45.513315]}, "properties": {"nom": "DEPANNEUR BERRI", "type": "Épicerie", "adresse": "1069   Rue Berri "}}, {"type": "Feature", "geometry": {"type": "Point", "coordinates": [-73.552842, 45.598558]}, "properties": {"nom": "COUCHE-TARD #1150", "type": "Épicerie", "adresse": "6270   Boulevard Louis-H.-La Fontaine "}}, {"type": "Feature", "geometry": {"type": "Point", "coordinates": [-73.571114, 45.479437]}, "properties": {"nom": "COUCHE-TARD #1193", "type": "Épicerie", "adresse": "1361   Rue Charlevoix "}}, {"type": "Feature", "geometry": {"type": "Point", "coordinates": [-73.553548, 45.53201]}, "properties": {"nom": "JTI MACDONALD CORPORATION (EXCELSO)", "type": "Épicerie", "adresse": "2455   Rue Ontario Est"}}, {"type": "Feature", "geometry": {"type": "Point", "coordinates": [-73.637997, 45.493951]}, "properties": {"nom": "PHARMAPRIX", "type": "Épicerie", "adresse": "4815   Avenue Van Horne "}}, {"type": "Feature", "geometry": {"type": "Point", "coordinates": [-73.536179, 45.558109]}, "properties": {"nom": "DOMAINE DES 15 LOTS", "type": "Épicerie avec préparation", "adresse": "4850   Rue Ontario Est"}}, {"type": "Feature", "geometry": {"type": "Point", "coordinates": [-73.573895, 45.514506]}, "properties": {"nom": "MONTREAL PAELLA", "type": "Épicerie avec préparation", "adresse": "3686  B Boulevard Saint-Laurent "}}, {"type": "Feature", "geometry": {"type": "Point", "coordinates": [-73.636006, 45.589713]}, "properties": {"nom": "MARCHÉ EXPRESS", "type": "Épicerie avec préparation", "adresse": "10741   Boulevard Pie-IX "}}, {"type": "Feature", "geometry": {"type": "Point", "coordinates": [-73.660203, 45.54708]}, "properties": {"nom": "MARCHE VISHNU", "type": "Épicerie avec préparation", "adresse": "9910   Boulevard Saint-Laurent "}}, {"type": "Feature", "geometry": {"type": "Point", "coordinates": [-73.563764, 45.52054]}, "properties": {"nom": "SUPER C MARCHE SAINT-JACCQUES", "type": "Supermarché", "adresse": "2035   Rue Atateken "}}, {"type": "Feature", "geometry": {"type": "Point", "coordinates": [-73.647961, 45.565014]}, "properties": {"nom": "MARCHE BM", "type": "Épicerie avec préparation", "adresse": "1797 B  Rue Sauvé Est"}}, {"type": "Feature", "geometry": {"type": "Point", "coordinates": [-73.643038, 45.551385]}, "properties": {"nom": "DEPANNEUR DU COIN #621", "type": "Épicerie avec préparation", "adresse": "9090   Rue Saint-Hubert "}}, {"type": "Feature", "geometry": {"type": "Point", "coordinates": [-73.655838, 45.543662]}, "properties": {"nom": "TORREFACTION BARISTA", "type": "Épicerie avec préparation", "adresse": "111   Rue Louvain Ouest"}}, {"type": "Feature", "geometry": {"type": "Point", "coordinates": [-73.635667, 45.50242]}, "properties": {"nom": "DEPANNEUR MED", "type": "Épicerie avec préparation", "adresse": "6591   Chemin Côte-des-Neiges "}}, {"type": "Feature", "geometry": {"type": "Point", "coordinates": [-73.630741, 45.481886]}, "properties": {"nom": "FUMOIR SOLOMOS", "type": "Épicerie avec préparation", "adresse": "5453   Chemin Queen-Mary "}}, {"type": "Feature", "geometry": {"type": "Point", "coordinates": [-73.570699, 45.572931]}, "properties": {"nom": "DEPANNEUR FUDA", "type": "Épicerie", "adresse": "5146   Rue Beaubien Est"}}, {"type": "Feature", "geometry": {"type": "Point", "coordinates": [-73.685911, 45.437879]}, "properties": {"nom": "METRO PLUS LACHINE", "type": "Supermarché", "adresse": "2425   Rue Remembrance "}}, {"type": "Feature", "geometry": {"type": "Point", "coordinates": [-73.603275, 45.479125]}, "properties": {"nom": "DEPANNEUR LEE", "type": "Épicerie", "adresse": "4843   Rue Sherbrooke Ouest"}}, {"type": "Feature", "geometry": {"type": "Point", "coordinates": [-73.609533, 45.473791]}, "properties": {"nom": "MARCHE AMK", "type": "Épicerie", "adresse": "5343   Rue Sherbrooke Ouest"}}, {"type": "Feature", "geometry": {"type": "Point", "coordinates": [-73.820507, 45.507514]}, "properties": {"nom": "MARCHE NEW M.S.", "type": "Épicerie avec préparation", "adresse": "4983 D  Boulevard Sources "}}, {"type": "Feature", "geometry": {"type": "Point", "coordinates": [-73.634974, 45.549416]}, "properties": {"nom": "LE MARCHÉ", "type": "Épicerie", "adresse": "827  AUS-A Boulevard Crémazie Est"}}, {"type": "Feature", "geometry": {"type": "Point", "coordinates": [-73.653048, 45.578825]}, "properties": {"nom": "MARCHE DES NATIONS", "type": "Épicerie avec préparation", "adresse": "2553   Boulevard Henri-Bourassa Est"}}, {"type": "Feature", "geometry": {"type": "Point", "coordinates": [-73.585546, 45.627954]}, "properties": {"nom": "MON EPICIER BIO", "type": "Épicerie", "adresse": "11460   Boulevard Armand-Bombardier "}}, {"type": "Feature", "geometry": {"type": "Point", "coordinates": [-73.62452, 45.526521]}, "properties": {"nom": "NEW MARCHE 786", "type": "Boucherie-épicerie", "adresse": "772   Rue Jean-Talon Ouest"}}, {"type": "Feature", "geometry": {"type": "Point", "coordinates": [-73.70236, 45.521265]}, "properties": {"nom": "MARCHÉ ZAMAN", "type": "Boucherie-épicerie", "adresse": "1755   Rue Oxford "}}, {"type": "Feature", "geometry": {"type": "Point", "coordinates": [-73.557446, 45.517637]}, "properties": {"nom": "DEPANNEUR TABAGIE VARIETES LE PLUS", "type": "Épicerie", "adresse": "1427   Rue Atateken "}}, {"type": "Feature", "geometry": {"type": "Point", "coordinates": [-73.579343, 45.476403]}, "properties": {"nom": "DISTRIBUTION ALIMENTAIRE AUBUT", "type": "Supermarché", "adresse": "3975   Rue Saint-Ambroise "}}, {"type": "Feature", "geometry": {"type": "Point", "coordinates": [-73.852682, 45.493857]}, "properties": {"nom": "DEPANNEUR CENTRE MARINA", "type": "Épicerie", "adresse": "14255   Boulevard Gouin Ouest"}}, {"type": "Feature", "geometry": {"type": "Point", "coordinates": [-73.580492, 45.4975]}, "properties": {"nom": "FRUITERIE 20/20", "type": "Épicerie avec préparation", "adresse": "2152   Rue Mackay "}}, {"type": "Feature", "geometry": {"type": "Point", "coordinates": [-73.846597, 45.432564]}, "properties": {"nom": "METRO PLUS BEACONSFIELD", "type": "Supermarché", "adresse": "50  BUR17 Boulevard Saint-Charles "}}, {"type": "Feature", "geometry": {"type": "Point", "coordinates": [-73.581546, 45.469808]}, "properties": {"nom": "BRASSERIE MESSOREM BRACITORIUM", "type": "Épicerie avec préparation", "adresse": "2233   Rue Pitt "}}, {"type": "Feature", "geometry": {"type": "Point", "coordinates": [-73.558593, 45.497319]}, "properties": {"nom": "IGA DUKE", "type": "Supermarché", "adresse": "315   Boulevard Robert-Bourassa "}}, {"type": "Feature", "geometry": {"type": "Point", "coordinates": [-73.687599, 45.509869]}, "properties": {"nom": "MARCHÉ EXPRESS (ULTRAMAR)", "type": "Épicerie avec préparation", "adresse": "975   Boulevard Marcel-Laurin "}}, {"type": "Feature", "geometry": {"type": "Point", "coordinates": [-73.659027, 45.574408]}, "properties": {"nom": "ARIOUM CHOCOLATS", "type": "Épicerie avec préparation", "adresse": "2080   Boulevard Gouin Est"}}, {"type": "Feature", "geometry": {"type": "Point", "coordinates": [-73.572189, 45.552676]}, "properties": {"nom": "LESCURIER PAR ALEX PLATEL", "type": "Épicerie avec préparation", "adresse": "3444   Rue Masson "}}, {"type": "Feature", "geometry": {"type": "Point", "coordinates": [-73.550469, 45.524689]}, "properties": {"nom": "PHARMACIE BRUNET", "type": "Épicerie", "adresse": "2005   Rue Sainte-Catherine Est"}}, {"type": "Feature", "geometry": {"type": "Point", "coordinates": [-73.804087, 45.484986]}, "properties": {"nom": "BULK BARN", "type": "Épicerie avec préparation", "adresse": "11624   Boulevard De Salaberry "}}, {"type": "Feature", "geometry": {"type": "Point", "coordinates": [-73.524128, 45.594067]}, "properties": {"nom": "IGA HOCHELAGA", "type": "Supermarché", "adresse": "7975   Rue Hochelaga "}}, {"type": "Feature", "geometry": {"type": "Point", "coordinates": [-73.631709, 45.591167]}, "properties": {"nom": "DEPANNEUR AMIENS", "type": "Épicerie", "adresse": "4427   Rue Amiens "}}, {"type": "Feature", "geometry": {"type": "Point", "coordinates": [-73.56497, 45.542049]}, "properties": {"nom": "TOUTES LES CHOSES PARFAITES", "type": "Épicerie avec préparation", "adresse": "2601  160 Rue William-Tremblay "}}, {"type": "Feature", "geometry": {"type": "Point", "coordinates": [-73.656267, 45.550926]}, "properties": {"nom": "SNAC", "type": "Marché public", "adresse": "9800   Rue Berri "}}, {"type": "Feature", "geometry": {"type": "Point", "coordinates": [-73.653851, 45.460058]}, "properties": {"nom": "DEPANNEUR SAMSON", "type": "Épicerie avec préparation", "adresse": "7401   Avenue Chester "}}, {"type": "Feature", "geometry": {"type": "Point", "coordinates": [-73.854428, 45.447959]}, "properties": {"nom": "DEPANNEUR SHELL", "type": "Épicerie", "adresse": "2950   Boulevard Saint-Charles "}}, {"type": "Feature", "geometry": {"type": "Point", "coordinates": [-73.638965, 45.492868]}, "properties": {"nom": "MITO SUSHI", "type": "Épicerie", "adresse": "4885   Avenue Van Horne "}}, {"type": "Feature", "geometry": {"type": "Point", "coordinates": [-73.592548, 45.461024]}, "properties": {"nom": "DEPANNEUR RAYMOND", "type": "Épicerie avec préparation", "adresse": "5734   Rue Hadley "}}, {"type": "Feature", "geometry": {"type": "Point", "coordinates": [-73.654469, 45.576621]}, "properties": {"nom": "DEPANNEUR DE LILLE", "type": "Épicerie", "adresse": "2392   Boulevard Henri-Bourassa Est"}}, {"type": "Feature", "geometry": {"type": "Point", "coordinates": [-73.593076, 45.457121]}, "properties": {"nom": "DEPANNEUR PARK", "type": "Épicerie avec préparation", "adresse": "2101   Rue Jolicoeur "}}, {"type": "Feature", "geometry": {"type": "Point", "coordinates": [-73.660794, 45.545485]}, "properties": {"nom": "MARCHE SAUVE", "type": "Épicerie avec préparation", "adresse": "97   Rue Sauvé Ouest"}}, {"type": "Feature", "geometry": {"type": "Point", "coordinates": [-73.5815, 45.580057]}, "properties": {"nom": "MON EPICERIE MEXICAINE", "type": "Épicerie avec préparation", "adresse": "5404   Rue Jean-Talon Est"}}, {"type": "Feature", "geometry": {"type": "Point", "coordinates": [-73.61464, 45.520769]}, "properties": {"nom": "MARCHE FRERES YOUNG", "type": "Épicerie avec préparation", "adresse": "1345   Avenue Van Horne "}}, {"type": "Feature", "geometry": {"type": "Point", "coordinates": [-73.622304, 45.57142]}, "properties": {"nom": "DEPANNEUR LUMENA", "type": "Épicerie", "adresse": "8856   Avenue 14e "}}, {"type": "Feature", "geometry": {"type": "Point", "coordinates": [-73.626511, 45.471533]}, "properties": {"nom": "SAINTE-BIERE", "type": "Épicerie", "adresse": "5972   Avenue Monkland "}}, {"type": "Feature", "geometry": {"type": "Point", "coordinates": [-73.614966, 45.541517]}, "properties": {"nom": "LA CANETTE VILLERAY", "type": "Épicerie", "adresse": "7255  4 Rue Saint-Hubert "}}, {"type": "Feature", "geometry": {"type": "Point", "coordinates": [-73.579908, 45.481717]}, "properties": {"nom": "DEPANNEUR ROYAL", "type": "Épicerie", "adresse": "3094   Rue Delisle "}}, {"type": "Feature", "geometry": {"type": "Point", "coordinates": [-73.646561, 45.585024]}, "properties": {"nom": "MARCHE SABIRAA", "type": "Boucherie-épicerie", "adresse": "3380   Rue Monselet "}}, {"type": "Feature", "geometry": {"type": "Point", "coordinates": [-73.625584, 45.528516]}, "properties": {"nom": "NOUVEAU MARCHE SWADESH", "type": "Boucherie-épicerie", "adresse": "552   Avenue Ogilvy "}}, {"type": "Feature", "geometry": {"type": "Point", "coordinates": [-73.628611, 45.508534]}, "properties": {"nom": "INSTITUT DE READAPTATION DE MONTREAL", "type": "Épicerie", "adresse": "6300   Avenue Darlington "}}, {"type": "Feature", "geometry": {"type": "Point", "coordinates": [-73.717428, 45.491037]}, "properties": {"nom": "E5", "type": "Épicerie avec préparation", "adresse": "4361   Rue Garand "}}, {"type": "Feature", "geometry": {"type": "Point", "coordinates": [-73.489616, 45.688416]}, "properties": {"nom": "DEPANNEUR ST-PIERRE", "type": "Épicerie avec préparation", "adresse": "15507   Rue Notre-Dame Est"}}, {"type": "Feature", "geometry": {"type": "Point", "coordinates": [-73.659759, 45.531191]}, "properties": {"nom": "MONTREAL NUT FACTORY", "type": "Épicerie avec préparation", "adresse": "9360   Rue Charles-De La Tour "}}, {"type": "Feature", "geometry": {"type": "Point", "coordinates": [-73.649348, 45.492985]}, "properties": {"nom": "HOMEWOOD SUITES (DEPANNEUR)", "type": "Épicerie", "adresse": "6939   Boulevard Décarie "}}, {"type": "Feature", "geometry": {"type": "Point", "coordinates": [-73.626557, 45.552248]}, "properties": {"nom": "IGA FAMILLE DEZIEL CREMAZIE", "type": "Supermarché", "adresse": "1401   Boulevard Crémazie Est"}}, {"type": "Feature", "geometry": {"type": "Point", "coordinates": [-73.570823, 45.50186]}, "properties": {"nom": "DEPANNEUR MCGILL EXPRESS", "type": "Épicerie", "adresse": "1253  E-3 Avenue McGill College "}}, {"type": "Feature", "geometry": {"type": "Point", "coordinates": [-73.540471, 45.587163]}, "properties": {"nom": "EPICERIE GOUT D'AFRIQUE", "type": "Épicerie avec préparation", "adresse": "6996   Rue Sherbrooke Est"}}, {"type": "Feature", "geometry": {"type": "Point", "coordinates": [-73.629727, 45.482832]}, "properties": {"nom": "FRUITERIE MONTANA", "type": "Épicerie avec préparation", "adresse": "5340   Chemin Queen-Mary "}}, {"type": "Feature", "geometry": {"type": "Point", "coordinates": [-73.560583, 45.501057]}, "properties": {"nom": "SAINT-HENRI MICRO-TORREFACTEUR", "type": "Épicerie avec préparation", "adresse": "605   Rue Saint-Jacques "}}, {"type": "Feature", "geometry": {"type": "Point", "coordinates": [-73.560236, 45.52943]}, "properties": {"nom": "DEPANNEUR SHENG", "type": "Épicerie", "adresse": "2200   Avenue De Lorimier "}}, {"type": "Feature", "geometry": {"type": "Point", "coordinates": [-73.559643, 45.514683]}, "properties": {"nom": "COUCHE-TARD #1208", "type": "Épicerie avec préparation", "adresse": "505  CC-730 Rue Sainte-Catherine Est"}}, {"type": "Feature", "geometry": {"type": "Point", "coordinates": [-73.630328, 45.540643]}, "properties": {"nom": "JARDIN DU PARC", "type": "Épicerie avec préparation", "adresse": "196   Rue Jarry Est"}}, {"type": "Feature", "geometry": {"type": "Point", "coordinates": [-73.615006, 45.6122]}, "properties": {"nom": "MARCHE AL-RIHAB", "type": "Boucherie-épicerie", "adresse": "6332   Rue Normandie "}}, {"type": "Feature", "geometry": {"type": "Point", "coordinates": [-73.678005, 45.517885]}, "properties": {"nom": "DEPANNEUR ST-MORITZ", "type": "Épicerie", "adresse": "1055   Boulevard Côte-Vertu "}}, {"type": "Feature", "geometry": {"type": "Point", "coordinates": [-73.614928, 45.536867]}, "properties": {"nom": "PROFISHIONALS", "type": "Épicerie avec préparation", "adresse": "7070  C-38 Avenue Henri-Julien "}}, {"type": "Feature", "geometry": {"type": "Point", "coordinates": [-73.566652, 45.511613]}, "properties": {"nom": "DEPANNEUR QUARTIER DES SPECTACLES", "type": "Épicerie", "adresse": "20   Rue Ontario Est"}}, {"type": "Feature", "geometry": {"type": "Point", "coordinates": [-73.595995, 45.458438]}, "properties": {"nom": "CINQASEPT", "type": "Épicerie", "adresse": "5980   Boulevard Monk "}}, {"type": "Feature", "geometry": {"type": "Point", "coordinates": [-73.596454, 45.533123]}, "properties": {"nom": "FRUITERIE ROSE PATRIE", "type": "Épicerie avec préparation", "adresse": "5773   Rue Saint-Hubert "}}, {"type": "Feature", "geometry": {"type": "Point", "coordinates": [-73.607045, 45.537918]}, "properties": {"nom": "TOP DISCOUNT", "type": "Épicerie", "adresse": "6715   Rue Saint-Hubert "}}, {"type": "Feature", "geometry": {"type": "Point", "coordinates": [-73.573294, 45.54098]}, "properties": {"nom": "HERITAGE KALAMATA", "type": "Épicerie avec préparation", "adresse": "5000  219 Rue D'Iberville "}}, {"type": "Feature", "geometry": {"type": "Point", "coordinates": [-73.614928, 45.536867]}, "properties": {"nom": "VERGER COURNOYER", "type": "Épicerie avec préparation", "adresse": "7070  C24 Avenue Henri-Julien "}}, {"type": "Feature", "geometry": {"type": "Point", "coordinates": [-73.582474, 45.524468]}, "properties": {"nom": "COUCHE-TARD #1353", "type": "Épicerie avec préparation", "adresse": "440   Avenue Mont-Royal Est"}}, {"type": "Feature", "geometry": {"type": "Point", "coordinates": [-73.582838, 45.550409]}, "properties": {"nom": "CHARCUTERIE MAKO", "type": "Épicerie", "adresse": "2894   Boulevard Rosemont "}}, {"type": "Feature", "geometry": {"type": "Point", "coordinates": [-73.577928, 45.529382]}, "properties": {"nom": "POINT G PLAISIRS GOURMANDS", "type": "Épicerie", "adresse": "1255   Avenue Mont-Royal Est"}}, {"type": "Feature", "geometry": {"type": "Point", "coordinates": [-73.584975, 45.634998]}, "properties": {"nom": "R.D.-PHAR.INC (JEAN-COUTU #111)", "type": "Épicerie", "adresse": "8315   Boulevard Maurice-Duplessis "}}, {"type": "Feature", "geometry": {"type": "Point", "coordinates": [-73.574861, 45.548142]}, "properties": {"nom": "FRAICHEMENT BON", "type": "Épicerie avec préparation", "adresse": "2901   Rue Masson "}}, {"type": "Feature", "geometry": {"type": "Point", "coordinates": [-73.591743, 45.469942]}, "properties": {"nom": "MARCHE ST. HENRI PLUS", "type": "Épicerie avec préparation", "adresse": "5086   Rue Notre-Dame Ouest"}}, {"type": "Feature", "geometry": {"type": "Point", "coordinates": [-73.616795, 45.470058]}, "properties": {"nom": "MARCHE BRANCHE OLIVIER N.D.G (9389-8781 QUEBEC INC)", "type": "Épicerie", "adresse": "5768   Rue Sherbrooke Ouest"}}, {"type": "Feature", "geometry": {"type": "Point", "coordinates": [-73.552052, 45.533752]}, "properties": {"nom": "FAMILIPRIX EXTRA", "type": "Épicerie", "adresse": "2600  192 Rue Ontario Est"}}, {"type": "Feature", "geometry": {"type": "Point", "coordinates": [-73.559079, 45.590958]}, "properties": {"nom": "MARCHE PANIER LAKAY", "type": "Épicerie avec préparation", "adresse": "6763   Rue Beaubien Est"}}, {"type": "Feature", "geometry": {"type": "Point", "coordinates": [-73.581754, 45.48481]}, "properties": {"nom": "DEPANNEUR FIESTA", "type": "Épicerie", "adresse": "3150   Rue Saint-Antoine Ouest"}}, {"type": "Feature", "geometry": {"type": "Point", "coordinates": [-73.525688, 45.64713]}, "properties": {"nom": "CUVE A VIN & CIE", "type": "Épicerie", "adresse": "5081   Boulevard Saint-Jean-Baptiste "}}, {"type": "Feature", "geometry": {"type": "Point", "coordinates": [-73.635402, 45.49337]}, "properties": {"nom": "DEPANNEUR BOURRET", "type": "Épicerie", "adresse": "5885   Avenue Victoria "}}, {"type": "Feature", "geometry": {"type": "Point", "coordinates": [-73.688764, 45.437571]}, "properties": {"nom": "MITO SUSHI", "type": "Épicerie avec préparation", "adresse": "490   Avenue 28e "}}, {"type": "Feature", "geometry": {"type": "Point", "coordinates": [-73.571107, 45.459403]}, "properties": {"nom": "PANIERS DOLCE CADEAUX", "type": "Épicerie avec préparation", "adresse": "475   Rue Willibrord "}}, {"type": "Feature", "geometry": {"type": "Point", "coordinates": [-73.614928, 45.536867]}, "properties": {"nom": "MAZORCA MTL RESTAURANT EPHEMERE", "type": "Épicerie avec préparation", "adresse": "7070  237 Avenue Henri-Julien "}}, {"type": "Feature", "geometry": {"type": "Point", "coordinates": [-73.624358, 45.437581]}, "properties": {"nom": "ABC DES SAVEURS", "type": "Épicerie avec préparation", "adresse": "7737   Boulevard Newman "}}, {"type": "Feature", "geometry": {"type": "Point", "coordinates": [-73.584487, 45.583065]}, "properties": {"nom": "DEPANNEUR SOLEIL DU MANOIR SAINT-LEONARD", "type": "Épicerie", "adresse": "7650   Rue Lespinay "}}, {"type": "Feature", "geometry": {"type": "Point", "coordinates": [-73.5988, 45.428233]}, "properties": {"nom": "MARCHE PREMIER ET DERNIER", "type": "Épicerie avec préparation", "adresse": "7754   Rue Centrale "}}, {"type": "Feature", "geometry": {"type": "Point", "coordinates": [-73.645381, 45.434755]}, "properties": {"nom": "MARCHE OCEAN PLUS", "type": "Épicerie avec préparation", "adresse": "530   Avenue Lafleur "}}, {"type": "Feature", "geometry": {"type": "Point", "coordinates": [-73.678459, 45.435014]}, "properties": {"nom": "ULTRAMAR DEPANNEUR DU COIN #740", "type": "Épicerie", "adresse": "1650   Rue Notre-Dame "}}, {"type": "Feature", "geometry": {"type": "Point", "coordinates": [-73.584487, 45.583065]}, "properties": {"nom": "DEPANNEUR LE CITADIN (UNIPRIX)", "type": "Épicerie avec préparation", "adresse": "7675   Rue Lespinay "}}, {"type": "Feature", "geometry": {"type": "Point", "coordinates": [-73.573046, 45.514118]}, "properties": {"nom": "PSYCHONAUT", "type": "Épicerie avec préparation", "adresse": "3624   Boulevard Saint-Laurent "}}, {"type": "Feature", "geometry": {"type": "Point", "coordinates": [-73.535372, 45.573896]}, "properties": {"nom": "SAMAFRIK", "type": "Épicerie avec préparation", "adresse": "6069   Rue Hochelaga "}}, {"type": "Feature", "geometry": {"type": "Point", "coordinates": [-73.577633, 45.588851]}, "properties": {"nom": "MARCHE ZERDA", "type": "Épicerie avec préparation", "adresse": "6145   Rue Jean-Talon Est"}}, {"type": "Feature", "geometry": {"type": "Point", "coordinates": [-73.577962, 45.521707]}, "properties": {"nom": "MARCHE GANGNAM STYLE", "type": "Épicerie avec préparation", "adresse": "4182   Rue Saint-Denis "}}, {"type": "Feature", "geometry": {"type": "Point", "coordinates": [-73.661825, 45.507503]}, "properties": {"nom": "PROVIGO LE MARCHE", "type": "Supermarché", "adresse": "2386   Chemin Lucerne "}}, {"type": "Feature", "geometry": {"type": "Point", "coordinates": [-73.69927, 45.538023]}, "properties": {"nom": "ECONOFITNESS", "type": "Épicerie", "adresse": "2676   Rue De Salaberry "}}, {"type": "Feature", "geometry": {"type": "Point", "coordinates": [-73.666362, 45.546065]}, "properties": {"nom": "ESPACE HOUBLON", "type": "Épicerie", "adresse": "168   Rue Fleury Ouest"}}, {"type": "Feature", "geometry": {"type": "Point", "coordinates": [-73.647619, 45.526334]}, "properties": {"nom": "MITO SUSHI", "type": "Épicerie avec préparation", "adresse": "2305  5100 Chemin Rockland "}}, {"type": "Feature", "geometry": {"type": "Point", "coordinates": [-73.561482, 45.543967]}, "properties": {"nom": "PROVIGO JEAN-MARC FORTIN", "type": "Supermarché", "adresse": "2925   Rue Rachel Est"}}, {"type": "Feature", "geometry": {"type": "Point", "coordinates": [-73.660247, 45.545069]}, "properties": {"nom": "BRAMA", "type": "Épicerie avec préparation", "adresse": "9850   Rue Saint-Urbain "}}, {"type": "Feature", "geometry": {"type": "Point", "coordinates": [-73.579338, 45.586461]}, "properties": {"nom": "MARCHE TAMURT", "type": "Boucherie-épicerie", "adresse": "5957   Rue Jean-Talon Est"}}, {"type": "Feature", "geometry": {"type": "Point", "coordinates": [-73.750308, 45.49928]}, "properties": {"nom": "DEPANNEUR DU COIN", "type": "Épicerie avec préparation", "adresse": "3155   Boulevard Pitfield "}}, {"type": "Feature", "geometry": {"type": "Point", "coordinates": [-73.823225, 45.42978]}, "properties": {"nom": "BOUTIQUE BON BOEUF", "type": "Épicerie", "adresse": "251   Chemin Bord-du-Lac-Lakeshore "}}, {"type": "Feature", "geometry": {"type": "Point", "coordinates": [-73.824031, 45.430974]}, "properties": {"nom": "LES SERRES JACQUES WILSON ET FILS", "type": "Épicerie", "adresse": "250   Avenue Lanthier "}}, {"type": "Feature", "geometry": {"type": "Point", "coordinates": [-73.658396, 45.559405]}, "properties": {"nom": "CHEZ CLEMENTINE", "type": "Épicerie avec préparation", "adresse": "1211   Rue Fleury Est"}}, {"type": "Feature", "geometry": {"type": "Point", "coordinates": [-73.569456, 45.557527]}, "properties": {"nom": "MARCHE RICCI", "type": "Épicerie avec préparation", "adresse": "3950   Rue Masson "}}, {"type": "Feature", "geometry": {"type": "Point", "coordinates": [-73.589084, 45.586732]}, "properties": {"nom": "DEPANNEUR BOBO", "type": "Épicerie", "adresse": "5644   Rue Jarry Est"}}, {"type": "Feature", "geometry": {"type": "Point", "coordinates": [-73.622691, 45.475732]}, "properties": {"nom": "PROVIGO", "type": "Supermarché", "adresse": "5595   Avenue Monkland "}}, {"type": "Feature", "geometry": {"type": "Point", "coordinates": [-73.597717, 45.542024]}, "properties": {"nom": "DEPANNEUR SUZANNE", "type": "Épicerie", "adresse": "1550   Rue Beaubien Est"}}, {"type": "Feature", "geometry": {"type": "Point", "coordinates": [-73.613431, 45.539947]}, "properties": {"nom": "METRO BEAULIEU JEAN-TALON", "type": "Supermarché", "adresse": "760   Rue Jean-Talon Est"}}, {"type": "Feature", "geometry": {"type": "Point", "coordinates": [-73.567849, 45.517091]}, "properties": {"nom": "DEPANNEUR LES ETOILES", "type": "Épicerie avec préparation", "adresse": "3440   Rue Saint-Denis "}}, {"type": "Feature", "geometry": {"type": "Point", "coordinates": [-73.555035, 45.549828]}, "properties": {"nom": "COLLEGE MAISONNEUVE (BENNTO SUSHI)", "type": "Épicerie avec préparation", "adresse": "3800   Rue Sherbrooke Est"}}, {"type": "Feature", "geometry": {"type": "Point", "coordinates": [-73.531069, 45.555296]}, "properties": {"nom": "EPICERIE CAFE SAINTE MADELEINE", "type": "Épicerie avec préparation", "adresse": "4767   Rue Sainte-Catherine Est"}}, {"type": "Feature", "geometry": {"type": "Point", "coordinates": [-73.578795, 45.517606]}, "properties": {"nom": "MARCHE SUSHI POKE", "type": "Épicerie avec préparation", "adresse": "60   Avenue Duluth Est"}}, {"type": "Feature", "geometry": {"type": "Point", "coordinates": [-73.576524, 45.543881]}, "properties": {"nom": "GROUPE MITO INC.(IGA MOLSON)", "type": "Épicerie avec préparation", "adresse": "5290   Rue Molson "}}, {"type": "Feature", "geometry": {"type": "Point", "coordinates": [-73.673383, 45.531275]}, "properties": {"nom": "DEPANNEUR SOLEIL DU MANOIR SAINT-LAURENT", "type": "Épicerie", "adresse": "115   Boulevard Deguire "}}, {"type": "Feature", "geometry": {"type": "Point", "coordinates": [-73.530129, 45.556785]}, "properties": {"nom": "EPICERIE P LESSARD", "type": "Épicerie avec préparation", "adresse": "4909   Rue Sainte-Catherine Est"}}, {"type": "Feature", "geometry": {"type": "Point", "coordinates": [-73.841518, 45.477908]}, "properties": {"nom": "DEPANNEUR SOLEIL DU MANOIR DOLLARD-DES-ORMEAUX", "type": "Épicerie", "adresse": "53   Rue Hasting "}}, {"type": "Feature", "geometry": {"type": "Point", "coordinates": [-73.574518, 45.496599]}, "properties": {"nom": "DEPANNEUR NOORY", "type": "Épicerie", "adresse": "1215   Rue Crescent "}}, {"type": "Feature", "geometry": {"type": "Point", "coordinates": [-73.610573, 45.447155]}, "properties": {"nom": "LAURA SECORD #5227", "type": "Épicerie avec préparation", "adresse": "7077  139 Boulevard Newman "}}, {"type": "Feature", "geometry": {"type": "Point", "coordinates": [-73.532246, 45.579147]}, "properties": {"nom": "DEP FRIGO", "type": "Épicerie avec préparation", "adresse": "6581   Rue Hochelaga "}}, {"type": "Feature", "geometry": {"type": "Point", "coordinates": [-73.532565, 45.554815]}, "properties": {"nom": "YAINYUS", "type": "Épicerie avec préparation", "adresse": "1448   Rue Sicard "}}, {"type": "Feature", "geometry": {"type": "Point", "coordinates": [-73.643868, 45.497149]}, "properties": {"nom": "MARCHE AFRIQUEBI", "type": "Épicerie avec préparation", "adresse": "6871   Avenue Victoria "}}, {"type": "Feature", "geometry": {"type": "Point", "coordinates": [-73.588299, 45.570081]}, "properties": {"nom": "MARCHE KOHINOOR", "type": "Épicerie avec préparation", "adresse": "4460   Rue Jean-Talon Est"}}, {"type": "Feature", "geometry": {"type": "Point", "coordinates": [-73.567338, 45.459154]}, "properties": {"nom": "IGA WELLINGTON", "type": "Supermarché", "adresse": "4500   Rue Wellington "}}, {"type": "Feature", "geometry": {"type": "Point", "coordinates": [-73.49817, 45.639465]}, "properties": {"nom": "DEPANNEUR COIN DU PARC", "type": "Épicerie avec préparation", "adresse": "11901   Rue De La Gauchetière "}}, {"type": "Feature", "geometry": {"type": "Point", "coordinates": [-73.568649, 45.478896]}, "properties": {"nom": "DOLLARAMA", "type": "Aliments naturels", "adresse": "2521   Rue Centre "}}, {"type": "Feature", "geometry": {"type": "Point", "coordinates": [-73.574791, 45.592009]}, "properties": {"nom": "STATION SERVICE SHELL", "type": "Épicerie", "adresse": "7505   Boulevard Langelier "}}, {"type": "Feature", "geometry": {"type": "Point", "coordinates": [-73.572751, 45.570574]}, "properties": {"nom": "STATION-SERVICE SHELL", "type": "Épicerie", "adresse": "4920   Rue Beaubien Est"}}, {"type": "Feature", "geometry": {"type": "Point", "coordinates": [-73.589771, 45.476121]}, "properties": {"nom": "DEPANNEUR J.L.", "type": "Épicerie avec préparation", "adresse": "4401   Rue Saint-Jacques "}}, {"type": "Feature", "geometry": {"type": "Point", "coordinates": [-73.588244, 45.542531]}, "properties": {"nom": "MARCHE EXPRESS #655", "type": "Épicerie", "adresse": "5885   Avenue De Lorimier "}}, {"type": "Feature", "geometry": {"type": "Point", "coordinates": [-73.595433, 45.522863]}, "properties": {"nom": "LA RESERVE NATURELLE", "type": "Épicerie", "adresse": "79   Avenue Fairmount Ouest"}}, {"type": "Feature", "geometry": {"type": "Point", "coordinates": [-73.566476, 45.489756]}, "properties": {"nom": "ONCLE TETSU", "type": "Épicerie", "adresse": "426   Rue Guy "}}, {"type": "Feature", "geometry": {"type": "Point", "coordinates": [-73.606765, 45.532079]}, "properties": {"nom": "LA BUVETTE BEAUBIEN", "type": "Épicerie avec préparation", "adresse": "211   Rue Beaubien Est"}}, {"type": "Feature", "geometry": {"type": "Point", "coordinates": [-73.578206, 45.529075]}, "properties": {"nom": "SOLEIL DE SAIGON", "type": "Épicerie avec préparation", "adresse": "1227 A  Avenue Mont-Royal Est"}}, {"type": "Feature", "geometry": {"type": "Point", "coordinates": [-73.563442, 45.536886]}, "properties": {"nom": "PELUSO BONISOIR", "type": "Épicerie", "adresse": "2500   Rue Rachel Est"}}, {"type": "Feature", "geometry": {"type": "Point", "coordinates": [-73.648961, 45.497867]}, "properties": {"nom": "MARCHÉ NEWON", "type": "Supermarché", "adresse": "4906   Rue Jean-Talon Ouest"}}, {"type": "Feature", "geometry": {"type": "Point", "coordinates": [-73.601517, 45.5542]}, "properties": {"nom": "MARCHE TRADITION FAMILLE CHARTRAND", "type": "Boucherie-épicerie", "adresse": "2535   Rue Jean-Talon Est"}}, {"type": "Feature", "geometry": {"type": "Point", "coordinates": [-73.631775, 45.59113]}, "properties": {"nom": "ROULEAU D'OR", "type": "Épicerie avec préparation", "adresse": "4423   Rue Amiens "}}, {"type": "Feature", "geometry": {"type": "Point", "coordinates": [-73.555793, 45.621637]}, "properties": {"nom": "COSTCO WHOLESALE", "type": "Supermarché", "adresse": "9401   Boulevard Sciences "}}, {"type": "Feature", "geometry": {"type": "Point", "coordinates": [-73.593946, 45.452983]}, "properties": {"nom": "ALIMENTAIRES OMARI", "type": "Épicerie avec préparation", "adresse": "6584   Boulevard Monk "}}, {"type": "Feature", "geometry": {"type": "Point", "coordinates": [-73.609604, 45.534351]}, "properties": {"nom": "COCOECO", "type": "Épicerie", "adresse": "273   Rue Saint-Zotique Est"}}, {"type": "Feature", "geometry": {"type": "Point", "coordinates": [-73.566074, 45.598093]}, "properties": {"nom": "PLACE DU MARCHE (CONSTANTIN)", "type": "Épicerie", "adresse": "7500   Boulevard Galeries-d'Anjou "}}, {"type": "Feature", "geometry": {"type": "Point", "coordinates": [-73.711036, 45.524422]}, "properties": {"nom": "MARCHE SALABERRY", "type": "Boucherie-épicerie", "adresse": "11847   Boulevard Laurentien "}}, {"type": "Feature", "geometry": {"type": "Point", "coordinates": [-73.543768, 45.547621]}, "properties": {"nom": "425°F GARDE-MANGER", "type": "Épicerie", "adresse": "15   Place Simon-Valois "}}, {"type": "Feature", "geometry": {"type": "Point", "coordinates": [-73.684458, 45.51539]}, "properties": {"nom": "A.M.R FRUITERIE", "type": "Épicerie avec préparation", "adresse": "1150   Rue Décarie "}}, {"type": "Feature", "geometry": {"type": "Point", "coordinates": [-73.594893, 45.519216]}, "properties": {"nom": "SNAXIES EXOTIC", "type": "Épicerie", "adresse": "5026   Avenue Parc "}}, {"type": "Feature", "geometry": {"type": "Point", "coordinates": [-73.737104, 45.471075]}, "properties": {"nom": "BENTO", "type": "Épicerie avec préparation", "adresse": "730   Chemin Côte-Vertu "}}, {"type": "Feature", "geometry": {"type": "Point", "coordinates": [-73.590393, 45.580357]}, "properties": {"nom": "PETRO-CANADA", "type": "Épicerie avec préparation", "adresse": "5200   Boulevard Métropolitain Est"}}, {"type": "Feature", "geometry": {"type": "Point", "coordinates": [-73.604942, 45.550318]}, "properties": {"nom": "PUPUSERIA DONA MARIA", "type": "Boucherie-épicerie", "adresse": "2098   Rue Jean-Talon Est"}}, {"type": "Feature", "geometry": {"type": "Point", "coordinates": [-73.953192, 45.404103]}, "properties": {"nom": "LE BIENHEUREUX COMPTOIR GOURMAND", "type": "Épicerie avec préparation", "adresse": "142   Rue Sainte-Anne "}}, {"type": "Feature", "geometry": {"type": "Point", "coordinates": [-73.53546, 45.595624]}, "properties": {"nom": "LES ALIMENTS M & M", "type": "Épicerie", "adresse": "7864   Rue Sherbrooke Est"}}, {"type": "Feature", "geometry": {"type": "Point", "coordinates": [-73.541479, 45.556516]}, "properties": {"nom": "PROCESSUS", "type": "Épicerie avec préparation", "adresse": "4570   Rue Rouen "}}, {"type": "Feature", "geometry": {"type": "Point", "coordinates": [-73.547202, 45.541324]}, "properties": {"nom": "DEPANNEUR FLZ", "type": "Épicerie", "adresse": "3221   Rue Ontario Est"}}, {"type": "Feature", "geometry": {"type": "Point", "coordinates": [-73.622663, 45.580249]}, "properties": {"nom": "EPILYS", "type": "Supermarché", "adresse": "9204   Boulevard Pie-IX "}}, {"type": "Feature", "geometry": {"type": "Point", "coordinates": [-73.634669, 45.588469]}, "properties": {"nom": "MARCHE BEDA", "type": "Épicerie avec préparation", "adresse": "10539  06 Boulevard Pie-IX "}}, {"type": "Feature", "geometry": {"type": "Point", "coordinates": [-73.65076, 45.496271]}, "properties": {"nom": "IGA #8222", "type": "Supermarché", "adresse": "5055   Rue Jean-Talon Ouest"}}, {"type": "Feature", "geometry": {"type": "Point", "coordinates": [-73.571366, 45.536302]}, "properties": {"nom": "DOLLARAMA", "type": "Épicerie", "adresse": "2185   Avenue Mont-Royal Est"}}, {"type": "Feature", "geometry": {"type": "Point", "coordinates": [-73.67157, 45.549394]}, "properties": {"nom": "DEPANNEUR LE SERVICE", "type": "Épicerie", "adresse": "51   Boulevard Henri-Bourassa Ouest"}}, {"type": "Feature", "geometry": {"type": "Point", "coordinates": [-73.558776, 45.479448]}, "properties": {"nom": "MARCHE PROVIDENCE DISTRIBUTION", "type": "Épicerie avec préparation", "adresse": "1984   Rue Wellington "}}, {"type": "Feature", "geometry": {"type": "Point", "coordinates": [-73.53717, 45.549151]}, "properties": {"nom": "DEPANNEUR CANAAN", "type": "Épicerie", "adresse": "4100   Rue Adam "}}, {"type": "Feature", "geometry": {"type": "Point", "coordinates": [-73.613482, 45.540179]}, "properties": {"nom": "MARCHE LE BLED", "type": "Épicerie avec préparation", "adresse": "755   Rue Jean-Talon Est"}}, {"type": "Feature", "geometry": {"type": "Point", "coordinates": [-73.626065, 45.542397]}, "properties": {"nom": "DEPANNEUR EST", "type": "Épicerie", "adresse": "7901   Rue Berri "}}, {"type": "Feature", "geometry": {"type": "Point", "coordinates": [-73.614928, 45.536867]}, "properties": {"nom": "CREATION MADELEINE", "type": "Épicerie", "adresse": "7070   Avenue Henri-Julien "}}, {"type": "Feature", "geometry": {"type": "Point", "coordinates": [-73.55883, 45.502005]}, "properties": {"nom": "LE BEAU MARCHE", "type": "Épicerie avec préparation", "adresse": "366   Rue Notre-Dame Ouest"}}, {"type": "Feature", "geometry": {"type": "Point", "coordinates": [-73.640454, 45.569802]}, "properties": {"nom": "CHARCUTERIE ELCARNISA", "type": "Épicerie avec préparation", "adresse": "2285   Avenue Charland "}}, {"type": "Feature", "geometry": {"type": "Point", "coordinates": [-73.576542, 45.480032]}, "properties": {"nom": "MARGOT BAR A JUS", "type": "Épicerie avec préparation", "adresse": "138   Avenue Atwater "}}, {"type": "Feature", "geometry": {"type": "Point", "coordinates": [-73.602077, 45.553562]}, "properties": {"nom": "BANH MI HANOI", "type": "Épicerie avec préparation", "adresse": "2499   Rue Jean-Talon Est"}}, {"type": "Feature", "geometry": {"type": "Point", "coordinates": [-73.562614, 45.492946]}, "properties": {"nom": "ETS (PAVILLON D) #47421", "type": "Épicerie", "adresse": "1219   Rue William "}}, {"type": "Feature", "geometry": {"type": "Point", "coordinates": [-73.648435, 45.454068]}, "properties": {"nom": "TERRONE", "type": "Épicerie avec préparation", "adresse": "124   Avenue Westminster Nord"}}, {"type": "Feature", "geometry": {"type": "Point", "coordinates": [-73.569054, 45.646796]}, "properties": {"nom": "GYM FIT FORME", "type": "Épicerie avec préparation", "adresse": "9210   Boulevard Maurice-Duplessis "}}, {"type": "Feature", "geometry": {"type": "Point", "coordinates": [-73.535104, 45.604348]}, "properties": {"nom": "BONI-SOIR MARCHE BOB", "type": "Épicerie avec préparation", "adresse": "8596   Rue De Grosbois "}}, {"type": "Feature", "geometry": {"type": "Point", "coordinates": [-73.529257, 45.60603]}, "properties": {"nom": "MAMA SOFIA", "type": "Épicerie avec préparation", "adresse": "8840   Rue Sherbrooke Est"}}, {"type": "Feature", "geometry": {"type": "Point", "coordinates": [-73.668578, 45.542464]}, "properties": {"nom": "FRUITERIE GARCIA", "type": "Épicerie avec préparation", "adresse": "430   Rue Fleury Ouest"}}, {"type": "Feature", "geometry": {"type": "Point", "coordinates": [-73.747329, 45.456946]}, "properties": {"nom": "PRONTO MERCATO (DOM-21)", "type": "Épicerie", "adresse": "975   Boulevard Roméo-Vachon Nord"}}, {"type": "Feature", "geometry": {"type": "Point", "coordinates": [-73.624206, 45.548463]}, "properties": {"nom": "MITO SUSHI (IGA)", "type": "Épicerie", "adresse": "1155   Rue Jarry Est"}}, {"type": "Feature", "geometry": {"type": "Point", "coordinates": [-73.626557, 45.552248]}, "properties": {"nom": "MITO SUSHI", "type": "Épicerie avec préparation", "adresse": "1401   Boulevard Crémazie Est"}}, {"type": "Feature", "geometry": {"type": "Point", "coordinates": [-73.492311, 45.641602]}, "properties": {"nom": "KOS NUTRITION", "type": "Épicerie", "adresse": "12129   Rue Victoria "}}, {"type": "Feature", "geometry": {"type": "Point", "coordinates": [-73.626329, 45.568279]}, "properties": {"nom": "VARIETES EPICERIE", "type": "Épicerie", "adresse": "3000   Avenue Émile-Journault "}}, {"type": "Feature", "geometry": {"type": "Point", "coordinates": [-73.851759, 45.491814]}, "properties": {"nom": "INTERMARCHÉ PALUMBO PIERREFONDS", "type": "Épicerie avec préparation", "adresse": "4957   Boulevard Saint-Jean "}}, {"type": "Feature", "geometry": {"type": "Point", "coordinates": [-73.649177, 45.492239]}, "properties": {"nom": "TYLER ANNE CENTER", "type": "Épicerie avec préparation", "adresse": "6900  201 Boulevard Décarie "}}, {"type": "Feature", "geometry": {"type": "Point", "coordinates": [-73.565563, 45.52217]}, "properties": {"nom": "DEPANNEUR SHERBROOKE", "type": "Épicerie avec préparation", "adresse": "1160   Rue Sherbrooke Est"}}, {"type": "Feature", "geometry": {"type": "Point", "coordinates": [-73.543348, 45.582569]}, "properties": {"nom": "TABAGIE BEERODHEE", "type": "Épicerie", "adresse": "6595   Rue Sherbrooke Est"}}, {"type": "Feature", "geometry": {"type": "Point", "coordinates": [-73.62689, 45.486274]}, "properties": {"nom": "EURO MARCHE", "type": "Épicerie", "adresse": "4992   Chemin Queen-Mary "}}, {"type": "Feature", "geometry": {"type": "Point", "coordinates": [-73.821969, 45.463227]}, "properties": {"nom": "IGA EXTRA #8395", "type": "Supermarché", "adresse": "12   Place Triade "}}, {"type": "Feature", "geometry": {"type": "Point", "coordinates": [-73.643863, 45.422018]}, "properties": {"nom": "OLEMI (DOMICILE)", "type": "Épicerie", "adresse": "9354   Rue Brome "}}, {"type": "Feature", "geometry": {"type": "Point", "coordinates": [-73.584189, 45.575458]}, "properties": {"nom": "MITO SUSHI", "type": "Épicerie avec préparation", "adresse": "5000   Rue Jean-Talon Est"}}, {"type": "Feature", "geometry": {"type": "Point", "coordinates": [-73.503694, 45.642199]}, "properties": {"nom": "BONHEUR AU CARRE", "type": "Épicerie avec préparation", "adresse": "1407   Boulevard Saint-Jean-Baptiste "}}, {"type": "Feature", "geometry": {"type": "Point", "coordinates": [-73.566856, 45.518247]}, "properties": {"nom": "DEPANNEUR MANOIR PLAZA", "type": "Épicerie", "adresse": "505   Rue Sherbrooke Est"}}, {"type": "Feature", "geometry": {"type": "Point", "coordinates": [-73.59565, 45.549821]}, "properties": {"nom": "EPICERIE EPIZODE", "type": "Épicerie", "adresse": "2409   Rue Saint-Zotique Est"}}, {"type": "Feature", "geometry": {"type": "Point", "coordinates": [-73.584298, 45.52883]}, "properties": {"nom": "DEPANNEUR G948", "type": "Épicerie", "adresse": "948   Rue Gilford "}}, {"type": "Feature", "geometry": {"type": "Point", "coordinates": [-73.576922, 45.52689]}, "properties": {"nom": "DEPANNEUR PIERRE", "type": "Épicerie", "adresse": "1051   Rue Marie-Anne Est"}}, {"type": "Feature", "geometry": {"type": "Point", "coordinates": [-73.60575, 45.533195]}, "properties": {"nom": "FRUITERIE NATURA", "type": "Épicerie avec préparation", "adresse": "329   Rue Beaubien Est"}}, {"type": "Feature", "geometry": {"type": "Point", "coordinates": [-73.581115, 45.462432]}, "properties": {"nom": "MARCHE DANIKA", "type": "Épicerie avec préparation", "adresse": "5571   Boulevard De La Vérendrye "}}, {"type": "Feature", "geometry": {"type": "Point", "coordinates": [-73.555355, 45.506088]}, "properties": {"nom": "COUCHE-TARD #1358", "type": "Épicerie avec préparation", "adresse": "480  RC-03 Boulevard Saint-Laurent "}}, {"type": "Feature", "geometry": {"type": "Point", "coordinates": [-73.674915, 45.445164]}, "properties": {"nom": "DEPANNEUR LILIANNE", "type": "Épicerie", "adresse": "810   Avenue 12e "}}, {"type": "Feature", "geometry": {"type": "Point", "coordinates": [-73.674493, 45.434941]}, "properties": {"nom": "UNIPRIX SANTE KIRA AZAR", "type": "Épicerie", "adresse": "1198   Rue Notre-Dame "}}, {"type": "Feature", "geometry": {"type": "Point", "coordinates": [-73.611062, 45.538087]}, "properties": {"nom": "LA CECILIA", "type": "Épicerie avec préparation", "adresse": "510   Rue Bélanger "}}, {"type": "Feature", "geometry": {"type": "Point", "coordinates": [-73.622186, 45.467279]}, "properties": {"nom": "RESTO MUKJA (MARCHÉ D'ALIMENTATION COREEN MTL)", "type": "Épicerie avec préparation", "adresse": "6139   Rue Sherbrooke Ouest"}}, {"type": "Feature", "geometry": {"type": "Point", "coordinates": [-73.569926, 45.518046]}, "properties": {"nom": "DEPANNEUR DC", "type": "Épicerie", "adresse": "3640   Rue Saint-Denis "}}, {"type": "Feature", "geometry": {"type": "Point", "coordinates": [-73.562028, 45.503454]}, "properties": {"nom": "AVRIL SUPERMARCHE SANTE", "type": "Épicerie avec préparation", "adresse": "375   Avenue Viger Ouest"}}, {"type": "Feature", "geometry": {"type": "Point", "coordinates": [-73.571313, 45.508289]}, "properties": {"nom": "COUCHE-TARD #1354", "type": "Épicerie avec préparation", "adresse": "355   Rue Sherbrooke Ouest"}}, {"type": "Feature", "geometry": {"type": "Point", "coordinates": [-73.603201, 45.47919]}, "properties": {"nom": "ALIMENTATION GAJAN RAJASINGAM", "type": "Supermarché", "adresse": "4840   Rue Sherbrooke Ouest"}}, {"type": "Feature", "geometry": {"type": "Point", "coordinates": [-73.619554, 45.629066]}, "properties": {"nom": "DEPANNEUR DU BEL AGE", "type": "Épicerie avec préparation", "adresse": "7015   Boulevard Gouin Est"}}, {"type": "Feature", "geometry": {"type": "Point", "coordinates": [-73.636252, 45.495907]}, "properties": {"nom": "BOUCHERIE LE SHALOM", "type": "Épicerie avec préparation", "adresse": "4637   Avenue Van Horne "}}, {"type": "Feature", "geometry": {"type": "Point", "coordinates": [-73.539227, 45.472619]}, "properties": {"nom": "JCQUOI", "type": "Épicerie avec préparation", "adresse": "108   Chemin Pointe-Nord "}}, {"type": "Feature", "geometry": {"type": "Point", "coordinates": [-73.55888, 45.648244]}, "properties": {"nom": "DEPANNEUR ITALIEN YE", "type": "Épicerie avec préparation", "adresse": "11675   Boulevard Rivière-des-Prairies "}}, {"type": "Feature", "geometry": {"type": "Point", "coordinates": [-73.545978, 45.578096]}, "properties": {"nom": "CENTRE DE SOINS PROLONGES GRACE DART", "type": "Épicerie", "adresse": "6085   Rue Sherbrooke Est"}}, {"type": "Feature", "geometry": {"type": "Point", "coordinates": [-73.580541, 45.581955]}, "properties": {"nom": "MARCHE CITADELLE", "type": "Épicerie", "adresse": "5568   Rue Jean-Talon Est"}}, {"type": "Feature", "geometry": {"type": "Point", "coordinates": [-73.628554, 45.543678]}, "properties": {"nom": "DEPANNEUR COUCHE-TARD #1350", "type": "Épicerie avec préparation", "adresse": "514   Rue Jarry Est"}}, {"type": "Feature", "geometry": {"type": "Point", "coordinates": [-73.576645, 45.501758]}, "properties": {"nom": "CLUB ATHLETIQUE SHERBROOKE", "type": "Épicerie avec préparation", "adresse": "1100  300 Rue Sherbrooke Ouest"}}, {"type": "Feature", "geometry": {"type": "Point", "coordinates": [-73.600389, 45.456012]}, "properties": {"nom": "DEPANNEUR 7 JOURS #776", "type": "Épicerie avec préparation", "adresse": "2841   Rue Jolicoeur "}}, {"type": "Feature", "geometry": {"type": "Point", "coordinates": [-73.576546, 45.545361]}, "properties": {"nom": "PROVI-SOIR", "type": "Épicerie", "adresse": "2605   Rue Masson "}}, {"type": "Feature", "geometry": {"type": "Point", "coordinates": [-73.628159, 45.484766]}, "properties": {"nom": "MARCHE LA KASBAH INC.", "type": "Épicerie avec préparation", "adresse": "5178   Chemin Queen-Mary "}}, {"type": "Feature", "geometry": {"type": "Point", "coordinates": [-73.578739, 45.528504]}, "properties": {"nom": "GYPSY STAR LA BOUTIQUE MOBILE", "type": "Épicerie", "adresse": "1139   Avenue Mont-Royal Est"}}, {"type": "Feature", "geometry": {"type": "Point", "coordinates": [-73.561041, 45.587421]}, "properties": {"nom": "MARCHE DJURDJURA", "type": "Épicerie avec préparation", "adresse": "6492   Rue Beaubien Est"}}, {"type": "Feature", "geometry": {"type": "Point", "coordinates": [-73.574456, 45.498463]}, "properties": {"nom": "LASER GAME EVOLUTION", "type": "Épicerie", "adresse": "1226   Rue Sainte-Catherine Ouest"}}, {"type": "Feature", "geometry": {"type": "Point", "coordinates": [-73.587989, 45.523011]}, "properties": {"nom": "LE SAINT LOUIS CAFE", "type": "Épicerie avec préparation", "adresse": "4800   Rue De Bullion "}}, {"type": "Feature", "geometry": {"type": "Point", "coordinates": [-73.687102, 45.540424]}, "properties": {"nom": "MARCHE TIKKI", "type": "Épicerie avec préparation", "adresse": "1559   Rue Dudemaine "}}, {"type": "Feature", "geometry": {"type": "Point", "coordinates": [-73.583146, 45.523693]}, "properties": {"nom": "EPICERIE LOCO PLATEAU", "type": "Épicerie avec préparation", "adresse": "368   Avenue Mont-Royal Est"}}, {"type": "Feature", "geometry": {"type": "Point", "coordinates": [-73.561944, 45.521847]}, "properties": {"nom": "FROMAGERIE ATWATER CENTRE-SUD", "type": "Épicerie avec préparation", "adresse": "1269   Rue Ontario Est"}}, {"type": "Feature", "geometry": {"type": "Point", "coordinates": [-73.585706, 45.581801]}, "properties": {"nom": "COUCHE-TARD #1160", "type": "Épicerie", "adresse": "7635   Boulevard Lacordaire "}}, {"type": "Feature", "geometry": {"type": "Point", "coordinates": [-73.66555, 45.547418]}, "properties": {"nom": "FRAICHEMENT BON", "type": "Épicerie avec préparation", "adresse": "61   Rue Fleury Ouest"}}, {"type": "Feature", "geometry": {"type": "Point", "coordinates": [-73.626783, 45.486393]}, "properties": {"nom": "MARCHE MOKOLO", "type": "Épicerie avec préparation", "adresse": "4974   Chemin Queen-Mary "}}, {"type": "Feature", "geometry": {"type": "Point", "coordinates": [-73.575289, 45.520488]}, "properties": {"nom": "LA BEIGNERIE", "type": "Épicerie avec préparation", "adresse": "3979   Rue Saint-Denis "}}, {"type": "Feature", "geometry": {"type": "Point", "coordinates": [-73.551302, 45.523766]}, "properties": {"nom": "METRO PLUS DORION STE-CATHERINE", "type": "Supermarché", "adresse": "1955   Rue Sainte-Catherine Est"}}, {"type": "Feature", "geometry": {"type": "Point", "coordinates": [-73.551302, 45.523766]}, "properties": {"nom": "AKI SUSHI DORION", "type": "Épicerie avec préparation", "adresse": "1955   Rue Sainte-Catherine Est"}}, {"type": "Feature", "geometry": {"type": "Point", "coordinates": [-73.643053, 45.53109]}, "properties": {"nom": "MARCHE PUNJABI", "type": "Épicerie avec préparation", "adresse": "830   Rue Liège Ouest"}}, {"type": "Feature", "geometry": {"type": "Point", "coordinates": [-73.61672, 45.50074]}, "properties": {"nom": "CAFE TORE ET FRACTION", "type": "Épicerie", "adresse": "2920  AA-1221 Chemin Tour "}}, {"type": "Feature", "geometry": {"type": "Point", "coordinates": [-73.69834, 45.538666]}, "properties": {"nom": "NOUVEAU MARCHE AICHA", "type": "Épicerie avec préparation", "adresse": "2445   Rue De Salaberry "}}, {"type": "Feature", "geometry": {"type": "Point", "coordinates": [-73.648169, 45.494509]}, "properties": {"nom": "SUPERMARCHE P.A WESTBURY", "type": "Boucherie-épicerie", "adresse": "5157   Avenue Courtrai "}}, {"type": "Feature", "geometry": {"type": "Point", "coordinates": [-73.61518, 45.550601]}, "properties": {"nom": "LE PRO BOUCHERIE", "type": "Boucherie-épicerie", "adresse": "1600   Rue Villeray "}}, {"type": "Feature", "geometry": {"type": "Point", "coordinates": [-73.58137, 45.539334]}, "properties": {"nom": "DEPANNEUR MEEKA", "type": "Épicerie", "adresse": "5400   Avenue De Lorimier "}}, {"type": "Feature", "geometry": {"type": "Point", "coordinates": [-73.56678, 45.480034]}, "properties": {"nom": "KANE EPICERIE", "type": "Épicerie avec préparation", "adresse": "2365   Rue Centre "}}, {"type": "Feature", "geometry": {"type": "Point", "coordinates": [-73.568857, 45.558443]}, "properties": {"nom": "DERPANNEUR LOUIS-HEMON BIN", "type": "Épicerie", "adresse": "4021   Rue Masson "}}, {"type": "Feature", "geometry": {"type": "Point", "coordinates": [-73.625917, 45.56875]}, "properties": {"nom": "MARCHE EMILE", "type": "Épicerie avec préparation", "adresse": "3093   Avenue Émile-Journault "}}, {"type": "Feature", "geometry": {"type": "Point", "coordinates": [-73.647961, 45.565014]}, "properties": {"nom": "DEPANNEUR SAUVE", "type": "Épicerie", "adresse": "1797   Rue Sauvé Est"}}, {"type": "Feature", "geometry": {"type": "Point", "coordinates": [-73.572298, 45.535324]}, "properties": {"nom": "DEPANNEUR JEANNE", "type": "Épicerie", "adresse": "2108   Avenue Mont-Royal Est"}}, {"type": "Feature", "geometry": {"type": "Point", "coordinates": [-73.570657, 45.537045]}, "properties": {"nom": "AKI SUSHI", "type": "Épicerie avec préparation", "adresse": "2275   Avenue Mont-Royal Est"}}, {"type": "Feature", "geometry": {"type": "Point", "coordinates": [-73.566318, 45.655584]}, "properties": {"nom": "DEPANNEUR 7 JOURS", "type": "Épicerie", "adresse": "9704   Rue 4e "}}, {"type": "Feature", "geometry": {"type": "Point", "coordinates": [-73.670928, 45.521608]}, "properties": {"nom": "DEPANNEUR DU MANOIR DE CASSON", "type": "Épicerie avec préparation", "adresse": "775   Rue Muir "}}, {"type": "Feature", "geometry": {"type": "Point", "coordinates": [-73.575955, 45.502434]}, "properties": {"nom": "COUCHE-TARD", "type": "Épicerie avec préparation", "adresse": "1001  160 Rue Sherbrooke Ouest"}}, {"type": "Feature", "geometry": {"type": "Point", "coordinates": [-73.61299, 45.600212]}, "properties": {"nom": "MITO SUSHI", "type": "Épicerie avec préparation", "adresse": "9450   Boulevard Lacordaire "}}, {"type": "Feature", "geometry": {"type": "Point", "coordinates": [-73.585072, 45.547846]}, "properties": {"nom": "MON CHEF PERSONNEL", "type": "Épicerie", "adresse": "2599   Boulevard Rosemont "}}, {"type": "Feature", "geometry": {"type": "Point", "coordinates": [-73.58475, 45.548214]}, "properties": {"nom": "VALMONT", "type": "Épicerie avec préparation", "adresse": "2625   Boulevard Rosemont "}}, {"type": "Feature", "geometry": {"type": "Point", "coordinates": [-73.658396, 45.559405]}, "properties": {"nom": "CUISINE PRONTO", "type": "Épicerie", "adresse": "1211   Rue Fleury Est"}}, {"type": "Feature", "geometry": {"type": "Point", "coordinates": [-73.614928, 45.536867]}, "properties": {"nom": "EN TOUT K", "type": "Épicerie avec préparation", "adresse": "7070   Avenue Henri-Julien "}}, {"type": "Feature", "geometry": {"type": "Point", "coordinates": [-73.58642, 45.520054]}, "properties": {"nom": "COUCHE-TARD #1356", "type": "Épicerie avec préparation", "adresse": "1   Avenue Mont-Royal Ouest"}}, {"type": "Feature", "geometry": {"type": "Point", "coordinates": [-73.552255, 45.533465]}, "properties": {"nom": "TABAGIE METRO FRONTENAC", "type": "Épicerie", "adresse": "2570   Rue Ontario Est"}}, {"type": "Feature", "geometry": {"type": "Point", "coordinates": [-73.579, 45.517398]}, "properties": {"nom": "LEJEUNE & FRERES", "type": "Épicerie", "adresse": "22   Avenue Duluth Est"}}, {"type": "Feature", "geometry": {"type": "Point", "coordinates": [-73.564922, 45.481168]}, "properties": {"nom": "L'AVANT GOUT", "type": "Épicerie avec préparation", "adresse": "2126   Rue Centre "}}, {"type": "Feature", "geometry": {"type": "Point", "coordinates": [-73.567183, 45.460865]}, "properties": {"nom": "VERT POMME FRUITERIE MULHIM", "type": "Épicerie avec préparation", "adresse": "4324   Rue Wellington "}}, {"type": "Feature", "geometry": {"type": "Point", "coordinates": [-73.624206, 45.548463]}, "properties": {"nom": "IGA SUPERMARCHE DEZIEL", "type": "Supermarché", "adresse": "1155   Rue Jarry Est"}}, {"type": "Feature", "geometry": {"type": "Point", "coordinates": [-73.614928, 45.536867]}, "properties": {"nom": "LE POTAGER MONT-ROUGE ROUGEMONT", "type": "Marché public", "adresse": "7070   Avenue Henri-Julien "}}, {"type": "Feature", "geometry": {"type": "Point", "coordinates": [-73.628443, 45.57057]}, "properties": {"nom": "DEPANNEUR LEGENDRE PLUS", "type": "Épicerie avec préparation", "adresse": "3151   Rue Legendre Est"}}, {"type": "Feature", "geometry": {"type": "Point", "coordinates": [-73.618934, 45.567858]}, "properties": {"nom": "MARCHE AMMA", "type": "Épicerie avec préparation", "adresse": "8604   Boulevard Saint-Michel "}}, {"type": "Feature", "geometry": {"type": "Point", "coordinates": [-73.600779, 45.538651]}, "properties": {"nom": "MITO SUSHI", "type": "Épicerie", "adresse": "1200   Rue Beaubien Est"}}, {"type": "Feature", "geometry": {"type": "Point", "coordinates": [-73.603762, 45.536434]}, "properties": {"nom": "CROWD BAR & FLAIR (CUISINE)", "type": "Épicerie avec préparation", "adresse": "6524  6 Rue Saint-Hubert "}}, {"type": "Feature", "geometry": {"type": "Point", "coordinates": [-73.620318, 45.543963]}, "properties": {"nom": "MARCHE ODA", "type": "Épicerie avec préparation", "adresse": "7654   Rue Saint-Hubert "}}, {"type": "Feature", "geometry": {"type": "Point", "coordinates": [-73.607992, 45.53078]}, "properties": {"nom": "J'AI FENG", "type": "Épicerie avec préparation", "adresse": "43   Rue Beaubien Est"}}, {"type": "Feature", "geometry": {"type": "Point", "coordinates": [-73.616636, 45.518535]}, "properties": {"nom": "PRODUITS ILIOS INC.", "type": "Épicerie avec préparation", "adresse": "1539   Avenue Van Horne "}}, {"type": "Feature", "geometry": {"type": "Point", "coordinates": [-73.604681, 45.601111]}, "properties": {"nom": "MAGASIN BERCHICCI", "type": "Épicerie avec préparation", "adresse": "6205   Boulevard Couture "}}, {"type": "Feature", "geometry": {"type": "Point", "coordinates": [-73.614218, 45.541174]}, "properties": {"nom": "MARCHE ECHE ET FILS", "type": "Épicerie avec préparation", "adresse": "7207   Rue Saint-Hubert "}}, {"type": "Feature", "geometry": {"type": "Point", "coordinates": [-73.58848, 45.596122]}, "properties": {"nom": "DEPANNEUR ROBERT", "type": "Épicerie", "adresse": "6343   Boulevard Robert "}}, {"type": "Feature", "geometry": {"type": "Point", "coordinates": [-73.666953, 45.55843]}, "properties": {"nom": "DEPANNEUR SOPHIE", "type": "Épicerie avec préparation", "adresse": "816   Boulevard Henri-Bourassa Est"}}, {"type": "Feature", "geometry": {"type": "Point", "coordinates": [-73.842856, 45.50227]}, "properties": {"nom": "DEPANNEUR PROVI-SOIR", "type": "Épicerie", "adresse": "13155   Boulevard Gouin Ouest"}}, {"type": "Feature", "geometry": {"type": "Point", "coordinates": [-73.663651, 45.459985]}, "properties": {"nom": "TABAGIE BELVEDERE", "type": "Épicerie", "adresse": "5533   Avenue Westminster "}}, {"type": "Feature", "geometry": {"type": "Point", "coordinates": [-73.579742, 45.493402]}, "properties": {"nom": "SUSHI QNQ", "type": "Épicerie", "adresse": "1829   Rue Sainte-Catherine Ouest"}}, {"type": "Feature", "geometry": {"type": "Point", "coordinates": [-73.576524, 45.543881]}, "properties": {"nom": "IGA BARCELO MOLSON", "type": "Supermarché", "adresse": "5290   Rue Molson "}}, {"type": "Feature", "geometry": {"type": "Point", "coordinates": [-73.876698, 45.495093]}, "properties": {"nom": "MITO SUSHI", "type": "Épicerie avec préparation", "adresse": "640   Boulevard Jacques-Bizard "}}, {"type": "Feature", "geometry": {"type": "Point", "coordinates": [-73.607062, 45.54246]}, "properties": {"nom": "FERMENT INC.", "type": "Épicerie avec préparation", "adresse": "1255   Rue Bélanger "}}, {"type": "Feature", "geometry": {"type": "Point", "coordinates": [-73.561911, 45.521902]}, "properties": {"nom": "EPICERIE VRAC ET BIO", "type": "Épicerie avec préparation", "adresse": "1273   Rue Ontario Est"}}, {"type": "Feature", "geometry": {"type": "Point", "coordinates": [-73.575578, 45.521074]}, "properties": {"nom": "BONISOIR", "type": "Épicerie", "adresse": "418   Avenue Duluth Est"}}, {"type": "Feature", "geometry": {"type": "Point", "coordinates": [-73.566129, 45.491337]}, "properties": {"nom": "ESCAPE LAB", "type": "Épicerie avec préparation", "adresse": "1420   Rue Notre-Dame Ouest"}}, {"type": "Feature", "geometry": {"type": "Point", "coordinates": [-73.730994, 45.440678]}, "properties": {"nom": "PROVI-SOIR", "type": "Épicerie", "adresse": "450   Chemin Bord-du-Lac-Lakeshore "}}, {"type": "Feature", "geometry": {"type": "Point", "coordinates": [-73.587065, 45.474636]}, "properties": {"nom": "OLIVE SAINT-HENRI", "type": "Épicerie avec préparation", "adresse": "4411   Rue Notre-Dame Ouest"}}, {"type": "Feature", "geometry": {"type": "Point", "coordinates": [-73.656672, 45.547065]}, "properties": {"nom": "DEPANNEUR TOP MARCHE", "type": "Épicerie", "adresse": "35  70 Rue Port-Royal Est"}}, {"type": "Feature", "geometry": {"type": "Point", "coordinates": [-73.625326, 45.597218]}, "properties": {"nom": "DEPANNEUR DANADAM", "type": "Épicerie", "adresse": "5052   Rue Castille "}}, {"type": "Feature", "geometry": {"type": "Point", "coordinates": [-73.626351, 45.478921]}, "properties": {"nom": "MITO SUSHI", "type": "Épicerie avec préparation", "adresse": "5501   Chemin Côte-Saint-Luc "}}, {"type": "Feature", "geometry": {"type": "Point", "coordinates": [-73.615922, 45.470507]}, "properties": {"nom": "DEPANNEUR MUNCHIZ EXOTIQUE NDG", "type": "Épicerie", "adresse": "5721   Rue Sherbrooke Ouest"}}, {"type": "Feature", "geometry": {"type": "Point", "coordinates": [-73.565903, 45.46637]}, "properties": {"nom": "DEPANNEUR LASALLE PLUS", "type": "Épicerie avec préparation", "adresse": "3760   Boulevard LaSalle "}}, {"type": "Feature", "geometry": {"type": "Point", "coordinates": [-73.571481, 45.49739]}, "properties": {"nom": "TABAGIE 1250", "type": "Épicerie", "adresse": "1250  R104 Boulevard René-Lévesque Ouest"}}, {"type": "Feature", "geometry": {"type": "Point", "coordinates": [-73.565052, 45.531693]}, "properties": {"nom": "DEPANNEUR JC DE LORIMIER", "type": "Épicerie", "adresse": "3541   Avenue De Lorimier "}}, {"type": "Feature", "geometry": {"type": "Point", "coordinates": [-73.584288, 45.532899]}, "properties": {"nom": "ECODEP LA GENERALE", "type": "Épicerie avec préparation", "adresse": "1290   Avenue Laurier Est"}}, {"type": "Feature", "geometry": {"type": "Point", "coordinates": [-73.59565, 45.549821]}, "properties": {"nom": "EPICERIE EPIZODE", "type": "Épicerie avec préparation", "adresse": "2409   Rue Saint-Zotique Est"}}, {"type": "Feature", "geometry": {"type": "Point", "coordinates": [-73.625448, 45.507987]}, "properties": {"nom": "METRO WILDERTON", "type": "Supermarché", "adresse": "2875   Avenue Van Horne "}}, {"type": "Feature", "geometry": {"type": "Point", "coordinates": [-73.665782, 45.508774]}, "properties": {"nom": "T&T SUPERMARCHE", "type": "Supermarché", "adresse": "300   Avenue Sainte-Croix "}}, {"type": "Feature", "geometry": {"type": "Point", "coordinates": [-73.576562, 45.4821]}, "properties": {"nom": "TITE FRETTE MTL (ATWATER)", "type": "Épicerie", "adresse": "2675   Rue Notre-Dame Ouest"}}, {"type": "Feature", "geometry": {"type": "Point", "coordinates": [-73.519566, 45.601932]}, "properties": {"nom": "DOLLAR ROYAL +", "type": "Épicerie", "adresse": "8755   Rue Hochelaga "}}, {"type": "Feature", "geometry": {"type": "Point", "coordinates": [-73.568264, 45.47913]}, "properties": {"nom": "MARCHE BENGAL", "type": "Épicerie avec préparation", "adresse": "2485   Rue Centre "}}, {"type": "Feature", "geometry": {"type": "Point", "coordinates": [-73.679491, 45.533313]}, "properties": {"nom": "DEPANNEUR CITE DE L'ACADIE", "type": "Épicerie avec préparation", "adresse": "10580   Place Acadie "}}, {"type": "Feature", "geometry": {"type": "Point", "coordinates": [-73.509187, 45.657645]}, "properties": {"nom": "IGA EXTRA FAMILLE LACOSTE", "type": "Supermarché", "adresse": "13155   Rue Sherbrooke Est"}}, {"type": "Feature", "geometry": {"type": "Point", "coordinates": [-73.863746, 45.457409]}, "properties": {"nom": "PASSION CEVICHE", "type": "Épicerie avec préparation", "adresse": "3652   Boulevard Saint-Charles "}}, {"type": "Feature", "geometry": {"type": "Point", "coordinates": [-73.564035, 45.470889]}, "properties": {"nom": "ESSENCE PLUS CANADIAN TIRE", "type": "Épicerie", "adresse": "3140   Rue Wellington "}}, {"type": "Feature", "geometry": {"type": "Point", "coordinates": [-73.567845, 45.453592]}, "properties": {"nom": "FUME PAR FLORIAN", "type": "Épicerie", "adresse": "5300   Rue Wellington "}}, {"type": "Feature", "geometry": {"type": "Point", "coordinates": [-73.631516, 45.491636]}, "properties": {"nom": "MARCHE THARSINI", "type": "Épicerie avec préparation", "adresse": "5493 A  Avenue Victoria "}}, {"type": "Feature", "geometry": {"type": "Point", "coordinates": [-73.562241, 45.503162]}, "properties": {"nom": "MICRO KITCHEN (GOOGLE)", "type": "Épicerie", "adresse": "425   Avenue Viger Ouest"}}, {"type": "Feature", "geometry": {"type": "Point", "coordinates": [-73.562241, 45.503162]}, "properties": {"nom": "COFEE FRIDGE 10TH FLOOR", "type": "Épicerie", "adresse": "425   Avenue Viger Ouest"}}, {"type": "Feature", "geometry": {"type": "Point", "coordinates": [-73.605033, 45.550211]}, "properties": {"nom": "XUN ZHAO (DEPANNEUR BELLE-VIE)", "type": "Épicerie avec préparation", "adresse": "2040   Rue Jean-Talon Est"}}, {"type": "Feature", "geometry": {"type": "Point", "coordinates": [-73.559783, 45.502047]}, "properties": {"nom": "CHOCOLATERIE LEONIDAS", "type": "Épicerie avec préparation", "adresse": "383  C-123 Rue Saint-Jacques "}}, {"type": "Feature", "geometry": {"type": "Point", "coordinates": [-73.51567, 45.609544]}, "properties": {"nom": "MARCHE HOCHELAGA H&H", "type": "Épicerie avec préparation", "adresse": "9501   Rue Hochelaga "}}, {"type": "Feature", "geometry": {"type": "Point", "coordinates": [-73.638693, 45.429435]}, "properties": {"nom": "DEPANNEUR BEDARD & NEWMAN", "type": "Épicerie", "adresse": "387   Rue Bédard "}}, {"type": "Feature", "geometry": {"type": "Point", "coordinates": [-73.580522, 45.501637]}, "properties": {"nom": "DEPANNEUR DE LUCKY STAR", "type": "Épicerie", "adresse": "3468  12 Rue Drummond "}}, {"type": "Feature", "geometry": {"type": "Point", "coordinates": [-73.649815, 45.469524]}, "properties": {"nom": "MARCHE BIERETI", "type": "Épicerie avec préparation", "adresse": "6670   Chemin Côte-Saint-Luc "}}, {"type": "Feature", "geometry": {"type": "Point", "coordinates": [-73.721904, 45.531086]}, "properties": {"nom": "O DEPANNEUR", "type": "Épicerie avec préparation", "adresse": "6005   Boulevard Gouin Ouest"}}, {"type": "Feature", "geometry": {"type": "Point", "coordinates": [-73.56497, 45.542049]}, "properties": {"nom": "BOCOBISTRO", "type": "Épicerie", "adresse": "2601  160 Rue William-Tremblay "}}, {"type": "Feature", "geometry": {"type": "Point", "coordinates": [-73.603223, 45.522649]}, "properties": {"nom": "VIANDE CONTINENTAL", "type": "Boucherie-épicerie", "adresse": "5619   Avenue Parc "}}, {"type": "Feature", "geometry": {"type": "Point", "coordinates": [-73.504604, 45.642263]}, "properties": {"nom": "LA DESTINATION LIQUIDATION", "type": "Épicerie", "adresse": "1482   Boulevard Saint-Jean-Baptiste "}}, {"type": "Feature", "geometry": {"type": "Point", "coordinates": [-73.570205, 45.47386]}, "properties": {"nom": "VOVA EPICERIE RUSSE", "type": "Épicerie avec préparation", "adresse": "3055   Boulevard LaSalle "}}, {"type": "Feature", "geometry": {"type": "Point", "coordinates": [-73.873031, 45.465499]}, "properties": {"nom": "MUNCHIZ EXOTIQUE WEST ISLAND", "type": "Épicerie", "adresse": "4817   Boulevard Saint-Charles "}}, {"type": "Feature", "geometry": {"type": "Point", "coordinates": [-73.575279, 45.500406]}, "properties": {"nom": "BOULANGERIE MR JREECH", "type": "Épicerie avec préparation", "adresse": "1140  M5 Boulevard De Maisonneuve Ouest"}}, {"type": "Feature", "geometry": {"type": "Point", "coordinates": [-73.579579, 45.480345]}, "properties": {"nom": "BRANCHE D'OLIVIER", "type": "Épicerie avec préparation", "adresse": "3443   Rue Notre-Dame Ouest"}}, {"type": "Feature", "geometry": {"type": "Point", "coordinates": [-73.649177, 45.492239]}, "properties": {"nom": "TABAGIE LA NEIGE", "type": "Épicerie avec préparation", "adresse": "6900  204 Boulevard Décarie "}}, {"type": "Feature", "geometry": {"type": "Point", "coordinates": [-73.624402, 45.622019]}, "properties": {"nom": "LE MONDE TROPICAL", "type": "Boucherie-épicerie", "adresse": "6293   Boulevard Léger "}}, {"type": "Feature", "geometry": {"type": "Point", "coordinates": [-73.627888, 45.618595]}, "properties": {"nom": "DEPANNEUR SIVS PIZZERIA SLADE'S", "type": "Épicerie", "adresse": "5940   Boulevard Léger "}}, {"type": "Feature", "geometry": {"type": "Point", "coordinates": [-73.614289, 45.56594]}, "properties": {"nom": "DEPANNEUR DU COIN", "type": "Épicerie", "adresse": "8383   Boulevard Saint-Michel "}}, {"type": "Feature", "geometry": {"type": "Point", "coordinates": [-73.595526, 45.522634]}, "properties": {"nom": "LUCIANO TRATTORIA", "type": "Épicerie", "adresse": "5180   Rue Saint-Urbain "}}, {"type": "Feature", "geometry": {"type": "Point", "coordinates": [-73.576189, 45.53121]}, "properties": {"nom": "BLEU ET PERSILLE", "type": "Épicerie avec préparation", "adresse": "1475   Avenue Mont-Royal Est"}}, {"type": "Feature", "geometry": {"type": "Point", "coordinates": [-73.595507, 45.627254]}, "properties": {"nom": "PETRO-CANADA #12177", "type": "Épicerie avec préparation", "adresse": "7667   Boulevard Maurice-Duplessis "}}, {"type": "Feature", "geometry": {"type": "Point", "coordinates": [-73.674493, 45.434941]}, "properties": {"nom": "BON BON THE", "type": "Épicerie avec préparation", "adresse": "1175   Rue Notre-Dame "}}, {"type": "Feature", "geometry": {"type": "Point", "coordinates": [-73.580046, 45.496006]}, "properties": {"nom": "SUPERMARCHE MIZAN", "type": "Épicerie avec préparation", "adresse": "2120   Rue Guy "}}, {"type": "Feature", "geometry": {"type": "Point", "coordinates": [-73.6156, 45.550134]}, "properties": {"nom": "DEPANNEUR A+", "type": "Épicerie", "adresse": "1553   Rue Villeray "}}, {"type": "Feature", "geometry": {"type": "Point", "coordinates": [-73.636311, 45.594289]}, "properties": {"nom": "MARCHÉ BÉACLAU", "type": "Épicerie", "adresse": "4333   Rue Charleroi "}}, {"type": "Feature", "geometry": {"type": "Point", "coordinates": [-73.701277, 45.492717]}, "properties": {"nom": "DEPANNEUR RESIDENCE INN", "type": "Épicerie", "adresse": "6500   Place Robert-Joncas "}}, {"type": "Feature", "geometry": {"type": "Point", "coordinates": [-73.700099, 45.493731]}, "properties": {"nom": "DEPANNEUR COURTYARD", "type": "Épicerie", "adresse": "7000   Place Robert-Joncas "}}, {"type": "Feature", "geometry": {"type": "Point", "coordinates": [-73.868601, 45.462227]}, "properties": {"nom": "PHARMACIE JEAN-COUTU (#176)", "type": "Épicerie", "adresse": "4491   Boulevard Saint-Charles "}}, {"type": "Feature", "geometry": {"type": "Point", "coordinates": [-73.636452, 45.503393]}, "properties": {"nom": "TRAITEUR SOORA", "type": "Épicerie", "adresse": "3588   Rue Goyer "}}, {"type": "Feature", "geometry": {"type": "Point", "coordinates": [-73.57274, 45.658767]}, "properties": {"nom": "DÉPANNEUR DU COIN", "type": "Épicerie", "adresse": "9571   Boulevard Gouin Est"}}, {"type": "Feature", "geometry": {"type": "Point", "coordinates": [-73.6376, 45.540805]}, "properties": {"nom": "CHEZ MARTINE", "type": "Épicerie", "adresse": "8501   Boulevard Saint-Laurent "}}, {"type": "Feature", "geometry": {"type": "Point", "coordinates": [-73.62808, 45.544375]}, "properties": {"nom": "FRAICHEMENT BON", "type": "Épicerie avec préparation", "adresse": "600   Rue Jarry Est"}}, {"type": "Feature", "geometry": {"type": "Point", "coordinates": [-73.622405, 45.435735]}, "properties": {"nom": "SUPERMARCHE MADINA", "type": "Épicerie avec préparation", "adresse": "1562   Rue Thierry "}}, {"type": "Feature", "geometry": {"type": "Point", "coordinates": [-73.642974, 45.531224]}, "properties": {"nom": "MARCHE JAKHU BRO'S", "type": "Épicerie avec préparation", "adresse": "819   Rue Liège Ouest"}}, {"type": "Feature", "geometry": {"type": "Point", "coordinates": [-73.582191, 45.578878]}, "properties": {"nom": "MARCHE ANATOLIA", "type": "Boucherie-épicerie", "adresse": "5305   Rue Jean-Talon Est"}}, {"type": "Feature", "geometry": {"type": "Point", "coordinates": [-73.626776, 45.471241]}, "properties": {"nom": "RESTAURANT ILION", "type": "Épicerie avec préparation", "adresse": "5999   Avenue Monkland "}}, {"type": "Feature", "geometry": {"type": "Point", "coordinates": [-73.56132, 45.535985]}, "properties": {"nom": "MARCHE EXPRESS", "type": "Épicerie avec préparation", "adresse": "2500   Rue Sherbrooke Est"}}, {"type": "Feature", "geometry": {"type": "Point", "coordinates": [-73.615657, 45.470643]}, "properties": {"nom": "MICRO ESPRESSO CAFE", "type": "Épicerie avec préparation", "adresse": "5707   Rue Sherbrooke Ouest"}}, {"type": "Feature", "geometry": {"type": "Point", "coordinates": [-73.816238, 45.44531]}, "properties": {"nom": "METRO PLUS POINTE-CLAIRE", "type": "Supermarché", "adresse": "325   Boulevard Saint-Jean "}}, {"type": "Feature", "geometry": {"type": "Point", "coordinates": [-73.623728, 45.529952]}, "properties": {"nom": "YASER FRUITS", "type": "Supermarché", "adresse": "7256   Rue Hutchison "}}, {"type": "Feature", "geometry": {"type": "Point", "coordinates": [-73.558606, 45.495076]}, "properties": {"nom": "DEPANNEUR MANHATTAN", "type": "Épicerie", "adresse": "998   Rue Ottawa "}}, {"type": "Feature", "geometry": {"type": "Point", "coordinates": [-73.560683, 45.49239]}, "properties": {"nom": "DEPANNEUR GRIFFINTOWN", "type": "Épicerie", "adresse": "1247   Rue Ottawa "}}, {"type": "Feature", "geometry": {"type": "Point", "coordinates": [-73.634403, 45.45423]}, "properties": {"nom": "DEPANNEUR PRO-CHOIX", "type": "Épicerie avec préparation", "adresse": "7305   Rue Saint-Jacques "}}, {"type": "Feature", "geometry": {"type": "Point", "coordinates": [-73.800128, 45.48755]}, "properties": {"nom": "BASSE EXPRESS", "type": "Épicerie avec préparation", "adresse": "3631   Boulevard Sources "}}, {"type": "Feature", "geometry": {"type": "Point", "coordinates": [-73.617837, 45.538253]}, "properties": {"nom": "EPICERIE LOCO", "type": "Épicerie avec préparation", "adresse": "337   Rue De Castelnau Est"}}, {"type": "Feature", "geometry": {"type": "Point", "coordinates": [-73.562334, 45.507574]}, "properties": {"nom": "DALIAMENG MAGASIN", "type": "Épicerie", "adresse": "1111  R09A Rue Saint-Urbain "}}, {"type": "Feature", "geometry": {"type": "Point", "coordinates": [-73.733156, 45.49981]}, "properties": {"nom": "VENIZIA DISTRIBUTION", "type": "Supermarché", "adresse": "5686   Boulevard Thimens "}}, {"type": "Feature", "geometry": {"type": "Point", "coordinates": [-73.625667, 45.43803]}, "properties": {"nom": "BOUCHERIE MARCHIGIANI", "type": "Boucherie-épicerie", "adresse": "7790   Rue Juliette "}}, {"type": "Feature", "geometry": {"type": "Point", "coordinates": [-73.608427, 45.56504]}, "properties": {"nom": "MARCHE SULTAN", "type": "Épicerie avec préparation", "adresse": "3337   Rue Jarry Est"}}, {"type": "Feature", "geometry": {"type": "Point", "coordinates": [-73.789746, 45.476806]}, "properties": {"nom": "PROXI DORVAL", "type": "Épicerie avec préparation", "adresse": "2855   Boulevard Sources "}}, {"type": "Feature", "geometry": {"type": "Point", "coordinates": [-73.626888, 45.545808]}, "properties": {"nom": "ANNE ET FRERES FROMAGES", "type": "Épicerie avec préparation", "adresse": "738   Rue Jarry Est"}}, {"type": "Feature", "geometry": {"type": "Point", "coordinates": [-73.551501, 45.50834]}, "properties": {"nom": "BAR DE LA  ROUE (KIOSQUE ESTIVAL)", "type": "Épicerie avec préparation", "adresse": "362   Rue Commune Est"}}, {"type": "Feature", "geometry": {"type": "Point", "coordinates": [-73.548368, 45.541323]}, "properties": {"nom": "AU SEPTIEME MICRO-POUSSE", "type": "Épicerie avec préparation", "adresse": "2065   Rue Dézéry "}}, {"type": "Feature", "geometry": {"type": "Point", "coordinates": [-73.62363, 45.582667]}, "properties": {"nom": "DEPANNEUR LES 3 COUSINS", "type": "Épicerie avec préparation", "adresse": "4195   Rue 51e "}}, {"type": "Feature", "geometry": {"type": "Point", "coordinates": [-73.631584, 45.573553]}, "properties": {"nom": "MARCHE DES AMIS SUPER INC.", "type": "Épicerie avec préparation", "adresse": "9275   Boulevard Saint-Michel "}}, {"type": "Feature", "geometry": {"type": "Point", "coordinates": [-73.583858, 45.539617]}, "properties": {"nom": "PARAGYM", "type": "Épicerie", "adresse": "5465   Rue Bordeaux "}}, {"type": "Feature", "geometry": {"type": "Point", "coordinates": [-73.796349, 45.483652]}, "properties": {"nom": "DEPANNEUR DU COIN", "type": "Épicerie", "adresse": "3335   Boulevard Sources "}}, {"type": "Feature", "geometry": {"type": "Point", "coordinates": [-73.581993, 45.47485]}, "properties": {"nom": "SUM SAUCE LAB (SAM GOURMAND)", "type": "Épicerie avec préparation", "adresse": "137  132 Rue Saint-Ferdinand "}}, {"type": "Feature", "geometry": {"type": "Point", "coordinates": [-73.831989, 45.470215]}, "properties": {"nom": "PROXI (ESSO)", "type": "Épicerie", "adresse": "3580   Boulevard Saint-Jean "}}, {"type": "Feature", "geometry": {"type": "Point", "coordinates": [-73.816238, 45.44531]}, "properties": {"nom": "AKI SUSHI (METRO PLUS)", "type": "Épicerie avec préparation", "adresse": "325   Boulevard Saint-Jean "}}, {"type": "Feature", "geometry": {"type": "Point", "coordinates": [-73.699543, 45.537834]}, "properties": {"nom": "MITO SUSHI", "type": "Épicerie avec préparation", "adresse": "2820   Rue De Salaberry "}}, {"type": "Feature", "geometry": {"type": "Point", "coordinates": [-73.653015, 45.568036]}, "properties": {"nom": "EPICERIE WAFRASIE", "type": "Épicerie avec préparation", "adresse": "10289   Avenue Papineau "}}, {"type": "Feature", "geometry": {"type": "Point", "coordinates": [-73.595066, 45.525824]}, "properties": {"nom": "EPICERIE BOCOBOCO", "type": "Épicerie avec préparation", "adresse": "5333  101 Avenue Casgrain "}}, {"type": "Feature", "geometry": {"type": "Point", "coordinates": [-73.61464, 45.520769]}, "properties": {"nom": "SUSHI TOPIA", "type": "Épicerie", "adresse": "1345   Avenue Van Horne "}}, {"type": "Feature", "geometry": {"type": "Point", "coordinates": [-73.599743, 45.539798]}, "properties": {"nom": "THE GURU", "type": "Épicerie avec préparation", "adresse": "1289   Rue Beaubien Est"}}, {"type": "Feature", "geometry": {"type": "Point", "coordinates": [-73.575494, 45.510337]}, "properties": {"nom": "METRO AVENUE DU PARC", "type": "Supermarché", "adresse": "3575  5100 Avenue Parc "}}, {"type": "Feature", "geometry": {"type": "Point", "coordinates": [-73.577916, 45.496255]}, "properties": {"nom": "LE FRIGO VERT", "type": "Épicerie", "adresse": "1440   Rue Mackay "}}, {"type": "Feature", "geometry": {"type": "Point", "coordinates": [-73.579004, 45.54741]}, "properties": {"nom": "ALIMENTERE", "type": "Épicerie avec préparation", "adresse": "2700   Rue Dandurand "}}, {"type": "Feature", "geometry": {"type": "Point", "coordinates": [-73.629355, 45.509442]}, "properties": {"nom": "FRUITERIE ANKA", "type": "Épicerie avec préparation", "adresse": "2880   Avenue Barclay "}}, {"type": "Feature", "geometry": {"type": "Point", "coordinates": [-73.643423, 45.49695]}, "properties": {"nom": "MARCHE WAFA", "type": "Épicerie avec préparation", "adresse": "6841   Avenue Victoria "}}, {"type": "Feature", "geometry": {"type": "Point", "coordinates": [-73.527533, 45.609041]}, "properties": {"nom": "HABIBI FRUITS", "type": "Épicerie avec préparation", "adresse": "9192   Rue Sherbrooke Est"}}, {"type": "Feature", "geometry": {"type": "Point", "coordinates": [-73.690765, 45.436748]}, "properties": {"nom": "UNIPRIX LACHINE", "type": "Épicerie", "adresse": "3103   Rue Victoria "}}, {"type": "Feature", "geometry": {"type": "Point", "coordinates": [-73.611417, 45.575473]}, "properties": {"nom": "TRAITEUR CHICTAY LAKAY", "type": "Épicerie", "adresse": "8565   Boulevard Pie-IX "}}, {"type": "Feature", "geometry": {"type": "Point", "coordinates": [-73.629738, 45.592259]}, "properties": {"nom": "TRAITEUR CHICTAY LAKAY", "type": "Épicerie", "adresse": "4650   Rue Amiens "}}, {"type": "Feature", "geometry": {"type": "Point", "coordinates": [-73.549996, 45.597288]}, "properties": {"nom": "DEPANNEUR DU COIN #781", "type": "Épicerie avec préparation", "adresse": "6050   Boulevard Louis-H.-La Fontaine "}}, {"type": "Feature", "geometry": {"type": "Point", "coordinates": [-73.631617, 45.612733]}, "properties": {"nom": "MARCHE GOUTE 4 SAISONS", "type": "Épicerie avec préparation", "adresse": "5563   Boulevard Léger "}}, {"type": "Feature", "geometry": {"type": "Point", "coordinates": [-73.633015, 45.51144]}, "properties": {"nom": "SHUCHAT'S DISCOUNT", "type": "Épicerie", "adresse": "3025 B  Chemin Bates "}}, {"type": "Feature", "geometry": {"type": "Point", "coordinates": [-73.618184, 45.469344]}, "properties": {"nom": "EPICERIE MANGE-TOUT", "type": "Épicerie avec préparation", "adresse": "5854   Rue Sherbrooke Ouest"}}, {"type": "Feature", "geometry": {"type": "Point", "coordinates": [-73.593686, 45.452292]}, "properties": {"nom": "MARCHE CHAMPAGNE MONK", "type": "Supermarché", "adresse": "6675   Boulevard Monk "}}, {"type": "Feature", "geometry": {"type": "Point", "coordinates": [-73.589499, 45.516844]}, "properties": {"nom": "DÉPANNEUR 911", "type": "Épicerie avec préparation", "adresse": "4500   Avenue Parc "}}, {"type": "Feature", "geometry": {"type": "Point", "coordinates": [-73.651503, 45.558852]}, "properties": {"nom": "EPICERIE AFRICAINE & PATISSERIE THAI ASIE", "type": "Épicerie avec préparation", "adresse": "1364   Rue Sauvé Est"}}, {"type": "Feature", "geometry": {"type": "Point", "coordinates": [-73.540097, 45.468463]}, "properties": {"nom": "IGA MARCHE DE L'ILE-DES-SOEURS", "type": "Supermarché", "adresse": "30   Place Commerce "}}, {"type": "Feature", "geometry": {"type": "Point", "coordinates": [-73.623845, 45.506978]}, "properties": {"nom": "DEPANNEUR SEPT JOURS", "type": "Épicerie", "adresse": "6024   Avenue Darlington "}}, {"type": "Feature", "geometry": {"type": "Point", "coordinates": [-73.608327, 45.474743]}, "properties": {"nom": "FRUITERIE WESTMOUNT", "type": "Épicerie avec préparation", "adresse": "5251   Rue Sherbrooke Ouest"}}, {"type": "Feature", "geometry": {"type": "Point", "coordinates": [-73.580731, 45.479721]}, "properties": {"nom": "DEPANNEUR W & L", "type": "Épicerie", "adresse": "3615 A  Rue Notre-Dame Ouest"}}, {"type": "Feature", "geometry": {"type": "Point", "coordinates": [-73.601037, 45.449765]}, "properties": {"nom": "DEPANNEUR VARIETES ALLARD", "type": "Épicerie", "adresse": "3153   Rue Allard "}}, {"type": "Feature", "geometry": {"type": "Point", "coordinates": [-73.623288, 45.532182]}, "properties": {"nom": "3/4 OZ. INC.", "type": "Épicerie avec préparation", "adresse": "7335 C  Rue Mile End "}}, {"type": "Feature", "geometry": {"type": "Point", "coordinates": [-73.654082, 45.529535]}, "properties": {"nom": "BIANGI", "type": "Épicerie avec préparation", "adresse": "9090   Rue Charles-De La Tour "}}, {"type": "Feature", "geometry": {"type": "Point", "coordinates": [-73.666309, 45.441992]}, "properties": {"nom": "DEPANNEUR 255 PROVOST", "type": "Épicerie avec préparation", "adresse": "255   Rue Provost "}}, {"type": "Feature", "geometry": {"type": "Point", "coordinates": [-73.666676, 45.439884]}, "properties": {"nom": "AU COIN DE LA 3", "type": "Épicerie", "adresse": "594   Avenue 3e "}}, {"type": "Feature", "geometry": {"type": "Point", "coordinates": [-73.614928, 45.536867]}, "properties": {"nom": "LA CROQUETERIE DE MONTREAL", "type": "Épicerie avec préparation", "adresse": "7070  233 Avenue Henri-Julien "}}, {"type": "Feature", "geometry": {"type": "Point", "coordinates": [-73.615649, 45.541827]}, "properties": {"nom": "MARCHE PISCO Y NAZCA", "type": "Épicerie avec préparation", "adresse": "7354   Rue Saint-Hubert "}}, {"type": "Feature", "geometry": {"type": "Point", "coordinates": [-73.638545, 45.546587]}, "properties": {"nom": "DEPANNEUR MEGO", "type": "Épicerie", "adresse": "8757   Rue Lajeunesse "}}, {"type": "Feature", "geometry": {"type": "Point", "coordinates": [-73.617696, 45.542765]}, "properties": {"nom": "MARCHE LA BENEDICTION ESTILO JALISCO", "type": "Épicerie", "adresse": "7489 A  Rue Saint-Hubert "}}, {"type": "Feature", "geometry": {"type": "Point", "coordinates": [-73.598682, 45.459385]}, "properties": {"nom": "DEPANNEUR J.L.", "type": "Épicerie avec préparation", "adresse": "2600   Rue Jacques-Hertel "}}, {"type": "Feature", "geometry": {"type": "Point", "coordinates": [-73.713276, 45.523909]}, "properties": {"nom": "TRAITEUR SOORA", "type": "Épicerie", "adresse": "1935   Boulevard Keller "}}, {"type": "Feature", "geometry": {"type": "Point", "coordinates": [-73.86339, 45.481321]}, "properties": {"nom": "MARCHE RS", "type": "Boucherie-épicerie", "adresse": "15400   Boulevard Pierrefonds "}}, {"type": "Feature", "geometry": {"type": "Point", "coordinates": [-73.821944, 45.459083]}, "properties": {"nom": "PROXI (ESSO)", "type": "Épicerie avec préparation", "adresse": "601   Boulevard Saint-Jean "}}, {"type": "Feature", "geometry": {"type": "Point", "coordinates": [-73.593409, 45.546856]}, "properties": {"nom": "LE RAVITAILLEUR", "type": "Épicerie", "adresse": "2245   Rue Beaubien Est"}}, {"type": "Feature", "geometry": {"type": "Point", "coordinates": [-73.602987, 45.582317]}, "properties": {"nom": "GELMER INC. (SHELL)", "type": "Épicerie", "adresse": "8485   Boulevard Viau "}}, {"type": "Feature", "geometry": {"type": "Point", "coordinates": [-73.622555, 45.431098]}, "properties": {"nom": "DEPANNEUR EPICERIE PAUL-ANGE", "type": "Épicerie", "adresse": "1472   Boulevard Shevchenko "}}, {"type": "Feature", "geometry": {"type": "Point", "coordinates": [-73.614928, 45.536867]}, "properties": {"nom": "VERGER ERIC TANGUAY", "type": "Épicerie avec préparation", "adresse": "7070   Avenue Henri-Julien "}}, {"type": "Feature", "geometry": {"type": "Point", "coordinates": [-73.590279, 45.530028]}, "properties": {"nom": "SUPER C", "type": "Supermarché", "adresse": "5300   Rue Saint-Hubert "}}, {"type": "Feature", "geometry": {"type": "Point", "coordinates": [-73.541636, 45.556896]}, "properties": {"nom": "KITTEL ATELIER DE CAFE", "type": "Épicerie avec préparation", "adresse": "2260  105 Avenue Aird "}}, {"type": "Feature", "geometry": {"type": "Point", "coordinates": [-73.561594, 45.522439]}, "properties": {"nom": "FARINE ET CACAO", "type": "Épicerie avec préparation", "adresse": "1315   Rue Ontario Est"}}, {"type": "Feature", "geometry": {"type": "Point", "coordinates": [-73.668344, 45.555167]}, "properties": {"nom": "PETRO-CANADA - A&W", "type": "Épicerie avec préparation", "adresse": "545   Boulevard Henri-Bourassa Est"}}, {"type": "Feature", "geometry": {"type": "Point", "coordinates": [-73.552052, 45.533752]}, "properties": {"nom": "ACADEMIE FRONTENAC", "type": "Épicerie avec préparation", "adresse": "2600  152 Rue Ontario Est"}}, {"type": "Feature", "geometry": {"type": "Point", "coordinates": [-73.578169, 45.518284]}, "properties": {"nom": "SOARES ET FILS", "type": "Épicerie avec préparation", "adresse": "130   Avenue Duluth Est"}}, {"type": "Feature", "geometry": {"type": "Point", "coordinates": [-73.533486, 45.551718]}, "properties": {"nom": "METRO MON EPICIER", "type": "Supermarché", "adresse": "4405   Rue Sainte-Catherine Est"}}, {"type": "Feature", "geometry": {"type": "Point", "coordinates": [-73.636585, 45.529848]}, "properties": {"nom": "MARCHE DESI MANDI", "type": "Épicerie avec préparation", "adresse": "811   Rue Jarry Ouest"}}, {"type": "Feature", "geometry": {"type": "Point", "coordinates": [-73.542762, 45.583268]}, "properties": {"nom": "RELA LANGELIER MARCHÉ AFRICAIN", "type": "Épicerie avec préparation", "adresse": "6670   Rue Sherbrooke Est"}}, {"type": "Feature", "geometry": {"type": "Point", "coordinates": [-73.620395, 45.582095]}, "properties": {"nom": "JL MARCHE ANTILLAIS", "type": "Épicerie avec préparation", "adresse": "4250   Rue 47e "}}, {"type": "Feature", "geometry": {"type": "Point", "coordinates": [-73.587497, 45.545059]}, "properties": {"nom": "MARCHE TRADITION FAMILLE BARCELO (ROSEMONT)", "type": "Épicerie avec préparation", "adresse": "2340   Boulevard Rosemont "}}, {"type": "Feature", "geometry": {"type": "Point", "coordinates": [-73.615408, 45.50708]}, "properties": {"nom": "DEPANNEUR BISTRO SUR LA MONTAGNE", "type": "Épicerie", "adresse": "2350  RESIDENCE C Boulevard Édouard-Montpetit "}}, {"type": "Feature", "geometry": {"type": "Point", "coordinates": [-73.581979, 45.535384]}, "properties": {"nom": "DEPANNEUR PETIT LAURIER", "type": "Épicerie avec préparation", "adresse": "1651   Avenue Laurier Est"}}, {"type": "Feature", "geometry": {"type": "Point", "coordinates": [-73.605096, 45.561881]}, "properties": {"nom": "SHELL", "type": "Épicerie", "adresse": "7675   Boulevard Saint-Michel "}}, {"type": "Feature", "geometry": {"type": "Point", "coordinates": [-73.767406, 45.44988]}, "properties": {"nom": "DEPANNEUR SUPER CARDINAL", "type": "Épicerie", "adresse": "1751   Avenue Cardinal "}}, {"type": "Feature", "geometry": {"type": "Point", "coordinates": [-73.628758, 45.520546]}, "properties": {"nom": "DEPANNEUR 7 JOURS", "type": "Épicerie", "adresse": "255   Boulevard Graham "}}, {"type": "Feature", "geometry": {"type": "Point", "coordinates": [-73.622338, 45.530133]}, "properties": {"nom": "BONISOIR (ESSO)", "type": "Épicerie", "adresse": "390   Rue Jean-Talon Ouest"}}, {"type": "Feature", "geometry": {"type": "Point", "coordinates": [-73.572705, 45.447905]}, "properties": {"nom": "GYM EXPERT", "type": "Épicerie avec préparation", "adresse": "5959   Rue Verdun "}}, {"type": "Feature", "geometry": {"type": "Point", "coordinates": [-73.682404, 45.496049]}, "properties": {"nom": "ROSY'S TEA (CUISINE DOMESTIQUE)", "type": "Aliments naturels", "adresse": "2375  405 Rue Ward "}}, {"type": "Feature", "geometry": {"type": "Point", "coordinates": [-73.70583, 45.437062]}, "properties": {"nom": "BAIES DE BECKY MTL", "type": "Épicerie avec préparation", "adresse": "61   Avenue 45e "}}, {"type": "Feature", "geometry": {"type": "Point", "coordinates": [-73.865063, 45.459155]}, "properties": {"nom": "IGA EXTRA MARCHE GALVIN", "type": "Supermarché", "adresse": "3701   Boulevard Saint-Charles "}}, {"type": "Feature", "geometry": {"type": "Point", "coordinates": [-73.643957, 45.529545]}, "properties": {"nom": "MARCHE MARWA", "type": "Épicerie avec préparation", "adresse": "1010   Rue Liège Ouest"}}, {"type": "Feature", "geometry": {"type": "Point", "coordinates": [-73.629378, 45.530252]}, "properties": {"nom": "MARCHE SELVA", "type": "Épicerie", "adresse": "7701   Avenue Querbes "}}, {"type": "Feature", "geometry": {"type": "Point", "coordinates": [-73.576542, 45.480032]}, "properties": {"nom": "SERGE BOURCIER LE COIN GOURMAND", "type": "Épicerie", "adresse": "138  10 Avenue Atwater "}}, {"type": "Feature", "geometry": {"type": "Point", "coordinates": [-73.62992, 45.615657]}, "properties": {"nom": "FRUITERIE WAWAA", "type": "Boucherie-épicerie", "adresse": "5733   Boulevard Léger "}}, {"type": "Feature", "geometry": {"type": "Point", "coordinates": [-73.508699, 45.658515]}, "properties": {"nom": "DEPANNEUR VOISIN", "type": "Épicerie avec préparation", "adresse": "13200   Rue Sherbrooke Est"}}, {"type": "Feature", "geometry": {"type": "Point", "coordinates": [-73.573343, 45.643669]}, "properties": {"nom": "DEPANNEUR VOISIN", "type": "Épicerie avec préparation", "adresse": "9080   Boulevard Maurice-Duplessis "}}, {"type": "Feature", "geometry": {"type": "Point", "coordinates": [-73.554861, 45.64294]}, "properties": {"nom": "ESSO", "type": "Épicerie avec préparation", "adresse": "9600   Boulevard Henri-Bourassa Est"}}, {"type": "Feature", "geometry": {"type": "Point", "coordinates": [-73.586907, 45.519515]}, "properties": {"nom": "MAXI MONTREAL MT-ROYAL OUEST", "type": "Supermarché", "adresse": "50   Avenue Mont-Royal Ouest"}}, {"type": "Feature", "geometry": {"type": "Point", "coordinates": [-73.621804, 45.476714]}, "properties": {"nom": "LES SURGELES COOL ET SIMPLE", "type": "Épicerie avec préparation", "adresse": "5511   Avenue Monkland "}}, {"type": "Feature", "geometry": {"type": "Point", "coordinates": [-73.624745, 45.465935]}, "properties": {"nom": "DEPANNEUR PROVI-SOIR", "type": "Épicerie", "adresse": "6300   Rue Sherbrooke Ouest"}}, {"type": "Feature", "geometry": {"type": "Point", "coordinates": [-73.552161, 45.545622]}, "properties": {"nom": "MARCHE DUSSAULT", "type": "Épicerie avec préparation", "adresse": "3451   Rue Hochelaga "}}, {"type": "Feature", "geometry": {"type": "Point", "coordinates": [-73.617504, 45.577968]}, "properties": {"nom": "DISTRIBUTION TRIPLE A", "type": "Épicerie", "adresse": "8940   Boulevard Pie-IX "}}, {"type": "Feature", "geometry": {"type": "Point", "coordinates": [-73.637043, 45.529073]}, "properties": {"nom": "DEPANNEUR M&N", "type": "Épicerie avec préparation", "adresse": "886   Rue Jarry Ouest"}}, {"type": "Feature", "geometry": {"type": "Point", "coordinates": [-73.553312, 45.521565]}, "properties": {"nom": "SABBYA", "type": "Épicerie avec préparation", "adresse": "1580   Rue Sainte-Catherine Est"}}, {"type": "Feature", "geometry": {"type": "Point", "coordinates": [-73.556565, 45.522429]}, "properties": {"nom": "DEPANNEUR BENJAMIN", "type": "Épicerie", "adresse": "1499   Rue Logan "}}, {"type": "Feature", "geometry": {"type": "Point", "coordinates": [-73.653173, 45.536928]}, "properties": {"nom": "UFROST", "type": "Épicerie avec préparation", "adresse": "9200  315 Rue Meilleur "}}, {"type": "Feature", "geometry": {"type": "Point", "coordinates": [-73.551545, 45.508261]}, "properties": {"nom": "SOS LABYRINTHE", "type": "Épicerie avec préparation", "adresse": "360   Rue Commune Est"}}, {"type": "Feature", "geometry": {"type": "Point", "coordinates": [-73.60824, 45.4945]}, "properties": {"nom": "DEPANNEUR 2000", "type": "Épicerie", "adresse": "3250  B1 Avenue Forest Hill "}}, {"type": "Feature", "geometry": {"type": "Point", "coordinates": [-73.650478, 45.532655]}, "properties": {"nom": "MITO NAOKI (WAL-MART)", "type": "Épicerie avec préparation", "adresse": "951   Rue Marché-Central "}}, {"type": "Feature", "geometry": {"type": "Point", "coordinates": [-73.59779, 45.527149]}, "properties": {"nom": "TOFU EPIQUE", "type": "Épicerie", "adresse": "160   Rue Saint-Viateur Est"}}, {"type": "Feature", "geometry": {"type": "Point", "coordinates": [-73.580728, 45.540656]}, "properties": {"nom": "FLOEM", "type": "Épicerie avec préparation", "adresse": "2177  206 Rue Masson "}}, {"type": "Feature", "geometry": {"type": "Point", "coordinates": [-73.59505, 45.58008]}, "properties": {"nom": "INTERMARCHE LAGORIA (JARRY)", "type": "Supermarché", "adresse": "5001   Rue Jarry Est"}}, {"type": "Feature", "geometry": {"type": "Point", "coordinates": [-73.590945, 45.574933]}, "properties": {"nom": "MITO SUSHI (VIAU)", "type": "Épicerie avec préparation", "adresse": "7600   Boulevard Viau "}}, {"type": "Feature", "geometry": {"type": "Point", "coordinates": [-73.571902, 45.583572]}, "properties": {"nom": "INTERMARCHE LAGORIA (BELANGER)", "type": "Supermarché", "adresse": "5915   Rue Bélanger "}}, {"type": "Feature", "geometry": {"type": "Point", "coordinates": [-73.608473, 45.520374]}, "properties": {"nom": "UN AMOUR DES THES", "type": "Épicerie avec préparation", "adresse": "1224   Avenue Bernard "}}, {"type": "Feature", "geometry": {"type": "Point", "coordinates": [-73.650478, 45.532655]}, "properties": {"nom": "WALMART SUPERCENTRE #3180", "type": "Supermarché", "adresse": "951   Rue Marché-Central "}}, {"type": "Feature", "geometry": {"type": "Point", "coordinates": [-73.630571, 45.428587]}, "properties": {"nom": "SUPERMARCHE STOP N SHOP", "type": "Épicerie avec préparation", "adresse": "1675   Avenue Dollard "}}, {"type": "Feature", "geometry": {"type": "Point", "coordinates": [-73.605383, 45.429291]}, "properties": {"nom": "DEPANNEUR LUCILLE", "type": "Épicerie avec préparation", "adresse": "7754   Rue George "}}, {"type": "Feature", "geometry": {"type": "Point", "coordinates": [-73.637209, 45.422002]}, "properties": {"nom": "SUPERMARCHE BTRUST", "type": "Épicerie avec préparation", "adresse": "9190   Rue Airlie "}}, {"type": "Feature", "geometry": {"type": "Point", "coordinates": [-73.562999, 45.504422]}, "properties": {"nom": "DEPANNEUR MOSAIQUE", "type": "Épicerie", "adresse": "1068   Rue De Bleury "}}, {"type": "Feature", "geometry": {"type": "Point", "coordinates": [-73.736131, 45.452861]}, "properties": {"nom": "STATION DE SERVICE AEROPORT", "type": "Épicerie", "adresse": "554   Avenue Michel-Jasmin "}}, {"type": "Feature", "geometry": {"type": "Point", "coordinates": [-73.596793, 45.554104]}, "properties": {"nom": "BOUCANNERIE LISANGA", "type": "Épicerie", "adresse": "2640   Rue Bélanger "}}, {"type": "Feature", "geometry": {"type": "Point", "coordinates": [-73.582325, 45.524627]}, "properties": {"nom": "KIOSQUE MONT-ROYAL", "type": "Épicerie avec préparation", "adresse": "472   Avenue Mont-Royal Est"}}, {"type": "Feature", "geometry": {"type": "Point", "coordinates": [-73.579093, 45.522221]}, "properties": {"nom": "BILLY, J'AI FAIM", "type": "Épicerie avec préparation", "adresse": "4269   Rue Saint-Denis "}}, {"type": "Feature", "geometry": {"type": "Point", "coordinates": [-73.589253, 45.565527]}, "properties": {"nom": "CAFE AL-OUNS", "type": "Aliments naturels", "adresse": "7064 A  Boulevard Pie-IX "}}, {"type": "Feature", "geometry": {"type": "Point", "coordinates": [-73.57164, 45.571852]}, "properties": {"nom": "MITO SUSHI", "type": "Épicerie avec préparation", "adresse": "5000   Rue Beaubien Est"}}, {"type": "Feature", "geometry": {"type": "Point", "coordinates": [-73.572843, 45.446783]}, "properties": {"nom": "MULTI-CAUS", "type": "Épicerie avec préparation", "adresse": "6049   Boulevard LaSalle "}}, {"type": "Feature", "geometry": {"type": "Point", "coordinates": [-73.591205, 45.635683]}, "properties": {"nom": "STATION PV1", "type": "Épicerie", "adresse": "8089   Avenue André-Ampère "}}, {"type": "Feature", "geometry": {"type": "Point", "coordinates": [-73.624988, 45.547975]}, "properties": {"nom": "STATION SHELL JARRY", "type": "Épicerie", "adresse": "1055   Rue Jarry Est"}}, {"type": "Feature", "geometry": {"type": "Point", "coordinates": [-73.575494, 45.510337]}, "properties": {"nom": "AKI SUSHI", "type": "Épicerie avec préparation", "adresse": "3575  5100 Avenue Parc "}}, {"type": "Feature", "geometry": {"type": "Point", "coordinates": [-73.674666, 45.52048]}, "properties": {"nom": "SWEET NUTS", "type": "Épicerie avec préparation", "adresse": "755   Boulevard Côte-Vertu "}}, {"type": "Feature", "geometry": {"type": "Point", "coordinates": [-73.654199, 45.56668]}, "properties": {"nom": "MARCHE FLEURY INC. (METRO)", "type": "Supermarché", "adresse": "1745   Rue Fleury Est"}}, {"type": "Feature", "geometry": {"type": "Point", "coordinates": [-73.56497, 45.542049]}, "properties": {"nom": "LES PRODUITS SAVIIK", "type": "Épicerie", "adresse": "2601  160 Rue William-Tremblay "}}, {"type": "Feature", "geometry": {"type": "Point", "coordinates": [-73.656267, 45.550926]}, "properties": {"nom": "MARCHÉS AHUNTSIC CARTIERVILLE", "type": "Épicerie", "adresse": "9800   Rue Berri "}}, {"type": "Feature", "geometry": {"type": "Point", "coordinates": [-73.646839, 45.576305]}, "properties": {"nom": "MARCHE ANTILLAIS JEAN", "type": "Épicerie", "adresse": "2557   Rue Fleury Est"}}, {"type": "Feature", "geometry": {"type": "Point", "coordinates": [-73.565076, 45.510467]}, "properties": {"nom": "MARCHE NUVO EXPRESS/ STARBUCKS", "type": "Épicerie avec préparation", "adresse": "1446  RC Boulevard Saint-Laurent "}}, {"type": "Feature", "geometry": {"type": "Point", "coordinates": [-73.57009, 45.501453]}, "properties": {"nom": "NAUTILUS PLUS INC.", "type": "Épicerie", "adresse": "1  11325 Place Ville-Marie "}}, {"type": "Feature", "geometry": {"type": "Point", "coordinates": [-73.627108, 45.482507]}, "properties": {"nom": "DEPANNEUR RSS", "type": "Épicerie avec préparation", "adresse": "4900 A  Boulevard Décarie "}}, {"type": "Feature", "geometry": {"type": "Point", "coordinates": [-73.575045, 45.503373]}, "properties": {"nom": "SNAX CAFE", "type": "Épicerie avec préparation", "adresse": "855   Rue Sherbrooke Ouest"}}, {"type": "Feature", "geometry": {"type": "Point", "coordinates": [-73.622665, 45.462185]}, "properties": {"nom": "(ÉPICERIE) SUPERMARCHE AKHAVAN", "type": "Supermarché", "adresse": "6496   Rue Saint-Jacques "}}, {"type": "Feature", "geometry": {"type": "Point", "coordinates": [-73.621254, 45.462545]}, "properties": {"nom": "(RESTAURANT & BOULANGERIE) SUPERMARCHE AKHAVAN", "type": "Supermarché", "adresse": "6400   Rue Saint-Jacques "}}, {"type": "Feature", "geometry": {"type": "Point", "coordinates": [-73.631364, 45.613178]}, "properties": {"nom": "MILLEMERS DISTRIBUTIONS (DOMICILE)", "type": "Épicerie", "adresse": "5585  3 Boulevard Léger "}}, {"type": "Feature", "geometry": {"type": "Point", "coordinates": [-73.552611, 45.533054]}, "properties": {"nom": "MARCHE SOLIDAIRE FRONTENAC", "type": "Marché public", "adresse": "2550   Rue Ontario Est"}}, {"type": "Feature", "geometry": {"type": "Point", "coordinates": [-73.585007, 45.54792]}, "properties": {"nom": "DEPANNEUR 7 JOURS", "type": "Épicerie avec préparation", "adresse": "2601   Boulevard Rosemont "}}, {"type": "Feature", "geometry": {"type": "Point", "coordinates": [-73.575403, 45.547254]}, "properties": {"nom": "AU MELON MIEL", "type": "Épicerie avec préparation", "adresse": "2818   Rue Masson "}}, {"type": "Feature", "geometry": {"type": "Point", "coordinates": [-73.562847, 45.510982]}, "properties": {"nom": "O DEPANNEUR", "type": "Épicerie", "adresse": "93   Rue Sainte-Catherine Est"}}, {"type": "Feature", "geometry": {"type": "Point", "coordinates": [-73.553033, 45.532559]}, "properties": {"nom": "CAFE LA LIGNE VERTE", "type": "Épicerie avec préparation", "adresse": "2531   Rue Ontario Est"}}, {"type": "Feature", "geometry": {"type": "Point", "coordinates": [-73.580114, 45.517292]}, "properties": {"nom": "FRENCO", "type": "Épicerie avec préparation", "adresse": "4072   Boulevard Saint-Laurent "}}, {"type": "Feature", "geometry": {"type": "Point", "coordinates": [-73.542739, 45.467945]}, "properties": {"nom": "YAD NUTS", "type": "Épicerie avec préparation", "adresse": "7   Place Commerce "}}, {"type": "Feature", "geometry": {"type": "Point", "coordinates": [-73.699543, 45.537834]}, "properties": {"nom": "MARCHÉ RICHARD TELLIER SALABERRY INC.", "type": "Supermarché", "adresse": "2820   Rue De Salaberry "}}, {"type": "Feature", "geometry": {"type": "Point", "coordinates": [-73.493425, 45.672927]}, "properties": {"nom": "DEPANNEUR JULIEN", "type": "Épicerie", "adresse": "14367   Rue Notre-Dame Est"}}, {"type": "Feature", "geometry": {"type": "Point", "coordinates": [-73.491279, 45.637787]}, "properties": {"nom": "DEPANNEUR JUILLET", "type": "Épicerie", "adresse": "11859   Rue Notre-Dame Est"}}, {"type": "Feature", "geometry": {"type": "Point", "coordinates": [-73.623392, 45.529854]}, "properties": {"nom": "MARCHE AFRICAIN KAMIA", "type": "Épicerie avec préparation", "adresse": "7234   Rue Hutchison "}}, {"type": "Feature", "geometry": {"type": "Point", "coordinates": [-73.705812, 45.43692]}, "properties": {"nom": "DEPANNEUR DE L'OUEST", "type": "Épicerie avec préparation", "adresse": "16   Avenue 45e "}}, {"type": "Feature", "geometry": {"type": "Point", "coordinates": [-73.835627, 45.453316]}, "properties": {"nom": "DEPANNEUR CAMBRIDGE", "type": "Épicerie avec préparation", "adresse": "340   Boulevard Hymus "}}, {"type": "Feature", "geometry": {"type": "Point", "coordinates": [-73.63036, 45.500038]}, "properties": {"nom": "UNIVERS01 INC. (DÉPANNEUR 7 JOURS)", "type": "Épicerie avec préparation", "adresse": "5889   Chemin Côte-des-Neiges "}}, {"type": "Feature", "geometry": {"type": "Point", "coordinates": [-73.58106, 45.591579]}, "properties": {"nom": "LE SHACK A SAUCE INC.", "type": "Épicerie", "adresse": "6245   Boulevard Métropolitain Est"}}, {"type": "Feature", "geometry": {"type": "Point", "coordinates": [-73.840578, 45.502875]}, "properties": {"nom": "SUPERMARCHÉ C&T", "type": "Supermarché", "adresse": "13057   Boulevard Gouin Ouest"}}, {"type": "Feature", "geometry": {"type": "Point", "coordinates": [-73.637731, 45.494411]}, "properties": {"nom": "DEUX POINT ZERO", "type": "Épicerie avec préparation", "adresse": "6250   Avenue Victoria "}}, {"type": "Feature", "geometry": {"type": "Point", "coordinates": [-73.830632, 45.469862]}, "properties": {"nom": "MARCHE OM INDIA", "type": "Épicerie avec préparation", "adresse": "293   Avenue Labrosse "}}, {"type": "Feature", "geometry": {"type": "Point", "coordinates": [-73.571189, 45.501934]}, "properties": {"nom": "NAUTILUS PLUS", "type": "Épicerie", "adresse": "1500  niveau 5 Avenue McGill College "}}, {"type": "Feature", "geometry": {"type": "Point", "coordinates": [-73.664028, 45.477032]}, "properties": {"nom": "SUCRES MONTREAL", "type": "Épicerie avec préparation", "adresse": "5800   Boulevard Cavendish "}}, {"type": "Feature", "geometry": {"type": "Point", "coordinates": [-73.58639, 45.477325]}, "properties": {"nom": "TABAGIE SAINT-HENRI", "type": "Épicerie", "adresse": "555   Rue Saint-Ferdinand "}}, {"type": "Feature", "geometry": {"type": "Point", "coordinates": [-73.575842, 45.461305]}, "properties": {"nom": "PROVI-SOIR VERDUN", "type": "Épicerie avec préparation", "adresse": "4301   Rue Bannantyne "}}, {"type": "Feature", "geometry": {"type": "Point", "coordinates": [-73.640122, 45.499029]}, "properties": {"nom": "COMITE DE SECOURS AUX ENFANTS POLONAIS (DOMICILE)", "type": "Épicerie avec préparation", "adresse": "4200  A26 Rue Bouchette "}}, {"type": "Feature", "geometry": {"type": "Point", "coordinates": [-73.5153, 45.63991]}, "properties": {"nom": "SUNCOR ENERGIE", "type": "Épicerie", "adresse": "11701   Rue Sherbrooke Est"}}, {"type": "Feature", "geometry": {"type": "Point", "coordinates": [-73.566331, 45.579293]}, "properties": {"nom": "MARCHE CITE PLUS", "type": "Épicerie avec préparation", "adresse": "6555   Rue Pontoise "}}, {"type": "Feature", "geometry": {"type": "Point", "coordinates": [-73.591278, 45.635645]}, "properties": {"nom": "MARCHE LA BELLE SAINT LOUISIENNE", "type": "Épicerie avec préparation", "adresse": "8083   Avenue André-Ampère "}}, {"type": "Feature", "geometry": {"type": "Point", "coordinates": [-73.624094, 45.545434]}, "properties": {"nom": "DEPANNEURANA", "type": "Épicerie", "adresse": "7899   Rue Saint-Hubert "}}, {"type": "Feature", "geometry": {"type": "Point", "coordinates": [-73.604681, 45.601111]}, "properties": {"nom": "BOUCHERIE AGA (CONSIGNATION)", "type": "Épicerie", "adresse": "6205   Boulevard Couture "}}, {"type": "Feature", "geometry": {"type": "Point", "coordinates": [-73.623374, 45.622688]}, "properties": {"nom": "MARCHE ZAMZAM", "type": "Épicerie avec préparation", "adresse": "6345   Boulevard Léger "}}, {"type": "Feature", "geometry": {"type": "Point", "coordinates": [-73.577772, 45.52953]}, "properties": {"nom": "EPICERIE LES 3 GOURMETS CANADA", "type": "Épicerie", "adresse": "1266   Avenue Mont-Royal Est"}}, {"type": "Feature", "geometry": {"type": "Point", "coordinates": [-73.57389, 45.499025]}, "properties": {"nom": "MAGASIN PRIVE", "type": "Épicerie avec préparation", "adresse": "1182   Rue Sainte-Catherine Ouest"}}, {"type": "Feature", "geometry": {"type": "Point", "coordinates": [-73.580908, 45.526192]}, "properties": {"nom": "HEXAGONE ALIMENTATION", "type": "Épicerie", "adresse": "819   Avenue Mont-Royal Est"}}, {"type": "Feature", "geometry": {"type": "Point", "coordinates": [-73.534527, 45.558027]}, "properties": {"nom": "DEPANNEUR 12 MINUTES", "type": "Épicerie", "adresse": "1838   Rue Saint-Clément "}}, {"type": "Feature", "geometry": {"type": "Point", "coordinates": [-73.579293, 45.495949]}, "properties": {"nom": "MARCHE INS (CONCORDIA)", "type": "Épicerie", "adresse": "1550  BS0115 Boulevard De Maisonneuve Ouest"}}, {"type": "Feature", "geometry": {"type": "Point", "coordinates": [-73.574671, 45.538031]}, "properties": {"nom": "DEPANNEUR GILFORD", "type": "Épicerie avec préparation", "adresse": "2213   Rue Gilford "}}, {"type": "Feature", "geometry": {"type": "Point", "coordinates": [-73.584288, 45.532899]}, "properties": {"nom": "AKI SUSHI (LAURIER) CONSIGNATION", "type": "Épicerie", "adresse": "1293   Avenue Laurier Est"}}, {"type": "Feature", "geometry": {"type": "Point", "coordinates": [-73.649948, 45.469197]}, "properties": {"nom": "DEPANNEUR DU COIN (ULTRAMAR)", "type": "Épicerie avec préparation", "adresse": "6690   Chemin Côte-Saint-Luc "}}, {"type": "Feature", "geometry": {"type": "Point", "coordinates": [-73.625166, 45.497618]}, "properties": {"nom": "MARCHE COTE-DES-NEIGES", "type": "Épicerie", "adresse": "5542   Chemin Côte-des-Neiges "}}, {"type": "Feature", "geometry": {"type": "Point", "coordinates": [-73.628238, 45.484816]}, "properties": {"nom": "AKI SUSHI", "type": "Épicerie avec préparation", "adresse": "5201   Chemin Queen-Mary "}}, {"type": "Feature", "geometry": {"type": "Point", "coordinates": [-73.626934, 45.526234]}, "properties": {"nom": "MARCHE DESI PUNJAB", "type": "Épicerie avec préparation", "adresse": "885   Avenue Ogilvy "}}, {"type": "Feature", "geometry": {"type": "Point", "coordinates": [-73.604578, 45.550741]}, "properties": {"nom": "PHARMAPRIX", "type": "Épicerie", "adresse": "2135   Rue Jean-Talon Est"}}, {"type": "Feature", "geometry": {"type": "Point", "coordinates": [-73.587497, 45.545059]}, "properties": {"nom": "MITO SUSHI", "type": "Épicerie", "adresse": "2340   Boulevard Rosemont "}}, {"type": "Feature", "geometry": {"type": "Point", "coordinates": [-73.639097, 45.588891]}, "properties": {"nom": "DEPANNEUR GUERLLA-ELLA", "type": "Épicerie", "adresse": "3912   Rue Monselet "}}, {"type": "Feature", "geometry": {"type": "Point", "coordinates": [-73.614928, 45.536867]}, "properties": {"nom": "VERGER ERIC TANGUAY", "type": "Épicerie", "adresse": "7070   Avenue Henri-Julien "}}, {"type": "Feature", "geometry": {"type": "Point", "coordinates": [-73.604938, 45.539439]}, "properties": {"nom": "LE CANELE MONTREALAIS", "type": "Épicerie avec préparation", "adresse": "1104   Rue Saint-Zotique Est"}}, {"type": "Feature", "geometry": {"type": "Point", "coordinates": [-73.747868, 45.448176]}, "properties": {"nom": "DEPANNEUR SUPER RELAIS", "type": "Épicerie", "adresse": "995   Boulevard Montréal-Toronto "}}, {"type": "Feature", "geometry": {"type": "Point", "coordinates": [-73.566074, 45.598093]}, "properties": {"nom": "PLACE DU MARCHE", "type": "Épicerie avec préparation", "adresse": "7500  300 Boulevard Galeries-d'Anjou "}}, {"type": "Feature", "geometry": {"type": "Point", "coordinates": [-73.565449, 45.500534]}, "properties": {"nom": "ROGERS MONTREAL #1772", "type": "Épicerie", "adresse": "800  4000 Rue De La Gauchetière Ouest"}}, {"type": "Feature", "geometry": {"type": "Point", "coordinates": [-73.719022, 45.456342]}, "properties": {"nom": "LANDISH FOODS", "type": "Épicerie avec préparation", "adresse": "5092   Rue François-Cusson "}}, {"type": "Feature", "geometry": {"type": "Point", "coordinates": [-73.559453, 45.532434]}, "properties": {"nom": "DEPANNEUR 7M", "type": "Épicerie", "adresse": "2320   Rue Fullum "}}, {"type": "Feature", "geometry": {"type": "Point", "coordinates": [-73.534631, 45.549934]}, "properties": {"nom": "DEPANNEUR TINA DE L'EST", "type": "Épicerie avec préparation", "adresse": "4246   Rue Sainte-Catherine Est"}}, {"type": "Feature", "geometry": {"type": "Point", "coordinates": [-73.647619, 45.526334]}, "properties": {"nom": "IGA EXTRA FAMILLE FOURNIER", "type": "Supermarché", "adresse": "2305   Chemin Rockland "}}, {"type": "Feature", "geometry": {"type": "Point", "coordinates": [-73.555645, 45.511545]}, "properties": {"nom": "SUSHI SHOP", "type": "Épicerie", "adresse": "900  240 Rue Saint-Denis "}}, {"type": "Feature", "geometry": {"type": "Point", "coordinates": [-73.571057, 45.536626]}, "properties": {"nom": "DEPANNEUR ROYAL", "type": "Épicerie", "adresse": "2221   Avenue Mont-Royal Est"}}, {"type": "Feature", "geometry": {"type": "Point", "coordinates": [-73.557653, 45.511089]}, "properties": {"nom": "SUSHI SHOP", "type": "Épicerie", "adresse": "1051   Rue Sanguinet "}}, {"type": "Feature", "geometry": {"type": "Point", "coordinates": [-73.603119, 45.58232]}, "properties": {"nom": "INTERMARCHE LAGORIA VIAU", "type": "Supermarché", "adresse": "8530   Boulevard Viau "}}, {"type": "Feature", "geometry": {"type": "Point", "coordinates": [-73.593161, 45.599504]}, "properties": {"nom": "LAGORIA LANGELIER", "type": "Supermarché", "adresse": "8700   Boulevard Langelier "}}, {"type": "Feature", "geometry": {"type": "Point", "coordinates": [-73.573153, 45.594217]}, "properties": {"nom": "POPEYE'S SUPPLEMENTS #67 (SAINT-LEONARD)", "type": "Épicerie", "adresse": "6711   Rue Jean-Talon Est"}}, {"type": "Feature", "geometry": {"type": "Point", "coordinates": [-73.586962, 45.554271]}, "properties": {"nom": "MAXI MONTREAL BEAUBIEN", "type": "Supermarché", "adresse": "3185   Rue Beaubien Est"}}, {"type": "Feature", "geometry": {"type": "Point", "coordinates": [-73.647418, 45.492024]}, "properties": {"nom": "COURTYARD MARRIOTT MONTREAL (DEPANNEUR)", "type": "Épicerie", "adresse": "6787   Boulevard Décarie "}}, {"type": "Feature", "geometry": {"type": "Point", "coordinates": [-73.581247, 45.523196]}, "properties": {"nom": "SHOP SANTE MONTREAL", "type": "Épicerie", "adresse": "4399   Rue Saint-Denis "}}, {"type": "Feature", "geometry": {"type": "Point", "coordinates": [-73.532395, 45.553287]}, "properties": {"nom": "META EPICERIE", "type": "Épicerie avec préparation", "adresse": "4563   Rue Sainte-Catherine Est"}}, {"type": "Feature", "geometry": {"type": "Point", "coordinates": [-73.65076, 45.496271]}, "properties": {"nom": "MITO SUSHI", "type": "Épicerie avec préparation", "adresse": "5055   Rue Jean-Talon Ouest"}}, {"type": "Feature", "geometry": {"type": "Point", "coordinates": [-73.70944, 45.514503]}, "properties": {"nom": "UNIPRIX", "type": "Épicerie", "adresse": "2400   Rue Nations "}}, {"type": "Feature", "geometry": {"type": "Point", "coordinates": [-73.726344, 45.488201]}, "properties": {"nom": "PETRO-PASS", "type": "Épicerie avec préparation", "adresse": "4900   Chemin Saint-François "}}, {"type": "Feature", "geometry": {"type": "Point", "coordinates": [-73.829606, 45.467824]}, "properties": {"nom": "SOLOMOS DE L'OUEST", "type": "Épicerie avec préparation", "adresse": "940   Boulevard Saint-Jean "}}, {"type": "Feature", "geometry": {"type": "Point", "coordinates": [-73.874962, 45.46812]}, "properties": {"nom": "MARCHE AGHAPY", "type": "Épicerie avec préparation", "adresse": "4911   Boulevard Saint-Charles "}}, {"type": "Feature", "geometry": {"type": "Point", "coordinates": [-73.614673, 45.529659]}, "properties": {"nom": "ENTREPRISES JESEMI", "type": "Épicerie", "adresse": "6674  300 Avenue Esplanade "}}, {"type": "Feature", "geometry": {"type": "Point", "coordinates": [-73.572109, 45.535521]}, "properties": {"nom": "FROMAGERIE HAMEL (PLATEAU MONT-ROYAL)", "type": "Épicerie avec préparation", "adresse": "2129   Avenue Mont-Royal Est"}}, {"type": "Feature", "geometry": {"type": "Point", "coordinates": [-73.607019, 45.542508]}, "properties": {"nom": "MARCHE LA FIRENZE", "type": "Épicerie avec préparation", "adresse": "1259   Rue Bélanger "}}, {"type": "Feature", "geometry": {"type": "Point", "coordinates": [-73.607287, 45.446977]}, "properties": {"nom": "UNIPRIX", "type": "Épicerie", "adresse": "1500  TOUR A Boulevard Angrignon "}}, {"type": "Feature", "geometry": {"type": "Point", "coordinates": [-73.573017, 45.644077]}, "properties": {"nom": "INTERMARCHE LAGORIA", "type": "Supermarché", "adresse": "9025   Boulevard Maurice-Duplessis "}}, {"type": "Feature", "geometry": {"type": "Point", "coordinates": [-73.52704, 45.609948]}, "properties": {"nom": "BOUCHERIE FORTIN", "type": "Boucherie-épicerie", "adresse": "9280   Rue Sherbrooke Est"}}, {"type": "Feature", "geometry": {"type": "Point", "coordinates": [-73.603181, 45.552318]}, "properties": {"nom": "MARCHÉ ET DÉPANNEUR JAAL", "type": "Épicerie avec préparation", "adresse": "2342   Rue Jean-Talon Est"}}, {"type": "Feature", "geometry": {"type": "Point", "coordinates": [-73.585347, 45.488605]}, "properties": {"nom": "MARCHE BAZAAR (WESTMOUNT)", "type": "Épicerie avec préparation", "adresse": "4051  153 Rue Sainte-Catherine Ouest"}}, {"type": "Feature", "geometry": {"type": "Point", "coordinates": [-73.556881, 45.504965]}, "properties": {"nom": "OLIVIER POTIER", "type": "Épicerie", "adresse": "503   Place Armes "}}, {"type": "Feature", "geometry": {"type": "Point", "coordinates": [-73.538929, 45.590095]}, "properties": {"nom": "PHARMAPRIX", "type": "Épicerie", "adresse": "7275  32 Rue Sherbrooke Est"}}, {"type": "Feature", "geometry": {"type": "Point", "coordinates": [-73.658237, 45.559672]}, "properties": {"nom": "PHARMACIE JEAN-COUTU", "type": "Épicerie", "adresse": "1221   Rue Fleury Est"}}, {"type": "Feature", "geometry": {"type": "Point", "coordinates": [-73.570953, 45.51574]}, "properties": {"nom": "DEPANNEUR HOLLA", "type": "Épicerie avec préparation", "adresse": "201   Rue Prince-Arthur Est"}}, {"type": "Feature", "geometry": {"type": "Point", "coordinates": [-73.618431, 45.522899]}, "properties": {"nom": "MARCHE ODA (OUTREMONT)", "type": "Épicerie avec préparation", "adresse": "1290   Avenue Thérèse-Lavoie-Roux "}}, {"type": "Feature", "geometry": {"type": "Point", "coordinates": [-73.620847, 45.619138]}, "properties": {"nom": "MARCHE ELIZA ET CASSE-CROUTE", "type": "Épicerie avec préparation", "adresse": "6347   Rue Pierre "}}, {"type": "Feature", "geometry": {"type": "Point", "coordinates": [-73.55754, 45.498511]}, "properties": {"nom": "DISPENSA EPICERIE ITALIENNE", "type": "Épicerie avec préparation", "adresse": "696   Rue William "}}, {"type": "Feature", "geometry": {"type": "Point", "coordinates": [-73.590945, 45.574933]}, "properties": {"nom": "SHOP SANTE (SAINT-LEONARD)", "type": "Épicerie", "adresse": "7600  RP364 Boulevard Viau "}}, {"type": "Feature", "geometry": {"type": "Point", "coordinates": [-73.703447, 45.535078]}, "properties": {"nom": "DEPANNEUR VOISIN (SHELL)", "type": "Épicerie", "adresse": "4120   Rue De Salaberry "}}, {"type": "Feature", "geometry": {"type": "Point", "coordinates": [-73.615844, 45.544185]}, "properties": {"nom": "DEPANNEUR LA GRANDE FAMILLE", "type": "Épicerie avec préparation", "adresse": "7400   Avenue Christophe-Colomb "}}, {"type": "Feature", "geometry": {"type": "Point", "coordinates": [-73.572271, 45.562585]}, "properties": {"nom": "MARCHE ROSEMONT 7 JOURS BZ", "type": "Épicerie avec préparation", "adresse": "4305   Boulevard Rosemont "}}, {"type": "Feature", "geometry": {"type": "Point", "coordinates": [-73.584354, 45.522323]}, "properties": {"nom": "EPICERIE VALMONT", "type": "Épicerie avec préparation", "adresse": "205   Avenue Mont-Royal Est"}}, {"type": "Feature", "geometry": {"type": "Point", "coordinates": [-73.614928, 45.536867]}, "properties": {"nom": "GOURMET PRIVILEGE (CHOCOLATS PRIVILEGE)", "type": "Épicerie avec préparation", "adresse": "7070   Avenue Henri-Julien "}}, {"type": "Feature", "geometry": {"type": "Point", "coordinates": [-73.614454, 45.611702]}, "properties": {"nom": "DEPANNEUR NORMANDIE DIJON", "type": "Épicerie avec préparation", "adresse": "6347   Rue Dijon "}}, {"type": "Feature", "geometry": {"type": "Point", "coordinates": [-73.550167, 45.556123]}, "properties": {"nom": "NOMADE BLOC", "type": "Épicerie avec préparation", "adresse": "4141   Avenue Pierre-De Coubertin "}}, {"type": "Feature", "geometry": {"type": "Point", "coordinates": [-73.628701, 45.598107]}, "properties": {"nom": "MARCHE G.O.K.", "type": "Épicerie avec préparation", "adresse": "4950   Rue Charleroi "}}, {"type": "Feature", "geometry": {"type": "Point", "coordinates": [-73.651599, 45.58784]}, "properties": {"nom": "DEPANNEUR NIHAL", "type": "Épicerie avec préparation", "adresse": "3311   Boulevard Gouin Est"}}, {"type": "Feature", "geometry": {"type": "Point", "coordinates": [-73.628108, 45.52034]}, "properties": {"nom": "MARCHE EXPRESS", "type": "Épicerie avec préparation", "adresse": "300   Avenue Dresden "}}, {"type": "Feature", "geometry": {"type": "Point", "coordinates": [-73.576564, 45.595043]}, "properties": {"nom": "DEPANNEUR DU COIN (ULTRAMAR)", "type": "Épicerie", "adresse": "6655   Boulevard Métropolitain Est"}}, {"type": "Feature", "geometry": {"type": "Point", "coordinates": [-73.604681, 45.601111]}, "properties": {"nom": "IL PRANZETTO PIZZA MOBILE", "type": "Épicerie", "adresse": "6205   Boulevard Couture "}}, {"type": "Feature", "geometry": {"type": "Point", "coordinates": [-73.627652, 45.485424]}, "properties": {"nom": "TABAGIE METRO SNOWDON", "type": "Épicerie", "adresse": "5111   Chemin Queen-Mary "}}, {"type": "Feature", "geometry": {"type": "Point", "coordinates": [-73.580663, 45.542374]}, "properties": {"nom": "CAFE BANDIT", "type": "Épicerie avec préparation", "adresse": "5500  102 Rue Fullum "}}, {"type": "Feature", "geometry": {"type": "Point", "coordinates": [-73.62874, 45.547177]}, "properties": {"nom": "DEPANNEUR SHARUSI", "type": "Épicerie", "adresse": "8250   Rue Saint-Hubert "}}, {"type": "Feature", "geometry": {"type": "Point", "coordinates": [-73.607836, 45.530929]}, "properties": {"nom": "DEPANNEUR CHUNG BEAUBIEN", "type": "Épicerie avec préparation", "adresse": "50   Rue Beaubien Est"}}, {"type": "Feature", "geometry": {"type": "Point", "coordinates": [-73.613519, 45.436593]}, "properties": {"nom": "DEPANNEUR 777", "type": "Épicerie avec préparation", "adresse": "1705   Rue Lapierre "}}, {"type": "Feature", "geometry": {"type": "Point", "coordinates": [-73.614928, 45.536867]}, "properties": {"nom": "LES SERRES R & F LACROIX", "type": "Marché public", "adresse": "7070   Avenue Henri-Julien "}}, {"type": "Feature", "geometry": {"type": "Point", "coordinates": [-73.59638, 45.459459]}, "properties": {"nom": "9423-4432 QUEBEC INC. (DOUBLE PIZZA)", "type": "Épicerie avec préparation", "adresse": "5917   Boulevard Monk "}}, {"type": "Feature", "geometry": {"type": "Point", "coordinates": [-73.690171, 45.487467]}, "properties": {"nom": "CUISINES SANS BORNE", "type": "Épicerie avec préparation", "adresse": "208   Rue Migneron "}}, {"type": "Feature", "geometry": {"type": "Point", "coordinates": [-73.610573, 45.447155]}, "properties": {"nom": "BIONETTE / LES SAVEURS DE LA VIE", "type": "Épicerie avec préparation", "adresse": "7077   Boulevard Newman "}}, {"type": "Feature", "geometry": {"type": "Point", "coordinates": [-73.675331, 45.434945]}, "properties": {"nom": "BLONDE BISCUITERIE", "type": "Épicerie avec préparation", "adresse": "1285   Rue Notre-Dame "}}, {"type": "Feature", "geometry": {"type": "Point", "coordinates": [-73.747329, 45.456946]}, "properties": {"nom": "MAISON DE LA PRESSE (3726) (US-82)", "type": "Épicerie", "adresse": "975   Boulevard Roméo-Vachon Nord"}}, {"type": "Feature", "geometry": {"type": "Point", "coordinates": [-73.747329, 45.456946]}, "properties": {"nom": "RELAY (3734)(US-76)", "type": "Épicerie", "adresse": "975   Boulevard Roméo-Vachon Nord"}}, {"type": "Feature", "geometry": {"type": "Point", "coordinates": [-73.747329, 45.456946]}, "properties": {"nom": "RELAY (3730) (DOM-1)", "type": "Épicerie", "adresse": "975   Boulevard Roméo-Vachon Nord"}}, {"type": "Feature", "geometry": {"type": "Point", "coordinates": [-73.611363, 45.537756]}, "properties": {"nom": "MARCHE ANDES", "type": "Épicerie avec préparation", "adresse": "436   Rue Bélanger "}}, {"type": "Feature", "geometry": {"type": "Point", "coordinates": [-73.607062, 45.54246]}, "properties": {"nom": "KRYSTO", "type": "Épicerie avec préparation", "adresse": "1255   Rue Bélanger "}}, {"type": "Feature", "geometry": {"type": "Point", "coordinates": [-73.581993, 45.47485]}, "properties": {"nom": "TRAITEUR SUGO MTL", "type": "Épicerie avec préparation", "adresse": "137  134 Rue Saint-Ferdinand "}}, {"type": "Feature", "geometry": {"type": "Point", "coordinates": [-73.584856, 45.493288]}, "properties": {"nom": "DISTRICT 22 GROUPE ALIMENTAIRE", "type": "Épicerie avec préparation", "adresse": "2075   Rue Sherbrooke Ouest"}}, {"type": "Feature", "geometry": {"type": "Point", "coordinates": [-73.601447, 45.430748]}, "properties": {"nom": "DEPANNEUR VINCENT", "type": "Épicerie avec préparation", "adresse": "7682   Rue Broadway "}}, {"type": "Feature", "geometry": {"type": "Point", "coordinates": [-73.650355, 45.560814]}, "properties": {"nom": "DEPANNEUR SAUVE", "type": "Épicerie avec préparation", "adresse": "1501   Rue Sauvé Est"}}, {"type": "Feature", "geometry": {"type": "Point", "coordinates": [-73.576542, 45.480032]}, "properties": {"nom": "GENERATION EN GENERATION (42-43)", "type": "Marché public", "adresse": "138  42-43 Avenue Atwater "}}, {"type": "Feature", "geometry": {"type": "Point", "coordinates": [-73.829606, 45.467824]}, "properties": {"nom": "SHOP SANTE (WEST ISLAND)", "type": "Épicerie", "adresse": "940  23 Boulevard Saint-Jean "}}, {"type": "Feature", "geometry": {"type": "Point", "coordinates": [-73.564013, 45.502471]}, "properties": {"nom": "SUSHI SHOP", "type": "Épicerie", "adresse": "501   Rue De La Gauchetière Ouest"}}, {"type": "Feature", "geometry": {"type": "Point", "coordinates": [-73.593209, 45.55821]}, "properties": {"nom": "DELICIEUSE FABY", "type": "Épicerie avec préparation", "adresse": "3332   Rue Bélanger "}}, {"type": "Feature", "geometry": {"type": "Point", "coordinates": [-73.64978, 45.572822]}, "properties": {"nom": "DEPANNEUR P. R. SIGOUIN", "type": "Épicerie", "adresse": "2221   Rue Fleury Est"}}, {"type": "Feature", "geometry": {"type": "Point", "coordinates": [-73.65327, 45.578535]}, "properties": {"nom": "MARCHE ASSIA", "type": "Épicerie avec préparation", "adresse": "2535   Boulevard Henri-Bourassa Est"}}, {"type": "Feature", "geometry": {"type": "Point", "coordinates": [-73.673993, 45.434939]}, "properties": {"nom": "TARTINADES PUNCH", "type": "Épicerie avec préparation", "adresse": "1140   Rue Notre-Dame "}}, {"type": "Feature", "geometry": {"type": "Point", "coordinates": [-73.665782, 45.508774]}, "properties": {"nom": "H.O. SANDWICH VIETNAMIEN", "type": "Épicerie", "adresse": "300   Avenue Sainte-Croix "}}, {"type": "Feature", "geometry": {"type": "Point", "coordinates": [-73.639658, 45.427032]}, "properties": {"nom": "HIRA FLASH BUSINESS", "type": "Supermarché", "adresse": "1009   Avenue 90e "}}, {"type": "Feature", "geometry": {"type": "Point", "coordinates": [-73.53767, 45.591818]}, "properties": {"nom": "MAXI", "type": "Supermarché", "adresse": "7600   Rue Sherbrooke Est"}}, {"type": "Feature", "geometry": {"type": "Point", "coordinates": [-73.56928, 45.462882]}, "properties": {"nom": "FRUITERIE SOLEIL", "type": "Épicerie avec préparation", "adresse": "421   Rue Église "}}, {"type": "Feature", "geometry": {"type": "Point", "coordinates": [-73.611794, 45.523962]}, "properties": {"nom": "LE COIN DES ALIMENTS MOTTY", "type": "Épicerie avec préparation", "adresse": "1075 D  Avenue Van Horne "}}, {"type": "Feature", "geometry": {"type": "Point", "coordinates": [-73.846597, 45.432564]}, "properties": {"nom": "KLUB ATHLETIC 20", "type": "Épicerie avec préparation", "adresse": "50   Boulevard Saint-Charles "}}, {"type": "Feature", "geometry": {"type": "Point", "coordinates": [-73.584898, 45.521734]}, "properties": {"nom": "9256-7023 QUEBEC INC. (DÉPANNEUR PREMI)", "type": "Épicerie", "adresse": "157   Avenue Mont-Royal Est"}}, {"type": "Feature", "geometry": {"type": "Point", "coordinates": [-73.580286, 45.522762]}, "properties": {"nom": "NEGESS DEPANNEUR", "type": "Épicerie", "adresse": "4334   Rue Saint-Denis "}}, {"type": "Feature", "geometry": {"type": "Point", "coordinates": [-73.615164, 45.612118]}, "properties": {"nom": "SOKO MAAJABU MONTREAL", "type": "Épicerie avec préparation", "adresse": "6322   Rue Normandie "}}, {"type": "Feature", "geometry": {"type": "Point", "coordinates": [-73.590255, 45.5983]}, "properties": {"nom": "WALIMA PLUS", "type": "Boucherie-épicerie", "adresse": "8585   Boulevard Langelier "}}, {"type": "Feature", "geometry": {"type": "Point", "coordinates": [-73.503841, 45.642224]}, "properties": {"nom": "DEPANNEUR TREFLE NOIR", "type": "Épicerie", "adresse": "1417   Boulevard Saint-Jean-Baptiste "}}, {"type": "Feature", "geometry": {"type": "Point", "coordinates": [-73.513835, 45.644171]}, "properties": {"nom": "PETRO-CANADA / SUPER RELAIS", "type": "Épicerie avec préparation", "adresse": "12055   Rue Sherbrooke Est"}}, {"type": "Feature", "geometry": {"type": "Point", "coordinates": [-73.603999, 45.635436]}, "properties": {"nom": "DEPANNEUR BONISOIR", "type": "Épicerie", "adresse": "12543   Avenue Fernand-Gauthier "}}, {"type": "Feature", "geometry": {"type": "Point", "coordinates": [-73.497562, 45.690537]}, "properties": {"nom": "BEAU-SOIR (PETRO-CANADA)", "type": "Épicerie avec préparation", "adresse": "15550   Rue Sherbrooke Est"}}, {"type": "Feature", "geometry": {"type": "Point", "coordinates": [-73.654643, 45.495716]}, "properties": {"nom": "DEPANNEUR VOISIN", "type": "Épicerie", "adresse": "7575   Boulevard Décarie "}}, {"type": "Feature", "geometry": {"type": "Point", "coordinates": [-73.563255, 45.510515]}, "properties": {"nom": "MARCHE EXPRESS", "type": "Épicerie avec préparation", "adresse": "50   Rue Sainte-Catherine Est"}}, {"type": "Feature", "geometry": {"type": "Point", "coordinates": [-73.59708, 45.433511]}, "properties": {"nom": "MARCHE BRONX", "type": "Épicerie", "adresse": "7560   Rue Centrale "}}, {"type": "Feature", "geometry": {"type": "Point", "coordinates": [-73.647806, 45.430762]}, "properties": {"nom": "MARCHE MULTI ETHNIQUE DE LASALLE", "type": "Épicerie", "adresse": "9554   Rue Jean-Milot "}}, {"type": "Feature", "geometry": {"type": "Point", "coordinates": [-73.862547, 45.456164]}, "properties": {"nom": "ESSO (SAINT-CHARLES)", "type": "Épicerie avec préparation", "adresse": "3562   Boulevard Saint-Charles "}}, {"type": "Feature", "geometry": {"type": "Point", "coordinates": [-73.580728, 45.540656]}, "properties": {"nom": "TEMACA (MICROSAUCERIE LOCAL & ARTISANAL)", "type": "Épicerie avec préparation", "adresse": "2177  405 Rue Masson "}}, {"type": "Feature", "geometry": {"type": "Point", "coordinates": [-73.637571, 45.528159]}, "properties": {"nom": "SELECT / SHELL", "type": "Épicerie", "adresse": "1010   Rue Jarry Ouest"}}, {"type": "Feature", "geometry": {"type": "Point", "coordinates": [-73.576452, 45.520129]}, "properties": {"nom": "DEPANNEUR COMPTOIR", "type": "Épicerie avec préparation", "adresse": "328   Avenue Duluth Est"}}, {"type": "Feature", "geometry": {"type": "Point", "coordinates": [-73.655186, 45.537603]}, "properties": {"nom": "TABAGIE 555", "type": "Épicerie", "adresse": "555  R.2C Rue Chabanel Ouest"}}, {"type": "Feature", "geometry": {"type": "Point", "coordinates": [-73.556547, 45.51849]}, "properties": {"nom": "LE FULLSUN", "type": "Épicerie avec préparation", "adresse": "1423   Rue Montcalm "}}, {"type": "Feature", "geometry": {"type": "Point", "coordinates": [-73.653816, 45.539939]}, "properties": {"nom": "SSENSE", "type": "Épicerie", "adresse": "333  900 Rue Chabanel Ouest"}}, {"type": "Feature", "geometry": {"type": "Point", "coordinates": [-73.57975, 45.567]}, "properties": {"nom": "DEPANNEUR VALLEE VERTE", "type": "Épicerie avec préparation", "adresse": "6670   Avenue 28e "}}, {"type": "Feature", "geometry": {"type": "Point", "coordinates": [-73.654713, 45.496663]}, "properties": {"nom": "CHARCUTERIE WARTA (CONSIGNATION)", "type": "Épicerie", "adresse": "5252   Rue Paré "}}, {"type": "Feature", "geometry": {"type": "Point", "coordinates": [-73.576769, 45.530594]}, "properties": {"nom": "O NATURE", "type": "Épicerie avec préparation", "adresse": "1376   Avenue Mont-Royal Est"}}, {"type": "Feature", "geometry": {"type": "Point", "coordinates": [-73.560239, 45.524588]}, "properties": {"nom": "DEPANNEUR LEI 1569", "type": "Épicerie", "adresse": "1569   Rue Ontario Est"}}, {"type": "Feature", "geometry": {"type": "Point", "coordinates": [-73.651693, 45.544616]}, "properties": {"nom": "PRALINE-TOI", "type": "Épicerie avec préparation", "adresse": "9320  820 Boulevard Saint-Laurent "}}, {"type": "Feature", "geometry": {"type": "Point", "coordinates": [-73.571914, 45.514675]}, "properties": {"nom": "MARCHE BRITO", "type": "Épicerie avec préparation", "adresse": "67   Rue Prince-Arthur Est"}}, {"type": "Feature", "geometry": {"type": "Point", "coordinates": [-73.530896, 45.603279]}, "properties": {"nom": "MARCHE ADAM", "type": "Épicerie avec préparation", "adresse": "8600   Rue Sherbrooke Est"}}, {"type": "Feature", "geometry": {"type": "Point", "coordinates": [-73.573709, 45.516691]}, "properties": {"nom": "LA BOLO A LOLO", "type": "Épicerie avec préparation", "adresse": "167   Avenue Pins Est"}}, {"type": "Feature", "geometry": {"type": "Point", "coordinates": [-73.651426, 45.543743]}, "properties": {"nom": "MARCHÉ PATEL", "type": "Épicerie avec préparation", "adresse": "42   Rue Chabanel Ouest"}}, {"type": "Feature", "geometry": {"type": "Point", "coordinates": [-73.554113, 45.6202]}, "properties": {"nom": "GESTION VINCENT LEBEL INC. (PETRO CANADA)", "type": "Épicerie avec préparation", "adresse": "8100  200 Boulevard Golf "}}, {"type": "Feature", "geometry": {"type": "Point", "coordinates": [-73.595526, 45.522634]}, "properties": {"nom": "BOUCHERIE CHEZ VITO (LORENA TRAITEUR)", "type": "Épicerie", "adresse": "5180   Rue Saint-Urbain "}}, {"type": "Feature", "geometry": {"type": "Point", "coordinates": [-73.559643, 45.514683]}, "properties": {"nom": "KALEMART24", "type": "Épicerie", "adresse": "505  747 Rue Sainte-Catherine Est"}}, {"type": "Feature", "geometry": {"type": "Point", "coordinates": [-73.575743, 45.515335]}, "properties": {"nom": "DEPANNEUR EPICERIE  AJ +", "type": "Épicerie avec préparation", "adresse": "3779   Boulevard Saint-Laurent "}}, {"type": "Feature", "geometry": {"type": "Point", "coordinates": [-73.55519, 45.498852]}, "properties": {"nom": "MARCHE AISLE 24", "type": "Épicerie", "adresse": "634   Rue Wellington "}}, {"type": "Feature", "geometry": {"type": "Point", "coordinates": [-73.687071, 45.540473]}, "properties": {"nom": "PE KO INTERNATIONAL RECORDS", "type": "Épicerie avec préparation", "adresse": "1550   Rue Dudemaine "}}, {"type": "Feature", "geometry": {"type": "Point", "coordinates": [-73.648435, 45.454068]}, "properties": {"nom": "EPICERIE TERRONE (LES ALIMENTS DI MENNA CONSIGNATION)", "type": "Épicerie", "adresse": "124   Avenue Westminster Nord"}}, {"type": "Feature", "geometry": {"type": "Point", "coordinates": [-73.628073, 45.427382]}, "properties": {"nom": "VINCY PRODUITS FRAIS", "type": "Épicerie avec préparation", "adresse": "1501   Avenue Dollard "}}, {"type": "Feature", "geometry": {"type": "Point", "coordinates": [-73.607249, 45.448679]}, "properties": {"nom": "DEPANNEUR BON ACHAT", "type": "Épicerie", "adresse": "7042   Rue Allard "}}, {"type": "Feature", "geometry": {"type": "Point", "coordinates": [-73.660251, 45.566484]}, "properties": {"nom": "NAWA MARCHÉ AFRIQUE", "type": "Épicerie avec préparation", "adresse": "1644   Boulevard Henri-Bourassa Est"}}, {"type": "Feature", "geometry": {"type": "Point", "coordinates": [-73.606455, 45.575631]}, "properties": {"nom": "DEPANNEUR LORJUE", "type": "Épicerie avec préparation", "adresse": "4214   Rue Jean-Rivard "}}, {"type": "Feature", "geometry": {"type": "Point", "coordinates": [-73.577442, 45.498136]}, "properties": {"nom": "CHARCUTERIE CRESCENT DEPANNEUR", "type": "Épicerie avec préparation", "adresse": "1350   Boulevard De Maisonneuve Ouest"}}, {"type": "Feature", "geometry": {"type": "Point", "coordinates": [-73.625385, 45.418478]}, "properties": {"nom": "DEPANNEUR LB PETIT MARCHE", "type": "Épicerie", "adresse": "112 D  Avenue 65e "}}, {"type": "Feature", "geometry": {"type": "Point", "coordinates": [-73.625954, 45.465306]}, "properties": {"nom": "SUPERMARCHE DANIKA", "type": "Épicerie avec préparation", "adresse": "6350   Rue Sherbrooke Ouest"}}, {"type": "Feature", "geometry": {"type": "Point", "coordinates": [-73.629478, 45.427941]}, "properties": {"nom": "CLAROVITA", "type": "Aliments naturels", "adresse": "1600   Avenue Dollard "}}, {"type": "Feature", "geometry": {"type": "Point", "coordinates": [-73.566393, 45.655546]}, "properties": {"nom": "MARCHE WAWAA", "type": "Épicerie avec préparation", "adresse": "9700   Rue 4e "}}, {"type": "Feature", "geometry": {"type": "Point", "coordinates": [-73.614023, 45.532731]}, "properties": {"nom": "PIAZZA SALUMI", "type": "Épicerie avec préparation", "adresse": "6833   Boulevard Saint-Laurent "}}, {"type": "Feature", "geometry": {"type": "Point", "coordinates": [-73.545878, 45.543373]}, "properties": {"nom": "LE MAGASIN GENERAL D'HOCHLAG", "type": "Épicerie avec préparation", "adresse": "3429   Rue Ontario Est"}}, {"type": "Feature", "geometry": {"type": "Point", "coordinates": [-73.555172, 45.498936]}, "properties": {"nom": "BOUCHERIE CLAUDE ET HENRI", "type": "Épicerie", "adresse": "630   Rue Wellington "}}, {"type": "Feature", "geometry": {"type": "Point", "coordinates": [-73.625424, 45.528782]}, "properties": {"nom": "MARCHE SHAD", "type": "Épicerie avec préparation", "adresse": "534   Avenue Ogilvy "}}, {"type": "Feature", "geometry": {"type": "Point", "coordinates": [-73.629932, 45.482775]}, "properties": {"nom": "PHARMACIE JEAN-COUTU 248", "type": "Épicerie", "adresse": "5345   Chemin Queen-Mary "}}, {"type": "Feature", "geometry": {"type": "Point", "coordinates": [-73.705288, 45.466039]}, "properties": {"nom": "SIEMENS CANADA", "type": "Épicerie", "adresse": "2200   Rue Courval "}}, {"type": "Feature", "geometry": {"type": "Point", "coordinates": [-73.524169, 45.646442]}, "properties": {"nom": "LYO & CO.", "type": "Épicerie avec préparation", "adresse": "4097   Boulevard Saint-Jean-Baptiste "}}, {"type": "Feature", "geometry": {"type": "Point", "coordinates": [-73.540097, 45.468463]}, "properties": {"nom": "CABANES PIED-DE-COCHON", "type": "Épicerie", "adresse": "30   Place Commerce "}}, {"type": "Feature", "geometry": {"type": "Point", "coordinates": [-73.614532, 45.535584]}, "properties": {"nom": "CASA DI TOTO", "type": "Épicerie avec préparation", "adresse": "178   Place Marché-du-Nord "}}, {"type": "Feature", "geometry": {"type": "Point", "coordinates": [-73.512231, 45.590482]}, "properties": {"nom": "DEPANNEUR CHEZ MOUSTACHE", "type": "Épicerie", "adresse": "8011   Rue La Fontaine "}}, {"type": "Feature", "geometry": {"type": "Point", "coordinates": [-73.529825, 45.604456]}, "properties": {"nom": "DEPANNEUR BOSSUET PLUS INC.", "type": "Épicerie", "adresse": "3241   Rue Des Ormeaux "}}, {"type": "Feature", "geometry": {"type": "Point", "coordinates": [-73.874064, 45.466606]}, "properties": {"nom": "DEPANNEUR 7 JOURS", "type": "Épicerie", "adresse": "4882   Boulevard Saint-Charles "}}, {"type": "Feature", "geometry": {"type": "Point", "coordinates": [-73.614928, 45.536867]}, "properties": {"nom": "NORDEST", "type": "Épicerie", "adresse": "7070   Avenue Henri-Julien "}}, {"type": "Feature", "geometry": {"type": "Point", "coordinates": [-73.616148, 45.519082]}, "properties": {"nom": "MARCHE HARU SUSHI EXPRESS", "type": "Épicerie avec préparation", "adresse": "1478   Avenue Van Horne "}}, {"type": "Feature", "geometry": {"type": "Point", "coordinates": [-73.500661, 45.631001]}, "properties": {"nom": "MARCHE MONTREAL-EST", "type": "Épicerie avec préparation", "adresse": "45   Avenue Broadway "}}, {"type": "Feature", "geometry": {"type": "Point", "coordinates": [-73.552422, 45.552425]}, "properties": {"nom": "DEPANNEUR ON-CORE", "type": "Épicerie", "adresse": "3970   Avenue Pierre-De Coubertin "}}, {"type": "Feature", "geometry": {"type": "Point", "coordinates": [-73.594627, 45.523815]}, "properties": {"nom": "BREBIS FROMAGERIE", "type": "Épicerie avec préparation", "adresse": "21   Avenue Fairmount Ouest"}}, {"type": "Feature", "geometry": {"type": "Point", "coordinates": [-73.577357, 45.444791]}, "properties": {"nom": "MARCHE BARU", "type": "Épicerie avec préparation", "adresse": "6401   Rue Bannantyne "}}, {"type": "Feature", "geometry": {"type": "Point", "coordinates": [-73.591551, 45.598772]}, "properties": {"nom": "BOUCHERIE ZAKIYA HALAL", "type": "Boucherie-épicerie", "adresse": "8612   Boulevard Langelier "}}, {"type": "Feature", "geometry": {"type": "Point", "coordinates": [-73.556498, 45.506338]}, "properties": {"nom": "MINI MARCHE THEMIS", "type": "Épicerie", "adresse": "12  RC#4 Rue Saint-Jacques "}}, {"type": "Feature", "geometry": {"type": "Point", "coordinates": [-73.623509, 45.622604]}, "properties": {"nom": "DEPANNEUR L'OURS NOIR", "type": "Épicerie", "adresse": "6339   Boulevard Léger "}}, {"type": "Feature", "geometry": {"type": "Point", "coordinates": [-73.576542, 45.480032]}, "properties": {"nom": "FERME MICHEL MEUNIER", "type": "Marché public", "adresse": "138   Avenue Atwater "}}, {"type": "Feature", "geometry": {"type": "Point", "coordinates": [-73.567219, 45.460467]}, "properties": {"nom": "DILLINGERS BOUTIQUE & BARBIER", "type": "Épicerie", "adresse": "4352   Rue Wellington "}}, {"type": "Feature", "geometry": {"type": "Point", "coordinates": [-73.609337, 45.428699]}, "properties": {"nom": "NUTRITION STYLE DE VIE", "type": "Épicerie avec préparation", "adresse": "7848   Boulevard Champlain "}}, {"type": "Feature", "geometry": {"type": "Point", "coordinates": [-73.551584, 45.523454]}, "properties": {"nom": "LE COCHONNET DEPANNEUR GOURMAND", "type": "Épicerie avec préparation", "adresse": "1884   Rue Sainte-Catherine Est"}}, {"type": "Feature", "geometry": {"type": "Point", "coordinates": [-73.576542, 45.480032]}, "properties": {"nom": "FERME M. JODOIN", "type": "Marché public", "adresse": "138  38-40 Avenue Atwater "}}, {"type": "Feature", "geometry": {"type": "Point", "coordinates": [-73.619256, 45.521986]}, "properties": {"nom": "CAFEIN", "type": "Épicerie", "adresse": "1375   Avenue Thérèse-Lavoie-Roux "}}, {"type": "Feature", "geometry": {"type": "Point", "coordinates": [-73.559635, 45.493708]}, "properties": {"nom": "AVRIL GRIFFINTOWN", "type": "Épicerie avec préparation", "adresse": "1100   Rue Ottawa "}}, {"type": "Feature", "geometry": {"type": "Point", "coordinates": [-73.616192, 45.533715]}, "properties": {"nom": "BEIGNE HABITUDE", "type": "Épicerie avec préparation", "adresse": "7035   Boulevard Saint-Laurent "}}, {"type": "Feature", "geometry": {"type": "Point", "coordinates": [-73.572304, 45.504416]}, "properties": {"nom": "TABAGIE  2020", "type": "Épicerie", "adresse": "2020  D103 Boulevard Robert-Bourassa "}}, {"type": "Feature", "geometry": {"type": "Point", "coordinates": [-73.667182, 45.549207]}, "properties": {"nom": "MAXI", "type": "Épicerie avec préparation", "adresse": "10455   Boulevard Saint-Laurent "}}, {"type": "Feature", "geometry": {"type": "Point", "coordinates": [-73.558545, 45.491789]}, "properties": {"nom": "O DEPANNEUR", "type": "Épicerie", "adresse": "161   Rue Montagne "}}, {"type": "Feature", "geometry": {"type": "Point", "coordinates": [-73.65423, 45.53126]}, "properties": {"nom": "CAFE CASA ANDANTE", "type": "Épicerie avec préparation", "adresse": "1401  115 Rue Legendre Ouest"}}, {"type": "Feature", "geometry": {"type": "Point", "coordinates": [-73.685911, 45.437879]}, "properties": {"nom": "AKI SUSHI (REMEMBRANCE)", "type": "Épicerie avec préparation", "adresse": "2425   Rue Remembrance "}}, {"type": "Feature", "geometry": {"type": "Point", "coordinates": [-73.573103, 45.556982]}, "properties": {"nom": "DEPANNEUR 7 JOURS", "type": "Épicerie", "adresse": "3807   Rue Dandurand "}}, {"type": "Feature", "geometry": {"type": "Point", "coordinates": [-73.664893, 45.561363]}, "properties": {"nom": "DEPANNEUR RUBY", "type": "Épicerie", "adresse": "1244   Boulevard Henri-Bourassa Est"}}, {"type": "Feature", "geometry": {"type": "Point", "coordinates": [-73.558859, 45.535623]}, "properties": {"nom": "EPICERIE DU COIN", "type": "Épicerie avec préparation", "adresse": "2501   Rue Frontenac "}}, {"type": "Feature", "geometry": {"type": "Point", "coordinates": [-73.555517, 45.515782]}, "properties": {"nom": "EPICERIE 24", "type": "Épicerie", "adresse": "955   Boulevard René-Lévesque Est"}}, {"type": "Feature", "geometry": {"type": "Point", "coordinates": [-73.573294, 45.54098]}, "properties": {"nom": "CACTUS KOMBUCHA", "type": "Épicerie avec préparation", "adresse": "5000  246 Rue D'Iberville "}}, {"type": "Feature", "geometry": {"type": "Point", "coordinates": [-73.614928, 45.536867]}, "properties": {"nom": "ANDRE PLOUFFE", "type": "Marché public", "adresse": "7070   Avenue Henri-Julien "}}, {"type": "Feature", "geometry": {"type": "Point", "coordinates": [-73.670393, 45.551374]}, "properties": {"nom": "MARCHE PRECIEUSE DEPANNEUR", "type": "Épicerie", "adresse": "115   Boulevard Henri-Bourassa Est"}}, {"type": "Feature", "geometry": {"type": "Point", "coordinates": [-73.563882, 45.506377]}, "properties": {"nom": "IGA (COMPLEXE DESJARDINS)", "type": "Supermarché", "adresse": "175   Boulevard René-Lévesque Ouest"}}, {"type": "Feature", "geometry": {"type": "Point", "coordinates": [-73.615343, 45.436883]}, "properties": {"nom": "MARCHE SAWA", "type": "Épicerie", "adresse": "2044   Rue Lapierre "}}, {"type": "Feature", "geometry": {"type": "Point", "coordinates": [-73.576542, 45.480032]}, "properties": {"nom": "JASMIN FRUITS ET LEGUMES", "type": "Épicerie avec préparation", "adresse": "138   Avenue Atwater "}}, {"type": "Feature", "geometry": {"type": "Point", "coordinates": [-73.665782, 45.508774]}, "properties": {"nom": "SOUS-MARINS VIET EXPRESS", "type": "Épicerie", "adresse": "300   Avenue Sainte-Croix "}}, {"type": "Feature", "geometry": {"type": "Point", "coordinates": [-73.618174, 45.53768]}, "properties": {"nom": "COMPTOIR SAINTE-CECILE", "type": "Épicerie avec préparation", "adresse": "232   Rue De Castelnau Est"}}, {"type": "Feature", "geometry": {"type": "Point", "coordinates": [-73.608298, 45.538485]}, "properties": {"nom": "PLAZA LATINA", "type": "Marché public", "adresse": "6818   Rue Saint-Hubert "}}, {"type": "Feature", "geometry": {"type": "Point", "coordinates": [-73.58231, 45.491218]}, "properties": {"nom": "MARCHE ORIENTAL JANG TEU (SAINTE-CATHERINE)", "type": "Épicerie avec préparation", "adresse": "2109   Rue Sainte-Catherine Ouest"}}, {"type": "Feature", "geometry": {"type": "Point", "coordinates": [-73.576855, 45.496019]}, "properties": {"nom": "CAFE DEPOT (CONSIGNE)", "type": "Épicerie", "adresse": "1444 A  Rue Sainte-Catherine Ouest"}}, {"type": "Feature", "geometry": {"type": "Point", "coordinates": [-73.57752, 45.481505]}, "properties": {"nom": "MARCHE BLEUET", "type": "Épicerie", "adresse": "2733   Rue Notre-Dame Ouest"}}, {"type": "Feature", "geometry": {"type": "Point", "coordinates": [-73.636091, 45.530685]}, "properties": {"nom": "MARCHE SINGH", "type": "Épicerie", "adresse": "685   Rue Jarry Ouest"}}, {"type": "Feature", "geometry": {"type": "Point", "coordinates": [-73.610573, 45.447155]}, "properties": {"nom": "LES BONBONS SUGAR DADDY'S", "type": "Épicerie avec préparation", "adresse": "7077   Boulevard Newman "}}, {"type": "Feature", "geometry": {"type": "Point", "coordinates": [-73.558139, 45.516319]}, "properties": {"nom": "IGA PLACE DUPUIS", "type": "Supermarché", "adresse": "865   Rue Sainte-Catherine Est"}}, {"type": "Feature", "geometry": {"type": "Point", "coordinates": [-73.551599, 45.522237]}, "properties": {"nom": "DEPANNEUR DENIS GEM", "type": "Épicerie", "adresse": "1275   Avenue Papineau "}}, {"type": "Feature", "geometry": {"type": "Point", "coordinates": [-73.51623, 45.591411]}, "properties": {"nom": "DEPANNEUR RANDY", "type": "Épicerie avec préparation", "adresse": "7997   Rue Ontario Est"}}, {"type": "Feature", "geometry": {"type": "Point", "coordinates": [-73.570969, 45.467103]}, "properties": {"nom": "MARCHE FRAIS", "type": "Épicerie avec préparation", "adresse": "3680   Rue Verdun "}}, {"type": "Feature", "geometry": {"type": "Point", "coordinates": [-73.558406, 45.493006]}, "properties": {"nom": "COMPTOIR ST-URBAIN", "type": "Épicerie", "adresse": "195   Rue Young "}}, {"type": "Feature", "geometry": {"type": "Point", "coordinates": [-73.626351, 45.478921]}, "properties": {"nom": "MARCHE D'ALIMENTATION IGA", "type": "Supermarché", "adresse": "5501   Chemin Côte-Saint-Luc "}}, {"type": "Feature", "geometry": {"type": "Point", "coordinates": [-73.620367, 45.468222]}, "properties": {"nom": "DEPANNEUR LYDIA", "type": "Épicerie avec préparation", "adresse": "6030   Rue Sherbrooke Ouest"}}, {"type": "Feature", "geometry": {"type": "Point", "coordinates": [-73.580663, 45.542374]}, "properties": {"nom": "BRUME.COMPTOIR", "type": "Épicerie avec préparation", "adresse": "5500  102 Rue Fullum "}}, {"type": "Feature", "geometry": {"type": "Point", "coordinates": [-73.573102, 45.507449]}, "properties": {"nom": "DEPANNEUR MOMO'S", "type": "Épicerie avec préparation", "adresse": "3440   Rue Durocher "}}, {"type": "Feature", "geometry": {"type": "Point", "coordinates": [-73.583958, 45.522758]}, "properties": {"nom": "TRIP DE BOUFFE", "type": "Épicerie avec préparation", "adresse": "277   Avenue Mont-Royal Est"}}, {"type": "Feature", "geometry": {"type": "Point", "coordinates": [-73.614066, 45.536082]}, "properties": {"nom": "CSH JEAN-TALON", "type": "Épicerie avec préparation", "adresse": "260   Place Marché-du-Nord "}}, {"type": "Feature", "geometry": {"type": "Point", "coordinates": [-73.56575, 45.528792]}, "properties": {"nom": "DEPANNEUR LE 35", "type": "Épicerie", "adresse": "3535  2 Avenue Papineau "}}, {"type": "Feature", "geometry": {"type": "Point", "coordinates": [-73.582339, 45.478854]}, "properties": {"nom": "LA MEXICOISE", "type": "Épicerie avec préparation", "adresse": "3763   Rue Notre-Dame Ouest"}}, {"type": "Feature", "geometry": {"type": "Point", "coordinates": [-73.624745, 45.537822]}, "properties": {"nom": "TABAGIE JONATHAN", "type": "Épicerie avec préparation", "adresse": "50   Rue Villeray "}}, {"type": "Feature", "geometry": {"type": "Point", "coordinates": [-73.79652, 45.48358]}, "properties": {"nom": "PROXI EXTRA", "type": "Épicerie", "adresse": "3340   Boulevard Sources "}}, {"type": "Feature", "geometry": {"type": "Point", "coordinates": [-73.827006, 45.438721]}, "properties": {"nom": "DEPANNEUR CARTIER PC", "type": "Épicerie avec préparation", "adresse": "185   Avenue Cartier "}}, {"type": "Feature", "geometry": {"type": "Point", "coordinates": [-73.795705, 45.483008]}, "properties": {"nom": "YOKOSO SUSHI & FUSION", "type": "Épicerie", "adresse": "3291   Boulevard Sources "}}, {"type": "Feature", "geometry": {"type": "Point", "coordinates": [-73.628771, 45.543322]}, "properties": {"nom": "KALEMART24", "type": "Épicerie avec préparation", "adresse": "504  CC302 Rue Jarry Est"}}, {"type": "Feature", "geometry": {"type": "Point", "coordinates": [-73.671334, 45.549504]}, "properties": {"nom": "PROVI-SOIR", "type": "Épicerie", "adresse": "48   Boulevard Henri-Bourassa Ouest"}}, {"type": "Feature", "geometry": {"type": "Point", "coordinates": [-73.567345, 45.477041]}, "properties": {"nom": "IGA MULLINS", "type": "Supermarché", "adresse": "2600   Rue Mullins "}}, {"type": "Feature", "geometry": {"type": "Point", "coordinates": [-73.613908, 45.589376]}, "properties": {"nom": "DEPANNEUR EPICERIE DW", "type": "Épicerie avec préparation", "adresse": "5041   Boulevard Couture "}}, {"type": "Feature", "geometry": {"type": "Point", "coordinates": [-73.604315, 45.525013]}, "properties": {"nom": "FRUITERIE YM", "type": "Épicerie avec préparation", "adresse": "186   Rue Bernard Ouest"}}, {"type": "Feature", "geometry": {"type": "Point", "coordinates": [-73.563226, 45.462225]}, "properties": {"nom": "AUDITORIUM VERDUN", "type": "Aliments naturels", "adresse": "4110   Boulevard LaSalle "}}, {"type": "Feature", "geometry": {"type": "Point", "coordinates": [-73.546767, 45.554904]}, "properties": {"nom": "NUTRIZONE", "type": "Épicerie", "adresse": "4305   Rue Hochelaga "}}, {"type": "Feature", "geometry": {"type": "Point", "coordinates": [-73.595369, 45.456768]}, "properties": {"nom": "BEARDLINGTON & CAFE", "type": "Épicerie avec préparation", "adresse": "6200   Boulevard Monk "}}, {"type": "Feature", "geometry": {"type": "Point", "coordinates": [-73.590426, 45.458906]}, "properties": {"nom": "DEPAN-INSTANT", "type": "Épicerie avec préparation", "adresse": "5946   Rue Eadie "}}, {"type": "Feature", "geometry": {"type": "Point", "coordinates": [-73.588316, 45.458583]}, "properties": {"nom": "MAXI", "type": "Supermarché", "adresse": "6000   Rue Laurendeau "}}, {"type": "Feature", "geometry": {"type": "Point", "coordinates": [-73.576115, 45.489472]}, "properties": {"nom": "LES EPICERIES AFK", "type": "Épicerie avec préparation", "adresse": "1984   Rue Saint-Antoine Ouest"}}, {"type": "Feature", "geometry": {"type": "Point", "coordinates": [-73.642444, 45.489814]}, "properties": {"nom": "BONI-SOIR (SHELL)", "type": "Épicerie", "adresse": "6201   Boulevard Décarie "}}, {"type": "Feature", "geometry": {"type": "Point", "coordinates": [-73.632708, 45.485012]}, "properties": {"nom": "BONI-SOIR (SHELL)", "type": "Épicerie", "adresse": "5330   Boulevard Décarie "}}, {"type": "Feature", "geometry": {"type": "Point", "coordinates": [-73.655219, 45.552497]}, "properties": {"nom": "LES ALIMENTS OH LA LA", "type": "Épicerie avec préparation", "adresse": "634   Rue Sauvé Est"}}, {"type": "Feature", "geometry": {"type": "Point", "coordinates": [-73.713256, 45.527338]}, "properties": {"nom": "SWEEMORY", "type": "Épicerie avec préparation", "adresse": "5944   Rue De Salaberry "}}, {"type": "Feature", "geometry": {"type": "Point", "coordinates": [-73.638176, 45.467941]}, "properties": {"nom": "SHELL / BONI-SOIR", "type": "Épicerie", "adresse": "6490   Avenue Somerled "}}, {"type": "Feature", "geometry": {"type": "Point", "coordinates": [-73.629616, 45.434357]}, "properties": {"nom": "MARCHE INDIEN PUNJABI", "type": "Épicerie", "adresse": "8188   Rue Juliette "}}, {"type": "Feature", "geometry": {"type": "Point", "coordinates": [-73.561158, 45.478099]}, "properties": {"nom": "DEPANNEUR CHEZ BRET C", "type": "Épicerie", "adresse": "2106   Rue Coleraine "}}, {"type": "Feature", "geometry": {"type": "Point", "coordinates": [-73.559533, 45.507899]}, "properties": {"nom": "VANSHOW HERBS", "type": "Aliments naturels", "adresse": "1011   Boulevard Saint-Laurent "}}, {"type": "Feature", "geometry": {"type": "Point", "coordinates": [-73.633923, 45.430074]}, "properties": {"nom": "METRO PLUS DOLLARD", "type": "Supermarché", "adresse": "1880   Avenue Dollard "}}, {"type": "Feature", "geometry": {"type": "Point", "coordinates": [-73.579942, 45.516363]}, "properties": {"nom": "MARCHE VENTURA", "type": "Épicerie", "adresse": "51   Avenue Duluth Ouest"}}, {"type": "Feature", "geometry": {"type": "Point", "coordinates": [-73.870017, 45.46272]}, "properties": {"nom": "DEPANNEUR VOISIN (SHELL)", "type": "Épicerie", "adresse": "4510   Boulevard Saint-Charles "}}, {"type": "Feature", "geometry": {"type": "Point", "coordinates": [-73.665289, 45.477548]}, "properties": {"nom": "DEPANNEUR VOISIN (SHELL)", "type": "Épicerie avec préparation", "adresse": "5850   Boulevard Cavendish "}}, {"type": "Feature", "geometry": {"type": "Point", "coordinates": [-73.603512, 45.446893]}, "properties": {"nom": "TABAGIE ANGRIGNON", "type": "Épicerie avec préparation", "adresse": "3500   Boulevard Trinitaires "}}, {"type": "Feature", "geometry": {"type": "Point", "coordinates": [-73.684458, 45.51539]}, "properties": {"nom": "SICPA INTERNATIONAL", "type": "Épicerie", "adresse": "1150   Rue Décarie "}}, {"type": "Feature", "geometry": {"type": "Point", "coordinates": [-73.577962, 45.521707]}, "properties": {"nom": "RESTAURANT SUSHI TOPIA (CONSIGNATION)", "type": "Épicerie", "adresse": "4182   Rue Saint-Denis "}}, {"type": "Feature", "geometry": {"type": "Point", "coordinates": [-73.624958, 45.521584]}, "properties": {"nom": "AKI SUSHI MRB", "type": "Épicerie avec préparation", "adresse": "1280   Avenue Beaumont "}}, {"type": "Feature", "geometry": {"type": "Point", "coordinates": [-73.567206, 45.460609]}, "properties": {"nom": "MARCHE BRANCHE D'OLIVIER", "type": "Épicerie avec préparation", "adresse": "4342   Rue Wellington "}}, {"type": "Feature", "geometry": {"type": "Point", "coordinates": [-73.583755, 45.478091]}, "properties": {"nom": "IGA NOTRE-DAME (ST-HENRI)", "type": "Supermarché", "adresse": "3964   Rue Notre-Dame Ouest"}}, {"type": "Feature", "geometry": {"type": "Point", "coordinates": [-73.547948, 45.540193]}, "properties": {"nom": "JATO MARCHÉ LOCAL", "type": "Épicerie avec préparation", "adresse": "3144   Rue Ontario Est"}}, {"type": "Feature", "geometry": {"type": "Point", "coordinates": [-73.577764, 45.575965]}, "properties": {"nom": "SUSHI SHOP", "type": "Épicerie", "adresse": "5200   Rue Bélanger "}}, {"type": "Feature", "geometry": {"type": "Point", "coordinates": [-73.569893, 45.478757]}, "properties": {"nom": "BEAU DEGAT, BIERERIE DE QUARTIER", "type": "Épicerie avec préparation", "adresse": "1239   Rue Charlevoix "}}, {"type": "Feature", "geometry": {"type": "Point", "coordinates": [-73.65362, 45.434902]}, "properties": {"nom": "CHOCOLAT BOREAL", "type": "Épicerie avec préparation", "adresse": "9681   Rue Clément "}}, {"type": "Feature", "geometry": {"type": "Point", "coordinates": [-73.568271, 45.470375]}, "properties": {"nom": "JOHNNY DEP", "type": "Épicerie avec préparation", "adresse": "410   Rue Caisse "}}, {"type": "Feature", "geometry": {"type": "Point", "coordinates": [-73.614928, 45.536867]}, "properties": {"nom": "LES SERRES ISABELLE & LOUIS PHILIPPE LACROIX", "type": "Marché public", "adresse": "7070   Avenue Henri-Julien "}}, {"type": "Feature", "geometry": {"type": "Point", "coordinates": [-73.632864, 45.595903]}, "properties": {"nom": "MARCHE PHIGENIE", "type": "Épicerie avec préparation", "adresse": "4664   Rue Charleroi "}}, {"type": "Feature", "geometry": {"type": "Point", "coordinates": [-73.582101, 45.494505]}, "properties": {"nom": "LE WITHIN ( MICRO MARCHE)", "type": "Épicerie", "adresse": "1830   Avenue Lincoln "}}, {"type": "Feature", "geometry": {"type": "Point", "coordinates": [-73.565282, 45.476211]}, "properties": {"nom": "DEPANNEUR PROVI-SOIR", "type": "Épicerie avec préparation", "adresse": "901   Rue Charlevoix "}}, {"type": "Feature", "geometry": {"type": "Point", "coordinates": [-73.606845, 45.450671]}, "properties": {"nom": "GROUPE MITO INC.", "type": "Épicerie avec préparation", "adresse": "6797   Boulevard Newman "}}, {"type": "Feature", "geometry": {"type": "Point", "coordinates": [-73.747329, 45.456946]}, "properties": {"nom": "MAISON DE LA PRESSE (3725) (US-73-74)", "type": "Épicerie", "adresse": "975   Boulevard Roméo-Vachon Nord"}}, {"type": "Feature", "geometry": {"type": "Point", "coordinates": [-73.747329, 45.456946]}, "properties": {"nom": "MAISON DE LA PRESSE (3732) (INTER-57)", "type": "Épicerie", "adresse": "975   Boulevard Roméo-Vachon Nord"}}, {"type": "Feature", "geometry": {"type": "Point", "coordinates": [-73.747329, 45.456946]}, "properties": {"nom": "RELAY (3729) (DOM-48)", "type": "Épicerie", "adresse": "975   Boulevard Roméo-Vachon Nord"}}, {"type": "Feature", "geometry": {"type": "Point", "coordinates": [-73.539653, 45.552736]}, "properties": {"nom": "RACINES BOREALES", "type": "Épicerie avec préparation", "adresse": "4317   Rue Ontario Est"}}, {"type": "Feature", "geometry": {"type": "Point", "coordinates": [-73.597301, 45.461907]}, "properties": {"nom": "JARRY ET FILS", "type": "Épicerie avec préparation", "adresse": "5667   Boulevard Monk "}}, {"type": "Feature", "geometry": {"type": "Point", "coordinates": [-73.582796, 45.524099]}, "properties": {"nom": "DEPANNEUR 5 LUMIERES", "type": "Épicerie", "adresse": "414   Avenue Mont-Royal Est"}}, {"type": "Feature", "geometry": {"type": "Point", "coordinates": [-73.604681, 45.601111]}, "properties": {"nom": "TRAITEUR SAPORI DI CASA (CONSIGNATION)", "type": "Épicerie", "adresse": "6205   Boulevard Couture "}}, {"type": "Feature", "geometry": {"type": "Point", "coordinates": [-73.624394, 45.582911]}, "properties": {"nom": "DEPANNEUR STELLA", "type": "Épicerie avec préparation", "adresse": "4213   Boulevard Grandes-Prairies "}}, {"type": "Feature", "geometry": {"type": "Point", "coordinates": [-73.63606, 45.459977]}, "properties": {"nom": "DEPANNEUR BAMBOU VERT", "type": "Épicerie avec préparation", "adresse": "6951   Rue Sherbrooke Ouest"}}, {"type": "Feature", "geometry": {"type": "Point", "coordinates": [-73.661523, 45.539375]}, "properties": {"nom": "ROSE COLLINE", "type": "Épicerie avec préparation", "adresse": "9755   Rue Meilleur "}}, {"type": "Feature", "geometry": {"type": "Point", "coordinates": [-73.607714, 45.473806]}, "properties": {"nom": "MARCHE ORIENTAL JANG TEU (DECARIE)", "type": "Épicerie avec préparation", "adresse": "2116   Boulevard Décarie "}}, {"type": "Feature", "geometry": {"type": "Point", "coordinates": [-73.567122, 45.461532]}, "properties": {"nom": "TABAGIE BON AVENIR", "type": "Épicerie", "adresse": "4232   Rue Wellington "}}, {"type": "Feature", "geometry": {"type": "Point", "coordinates": [-73.658702, 45.425196]}, "properties": {"nom": "SMARKET NOTRE EPICERIE", "type": "Épicerie avec préparation", "adresse": "9645   Boulevard LaSalle "}}, {"type": "Feature", "geometry": {"type": "Point", "coordinates": [-73.598944, 45.54596]}, "properties": {"nom": "DEPANNEUR 7 ETOILES", "type": "Épicerie", "adresse": "1950   Rue Saint-Zotique Est"}}, {"type": "Feature", "geometry": {"type": "Point", "coordinates": [-73.54382, 45.546733]}, "properties": {"nom": "BOUCHERIE BEAU-BIEN", "type": "Épicerie", "adresse": "3748   Rue Ontario Est"}}, {"type": "Feature", "geometry": {"type": "Point", "coordinates": [-73.580728, 45.540656]}, "properties": {"nom": "PATISSERIE CLEMENTINE", "type": "Épicerie avec préparation", "adresse": "2177   Rue Masson "}}, {"type": "Feature", "geometry": {"type": "Point", "coordinates": [-73.572787, 45.534811]}, "properties": {"nom": "JARDIN VAL-MONT", "type": "Épicerie avec préparation", "adresse": "2018   Avenue Mont-Royal Est"}}, {"type": "Feature", "geometry": {"type": "Point", "coordinates": [-73.643547, 45.539111]}, "properties": {"nom": "DEPANNEUR VOISIN", "type": "Épicerie avec préparation", "adresse": "155   Boulevard Crémazie Ouest"}}, {"type": "Feature", "geometry": {"type": "Point", "coordinates": [-73.661167, 45.531602]}, "properties": {"nom": "NOURRITURE D'AFRIQUE (NOUDAF)", "type": "Épicerie avec préparation", "adresse": "9465   Rue Charles-De La Tour "}}, {"type": "Feature", "geometry": {"type": "Point", "coordinates": [-73.619254, 45.543478]}, "properties": {"nom": "ESPACE KETO2GO", "type": "Épicerie", "adresse": "7581   Rue Saint-Hubert "}}, {"type": "Feature", "geometry": {"type": "Point", "coordinates": [-73.584354, 45.522323]}, "properties": {"nom": "FILET GOURMET", "type": "Épicerie", "adresse": "205   Avenue Mont-Royal Est"}}, {"type": "Feature", "geometry": {"type": "Point", "coordinates": [-73.51567, 45.609544]}, "properties": {"nom": "SAUCISSES & CIE", "type": "Épicerie", "adresse": "9501   Rue Hochelaga "}}, {"type": "Feature", "geometry": {"type": "Point", "coordinates": [-73.61702, 45.542455]}, "properties": {"nom": "UNI-QUE.CA", "type": "Épicerie", "adresse": "7451   Rue Saint-Hubert "}}, {"type": "Feature", "geometry": {"type": "Point", "coordinates": [-73.677111, 45.510652]}, "properties": {"nom": "CUISINE FARAFINA", "type": "Épicerie avec préparation", "adresse": "716   Boulevard Décarie "}}, {"type": "Feature", "geometry": {"type": "Point", "coordinates": [-73.66416, 45.460185]}, "properties": {"nom": "CHARCUTERIE WARTA (CONSIGNATION)", "type": "Épicerie", "adresse": "5555   Avenue Westminster "}}, {"type": "Feature", "geometry": {"type": "Point", "coordinates": [-73.823225, 45.42978]}, "properties": {"nom": "CABANES PIED DE COCHON", "type": "Épicerie", "adresse": "251   Chemin Bord-du-Lac-Lakeshore "}}, {"type": "Feature", "geometry": {"type": "Point", "coordinates": [-73.82738, 45.428696]}, "properties": {"nom": "CHARCUTERIE WARTA (CONSIGNATION)", "type": "Épicerie", "adresse": "323   Chemin Bord-du-Lac-Lakeshore "}}, {"type": "Feature", "geometry": {"type": "Point", "coordinates": [-73.577772, 45.52953]}, "properties": {"nom": "EPICERIE LES 3 GOURMETS", "type": "Épicerie", "adresse": "1266   Avenue Mont-Royal Est"}}, {"type": "Feature", "geometry": {"type": "Point", "coordinates": [-73.673705, 45.441965]}, "properties": {"nom": "14367057 CANADA INC.", "type": "Épicerie", "adresse": "1080   Rue Provost "}}, {"type": "Feature", "geometry": {"type": "Point", "coordinates": [-73.552052, 45.533752]}, "properties": {"nom": "IGA 8739", "type": "Supermarché", "adresse": "2600   Rue Ontario Est"}}, {"type": "Feature", "geometry": {"type": "Point", "coordinates": [-73.648169, 45.494509]}, "properties": {"nom": "IL PRANZETTO PIZZA MOBILE", "type": "Épicerie", "adresse": "5157   Avenue Courtrai "}}, {"type": "Feature", "geometry": {"type": "Point", "coordinates": [-73.663391, 45.500979]}, "properties": {"nom": "HOGAR", "type": "Épicerie avec préparation", "adresse": "8500   Boulevard Décarie "}}, {"type": "Feature", "geometry": {"type": "Point", "coordinates": [-73.538647, 45.568795]}, "properties": {"nom": "CENTRE PICKLE", "type": "Épicerie avec préparation", "adresse": "5600  950 Rue Hochelaga "}}, {"type": "Feature", "geometry": {"type": "Point", "coordinates": [-73.580793, 45.583736]}, "properties": {"nom": "LES PLATS DE HULK", "type": "Épicerie", "adresse": "5712   Rue Jean-Talon Est"}}, {"type": "Feature", "geometry": {"type": "Point", "coordinates": [-73.648276, 45.574603]}, "properties": {"nom": "MARCHE FRUITERIE FLEURY", "type": "Épicerie avec préparation", "adresse": "2420   Rue Fleury Est"}}, {"type": "Feature", "geometry": {"type": "Point", "coordinates": [-73.60966, 45.576219]}, "properties": {"nom": "EPICERIE J. BRUNET", "type": "Épicerie", "adresse": "4210   Boulevard Robert "}}, {"type": "Feature", "geometry": {"type": "Point", "coordinates": [-73.614928, 45.536867]}, "properties": {"nom": "FROMAGERIE QUI LAIT CRU", "type": "Épicerie avec préparation", "adresse": "7070  C-10 Avenue Henri-Julien "}}, {"type": "Feature", "geometry": {"type": "Point", "coordinates": [-73.571359, 45.496128]}, "properties": {"nom": "KALEMART24", "type": "Épicerie avec préparation", "adresse": "1055   Rue Montagne "}}, {"type": "Feature", "geometry": {"type": "Point", "coordinates": [-73.635396, 45.531863]}, "properties": {"nom": "MARCHE MULTANI", "type": "Épicerie avec préparation", "adresse": "544   Rue Jarry Ouest"}}, {"type": "Feature", "geometry": {"type": "Point", "coordinates": [-73.629568, 45.509071]}, "properties": {"nom": "DEPANNEUR 7 JOURS", "type": "Épicerie avec préparation", "adresse": "6590   Avenue Darlington "}}, {"type": "Feature", "geometry": {"type": "Point", "coordinates": [-73.630236, 45.463052]}, "properties": {"nom": "PLATFORME 6610", "type": "Épicerie avec préparation", "adresse": "6610   Rue Sherbrooke Ouest"}}, {"type": "Feature", "geometry": {"type": "Point", "coordinates": [-73.568414, 45.479039]}, "properties": {"nom": "BOUCHERIE CENTRE", "type": "Boucherie-épicerie", "adresse": "2499   Rue Centre "}}, {"type": "Feature", "geometry": {"type": "Point", "coordinates": [-73.572139, 45.500807]}, "properties": {"nom": "CARREFOUR INDUSTRIEL IA", "type": "Épicerie avec préparation", "adresse": "977   Rue Sainte-Catherine Ouest"}}, {"type": "Feature", "geometry": {"type": "Point", "coordinates": [-73.667754, 45.556195]}, "properties": {"nom": "PHARMACIE GESTION MYLSI", "type": "Épicerie", "adresse": "609   Boulevard Henri-Bourassa Est"}}, {"type": "Feature", "geometry": {"type": "Point", "coordinates": [-73.570977, 45.504806]}, "properties": {"nom": "DEPANNEUR MAISON NEUF", "type": "Épicerie", "adresse": "607   Boulevard De Maisonneuve Ouest"}}, {"type": "Feature", "geometry": {"type": "Point", "coordinates": [-73.599729, 45.565765]}, "properties": {"nom": "MARCHE BON PLAN", "type": "Épicerie avec préparation", "adresse": "3760   Rue Villeray "}}, {"type": "Feature", "geometry": {"type": "Point", "coordinates": [-73.600881, 45.549335]}, "properties": {"nom": "DEPANNEUR JIN", "type": "Épicerie avec préparation", "adresse": "2211   Rue Bélanger "}}, {"type": "Feature", "geometry": {"type": "Point", "coordinates": [-73.594102, 45.536399]}, "properties": {"nom": "ROYALE GINETTE", "type": "Épicerie avec préparation", "adresse": "5800   Rue De Normanville "}}, {"type": "Feature", "geometry": {"type": "Point", "coordinates": [-73.57662, 45.452638]}, "properties": {"nom": "DEPANNEUR PROVISION SAVARD", "type": "Épicerie avec préparation", "adresse": "5501   Rue Bannantyne "}}, {"type": "Feature", "geometry": {"type": "Point", "coordinates": [-73.603829, 45.535299]}, "properties": {"nom": "SUPERMARCHE BEAUBIEN", "type": "Épicerie avec préparation", "adresse": "545   Rue Beaubien Est"}}, {"type": "Feature", "geometry": {"type": "Point", "coordinates": [-73.612507, 45.426683]}, "properties": {"nom": "YUZU SUSHI", "type": "Épicerie avec préparation", "adresse": "8130   Boulevard Champlain "}}, {"type": "Feature", "geometry": {"type": "Point", "coordinates": [-73.625731, 45.570852]}, "properties": {"nom": "MARCHE SAINT-MICHEL", "type": "Épicerie avec préparation", "adresse": "8930   Boulevard Saint-Michel "}}, {"type": "Feature", "geometry": {"type": "Point", "coordinates": [-73.599088, 45.545806]}, "properties": {"nom": "DEPANNEUR CHANTAL", "type": "Épicerie avec préparation", "adresse": "1890   Rue Saint-Zotique Est"}}, {"type": "Feature", "geometry": {"type": "Point", "coordinates": [-73.559736, 45.507991]}, "properties": {"nom": "MAGASIN DES HERBES DE L'ASIE DONG XUAN", "type": "Aliments naturels", "adresse": "1018   Boulevard Saint-Laurent "}}, {"type": "Feature", "geometry": {"type": "Point", "coordinates": [-73.624265, 45.526956]}, "properties": {"nom": "NOUVEAU B ELEGANT", "type": "Épicerie avec préparation", "adresse": "694   Rue Jean-Talon Ouest"}}, {"type": "Feature", "geometry": {"type": "Point", "coordinates": [-73.580793, 45.583736]}, "properties": {"nom": "VIKINGS NUTRITION", "type": "Épicerie avec préparation", "adresse": "5712   Rue Jean-Talon Est"}}, {"type": "Feature", "geometry": {"type": "Point", "coordinates": [-73.653819, 45.465495]}, "properties": {"nom": "IGA LIPARI", "type": "Supermarché", "adresse": "7151   Chemin Côte-Saint-Luc "}}, {"type": "Feature", "geometry": {"type": "Point", "coordinates": [-73.644899, 45.536947]}, "properties": {"nom": "LES ALIMENTS MASA", "type": "Épicerie avec préparation", "adresse": "325   Boulevard Crémazie Ouest"}}, {"type": "Feature", "geometry": {"type": "Point", "coordinates": [-73.636196, 45.543033]}, "properties": {"nom": "DEPANNEUR ET PLUS", "type": "Épicerie", "adresse": "281   Rue Liège Est"}}, {"type": "Feature", "geometry": {"type": "Point", "coordinates": [-73.639453, 45.54122]}, "properties": {"nom": "MAXI (LIEGE)", "type": "Supermarché", "adresse": "8570   Boulevard Saint-Laurent "}}, {"type": "Feature", "geometry": {"type": "Point", "coordinates": [-73.626982, 45.471013]}, "properties": {"nom": "TONY BOLLONY", "type": "Épicerie avec préparation", "adresse": "6050   Avenue Monkland "}}, {"type": "Feature", "geometry": {"type": "Point", "coordinates": [-73.566413, 45.462755]}, "properties": {"nom": "IDOLEM YOGA CHAUD (VERDUN)", "type": "Épicerie avec préparation", "adresse": "185   Rue Église "}}, {"type": "Feature", "geometry": {"type": "Point", "coordinates": [-73.614928, 45.536867]}, "properties": {"nom": "JACQUES LECUYER, FRUITS ET LEGUMES", "type": "Épicerie avec préparation", "adresse": "7070   Avenue Henri-Julien "}}, {"type": "Feature", "geometry": {"type": "Point", "coordinates": [-73.600183, 45.555709]}, "properties": {"nom": "MARCHE GRTM", "type": "Épicerie avec préparation", "adresse": "2638   Rue Jean-Talon Est"}}, {"type": "Feature", "geometry": {"type": "Point", "coordinates": [-73.601385, 45.54874]}, "properties": {"nom": "DEPANNEUR UNI-K", "type": "Épicerie avec préparation", "adresse": "2101   Rue Bélanger "}}, {"type": "Feature", "geometry": {"type": "Point", "coordinates": [-73.535879, 45.594916]}, "properties": {"nom": "MERCI NELNELLE INC.", "type": "Épicerie", "adresse": "7770   Rue Sherbrooke Est"}}, {"type": "Feature", "geometry": {"type": "Point", "coordinates": [-73.580663, 45.542374]}, "properties": {"nom": "ALIMENTATION ROLI", "type": "Épicerie avec préparation", "adresse": "5500  325 Rue Fullum "}}, {"type": "Feature", "geometry": {"type": "Point", "coordinates": [-73.585886, 45.544557]}, "properties": {"nom": "BE HEALTHY LOVE BERRY - ACAI BOWL", "type": "Épicerie avec préparation", "adresse": "2355   Rue Carrières "}}, {"type": "Feature", "geometry": {"type": "Point", "coordinates": [-73.577639, 45.534333]}, "properties": {"nom": "SAVEURS DES ALPES", "type": "Épicerie avec préparation", "adresse": "4764   Avenue Papineau "}}, {"type": "Feature", "geometry": {"type": "Point", "coordinates": [-73.595131, 45.520422]}, "properties": {"nom": "AGRICULTURE DU COIN", "type": "Épicerie", "adresse": "235   Avenue Laurier Ouest"}}, {"type": "Feature", "geometry": {"type": "Point", "coordinates": [-73.597046, 45.527475]}, "properties": {"nom": "CAFE DEPOT (UBISOFT)", "type": "Épicerie", "adresse": "5455   Avenue De Gaspé "}}, {"type": "Feature", "geometry": {"type": "Point", "coordinates": [-73.593161, 45.599504]}, "properties": {"nom": "MAGASIN LAGORIA VIAU (CONSIGNATION)", "type": "Épicerie", "adresse": "8700   Boulevard Langelier "}}, {"type": "Feature", "geometry": {"type": "Point", "coordinates": [-73.612149, 45.540231]}, "properties": {"nom": "FRUITS ET LEGUMES DIAMANTS", "type": "Épicerie avec préparation", "adresse": "7091   Rue Saint-Hubert "}}, {"type": "Feature", "geometry": {"type": "Point", "coordinates": [-73.606138, 45.538112]}, "properties": {"nom": "MITO SUSHI", "type": "Épicerie", "adresse": "900   Rue Saint-Zotique Est"}}, {"type": "Feature", "geometry": {"type": "Point", "coordinates": [-73.815877, 45.512199]}, "properties": {"nom": "MITO SUSHI", "type": "Épicerie", "adresse": "11130   Rue Meighen "}}, {"type": "Feature", "geometry": {"type": "Point", "coordinates": [-73.539653, 45.552736]}, "properties": {"nom": "BOUCHERIE LA PETITE PATRIE (CONSIGNATION)", "type": "Épicerie", "adresse": "4317   Rue Ontario Est"}}, {"type": "Feature", "geometry": {"type": "Point", "coordinates": [-73.580728, 45.540656]}, "properties": {"nom": "BCUIT MTL", "type": "Épicerie avec préparation", "adresse": "2177  405 Rue Masson "}}, {"type": "Feature", "geometry": {"type": "Point", "coordinates": [-73.605788, 45.53735]}, "properties": {"nom": "PANIER GOURMAND", "type": "Épicerie avec préparation", "adresse": "6667   Rue Saint-Hubert "}}, {"type": "Feature", "geometry": {"type": "Point", "coordinates": [-73.675987, 45.503741]}, "properties": {"nom": "PIZZA VIMONT (MARCHE ESPOSITO)", "type": "Épicerie", "adresse": "340   Boulevard Marcel-Laurin "}}, {"type": "Feature", "geometry": {"type": "Point", "coordinates": [-73.650335, 45.550017]}, "properties": {"nom": "LES FAIMS FINAUDS", "type": "Épicerie avec préparation", "adresse": "9443   Rue Lajeunesse "}}, {"type": "Feature", "geometry": {"type": "Point", "coordinates": [-73.582397, 45.49651]}, "properties": {"nom": "PROVISIONS COTE DES NEIGES", "type": "Épicerie", "adresse": "3415   Chemin Côte-des-Neiges "}}, {"type": "Feature", "geometry": {"type": "Point", "coordinates": [-73.583529, 45.502768]}, "properties": {"nom": "DEPANNEUR LE DEP", "type": "Épicerie", "adresse": "1212   Avenue Pins Ouest"}}, {"type": "Feature", "geometry": {"type": "Point", "coordinates": [-73.535757, 45.65251]}, "properties": {"nom": "DEPANNEUR RAMEZAY", "type": "Épicerie", "adresse": "10750   Boulevard Henri-Bourassa Est"}}, {"type": "Feature", "geometry": {"type": "Point", "coordinates": [-73.745985, 45.515548]}, "properties": {"nom": "MARCHE DE L'AMITIE", "type": "Épicerie avec préparation", "adresse": "9167   Boulevard Gouin Ouest"}}, {"type": "Feature", "geometry": {"type": "Point", "coordinates": [-73.524128, 45.594067]}, "properties": {"nom": "YUZU EXPRESS (LANGELIER)", "type": "Épicerie", "adresse": "7975   Rue Hochelaga "}}, {"type": "Feature", "geometry": {"type": "Point", "coordinates": [-73.553919, 45.523322]}, "properties": {"nom": "9448-8061 QUEBEC INC (MARCHÉ EXPRESS BU)", "type": "Épicerie avec préparation", "adresse": "1550   Avenue Papineau "}}, {"type": "Feature", "geometry": {"type": "Point", "coordinates": [-73.625268, 45.621376]}, "properties": {"nom": "LOCAL CREOLE", "type": "Épicerie avec préparation", "adresse": "6203   Boulevard Léger "}}, {"type": "Feature", "geometry": {"type": "Point", "coordinates": [-73.556925, 45.517639]}, "properties": {"nom": "SOCIÉTÉ CULTURELLE LES SURVENANTS", "type": "Épicerie", "adresse": "1114   Rue Sainte-Catherine Est"}}, {"type": "Feature", "geometry": {"type": "Point", "coordinates": [-73.585917, 45.490147]}, "properties": {"nom": "9489-2759 QUEBEC", "type": "Épicerie", "adresse": "2021   Avenue Atwater "}}, {"type": "Feature", "geometry": {"type": "Point", "coordinates": [-73.618348, 45.469263]}, "properties": {"nom": "BOULANGERIE GANDOM", "type": "Épicerie avec préparation", "adresse": "5855   Rue Sherbrooke Ouest"}}, {"type": "Feature", "geometry": {"type": "Point", "coordinates": [-73.525616, 45.569769]}, "properties": {"nom": "DEPANNEUR BOSSUET PLUS", "type": "Épicerie avec préparation", "adresse": "5998   Rue La Fontaine "}}, {"type": "Feature", "geometry": {"type": "Point", "coordinates": [-73.571896, 45.50227]}, "properties": {"nom": "BLOOMBERG NATIONAL", "type": "Épicerie", "adresse": "1800   Avenue McGill College "}}, {"type": "Feature", "geometry": {"type": "Point", "coordinates": [-73.573934, 45.517771]}, "properties": {"nom": "DEPANNEUR ROY", "type": "Épicerie avec préparation", "adresse": "250   Rue Roy Est"}}, {"type": "Feature", "geometry": {"type": "Point", "coordinates": [-73.629383, 45.483385]}, "properties": {"nom": "DEPANNEUR QUEEN MARY LU", "type": "Épicerie", "adresse": "5303   Chemin Queen-Mary "}}, {"type": "Feature", "geometry": {"type": "Point", "coordinates": [-73.602757, 45.471736]}, "properties": {"nom": "MULTIMAG (DÉPANNEUR)", "type": "Épicerie", "adresse": "1001   Boulevard Décarie "}}, {"type": "Feature", "geometry": {"type": "Point", "coordinates": [-73.636978, 45.453466]}, "properties": {"nom": "DEPANNEUR SAGA", "type": "Épicerie", "adresse": "7429   Rue Saint-Jacques "}}, {"type": "Feature", "geometry": {"type": "Point", "coordinates": [-73.628431, 45.575237]}, "properties": {"nom": "DEPANNEUR LOUVAIN WANG", "type": "Épicerie avec préparation", "adresse": "3570   Rue Louvain Est"}}, {"type": "Feature", "geometry": {"type": "Point", "coordinates": [-73.568802, 45.508293]}, "properties": {"nom": "BOLS ET BAGUETTES SUSHI", "type": "Épicerie avec préparation", "adresse": "321   Avenue Président-Kennedy "}}, {"type": "Feature", "geometry": {"type": "Point", "coordinates": [-73.57223, 45.535395]}, "properties": {"nom": "LA MAISON DES PATES FRAICHES", "type": "Épicerie avec préparation", "adresse": "2117   Avenue Mont-Royal Est"}}, {"type": "Feature", "geometry": {"type": "Point", "coordinates": [-73.558977, 45.504887]}, "properties": {"nom": "MARCHE SAINT-LAURENT (PALAIS DES CONGRES)", "type": "Boucherie-épicerie", "adresse": "159  C-16 Rue Saint-Antoine Ouest"}}, {"type": "Feature", "geometry": {"type": "Point", "coordinates": [-73.624058, 45.527303]}, "properties": {"nom": "RESTAURANT ET TRAITEUR LES SAVEURS SENEGAL", "type": "Épicerie avec préparation", "adresse": "667   Rue Jean-Talon Ouest"}}, {"type": "Feature", "geometry": {"type": "Point", "coordinates": [-73.614689, 45.612364]}, "properties": {"nom": "MARCHE CASSE-CROUTE BELLE ZATHA", "type": "Épicerie avec préparation", "adresse": "6352   Rue Normandie "}}, {"type": "Feature", "geometry": {"type": "Point", "coordinates": [-73.586448, 45.565968]}, "properties": {"nom": "DEPANNEUR RODRIGUE", "type": "Épicerie", "adresse": "4234   Rue Bélanger "}}, {"type": "Feature", "geometry": {"type": "Point", "coordinates": [-73.665928, 45.519231]}, "properties": {"nom": "CAFE UNION", "type": "Épicerie avec préparation", "adresse": "550   Boulevard Montpellier "}}, {"type": "Feature", "geometry": {"type": "Point", "coordinates": [-73.531231, 45.555038]}, "properties": {"nom": "DEPANNEUR TABAGIE JOIE D'OFFRIR", "type": "Épicerie", "adresse": "4743   Rue Sainte-Catherine Est"}}, {"type": "Feature", "geometry": {"type": "Point", "coordinates": [-73.549309, 45.550606]}, "properties": {"nom": "PING REVOLUTION", "type": "Épicerie avec préparation", "adresse": "3899   Rue Hochelaga "}}, {"type": "Feature", "geometry": {"type": "Point", "coordinates": [-73.644899, 45.536947]}, "properties": {"nom": "MAISANA", "type": "Épicerie avec préparation", "adresse": "325   Boulevard Crémazie Ouest"}}, {"type": "Feature", "geometry": {"type": "Point", "coordinates": [-73.587326, 45.548918]}, "properties": {"nom": "CAFE LE RUSE", "type": "Épicerie avec préparation", "adresse": "6200   Avenue 1re "}}, {"type": "Feature", "geometry": {"type": "Point", "coordinates": [-73.610815, 45.549607]}, "properties": {"nom": "DEPANEUR DINO", "type": "Épicerie", "adresse": "7401   Avenue Papineau "}}, {"type": "Feature", "geometry": {"type": "Point", "coordinates": [-73.626326, 45.599337]}, "properties": {"nom": "PROVIGROS", "type": "Boucherie-épicerie", "adresse": "5053   Rue Charleroi "}}, {"type": "Feature", "geometry": {"type": "Point", "coordinates": [-73.717067, 45.4872]}, "properties": {"nom": "MARCHÉ EXPRESS SHOP (HOLIDAY INN)", "type": "Boucherie-épicerie", "adresse": "4555   Boulevard Côte-Vertu "}}, {"type": "Feature", "geometry": {"type": "Point", "coordinates": [-73.659626, 45.433518]}, "properties": {"nom": "LE DEPANNEUR BELLERIVE", "type": "Épicerie", "adresse": "9804   Rue Saint-Patrick "}}, {"type": "Feature", "geometry": {"type": "Point", "coordinates": [-73.852498, 45.494011]}, "properties": {"nom": "ESSO / PROVI SOIR", "type": "Épicerie", "adresse": "14270   Boulevard Gouin Ouest"}}, {"type": "Feature", "geometry": {"type": "Point", "coordinates": [-73.614452, 45.535669]}, "properties": {"nom": "CHEZ NINO", "type": "Épicerie avec préparation", "adresse": "192   Place Marché-du-Nord "}}, {"type": "Feature", "geometry": {"type": "Point", "coordinates": [-73.54041, 45.540382]}, "properties": {"nom": "HERBORISTERIE DESJARDINS 1930", "type": "Aliments naturels", "adresse": "3303   Rue Sainte-Catherine Est"}}, {"type": "Feature", "geometry": {"type": "Point", "coordinates": [-73.609642, 45.534309]}, "properties": {"nom": "LE VIEILLISSEUR SYLVAIN ROY", "type": "Épicerie", "adresse": "274   Rue Saint-Zotique Est"}}, {"type": "Feature", "geometry": {"type": "Point", "coordinates": [-73.602462, 45.536789]}, "properties": {"nom": "MARCHE DK BANH MI", "type": "Épicerie avec préparation", "adresse": "911   Rue Beaubien Est"}}, {"type": "Feature", "geometry": {"type": "Point", "coordinates": [-73.609642, 45.534309]}, "properties": {"nom": "MARCHE ROYAL PLUS (PIZZA VIMONT)", "type": "Épicerie", "adresse": "274   Rue Saint-Zotique Est"}}, {"type": "Feature", "geometry": {"type": "Point", "coordinates": [-73.616225, 45.470351]}, "properties": {"nom": "PIZZA VIMONT (MARCHE ESPOSITO)", "type": "Épicerie", "adresse": "5737   Rue Sherbrooke Ouest"}}, {"type": "Feature", "geometry": {"type": "Point", "coordinates": [-73.574861, 45.548142]}, "properties": {"nom": "FRAICHEMENT BON JARRY INC", "type": "Épicerie", "adresse": "2901   Rue Masson "}}, {"type": "Feature", "geometry": {"type": "Point", "coordinates": [-73.602846, 45.556383]}, "properties": {"nom": "DEPANNEUR BOB", "type": "Épicerie", "adresse": "2614   Rue Everett "}}, {"type": "Feature", "geometry": {"type": "Point", "coordinates": [-73.610514, 45.544145]}, "properties": {"nom": "PIZZA VIMONT PRET A CUIRE (MARCHE NUVO)", "type": "Épicerie", "adresse": "1263   Rue Jean-Talon Est"}}, {"type": "Feature", "geometry": {"type": "Point", "coordinates": [-73.615844, 45.544185]}, "properties": {"nom": "PIZZA VIMONT PRET A CUIRE (GRANDE FAMILLE)", "type": "Épicerie", "adresse": "7400   Avenue Christophe-Colomb "}}, {"type": "Feature", "geometry": {"type": "Point", "coordinates": [-73.580168, 45.536155]}, "properties": {"nom": "FRAICHEMENT BON JARRY INC", "type": "Boucherie-épicerie", "adresse": "1832   Avenue Laurier Est"}}, {"type": "Feature", "geometry": {"type": "Point", "coordinates": [-73.577639, 45.534333]}, "properties": {"nom": "9503-8808 QUEBEC INC", "type": "Boucherie-épicerie", "adresse": "4764   Avenue Papineau "}}, {"type": "Feature", "geometry": {"type": "Point", "coordinates": [-73.846446, 45.432207]}, "properties": {"nom": "EVOILA 5", "type": "Épicerie", "adresse": "40  F Boulevard Saint-Charles "}}, {"type": "Feature", "geometry": {"type": "Point", "coordinates": [-73.574428, 45.500747]}, "properties": {"nom": "FELIX & NORTON", "type": "Épicerie avec préparation", "adresse": "1468   Rue Peel "}}, {"type": "Feature", "geometry": {"type": "Point", "coordinates": [-73.621351, 45.579858]}, "properties": {"nom": "MARCHE DIAZ", "type": "Épicerie avec préparation", "adresse": "9125   Boulevard Pie-IX "}}, {"type": "Feature", "geometry": {"type": "Point", "coordinates": [-73.863309, 45.483677]}, "properties": {"nom": "DEPANNEUR BELANGER XL", "type": "Épicerie", "adresse": "4500   Boulevard Jacques-Bizard "}}, {"type": "Feature", "geometry": {"type": "Point", "coordinates": [-73.613431, 45.539947]}, "properties": {"nom": "METRO BEAULIEU JEAN-TALON (CONSIGNATION) (METRO BEAULIEU MONT-ROYAL)", "type": "Épicerie", "adresse": "760   Rue Jean-Talon Est"}}, {"type": "Feature", "geometry": {"type": "Point", "coordinates": [-73.713172, 45.527406]}, "properties": {"nom": "MARCHE YASINE", "type": "Boucherie-épicerie", "adresse": "5930   Rue De Salaberry "}}, {"type": "Feature", "geometry": {"type": "Point", "coordinates": [-73.535688, 45.548086]}, "properties": {"nom": "MARCHE LOSAKO", "type": "Épicerie avec préparation", "adresse": "4054   Rue Sainte-Catherine Est"}}, {"type": "Feature", "geometry": {"type": "Point", "coordinates": [-73.567047, 45.462372]}, "properties": {"nom": "MARCHE F/CAFÉ BANKAL", "type": "Épicerie avec préparation", "adresse": "4130   Rue Wellington "}}, {"type": "Feature", "geometry": {"type": "Point", "coordinates": [-73.598944, 45.54596]}, "properties": {"nom": "SALON DE THE BIEN VIVRE", "type": "Boucherie-épicerie", "adresse": "1951   Rue Saint-Zotique Est"}}, {"type": "Feature", "geometry": {"type": "Point", "coordinates": [-73.639182, 45.46668]}, "properties": {"nom": "METRO RICHELIEU INC.", "type": "Boucherie-épicerie", "adresse": "6645   Avenue Somerled "}}, {"type": "Feature", "geometry": {"type": "Point", "coordinates": [-73.577552, 45.479674]}, "properties": {"nom": "BOBA KONG", "type": "Marché public", "adresse": "155   Avenue Greene "}}, {"type": "Feature", "geometry": {"type": "Point", "coordinates": [-73.622504, 45.604393]}, "properties": {"nom": "BOUCHERIE ET GRILLADES AL ARZ", "type": "Boucherie-épicerie", "adresse": "11315   Avenue Jean-Meunier "}}, {"type": "Feature", "geometry": {"type": "Point", "coordinates": [-73.572864, 45.513502]}, "properties": {"nom": "DELI PRINCE ARTHUR", "type": "Épicerie avec préparation", "adresse": "24   Rue Prince-Arthur Ouest"}}, {"type": "Feature", "geometry": {"type": "Point", "coordinates": [-73.653167, 45.578671]}, "properties": {"nom": "MARCHE OCAS", "type": "Épicerie avec préparation", "adresse": "2545   Boulevard Henri-Bourassa Est"}}, {"type": "Feature", "geometry": {"type": "Point", "coordinates": [-73.629668, 45.484093]}, "properties": {"nom": "TEVA ALIMENTS NATURELS", "type": "Épicerie avec préparation", "adresse": "5143   Boulevard Décarie "}}, {"type": "Feature", "geometry": {"type": "Point", "coordinates": [-73.596132, 45.533636]}, "properties": {"nom": "GENERAL EXPRESS", "type": "Épicerie avec préparation", "adresse": "824   Boulevard Rosemont "}}, {"type": "Feature", "geometry": {"type": "Point", "coordinates": [-73.518686, 45.603399]}, "properties": {"nom": "MARCHE AFRICAIN MAWA", "type": "Épicerie avec préparation", "adresse": "8874   Rue Hochelaga "}}, {"type": "Feature", "geometry": {"type": "Point", "coordinates": [-73.536735, 45.571672]}, "properties": {"nom": "DEPANNEUR MLB INC", "type": "Épicerie avec préparation", "adresse": "2473   Rue Louis-Veuillot "}}, {"type": "Feature", "geometry": {"type": "Point", "coordinates": [-73.534722, 45.568334]}, "properties": {"nom": "CENTRE PICKLE", "type": "Épicerie avec préparation", "adresse": "2350  950 Rue Dickson "}}, {"type": "Feature", "geometry": {"type": "Point", "coordinates": [-73.599016, 45.571948]}, "properties": {"nom": "LA TABLE DU MAGHREB", "type": "Boucherie-épicerie", "adresse": "7870   Boulevard Provencher "}}, {"type": "Feature", "geometry": {"type": "Point", "coordinates": [-73.629623, 45.482525]}, "properties": {"nom": "AFROLECK INC", "type": "Épicerie avec préparation", "adresse": "5015   Avenue Coolbrook "}}, {"type": "Feature", "geometry": {"type": "Point", "coordinates": [-73.6582, 45.571032]}, "properties": {"nom": "LES ALIMENTS TB", "type": "Épicerie avec préparation", "adresse": "1905   Boulevard Henri-Bourassa Est"}}, {"type": "Feature", "geometry": {"type": "Point", "coordinates": [-73.589795, 45.611585]}, "properties": {"nom": "LA BULLERIE", "type": "Épicerie", "adresse": "10350   Rue Renaude-Lapointe "}}, {"type": "Feature", "geometry": {"type": "Point", "coordinates": [-73.617304, 45.542585]}, "properties": {"nom": "EPICERIE LA TERANGA INC.", "type": "Boucherie-épicerie", "adresse": "7467   Rue Saint-Hubert "}}, {"type": "Feature", "geometry": {"type": "Point", "coordinates": [-73.58274, 45.53457]}, "properties": {"nom": "LE MAITRE GOURMET", "type": "Boucherie-épicerie", "adresse": "1520   Avenue Laurier Est"}}, {"type": "Feature", "geometry": {"type": "Point", "coordinates": [-73.48745, 45.69518]}, "properties": {"nom": "STATION POINTE-DE-L'ILE", "type": "Épicerie avec préparation", "adresse": "15951   Rue Notre-Dame Est"}}, {"type": "Feature", "geometry": {"type": "Point", "coordinates": [-73.58231, 45.491218]}, "properties": {"nom": "STATION GINZA SUSHI (RÉFRIGÉRATEUR EN CONSIGNE)", "type": "Épicerie", "adresse": "2109   Rue Sainte-Catherine Ouest"}}, {"type": "Feature", "geometry": {"type": "Point", "coordinates": [-73.618651, 45.528368]}, "properties": {"nom": "SEGRETA (LOCAL DE PRÉPARATION)", "type": "Épicerie avec préparation", "adresse": "401   Avenue Beaumont "}}, {"type": "Feature", "geometry": {"type": "Point", "coordinates": [-73.585355, 45.567226]}, "properties": {"nom": "PHARMACIE KIRA AZAR BELANGER", "type": "Épicerie", "adresse": "4349   Rue Bélanger "}}, {"type": "Feature", "geometry": {"type": "Point", "coordinates": [-73.602542, 45.536697]}, "properties": {"nom": "DEPANNEUR ATLANTIC", "type": "Épicerie", "adresse": "834   Rue Beaubien Est"}}, {"type": "Feature", "geometry": {"type": "Point", "coordinates": [-73.609801, 45.530213]}, "properties": {"nom": "LA CAVE DU PARAPLUIE", "type": "Boucherie-épicerie", "adresse": "36   Rue Beaubien Ouest"}}, {"type": "Feature", "geometry": {"type": "Point", "coordinates": [-73.589294, 45.472179]}, "properties": {"nom": "PAS DE PROBLEME", "type": "Épicerie avec préparation", "adresse": "4754   Rue Notre-Dame Ouest"}}, {"type": "Feature", "geometry": {"type": "Point", "coordinates": [-73.607806, 45.5299]}, "properties": {"nom": "BAR NUMERO", "type": "Boucherie-épicerie", "adresse": "6382   Boulevard Saint-Laurent "}}, {"type": "Feature", "geometry": {"type": "Point", "coordinates": [-73.587762, 45.518575]}, "properties": {"nom": "LES MADELEINES D'EMILIE INC.", "type": "Épicerie avec préparation", "adresse": "129   Avenue Mont-Royal Ouest"}}, {"type": "Feature", "geometry": {"type": "Point", "coordinates": [-73.603575, 45.522806]}, "properties": {"nom": "MAXI", "type": "Supermarché", "adresse": "5647   Avenue Parc "}}, {"type": "Feature", "geometry": {"type": "Point", "coordinates": [-73.487628, 45.698279]}, "properties": {"nom": "DEPANNEUR MC PLUS", "type": "Épicerie avec préparation", "adresse": "16275   Rue Sherbrooke Est"}}, {"type": "Feature", "geometry": {"type": "Point", "coordinates": [-73.590035, 45.550178]}, "properties": {"nom": "9393-8991 QUEBEC INC", "type": "Épicerie avec préparation", "adresse": "6476   Avenue 1re "}}, {"type": "Feature", "geometry": {"type": "Point", "coordinates": [-73.609634, 45.59697]}, "properties": {"nom": "MARCHE 33", "type": "Épicerie avec préparation", "adresse": "9260   Boulevard Lacordaire "}}, {"type": "Feature", "geometry": {"type": "Point", "coordinates": [-73.574333, 45.494425]}, "properties": {"nom": "MAXI", "type": "Supermarché", "adresse": "1470   Boulevard René-Lévesque Ouest"}}, {"type": "Feature", "geometry": {"type": "Point", "coordinates": [-73.672186, 45.548077]}, "properties": {"nom": "3A EPICERIE", "type": "Épicerie avec préparation", "adresse": "156   Boulevard Henri-Bourassa Ouest"}}, {"type": "Feature", "geometry": {"type": "Point", "coordinates": [-73.580728, 45.540656]}, "properties": {"nom": "LA CUISINE LOU", "type": "Épicerie avec préparation", "adresse": "2177   Rue Masson "}}, {"type": "Feature", "geometry": {"type": "Point", "coordinates": [-73.554357, 45.507854]}, "properties": {"nom": "HECTARE CAFE", "type": "Épicerie avec préparation", "adresse": "160  01 Rue Notre-Dame Est"}}, {"type": "Feature", "geometry": {"type": "Point", "coordinates": [-73.601217, 45.537675]}, "properties": {"nom": "LOUCHE", "type": "Épicerie avec préparation", "adresse": "6450   Avenue Christophe-Colomb "}}, {"type": "Feature", "geometry": {"type": "Point", "coordinates": [-73.555397, 45.612503]}, "properties": {"nom": "GESTION ZZ (DEPANNEUR DU COIN)", "type": "Épicerie avec préparation", "adresse": "7701   Boulevard Roi-René "}}, {"type": "Feature", "geometry": {"type": "Point", "coordinates": [-73.511283, 45.594529]}, "properties": {"nom": "AKI SUSHII", "type": "Épicerie avec préparation", "adresse": "8355   Rue Notre-Dame Est"}}, {"type": "Feature", "geometry": {"type": "Point", "coordinates": [-73.784598, 45.498082]}, "properties": {"nom": "ATELIER TASTE ITALY", "type": "Épicerie", "adresse": "1125   Rue Hyman "}}, {"type": "Feature", "geometry": {"type": "Point", "coordinates": [-73.643038, 45.551385]}, "properties": {"nom": "MARCHÉ EXPRESS / 7924364 CANADA INC.", "type": "Épicerie avec préparation", "adresse": "9090   Rue Saint-Hubert "}}, {"type": "Feature", "geometry": {"type": "Point", "coordinates": [-73.677168, 45.510687]}, "properties": {"nom": "ETABLISSEMENT VERALYS", "type": "Épicerie avec préparation", "adresse": "720   Boulevard Décarie "}}, {"type": "Feature", "geometry": {"type": "Point", "coordinates": [-73.491445, 45.655854]}, "properties": {"nom": "MARCHE JULIETTE", "type": "Épicerie", "adresse": "13200   Rue Notre-Dame Est"}}, {"type": "Feature", "geometry": {"type": "Point", "coordinates": [-73.713276, 45.523909]}, "properties": {"nom": "RESTAURANT YOKOSO SUSHI ET FUSION INC.", "type": "Épicerie avec préparation", "adresse": "1935   Boulevard Keller "}}, {"type": "Feature", "geometry": {"type": "Point", "coordinates": [-73.629855, 45.432568]}, "properties": {"nom": "PHARMAPRIX", "type": "Épicerie avec préparation", "adresse": "8371   Boulevard Newman "}}, {"type": "Feature", "geometry": {"type": "Point", "coordinates": [-73.631759, 45.462249]}, "properties": {"nom": "MARCHE 1001 SAVEURS", "type": "Boucherie-épicerie", "adresse": "6706   Rue Sherbrooke Ouest"}}, {"type": "Feature", "geometry": {"type": "Point", "coordinates": [-73.787147, 45.450392]}, "properties": {"nom": "DEPANNEUR R & R-BONI SOIR", "type": "Épicerie", "adresse": "61   Avenue Donegani "}}, {"type": "Feature", "geometry": {"type": "Point", "coordinates": [-73.580008, 45.536323]}, "properties": {"nom": "DEPANNEUR LAURIER EST", "type": "Épicerie", "adresse": "1837   Avenue Laurier Est"}}, {"type": "Feature", "geometry": {"type": "Point", "coordinates": [-73.62654, 45.498232]}, "properties": {"nom": "9505-6552 QUEBEC INC. (DÉLICES DU MAGHREB)", "type": "Boucherie-épicerie", "adresse": "5627   Chemin Côte-des-Neiges "}}, {"type": "Feature", "geometry": {"type": "Point", "coordinates": [-73.622776, 45.541174]}, "properties": {"nom": "MEGA VRAC", "type": "Épicerie avec préparation", "adresse": "421   Rue Villeray "}}, {"type": "Feature", "geometry": {"type": "Point", "coordinates": [-73.716984, 45.533777]}, "properties": {"nom": "RESTAURANT PAULO & SUZANNE", "type": "Épicerie avec préparation", "adresse": "5501   Boulevard Gouin Ouest"}}, {"type": "Feature", "geometry": {"type": "Point", "coordinates": [-73.535176, 45.555758]}, "properties": {"nom": "MARCHE EXPRESS KIM", "type": "Épicerie avec préparation", "adresse": "4700   Rue La Fontaine "}}, {"type": "Feature", "geometry": {"type": "Point", "coordinates": [-73.574969, 45.547964]}, "properties": {"nom": "MARCHE FERMIER MASSON", "type": "Épicerie avec préparation", "adresse": "2884   Rue Masson "}}, {"type": "Feature", "geometry": {"type": "Point", "coordinates": [-73.612323, 45.54031]}, "properties": {"nom": "MARCHE DU VILLAGE", "type": "Épicerie avec préparation", "adresse": "7102   Rue Saint-Hubert "}}, {"type": "Feature", "geometry": {"type": "Point", "coordinates": [-73.556728, 45.493041]}, "properties": {"nom": "DEPANNEUR PEEL", "type": "Épicerie", "adresse": "81   Rue Peel "}}, {"type": "Feature", "geometry": {"type": "Point", "coordinates": [-73.539123, 45.581651]}, "properties": {"nom": "MARCHE SAARA", "type": "Épicerie avec préparation", "adresse": "6640   Rue Marseille "}}, {"type": "Feature", "geometry": {"type": "Point", "coordinates": [-73.577387, 45.516063]}, "properties": {"nom": "TABAGIE DES PINS", "type": "Épicerie", "adresse": "3887   Boulevard Saint-Laurent "}}, {"type": "Feature", "geometry": {"type": "Point", "coordinates": [-73.627652, 45.485424]}, "properties": {"nom": "ONIGIRI SHOP", "type": "Épicerie avec préparation", "adresse": "5111   Chemin Queen-Mary "}}, {"type": "Feature", "geometry": {"type": "Point", "coordinates": [-73.520499, 45.600369]}, "properties": {"nom": "FRUGAL BIO INC", "type": "Épicerie avec préparation", "adresse": "8613   Rue Hochelaga "}}, {"type": "Feature", "geometry": {"type": "Point", "coordinates": [-73.614733, 45.436786]}, "properties": {"nom": "SKD MARCHE", "type": "Épicerie avec préparation", "adresse": "2034   Rue Lapierre "}}, {"type": "Feature", "geometry": {"type": "Point", "coordinates": [-73.575339, 45.501194]}, "properties": {"nom": "KALEMART24", "type": "Épicerie avec préparation", "adresse": "2025   Rue Peel "}}, {"type": "Feature", "geometry": {"type": "Point", "coordinates": [-73.60154, 45.478123]}, "properties": {"nom": "BOUCHERIE SAVOIR-FER", "type": "Boucherie-épicerie", "adresse": "344 A  Avenue Victoria "}}, {"type": "Feature", "geometry": {"type": "Point", "coordinates": [-73.555866, 45.534411]}, "properties": {"nom": "ALIMENTS YAMATO INC.", "type": "Épicerie avec préparation", "adresse": "2550   Rue Rouen "}}, {"type": "Feature", "geometry": {"type": "Point", "coordinates": [-73.576642, 45.566107]}, "properties": {"nom": "EPICERIE D'LUXE", "type": "Épicerie", "adresse": "4451   Rue Beaubien Est"}}, {"type": "Feature", "geometry": {"type": "Point", "coordinates": [-73.717012, 45.49396]}, "properties": {"nom": "PRIMA GOCCIA SAINT-LAURENT", "type": "Épicerie avec préparation", "adresse": "4140   Boulevard Thimens "}}, {"type": "Feature", "geometry": {"type": "Point", "coordinates": [-73.567345, 45.477041]}, "properties": {"nom": "EN CONSIGNATION", "type": "Épicerie", "adresse": "2600   Rue Mullins "}}, {"type": "Feature", "geometry": {"type": "Point", "coordinates": [-73.576542, 45.480032]}, "properties": {"nom": "L'EXPERIENCE CHIC CHEF INC.", "type": "Épicerie", "adresse": "138  10 Avenue Atwater "}}, {"type": "Feature", "geometry": {"type": "Point", "coordinates": [-73.596028, 45.453732]}, "properties": {"nom": "DEPANNEUR SPRINGLAND EXPRESS", "type": "Épicerie", "adresse": "2525   Rue Springland "}}, {"type": "Feature", "geometry": {"type": "Point", "coordinates": [-73.566981, 45.463083]}, "properties": {"nom": "QUESADA BURRITOS & TACOS", "type": "Boucherie-épicerie", "adresse": "4078   Rue Wellington "}}, {"type": "Feature", "geometry": {"type": "Point", "coordinates": [-73.627263, 45.470705]}, "properties": {"nom": "EPICERIE TONY BOLLONI", "type": "Épicerie avec préparation", "adresse": "6056   Avenue Monkland "}}, {"type": "Feature", "geometry": {"type": "Point", "coordinates": [-73.594269, 45.558959]}, "properties": {"nom": "DÉPANNEUR D.S DU COIN", "type": "Épicerie", "adresse": "3350   Rue Bélair "}}, {"type": "Feature", "geometry": {"type": "Point", "coordinates": [-73.872851, 45.465257]}, "properties": {"nom": "CABANANUT", "type": "Épicerie avec préparation", "adresse": "4811   Boulevard Saint-Charles "}}, {"type": "Feature", "geometry": {"type": "Point", "coordinates": [-73.59445, 45.545658]}, "properties": {"nom": "MEGA VRAC", "type": "Épicerie avec préparation", "adresse": "2109   Rue Beaubien Est"}}, {"type": "Feature", "geometry": {"type": "Point", "coordinates": [-73.573429, 45.534126]}, "properties": {"nom": "MEGA VRAC MONT ROYAL", "type": "Épicerie avec préparation", "adresse": "1951   Avenue Mont-Royal Est"}}, {"type": "Feature", "geometry": {"type": "Point", "coordinates": [-73.54382, 45.546733]}, "properties": {"nom": "BOUCHERIE BEAU-BIEN", "type": "Boucherie-épicerie", "adresse": "3748   Rue Ontario Est"}}, {"type": "Feature", "geometry": {"type": "Point", "coordinates": [-73.53189, 45.554019]}, "properties": {"nom": "MARCHE DOUBLE BRASSARD", "type": "Épicerie avec préparation", "adresse": "4653   Rue Sainte-Catherine Est"}}, {"type": "Feature", "geometry": {"type": "Point", "coordinates": [-73.57057, 45.555711]}, "properties": {"nom": "L'EPICERIE FINE FOLLA INC", "type": "Épicerie avec préparation", "adresse": "3775   Rue Masson "}}, {"type": "Feature", "geometry": {"type": "Point", "coordinates": [-73.680713, 45.512898]}, "properties": {"nom": "COMPTOIR STAND BANH MI PT ET EPICERIE", "type": "Épicerie avec préparation", "adresse": "906   Boulevard Décarie "}}, {"type": "Feature", "geometry": {"type": "Point", "coordinates": [-73.601851, 45.623823]}, "properties": {"nom": "MARCHE LUMA", "type": "Épicerie avec préparation", "adresse": "7272  20 Boulevard Maurice-Duplessis "}}, {"type": "Feature", "geometry": {"type": "Point", "coordinates": [-73.848859, 45.487328]}, "properties": {"nom": "MARCHE LISHAAM INC", "type": "Épicerie avec préparation", "adresse": "4701 J  Boulevard Saint-Jean "}}, {"type": "Feature", "geometry": {"type": "Point", "coordinates": [-73.5803, 45.526844]}, "properties": {"nom": "JARDIN DU PLATEAU MONT-ROYAL", "type": "Épicerie avec préparation", "adresse": "933   Avenue Mont-Royal Est"}}, {"type": "Feature", "geometry": {"type": "Point", "coordinates": [-73.552741, 45.522183]}, "properties": {"nom": "YAMOTO DUMPLINGS", "type": "Boucherie-épicerie", "adresse": "1672   Rue Sainte-Catherine Est"}}, {"type": "Feature", "geometry": {"type": "Point", "coordinates": [-73.621546, 45.544526]}, "properties": {"nom": "DEPANNEUR XUAN", "type": "Épicerie", "adresse": "7724   Rue Saint-Hubert "}}, {"type": "Feature", "geometry": {"type": "Point", "coordinates": [-73.610306, 45.539394]}, "properties": {"nom": "SABOR LATINO CUISINE", "type": "Épicerie", "adresse": "6955   Rue Saint-Hubert "}}, {"type": "Feature", "geometry": {"type": "Point", "coordinates": [-73.612583, 45.540428]}, "properties": {"nom": "CAFE DE SPECIALITE COLOMBIENE", "type": "Épicerie avec préparation", "adresse": "7123 A  Rue Saint-Hubert "}}, {"type": "Feature", "geometry": {"type": "Point", "coordinates": [-73.589506, 45.526877]}, "properties": {"nom": "9355-4145 QUEBEC INC.", "type": "Épicerie", "adresse": "377   Avenue Laurier Est"}}, {"type": "Feature", "geometry": {"type": "Point", "coordinates": [-73.567278, 45.490016]}, "properties": {"nom": "TRAITEUR ANGRY PAESANO (CONSIGNATION)", "type": "Épicerie", "adresse": "1600   Rue Notre-Dame Ouest"}}, {"type": "Feature", "geometry": {"type": "Point", "coordinates": [-73.576064, 45.531343]}, "properties": {"nom": "METRO BEAULIEU MONT-ROYAL FABRE", "type": "Supermarché", "adresse": "1490   Avenue Mont-Royal Est"}}, {"type": "Feature", "geometry": {"type": "Point", "coordinates": [-73.561877, 45.509628]}, "properties": {"nom": "SANDWICHERIE EPICERIE VIET", "type": "Épicerie avec préparation", "adresse": "1191   Rue Saint-Dominique "}}, {"type": "Feature", "geometry": {"type": "Point", "coordinates": [-73.579908, 45.585659]}, "properties": {"nom": "MONTBLED", "type": "Boucherie-épicerie", "adresse": "5876   Rue Jean-Talon Est"}}, {"type": "Feature", "geometry": {"type": "Point", "coordinates": [-73.575454, 45.59155]}, "properties": {"nom": "PROVI-SOIR", "type": "Épicerie", "adresse": "6420   Rue Jean-Talon Est"}}, {"type": "Feature", "geometry": {"type": "Point", "coordinates": [-73.58475, 45.548214]}, "properties": {"nom": "VENTE DE CONSIGNATION", "type": "Épicerie", "adresse": "2625   Boulevard Rosemont "}}, {"type": "Feature", "geometry": {"type": "Point", "coordinates": [-73.580663, 45.542374]}, "properties": {"nom": "MADAME DIBOU LES GATEAUX", "type": "Épicerie", "adresse": "5500  102 Rue Fullum "}}, {"type": "Feature", "geometry": {"type": "Point", "coordinates": [-73.816135, 45.44504]}, "properties": {"nom": "BRITSHOP", "type": "Épicerie", "adresse": "303   Boulevard Saint-Jean "}}, {"type": "Feature", "geometry": {"type": "Point", "coordinates": [-73.584474, 45.56824]}, "properties": {"nom": "DEPANNEUR CENTRE BELANGER", "type": "Épicerie", "adresse": "4429   Rue Bélanger "}}, {"type": "Feature", "geometry": {"type": "Point", "coordinates": [-73.613592, 45.532533]}, "properties": {"nom": "MO CAFÉ SPORTIVO INC.", "type": "Épicerie avec préparation", "adresse": "6804   Boulevard Saint-Laurent "}}, {"type": "Feature", "geometry": {"type": "Point", "coordinates": [-73.620652, 45.532117]}, "properties": {"nom": "EPICERIE GRILLADE MAISON D'AFRIQUE", "type": "Épicerie avec préparation", "adresse": "232   Rue Jean-Talon Ouest"}}, {"type": "Feature", "geometry": {"type": "Point", "coordinates": [-73.539653, 45.552736]}, "properties": {"nom": "BOCOBISTRO", "type": "Épicerie", "adresse": "4317   Rue Ontario Est"}}, {"type": "Feature", "geometry": {"type": "Point", "coordinates": [-73.614928, 45.536867]}, "properties": {"nom": "MAISON DI TOTO EXPRESS", "type": "Marché public", "adresse": "7070  233 Avenue Henri-Julien "}}, {"type": "Feature", "geometry": {"type": "Point", "coordinates": [-73.668016, 45.470754]}, "properties": {"nom": "TRAITEUR BALITOV INC", "type": "Épicerie avec préparation", "adresse": "5761   Avenue Caldwell "}}, {"type": "Feature", "geometry": {"type": "Point", "coordinates": [-73.645037, 45.51493]}, "properties": {"nom": "NOUVEAU STANDARD (CONSIGNATION)", "type": "Épicerie avec préparation", "adresse": "1757   Boulevard Graham "}}, {"type": "Feature", "geometry": {"type": "Point", "coordinates": [-73.61672, 45.50074]}, "properties": {"nom": "VENTE EN CONSIGNATION (TRAITEUR SOORA)", "type": "Épicerie", "adresse": "2920   Chemin Tour "}}, {"type": "Feature", "geometry": {"type": "Point", "coordinates": [-73.589284, 45.47825]}, "properties": {"nom": "DEPANNEUR VANSTOP", "type": "Épicerie", "adresse": "4131   Rue Saint-Antoine Ouest"}}, {"type": "Feature", "geometry": {"type": "Point", "coordinates": [-73.580728, 45.540656]}, "properties": {"nom": "ESMEPIM", "type": "Boucherie-épicerie", "adresse": "2177  202 Rue Masson "}}, {"type": "Feature", "geometry": {"type": "Point", "coordinates": [-73.579407, 45.527775]}, "properties": {"nom": "9545-0631 QUEBEC INC. FLERS CAFE", "type": "Boucherie-épicerie", "adresse": "1034   Avenue Mont-Royal Est"}}, {"type": "Feature", "geometry": {"type": "Point", "coordinates": [-73.541757, 45.542514]}, "properties": {"nom": "DEPANNEUR 3 FRERES", "type": "Épicerie", "adresse": "3451   Rue Adam "}}, {"type": "Feature", "geometry": {"type": "Point", "coordinates": [-73.612507, 45.426683]}, "properties": {"nom": "VENTE EN CONSIGNATION", "type": "Épicerie", "adresse": "8130   Boulevard Champlain "}}, {"type": "Feature", "geometry": {"type": "Point", "coordinates": [-73.851672, 45.491372]}, "properties": {"nom": "PHARMACIE VALERIO TOMASELLI ET JONATHAN DIN", "type": "Épicerie", "adresse": "4930   Boulevard Saint-Jean "}}, {"type": "Feature", "geometry": {"type": "Point", "coordinates": [-73.623441, 45.540035]}, "properties": {"nom": "FRAICHEMENT BON JARRY INC", "type": "Boucherie-épicerie", "adresse": "336   Rue Villeray "}}, {"type": "Feature", "geometry": {"type": "Point", "coordinates": [-73.58026, 45.501512]}, "properties": {"nom": "MARCHE FRAIS DRUMMOND", "type": "Épicerie avec préparation", "adresse": "3460   Rue Drummond "}}, {"type": "Feature", "geometry": {"type": "Point", "coordinates": [-73.570187, 45.502775]}, "properties": {"nom": "KRISPY KREME", "type": "Épicerie avec préparation", "adresse": "705  2150 Rue Sainte-Catherine Ouest"}}, {"type": "Feature", "geometry": {"type": "Point", "coordinates": [-73.730834, 45.47599]}, "properties": {"nom": "LA PIZZA AMANO", "type": "Épicerie avec préparation", "adresse": "400   Chemin Côte-Vertu "}}, {"type": "Feature", "geometry": {"type": "Point", "coordinates": [-73.747329, 45.456946]}, "properties": {"nom": "CONSIGNATION RYU ADM2", "type": "Épicerie avec préparation", "adresse": "975   Boulevard Roméo-Vachon Nord"}}, {"type": "Feature", "geometry": {"type": "Point", "coordinates": [-73.747329, 45.456946]}, "properties": {"nom": "CONSIGNATION LIVIA", "type": "Épicerie avec préparation", "adresse": "975   Boulevard Roméo-Vachon Nord"}}, {"type": "Feature", "geometry": {"type": "Point", "coordinates": [-73.747329, 45.456946]}, "properties": {"nom": "CONSIGNATION RYU ADM1", "type": "Épicerie avec préparation", "adresse": "975   Boulevard Roméo-Vachon Nord"}}, {"type": "Feature", "geometry": {"type": "Point", "coordinates": [-73.604681, 45.601111]}, "properties": {"nom": "ATELIER TASTE ITALY PIZZA", "type": "Épicerie", "adresse": "6205   Boulevard Couture "}}, {"type": "Feature", "geometry": {"type": "Point", "coordinates": [-73.585912, 45.596269]}, "properties": {"nom": "DEPANNEUR 8250 LANGELIER", "type": "Épicerie", "adresse": "8250   Boulevard Langelier "}}, {"type": "Feature", "geometry": {"type": "Point", "coordinates": [-73.567213, 45.460532]}, "properties": {"nom": "MARCHE INTER  ASIE", "type": "Épicerie avec préparation", "adresse": "4335   Rue Wellington "}}, {"type": "Feature", "geometry": {"type": "Point", "coordinates": [-73.621893, 45.431098]}, "properties": {"nom": "MARCHE KESARI", "type": "Épicerie avec préparation", "adresse": "1456   Boulevard Shevchenko "}}, {"type": "Feature", "geometry": {"type": "Point", "coordinates": [-73.634974, 45.549416]}, "properties": {"nom": "LIQUIDATION MARIE HOCHELAGA INC.", "type": "Épicerie", "adresse": "827   Boulevard Crémazie Est"}}, {"type": "Feature", "geometry": {"type": "Point", "coordinates": [-73.596467, 45.45969]}, "properties": {"nom": "PASTAMALFI FAIT A LA MAIN", "type": "Épicerie avec préparation", "adresse": "5901   Boulevard Monk "}}, {"type": "Feature", "geometry": {"type": "Point", "coordinates": [-73.664933, 45.548423]}, "properties": {"nom": "PRIX IDEAL", "type": "Épicerie avec préparation", "adresse": "25   Rue Fleury Ouest"}}, {"type": "Feature", "geometry": {"type": "Point", "coordinates": [-73.747329, 45.456946]}, "properties": {"nom": "CONSIGNATION LIVIA", "type": "Épicerie", "adresse": "975   Boulevard Roméo-Vachon Nord"}}, {"type": "Feature", "geometry": {"type": "Point", "coordinates": [-73.661167, 45.531602]}, "properties": {"nom": "NOURRITURE D'AFRIQUE", "type": "Épicerie", "adresse": "9465   Rue Charles-De La Tour "}}, {"type": "Feature", "geometry": {"type": "Point", "coordinates": [-73.571622, 45.520282]}, "properties": {"nom": "AZUL CUISINE  CONSIGNATION", "type": "Épicerie", "adresse": "515   Rue Roy Est"}}, {"type": "Feature", "geometry": {"type": "Point", "coordinates": [-73.572889, 45.582341]}, "properties": {"nom": "BOUCHERIE", "type": "Boucherie-épicerie", "adresse": "5846   Rue Bélanger "}}, {"type": "Feature", "geometry": {"type": "Point", "coordinates": [-73.565666, 45.514634]}, "properties": {"nom": "VUA SANDWICH", "type": "Épicerie", "adresse": "255  A3.84 Rue Ontario Est"}}, {"type": "Feature", "geometry": {"type": "Point", "coordinates": [-73.56112, 45.512988]}, "properties": {"nom": "VUA SANDWICHS", "type": "Épicerie", "adresse": "315  AM-950 Rue Sainte-Catherine Est"}}, {"type": "Feature", "geometry": {"type": "Point", "coordinates": [-73.576542, 45.480032]}, "properties": {"nom": "ATELIER COOKIE PAR CARO", "type": "Boucherie-épicerie", "adresse": "138  C-1 Avenue Atwater "}}, {"type": "Feature", "geometry": {"type": "Point", "coordinates": [-73.593981, 45.453075]}, "properties": {"nom": "LES ARTS CULINAIRES INTERNATIONAUX INC.", "type": "Épicerie avec préparation", "adresse": "6574   Boulevard Monk "}}, {"type": "Feature", "geometry": {"type": "Point", "coordinates": [-73.639658, 45.427032]}, "properties": {"nom": "BOUCANNERIE LISANGA", "type": "Épicerie", "adresse": "1009   Avenue 90e "}}, {"type": "Feature", "geometry": {"type": "Point", "coordinates": [-73.59175, 45.482435]}, "properties": {"nom": "ATELIER COOKIE", "type": "Boucherie-épicerie", "adresse": "4419   Rue Sainte-Catherine Ouest"}}, {"type": "Feature", "geometry": {"type": "Point", "coordinates": [-73.558916, 45.478701]}, "properties": {"nom": "MOLLO", "type": "Épicerie avec préparation", "adresse": "2035   Rue Wellington "}}, {"type": "Feature", "geometry": {"type": "Point", "coordinates": [-73.570322, 45.556187]}, "properties": {"nom": "TETE DE PIEROGI", "type": "Boucherie-épicerie", "adresse": "3814   Rue Masson "}}, {"type": "Feature", "geometry": {"type": "Point", "coordinates": [-73.588724, 45.472788]}, "properties": {"nom": "TRAN", "type": "Boucherie-épicerie", "adresse": "4690   Rue Notre-Dame Ouest"}}, {"type": "Feature", "geometry": {"type": "Point", "coordinates": [-73.577434, 45.521468]}, "properties": {"nom": "CAFÉ MAGNUFIQUE", "type": "Boucherie-épicerie", "adresse": "4146   Rue Saint-Denis "}}, {"type": "Feature", "geometry": {"type": "Point", "coordinates": [-73.571958, 45.508687]}, "properties": {"nom": "PROVIGO GUILLAUME VAILLANT CHARTRAND", "type": "Supermarché", "adresse": "3421   Avenue Parc "}}, {"type": "Feature", "geometry": {"type": "Point", "coordinates": [-73.635702, 45.531338]}, "properties": {"nom": "9539-4755 QUEBEC INC. MARCHE DESHI", "type": "Épicerie avec préparation", "adresse": "610   Rue Jarry Ouest"}}, {"type": "Feature", "geometry": {"type": "Point", "coordinates": [-73.594032, 45.45321]}, "properties": {"nom": "9510-9161 QUEBEC INC. (JRDN)", "type": "Épicerie", "adresse": "6581   Boulevard Monk "}}, {"type": "Feature", "geometry": {"type": "Point", "coordinates": [-73.566877, 45.46424]}, "properties": {"nom": "ONIGIRI SHOP", "type": "Boucherie-épicerie", "adresse": "3950   Rue Wellington "}}, {"type": "Feature", "geometry": {"type": "Point", "coordinates": [-73.702023, 45.518875]}, "properties": {"nom": "RESTAURANT SSAM (VENTE EN CONSIGNATION)", "type": "Épicerie", "adresse": "1993   Boulevard Marcel-Laurin "}}, {"type": "Feature", "geometry": {"type": "Point", "coordinates": [-73.597438, 45.547767]}, "properties": {"nom": "LE PANIER DEPANNEUR", "type": "Épicerie", "adresse": "2157   Rue Saint-Zotique Est"}}, {"type": "Feature", "geometry": {"type": "Point", "coordinates": [-73.565552, 45.516047]}, "properties": {"nom": "DEPANNEUR SAINT-DENIS", "type": "Épicerie", "adresse": "2010   Rue Saint-Denis "}}, {"type": "Feature", "geometry": {"type": "Point", "coordinates": [-73.816916, 45.503795]}, "properties": {"nom": "EPICERIE INDIENNE SAAB", "type": "Épicerie", "adresse": "4795   Boulevard Sources "}}, {"type": "Feature", "geometry": {"type": "Point", "coordinates": [-73.55883, 45.502005]}, "properties": {"nom": "FERME KOBEC", "type": "Épicerie", "adresse": "366   Rue Notre-Dame Ouest"}}, {"type": "Feature", "geometry": {"type": "Point", "coordinates": [-73.553128, 45.511875]}, "properties": {"nom": "CHEZ MERE-GRAND CAFE ET EPICERIE", "type": "Boucherie-épicerie", "adresse": "800   Rue Berri "}}, {"type": "Feature", "geometry": {"type": "Point", "coordinates": [-73.583212, 45.52409]}, "properties": {"nom": "9535-6721 QUEBEC INC. (TACOS & BIERE EL VIEJON)", "type": "Boucherie-épicerie", "adresse": "4511   Rue Saint-Denis "}}, {"type": "Feature", "geometry": {"type": "Point", "coordinates": [-73.546429, 45.523032]}, "properties": {"nom": "DISTRICT 22 GROUPE ALIMENTAIRE INC.", "type": "Épicerie avec préparation", "adresse": "905   Avenue De Lorimier "}}, {"type": "Feature", "geometry": {"type": "Point", "coordinates": [-73.552052, 45.533752]}, "properties": {"nom": "YUZU SUSHI", "type": "Épicerie", "adresse": "2600   Rue Ontario Est"}}, {"type": "Feature", "geometry": {"type": "Point", "coordinates": [-73.653009, 45.541056]}, "properties": {"nom": "MARCHE SKD", "type": "Boucherie-épicerie", "adresse": "204   Rue Chabanel Ouest"}}, {"type": "Feature", "geometry": {"type": "Point", "coordinates": [-73.644899, 45.536947]}, "properties": {"nom": "SOCIETE STANDIX", "type": "Épicerie avec préparation", "adresse": "325   Boulevard Crémazie Ouest"}}, {"type": "Feature", "geometry": {"type": "Point", "coordinates": [-73.619869, 45.543758]}, "properties": {"nom": "TOCKS MEATS AND PICKLES", "type": "Boucherie-épicerie", "adresse": "7629   Rue Saint-Hubert "}}, {"type": "Feature", "geometry": {"type": "Point", "coordinates": [-73.610306, 45.539394]}, "properties": {"nom": "MARCHE DES AMERIQUES", "type": "Épicerie", "adresse": "6955   Rue Saint-Hubert "}}, {"type": "Feature", "geometry": {"type": "Point", "coordinates": [-73.614928, 45.536867]}, "properties": {"nom": "BOUFFE-MOI !", "type": "Marché public", "adresse": "7070   Avenue Henri-Julien "}}, {"type": "Feature", "geometry": {"type": "Point", "coordinates": [-73.627865, 45.470045]}, "properties": {"nom": "À LA TABLE", "type": "Épicerie avec préparation", "adresse": "6121   Avenue Monkland "}}, {"type": "Feature", "geometry": {"type": "Point", "coordinates": [-73.62234, 45.542032]}, "properties": {"nom": "DEPANNEUR TTL", "type": "Épicerie", "adresse": "570   Rue Villeray "}}, {"type": "Feature", "geometry": {"type": "Point", "coordinates": [-73.556848, 45.497376]}, "properties": {"nom": "MAXI", "type": "Supermarché", "adresse": "800   Rue Ottawa "}}, {"type": "Feature", "geometry": {"type": "Point", "coordinates": [-73.68934, 45.510798]}, "properties": {"nom": "NOIX BOUTIQUE INC", "type": "Épicerie avec préparation", "adresse": "1144   Boulevard Marcel-Laurin "}}, {"type": "Feature", "geometry": {"type": "Point", "coordinates": [-73.562302, 45.613043]}, "properties": {"nom": "KEMA ALIMENTS", "type": "Épicerie avec préparation", "adresse": "8310   Boulevard Parkway "}}, {"type": "Feature", "geometry": {"type": "Point", "coordinates": [-73.704639, 45.496929]}, "properties": {"nom": "JUSTE NATURELLE INC.", "type": "Épicerie avec préparation", "adresse": "3131   Boulevard Côte-Vertu "}}, {"type": "Feature", "geometry": {"type": "Point", "coordinates": [-73.598449, 45.520629]}, "properties": {"nom": "VENTE EN CONSIGNATION", "type": "Épicerie", "adresse": "5242   Avenue Parc "}}, {"type": "Feature", "geometry": {"type": "Point", "coordinates": [-73.664709, 45.554196]}, "properties": {"nom": "MARCHE LAJEUNESSE (MARCHE LAFLECHE)", "type": "Épicerie avec préparation", "adresse": "10480   Rue Lajeunesse "}}, {"type": "Feature", "geometry": {"type": "Point", "coordinates": [-73.587706, 45.518636]}, "properties": {"nom": "PAQUEBOT", "type": "Boucherie-épicerie", "adresse": "123   Avenue Mont-Royal Ouest"}}, {"type": "Feature", "geometry": {"type": "Point", "coordinates": [-73.598449, 45.520629]}, "properties": {"nom": "TRAITEUR SOORA", "type": "Épicerie", "adresse": "5242   Avenue Parc "}}, {"type": "Feature", "geometry": {"type": "Point", "coordinates": [-73.561763, 45.509575]}, "properties": {"nom": "HERBES NATURELLES WAI JIAN", "type": "Aliments naturels", "adresse": "1185   Rue Saint-Dominique "}}, {"type": "Feature", "geometry": {"type": "Point", "coordinates": [-73.598623, 45.551996]}, "properties": {"nom": "ALIMENTATION MON QUARTIER INC.", "type": "Épicerie avec préparation", "adresse": "2485   Rue Bélanger "}}, {"type": "Feature", "geometry": {"type": "Point", "coordinates": [-73.557154, 45.493195]}, "properties": {"nom": "DEPANNEUR KALEMART24", "type": "Épicerie avec préparation", "adresse": "110   Rue Peel "}}, {"type": "Feature", "geometry": {"type": "Point", "coordinates": [-73.571827, 45.457534]}, "properties": {"nom": "BOUTIQUE REUNION", "type": "Épicerie", "adresse": "4750   Rue Verdun "}}, {"type": "Feature", "geometry": {"type": "Point", "coordinates": [-73.632298, 45.543571]}, "properties": {"nom": "LA CENETTA", "type": "Épicerie avec préparation", "adresse": "420   Rue Guizot Est"}}, {"type": "Feature", "geometry": {"type": "Point", "coordinates": [-73.717012, 45.49396]}, "properties": {"nom": "CONSIGNATION PRIMA GOLLIA", "type": "Épicerie", "adresse": "4140   Boulevard Thimens "}}, {"type": "Feature", "geometry": {"type": "Point", "coordinates": [-73.615099, 45.436844]}, "properties": {"nom": "LA TOUCHE D'ANTOINETTE INC.", "type": "Épicerie", "adresse": "2040   Rue Lapierre "}}, {"type": "Feature", "geometry": {"type": "Point", "coordinates": [-73.615343, 45.436883]}, "properties": {"nom": "LA TOUCHE D'ANTOINETTE INC.", "type": "Épicerie", "adresse": "2044   Rue Lapierre "}}, {"type": "Feature", "geometry": {"type": "Point", "coordinates": [-73.55469, 45.530847]}, "properties": {"nom": "SUPERMARCHE ONTARIO 2025", "type": "Supermarché", "adresse": "2330   Rue Ontario Est"}}, {"type": "Feature", "geometry": {"type": "Point", "coordinates": [-73.554692, 45.51644]}, "properties": {"nom": "LA POULE EN SHAPE", "type": "Épicerie", "adresse": "1100   Boulevard René-Lévesque Est"}}, {"type": "Feature", "geometry": {"type": "Point", "coordinates": [-73.588155, 45.473404]}, "properties": {"nom": "MIETTE BOULANGERIE INC.", "type": "Épicerie avec préparation", "adresse": "4619   Rue Notre-Dame Ouest"}}, {"type": "Feature", "geometry": {"type": "Point", "coordinates": [-73.575676, 45.502728]}, "properties": {"nom": "EILIKA SERVICES", "type": "Épicerie", "adresse": "1000  R-8 Rue Sherbrooke Ouest"}}, {"type": "Feature", "geometry": {"type": "Point", "coordinates": [-73.831618, 45.469848]}, "properties": {"nom": "BEIGNES FROST'D", "type": "Épicerie avec préparation", "adresse": "1000  50 Boulevard Saint-Jean "}}, {"type": "Feature", "geometry": {"type": "Point", "coordinates": [-73.576542, 45.480032]}, "properties": {"nom": "CAMPO", "type": "Boucherie-épicerie", "adresse": "138   Avenue Atwater "}}, {"type": "Feature", "geometry": {"type": "Point", "coordinates": [-73.583158, 45.449858]}, "properties": {"nom": "DEPANNEUR DU COIN", "type": "Épicerie", "adresse": "5808   Rue Beurling "}}, {"type": "Feature", "geometry": {"type": "Point", "coordinates": [-73.715413, 45.534673]}, "properties": {"nom": "SUSHI SHOP CAMPUS INC.", "type": "Épicerie", "adresse": "5400  H2105 Boulevard Gouin Ouest"}}, {"type": "Feature", "geometry": {"type": "Point", "coordinates": [-73.750308, 45.49928]}, "properties": {"nom": "ULTRAMAR MARCHE EXPRESS", "type": "Épicerie", "adresse": "3155   Boulevard Pitfield "}}, {"type": "Feature", "geometry": {"type": "Point", "coordinates": [-73.685911, 45.437879]}, "properties": {"nom": "AKI SUSHI (9540-2269 QUEBEC INC.)", "type": "Épicerie avec préparation", "adresse": "2425   Rue Remembrance "}}, {"type": "Feature", "geometry": {"type": "Point", "coordinates": [-73.582213, 45.46997]}, "properties": {"nom": "CAFE CUP'O INC.", "type": "Épicerie avec préparation", "adresse": "3800   Rue Saint-Patrick "}}, {"type": "Feature", "geometry": {"type": "Point", "coordinates": [-73.644899, 45.536947]}, "properties": {"nom": "EMPANADAS CLUB MTL", "type": "Boucherie-épicerie", "adresse": "325   Boulevard Crémazie Ouest"}}, {"type": "Feature", "geometry": {"type": "Point", "coordinates": [-73.613482, 45.540179]}, "properties": {"nom": "BOUCANNERIE LISANGA", "type": "Épicerie", "adresse": "755   Rue Jean-Talon Est"}}, {"type": "Feature", "geometry": {"type": "Point", "coordinates": [-73.594465, 45.523798]}, "properties": {"nom": "RENZO", "type": "Épicerie avec préparation", "adresse": "5195   Boulevard Saint-Laurent "}}, {"type": "Feature", "geometry": {"type": "Point", "coordinates": [-73.60135, 45.523157]}, "properties": {"nom": "LES BISCUITS BROOKIES INC.", "type": "Épicerie avec préparation", "adresse": "217   Rue Saint-Viateur Ouest"}}, {"type": "Feature", "geometry": {"type": "Point", "coordinates": [-73.595157, 45.520392]}, "properties": {"nom": "LA MAISON GENERALE", "type": "Boucherie-épicerie", "adresse": "237   Avenue Laurier Ouest"}}, {"type": "Feature", "geometry": {"type": "Point", "coordinates": [-73.620662, 45.57013]}, "properties": {"nom": "DEPANNEUR L H CINQ-CONTINENT", "type": "Épicerie avec préparation", "adresse": "3280   Rue Denis-Papin "}}, {"type": "Feature", "geometry": {"type": "Point", "coordinates": [-73.637706, 45.468529]}, "properties": {"nom": "MARCHE RYAN", "type": "Épicerie avec préparation", "adresse": "6444 A  Avenue Somerled "}}, {"type": "Feature", "geometry": {"type": "Point", "coordinates": [-73.632256, 45.500893]}, "properties": {"nom": "PHARMACIE JEAN-COUTU #260", "type": "Épicerie", "adresse": "6200   Chemin Côte-des-Neiges "}}, {"type": "Feature", "geometry": {"type": "Point", "coordinates": [-73.62874, 45.463836]}, "properties": {"nom": "ALIMENTATION ANDREANNE LAURIN INC.", "type": "Supermarché", "adresse": "6485   Rue Sherbrooke Ouest"}}, {"type": "Feature", "geometry": {"type": "Point", "coordinates": [-73.560187, 45.516326]}, "properties": {"nom": "SOLAND INC.", "type": "Épicerie", "adresse": "815   Boulevard De Maisonneuve Est"}}, {"type": "Feature", "geometry": {"type": "Point", "coordinates": [-73.613431, 45.539947]}, "properties": {"nom": "CABANES PDC-CDAC INC.", "type": "Épicerie", "adresse": "760   Rue Jean-Talon Est"}}, {"type": "Feature", "geometry": {"type": "Point", "coordinates": [-73.618522, 45.542343]}, "properties": {"nom": "9537-7529 QUEBEC INC.", "type": "Épicerie", "adresse": "751   Rue Faillon "}}, {"type": "Feature", "geometry": {"type": "Point", "coordinates": [-73.645481, 45.548605]}, "properties": {"nom": "FRUITERIE CEYLONA EPICERIE", "type": "Épicerie avec préparation", "adresse": "9108   Rue Lajeunesse "}}, {"type": "Feature", "geometry": {"type": "Point", "coordinates": [-73.580933, 45.494255]}, "properties": {"nom": "MARCHE ELNAHRAWY", "type": "Boucherie-épicerie", "adresse": "1819   Boulevard De Maisonneuve Ouest"}}, {"type": "Feature", "geometry": {"type": "Point", "coordinates": [-73.506672, 45.664416]}, "properties": {"nom": "SHOP SANTÉ POINTE-AUX-TREMBLES", "type": "Épicerie avec préparation", "adresse": "13660   Rue Sherbrooke Est"}}, {"type": "Feature", "geometry": {"type": "Point", "coordinates": [-73.566409, 45.569173]}, "properties": {"nom": "DÉPANNEUR ENTRE NOUS", "type": "Épicerie", "adresse": "4945   Boulevard Rosemont "}}, {"type": "Feature", "geometry": {"type": "Point", "coordinates": [-73.504105, 45.642267]}, "properties": {"nom": "LES PLATS DE HULK (TECH GYM)", "type": "Épicerie", "adresse": "1435   Boulevard Saint-Jean-Baptiste "}}, {"type": "Feature", "geometry": {"type": "Point", "coordinates": [-73.629847, 45.594849]}, "properties": {"nom": "DEPANNEUR JEAN RENE", "type": "Épicerie", "adresse": "4731   Rue Castille "}}, {"type": "Feature", "geometry": {"type": "Point", "coordinates": [-73.518686, 45.603399]}, "properties": {"nom": "LES ALIMENTS SAGAFRIKA", "type": "Épicerie", "adresse": "8874   Rue Hochelaga "}}, {"type": "Feature", "geometry": {"type": "Point", "coordinates": [-73.848859, 45.487328]}, "properties": {"nom": "CARNES SOFER (CONSIGNATION)", "type": "Épicerie", "adresse": "4701 J  Boulevard Saint-Jean "}}, {"type": "Feature", "geometry": {"type": "Point", "coordinates": [-73.668136, 45.557218]}, "properties": {"nom": "BOUTIQUE TERANGA", "type": "Épicerie avec préparation", "adresse": "673   Boulevard Henri-Bourassa Est"}}, {"type": "Feature", "geometry": {"type": "Point", "coordinates": [-73.6033, 45.546614]}, "properties": {"nom": "DEPANNEUR LABELNICK 7/7", "type": "Épicerie avec préparation", "adresse": "1819   Rue Bélanger "}}, {"type": "Feature", "geometry": {"type": "Point", "coordinates": [-73.575783, 45.463165]}, "properties": {"nom": "DEPANNEUR LA SOURICIERE", "type": "Épicerie avec préparation", "adresse": "966  966 Rue Église "}}, {"type": "Feature", "geometry": {"type": "Point", "coordinates": [-73.591519, 45.544104]}, "properties": {"nom": "DEPANNEUR MON COIN", "type": "Épicerie avec préparation", "adresse": "6201   Avenue De Lorimier "}}, {"type": "Feature", "geometry": {"type": "Point", "coordinates": [-73.648496, 45.574344]}, "properties": {"nom": "MARCHE OPLUS", "type": "Épicerie avec préparation", "adresse": "2405   Rue Fleury Est"}}, {"type": "Feature", "geometry": {"type": "Point", "coordinates": [-73.59864, 45.525696]}, "properties": {"nom": "SHUSHU", "type": "Épicerie", "adresse": "5505  5E Boulevard Saint-Laurent "}}, {"type": "Feature", "geometry": {"type": "Point", "coordinates": [-73.716578, 45.487576]}, "properties": {"nom": "STAYBRIDGE SUITES AEROPORT", "type": "Boucherie-épicerie", "adresse": "4535   Boulevard Côte-Vertu "}}, {"type": "Feature", "geometry": {"type": "Point", "coordinates": [-73.624854, 45.521697]}, "properties": {"nom": "PREMIERE MOISSON BEAUMONT", "type": "Épicerie avec préparation", "adresse": "1264   Avenue Beaumont "}}, {"type": "Feature", "geometry": {"type": "Point", "coordinates": [-73.950096, 45.403206]}, "properties": {"nom": "FABRIQUE B (B FACTORY)", "type": "Épicerie", "adresse": "65   Rue Sainte-Anne "}}, {"type": "Feature", "geometry": {"type": "Point", "coordinates": [-73.632272, 45.599135]}, "properties": {"nom": "OASIS DEPANNEUR", "type": "Épicerie", "adresse": "11296   Avenue L'Archevêque "}}, {"type": "Feature", "geometry": {"type": "Point", "coordinates": [-73.564922, 45.481168]}, "properties": {"nom": "ATELIER TASTE ITALY", "type": "Épicerie", "adresse": "2126   Rue Centre "}}, {"type": "Feature", "geometry": {"type": "Point", "coordinates": [-73.671802, 45.548717]}, "properties": {"nom": "LA CREMERIE", "type": "Boucherie-épicerie", "adresse": "120   Boulevard Henri-Bourassa Ouest"}}, {"type": "Feature", "geometry": {"type": "Point", "coordinates": [-73.572237, 45.453024]}, "properties": {"nom": "DEPANNEUR SUPER RELAIS", "type": "Épicerie", "adresse": "5420   Rue Verdun "}}, {"type": "Feature", "geometry": {"type": "Point", "coordinates": [-73.573017, 45.644077]}, "properties": {"nom": "ATELIER TASTE ITALY PIZZA (INTERMACHÉ LAGORIA)", "type": "Épicerie", "adresse": "9025   Boulevard Maurice-Duplessis "}}, {"type": "Feature", "geometry": {"type": "Point", "coordinates": [-73.557078, 45.595423]}, "properties": {"nom": "DEPANNEUR  H.KAMAL", "type": "Épicerie", "adresse": "6923   Boulevard Galeries-d'Anjou "}}, {"type": "Feature", "geometry": {"type": "Point", "coordinates": [-73.572696, 45.551722]}, "properties": {"nom": "A TOUT SEIGNEUR ... INC.", "type": "Épicerie", "adresse": "3353   Rue Masson "}}, {"type": "Feature", "geometry": {"type": "Point", "coordinates": [-73.572744, 45.551631]}, "properties": {"nom": "PALETTE PASTEL INC", "type": "Boucherie-épicerie", "adresse": "3316   Rue Masson "}}, {"type": "Feature", "geometry": {"type": "Point", "coordinates": [-73.644899, 45.536947]}, "properties": {"nom": "SHOLOKHOVA ANNA (SAINTS DESSERTS)", "type": "Épicerie avec préparation", "adresse": "325   Boulevard Crémazie Ouest"}}, {"type": "Feature", "geometry": {"type": "Point", "coordinates": [-73.560411, 45.518993]}, "properties": {"nom": "STUDIO ESENCIA INC.", "type": "Épicerie avec préparation", "adresse": "1709   Rue Atateken "}}, {"type": "Feature", "geometry": {"type": "Point", "coordinates": [-73.570429, 45.573239]}, "properties": {"nom": "L ATELIER DE LA VIANDE", "type": "Boucherie-épicerie", "adresse": "5170   Rue Beaubien Est"}}, {"type": "Feature", "geometry": {"type": "Point", "coordinates": [-73.580973, 45.523071]}, "properties": {"nom": "PARADIS VEGETARIEN", "type": "Épicerie avec préparation", "adresse": "4381   Rue Saint-Denis "}}, {"type": "Feature", "geometry": {"type": "Point", "coordinates": [-73.862738, 45.456616]}, "properties": {"nom": "LES ALIMENTS M&M 139", "type": "Épicerie", "adresse": "3547   Boulevard Saint-Charles "}}, {"type": "Feature", "geometry": {"type": "Point", "coordinates": [-73.591809, 45.635365]}, "properties": {"nom": "RESTO PAM 2.0 INC.", "type": "Épicerie avec préparation", "adresse": "8067   Avenue André-Ampère "}}, {"type": "Feature", "geometry": {"type": "Point", "coordinates": [-73.548768, 45.551711]}, "properties": {"nom": "MARCHE SOLEIL", "type": "Épicerie", "adresse": "4005   Rue Hochelaga "}}, {"type": "Feature", "geometry": {"type": "Point", "coordinates": [-73.663963, 45.496221]}, "properties": {"nom": "MER DE LA GUINEE INC.", "type": "Boucherie-épicerie", "adresse": "5475  131 Avenue Royalmount "}}, {"type": "Feature", "geometry": {"type": "Point", "coordinates": [-73.681016, 45.501387]}, "properties": {"nom": "DEPANNEUR 7 EXPRESS", "type": "Épicerie", "adresse": "2105   Rue Saint-Louis "}}, {"type": "Feature", "geometry": {"type": "Point", "coordinates": [-73.644514, 45.579074]}, "properties": {"nom": "DEPANNEUR NAHO", "type": "Épicerie", "adresse": "2935   Rue Fleury Est"}}, {"type": "Feature", "geometry": {"type": "Point", "coordinates": [-73.57896, 45.516766]}, "properties": {"nom": "SUM GOURMAND (9355-4145 QUEBEC INC.", "type": "Épicerie", "adresse": "4001   Boulevard Saint-Laurent "}}, {"type": "Feature", "geometry": {"type": "Point", "coordinates": [-73.570943, 45.536747]}, "properties": {"nom": "BANH MI COI", "type": "Épicerie avec préparation", "adresse": "2231   Avenue Mont-Royal Est"}}, {"type": "Feature", "geometry": {"type": "Point", "coordinates": [-73.584288, 45.532899]}, "properties": {"nom": "PIED DE COCHON (VENTE EN CONSIGNATION)", "type": "Épicerie", "adresse": "1293   Avenue Laurier Est"}}, {"type": "Feature", "geometry": {"type": "Point", "coordinates": [-73.605406, 45.568425]}, "properties": {"nom": "RESTAURANT YOKOSO SUSHI ET FUSION", "type": "Épicerie avec préparation", "adresse": "3733   Rue Jarry Est"}}, {"type": "Feature", "geometry": {"type": "Point", "coordinates": [-73.644899, 45.536947]}, "properties": {"nom": "LA BOX MAROCAINE INC", "type": "Épicerie avec préparation", "adresse": "325   Boulevard Crémazie Ouest"}}, {"type": "Feature", "geometry": {"type": "Point", "coordinates": [-73.65076, 45.496271]}, "properties": {"nom": "MARCHE NUVO PLUS INC.", "type": "Supermarché", "adresse": "5055   Rue Jean-Talon Ouest"}}, {"type": "Feature", "geometry": {"type": "Point", "coordinates": [-73.621933, 45.467411]}, "properties": {"nom": "DEPANNEUR NDG", "type": "Épicerie", "adresse": "6127   Rue Sherbrooke Ouest"}}, {"type": "Feature", "geometry": {"type": "Point", "coordinates": [-73.517725, 45.604858]}, "properties": {"nom": "DEPANNEUR AU BON CHOIX", "type": "Épicerie", "adresse": "9022   Rue Hochelaga "}}, {"type": "Feature", "geometry": {"type": "Point", "coordinates": [-73.521486, 45.598721]}, "properties": {"nom": "LIQUIDATION MARIE", "type": "Épicerie", "adresse": "8477   Rue Hochelaga "}}, {"type": "Feature", "geometry": {"type": "Point", "coordinates": [-73.637449, 45.494566]}, "properties": {"nom": "MARCHE BISMILLAH BAZAR INC.", "type": "Épicerie avec préparation", "adresse": "4790   Avenue Van Horne "}}, {"type": "Feature", "geometry": {"type": "Point", "coordinates": [-73.581866, 45.49208]}, "properties": {"nom": "9355-4145 QUEBEC INC. (SUM GOURMAND VENTE EN CONSIGNATION)", "type": "Épicerie", "adresse": "1420   Rue Fort "}}, {"type": "Feature", "geometry": {"type": "Point", "coordinates": [-73.535751, 45.551219]}, "properties": {"nom": "DEPANNEUR BECOTTE", "type": "Épicerie avec préparation", "adresse": "1487   Avenue Letourneux "}}, {"type": "Feature", "geometry": {"type": "Point", "coordinates": [-73.583519, 45.533731]}, "properties": {"nom": "MEGA VRAC", "type": "Épicerie avec préparation", "adresse": "1377   Avenue Laurier Est"}}, {"type": "Feature", "geometry": {"type": "Point", "coordinates": [-73.678968, 45.51181]}, "properties": {"nom": "BOUCHERIE RAHMA", "type": "Boucherie-épicerie", "adresse": "820  4 Boulevard Décarie "}}, {"type": "Feature", "geometry": {"type": "Point", "coordinates": [-73.704639, 45.496929]}, "properties": {"nom": "LES PLATS DE HULK (GOLD'S GYM)", "type": "Épicerie", "adresse": "3131   Boulevard Côte-Vertu "}}, {"type": "Feature", "geometry": {"type": "Point", "coordinates": [-73.614454, 45.532925]}, "properties": {"nom": "VENTE EN CONSIGNATION", "type": "Épicerie", "adresse": "6862   Boulevard Saint-Laurent "}}, {"type": "Feature", "geometry": {"type": "Point", "coordinates": [-73.582195, 45.51824]}, "properties": {"nom": "LES GLACES PAPI PALETAS", "type": "Épicerie avec préparation", "adresse": "4245   Boulevard Saint-Laurent "}}, {"type": "Feature", "geometry": {"type": "Point", "coordinates": [-73.53161, 45.520639]}, "properties": {"nom": "PORT DE PLAISANCE LA RONDE", "type": "Boucherie-épicerie", "adresse": "22   Chemin Macdonald "}}, {"type": "Feature", "geometry": {"type": "Point", "coordinates": [-73.65506, 45.576181]}, "properties": {"nom": "MAXI #7563", "type": "Supermarché", "adresse": "2323   Boulevard Henri-Bourassa Est"}}, {"type": "Feature", "geometry": {"type": "Point", "coordinates": [-73.574033, 45.498879]}, "properties": {"nom": "STATION AXIA", "type": "Épicerie", "adresse": "1192   Rue Sainte-Catherine Ouest"}}, {"type": "Feature", "geometry": {"type": "Point", "coordinates": [-73.623272, 45.46671]}, "properties": {"nom": "EPICERIE JAPONAISE & COREENNE MTL", "type": "Épicerie avec préparation", "adresse": "6170   Rue Sherbrooke Ouest"}}, {"type": "Feature", "geometry": {"type": "Point", "coordinates": [-73.550146, 45.563888]}, "properties": {"nom": "LE PODIUM", "type": "Boucherie-épicerie", "adresse": "3200   Rue Viau "}}, {"type": "Feature", "geometry": {"type": "Point", "coordinates": [-73.655403, 45.57539]}, "properties": {"nom": "SECRET MAISON INC.", "type": "Épicerie avec préparation", "adresse": "2236   Boulevard Henri-Bourassa Est"}}, {"type": "Feature", "geometry": {"type": "Point", "coordinates": [-73.597932, 45.559287]}, "properties": {"nom": "DONER ISTANBUL", "type": "Épicerie avec préparation", "adresse": "3271   Rue Jean-Talon Est"}}, {"type": "Feature", "geometry": {"type": "Point", "coordinates": [-73.5777, 45.516203]}, "properties": {"nom": "SCHWARTZ'S", "type": "Épicerie avec préparation", "adresse": "3899   Boulevard Saint-Laurent "}}, {"type": "Feature", "geometry": {"type": "Point", "coordinates": [-73.506757, 45.658114]}, "properties": {"nom": "MARCHE LUXE EN BOUCHE", "type": "Épicerie avec préparation", "adresse": "2000   Avenue 32e "}}, {"type": "Feature", "geometry": {"type": "Point", "coordinates": [-73.629885, 45.528782]}, "properties": {"nom": "MARCHE AMNA", "type": "Épicerie avec préparation", "adresse": "682   Rue Saint-Roch "}}, {"type": "Feature", "geometry": {"type": "Point", "coordinates": [-73.615658, 45.535162]}, "properties": {"nom": "BIRRI", "type": "Marché public", "adresse": "7075   Avenue Casgrain "}}, {"type": "Feature", "geometry": {"type": "Point", "coordinates": [-73.633001, 45.492492]}, "properties": {"nom": "TABAGIE SAINTE-CATHERINE", "type": "Épicerie avec préparation", "adresse": "4780   Chemin Côte-Sainte-Catherine "}}, {"type": "Feature", "geometry": {"type": "Point", "coordinates": [-73.642584, 45.531889]}, "properties": {"nom": "16740774 CANADA INC. (SUPER MARCHÉ 3 BROTHERS)", "type": "Épicerie avec préparation", "adresse": "761   Rue Liège Ouest"}}, {"type": "Feature", "geometry": {"type": "Point", "coordinates": [-73.550274, 45.524761]}, "properties": {"nom": "SUPER C MONTREAL DE LORIMIER #26169", "type": "Supermarché", "adresse": "1295   Avenue De Lorimier "}}, {"type": "Feature", "geometry": {"type": "Point", "coordinates": [-73.617504, 45.577968]}, "properties": {"nom": "DISTRIBUTION TRIPLE A", "type": "Épicerie", "adresse": "8940   Boulevard Pie-IX "}}, {"type": "Feature", "geometry": {"type": "Point", "coordinates": [-73.580728, 45.540656]}, "properties": {"nom": "NOTA CHOCOLATS INC.", "type": "Épicerie avec préparation", "adresse": "2177   Rue Masson "}}, {"type": "Feature", "geometry": {"type": "Point", "coordinates": [-73.58238, 45.524568]}, "properties": {"nom": "9521-1009 QUEBEC INC. (DÉPANNEUR KALEMART24)", "type": "Épicerie avec préparation", "adresse": "470   Avenue Mont-Royal Est"}}, {"type": "Feature", "geometry": {"type": "Point", "coordinates": [-73.584514, 45.54055]}, "properties": {"nom": "LES MAUVAISES HERBES", "type": "Épicerie avec préparation", "adresse": "2050  206 Rue Dandurand "}}, {"type": "Feature", "geometry": {"type": "Point", "coordinates": [-73.59576, 45.457812]}, "properties": {"nom": "LIQUIDATION BEAHARNOIS", "type": "Épicerie avec préparation", "adresse": "6055   Boulevard Monk "}}, {"type": "Feature", "geometry": {"type": "Point", "coordinates": [-73.625473, 45.621214]}, "properties": {"nom": "DEPANNEUR PROVI-SOIR", "type": "Épicerie avec préparation", "adresse": "6181  390 Boulevard Léger "}}, {"type": "Feature", "geometry": {"type": "Point", "coordinates": [-73.566074, 45.598093]}, "properties": {"nom": "PASTAFRESCA", "type": "Épicerie avec préparation", "adresse": "7500  18 Boulevard Galeries-d'Anjou "}}, {"type": "Feature", "geometry": {"type": "Point", "coordinates": [-73.636315, 45.502711]}, "properties": {"nom": "CAFE TOT", "type": "Épicerie avec préparation", "adresse": "6643   Chemin Côte-des-Neiges "}}, {"type": "Feature", "geometry": {"type": "Point", "coordinates": [-73.543878, 45.58137]}, "properties": {"nom": "METRO PLUS DOMAINE", "type": "Supermarché", "adresse": "6550   Rue Sherbrooke Est"}}, {"type": "Feature", "geometry": {"type": "Point", "coordinates": [-73.546203, 45.521769]}, "properties": {"nom": "MAILI DECORATION", "type": "Épicerie", "adresse": "2000   Rue Notre-Dame Est"}}, {"type": "Feature", "geometry": {"type": "Point", "coordinates": [-73.747329, 45.456946]}, "properties": {"nom": "LE PETIT COMPTOIR A SANDWICHS (US-79)", "type": "Épicerie", "adresse": "975   Boulevard Roméo-Vachon Nord"}}, {"type": "Feature", "geometry": {"type": "Point", "coordinates": [-73.543308, 45.54756]}, "properties": {"nom": "METRO ONTARIO", "type": "Supermarché", "adresse": "3800   Rue Ontario Est"}}, {"type": "Feature", "geometry": {"type": "Point", "coordinates": [-73.866652, 45.460907]}, "properties": {"nom": "METRO PLUS KIRKLAND", "type": "Supermarché", "adresse": "3801   Boulevard Saint-Charles "}}, {"type": "Feature", "geometry": {"type": "Point", "coordinates": [-73.643539, 45.586557]}, "properties": {"nom": "MARCHE ANKASSO", "type": "Boucherie-épicerie", "adresse": "3601   Rue Monselet "}}, {"type": "Feature", "geometry": {"type": "Point", "coordinates": [-73.596339, 45.600949]}, "properties": {"nom": "MARCHE ANFA", "type": "Boucherie-épicerie", "adresse": "8892   Boulevard Langelier "}}, {"type": "Feature", "geometry": {"type": "Point", "coordinates": [-73.552879, 45.567877]}, "properties": {"nom": "MARCHÉ BOUDREAU & GUILBAULT INC.", "type": "Boucherie-épicerie", "adresse": "5199  3350 Rue Sherbrooke Est"}}, {"type": "Feature", "geometry": {"type": "Point", "coordinates": [-73.664028, 45.477032]}, "properties": {"nom": "LES VIANDES ALEPH INC.", "type": "Épicerie avec préparation", "adresse": "5800   Boulevard Cavendish "}}, {"type": "Feature", "geometry": {"type": "Point", "coordinates": [-73.588005, 45.473575]}, "properties": {"nom": "LES ENTREPRISES KUYA INC", "type": "Épicerie avec préparation", "adresse": "4600   Rue Notre-Dame Ouest"}}, {"type": "Feature", "geometry": {"type": "Point", "coordinates": [-73.616099, 45.528723]}, "properties": {"nom": "WEBTMIZE (NOIX SOHA)", "type": "Boucherie-épicerie", "adresse": "280   Rue Saint-Zotique Ouest"}}, {"type": "Feature", "geometry": {"type": "Point", "coordinates": [-73.717067, 45.4872]}, "properties": {"nom": "HOLIDAY INN (BUFFET)", "type": "Boucherie-épicerie", "adresse": "4555   Boulevard Côte-Vertu "}}, {"type": "Feature", "geometry": {"type": "Point", "coordinates": [-73.552216, 45.510624]}, "properties": {"nom": "DEPANNEUR BONSECOURS", "type": "Épicerie", "adresse": "424   Rue Notre-Dame Est"}}, {"type": "Feature", "geometry": {"type": "Point", "coordinates": [-73.661396, 45.564633]}, "properties": {"nom": "9557-6393 QUEBEC INC. (DEPANNEUR VIRAL)", "type": "Épicerie", "adresse": "1543   Boulevard Henri-Bourassa Est"}}, {"type": "Feature", "geometry": {"type": "Point", "coordinates": [-73.70576, 45.533344]}, "properties": {"nom": "LA FRUITERIE GLOBAL", "type": "Épicerie avec préparation", "adresse": "4625   Rue De Salaberry "}}, {"type": "Feature", "geometry": {"type": "Point", "coordinates": [-73.529439, 45.604343]}, "properties": {"nom": "LE AAA BOUCHERIE GOURMET", "type": "Boucherie-épicerie", "adresse": "3244   Rue Des Ormeaux "}}, {"type": "Feature", "geometry": {"type": "Point", "coordinates": [-73.626864, 45.486303]}, "properties": {"nom": "PHARMAPRIX", "type": "Épicerie", "adresse": "4999   Chemin Queen-Mary "}}, {"type": "Feature", "geometry": {"type": "Point", "coordinates": [-73.726073, 45.498586]}, "properties": {"nom": "ROUGE ET BLEU DISTRIBUTION INC.", "type": "Épicerie avec préparation", "adresse": "2287   Rue Guénette "}}, {"type": "Feature", "geometry": {"type": "Point", "coordinates": [-73.6259, 45.426331]}, "properties": {"nom": "DEPANNEUR SUPER SUN", "type": "Épicerie avec préparation", "adresse": "1365   Avenue Dollard "}}, {"type": "Feature", "geometry": {"type": "Point", "coordinates": [-73.585969, 45.460938]}, "properties": {"nom": "MARCHE CHAMPIGNY", "type": "Épicerie avec préparation", "adresse": "1644   Rue De Champigny "}}, {"type": "Feature", "geometry": {"type": "Point", "coordinates": [-73.624265, 45.526956]}, "properties": {"nom": "B29 DEPANNEUR", "type": "Épicerie", "adresse": "694   Rue Jean-Talon Ouest"}}, {"type": "Feature", "geometry": {"type": "Point", "coordinates": [-73.623864, 45.474431]}, "properties": {"nom": "DINETTE ARTHURS (11107364 CANADA INC)", "type": "Boucherie-épicerie", "adresse": "5700   Avenue Monkland "}}, {"type": "Feature", "geometry": {"type": "Point", "coordinates": [-73.615164, 45.612118]}, "properties": {"nom": "BOUCANNERIE LISANGA", "type": "Épicerie", "adresse": "6322   Rue Normandie "}}, {"type": "Feature", "geometry": {"type": "Point", "coordinates": [-73.561427, 45.58677]}, "properties": {"nom": "MARCHE AL KARAMA", "type": "Boucherie-épicerie", "adresse": "6450   Rue Beaubien Est"}}, {"type": "Feature", "geometry": {"type": "Point", "coordinates": [-73.558472, 45.599472]}, "properties": {"nom": "RESTAURANT YOKOSO SUSHI ET FUSION", "type": "Épicerie", "adresse": "7250   Boulevard Roseraies "}}, {"type": "Feature", "geometry": {"type": "Point", "coordinates": [-73.635982, 45.594438]}, "properties": {"nom": "DEPANNEUR O'ZACKS", "type": "Épicerie", "adresse": "4351   Rue Charleroi "}}, {"type": "Feature", "geometry": {"type": "Point", "coordinates": [-73.667899, 45.554288]}, "properties": {"nom": "DEPANNEUR DELICECO", "type": "Épicerie avec préparation", "adresse": "10670   Rue Berri "}}, {"type": "Feature", "geometry": {"type": "Point", "coordinates": [-73.559535, 45.517063]}, "properties": {"nom": "DEPANNEUR K", "type": "Épicerie", "adresse": "900   Boulevard De Maisonneuve Est"}}, {"type": "Feature", "geometry": {"type": "Point", "coordinates": [-73.557394, 45.517132]}, "properties": {"nom": "DEPANNEUR MARCHE 5 ÉTOILES", "type": "Épicerie avec préparation", "adresse": "1005   Rue Sainte-Catherine Est"}}, {"type": "Feature", "geometry": {"type": "Point", "coordinates": [-73.595445, 45.544443]}, "properties": {"nom": "EPICERIE LES EMPLETTES", "type": "Épicerie avec préparation", "adresse": "1960   Rue Beaubien Est"}}, {"type": "Feature", "geometry": {"type": "Point", "coordinates": [-73.583617, 45.524275]}, "properties": {"nom": "RESTAURANT PIEL CANELA", "type": "Épicerie avec préparation", "adresse": "4542   Rue Saint-Denis "}}, {"type": "Feature", "geometry": {"type": "Point", "coordinates": [-73.558038, 45.516429]}, "properties": {"nom": "PHARMAPRIX", "type": "Épicerie", "adresse": "901   Rue Sainte-Catherine Est"}}, {"type": "Feature", "geometry": {"type": "Point", "coordinates": [-73.570502, 45.573155]}, "properties": {"nom": "CAFE AL KASBAH", "type": "Épicerie avec préparation", "adresse": "5162   Rue Beaubien Est"}}, {"type": "Feature", "geometry": {"type": "Point", "coordinates": [-73.559643, 45.514683]}, "properties": {"nom": "DEPANNEUR KALEMART24", "type": "Épicerie avec préparation", "adresse": "505  CC-747 Rue Sainte-Catherine Est"}}, {"type": "Feature", "geometry": {"type": "Point", "coordinates": [-73.58017, 45.58529]}, "properties": {"nom": "LES DELICES D'ADEN", "type": "Épicerie avec préparation", "adresse": "5837   Rue Jean-Talon Est"}}, {"type": "Feature", "geometry": {"type": "Point", "coordinates": [-73.583564, 45.519562]}, "properties": {"nom": "DEPANNEUR SAINT-DOMINIQUE", "type": "Épicerie", "adresse": "4343   Rue Saint-Dominique "}}, {"type": "Feature", "geometry": {"type": "Point", "coordinates": [-73.551262, 45.605126]}, "properties": {"nom": "MARCHE ANJOU (METRO)", "type": "Épicerie avec préparation", "adresse": "6500   Boulevard Joseph-Renaud "}}, {"type": "Feature", "geometry": {"type": "Point", "coordinates": [-73.572388, 45.519164]}, "properties": {"nom": "CAFE YVONNE", "type": "Épicerie avec préparation", "adresse": "3778 A  Rue Saint-Denis "}}, {"type": "Feature", "geometry": {"type": "Point", "coordinates": [-73.568533, 45.599054]}, "properties": {"nom": "SOUFFLE", "type": "Épicerie avec préparation", "adresse": "7999  167 Boulevard Galeries-d'Anjou "}}, {"type": "Feature", "geometry": {"type": "Point", "coordinates": [-73.819097, 45.50606]}, "properties": {"nom": "BALADI BOUCHERIE & GRILLADES", "type": "Boucherie-épicerie", "adresse": "4915   Boulevard Sources "}}, {"type": "Feature", "geometry": {"type": "Point", "coordinates": [-73.544334, 45.546562]}, "properties": {"nom": "MARTI-BISCUITERIE", "type": "Épicerie avec préparation", "adresse": "2002   Rue Nicolet "}}, {"type": "Feature", "geometry": {"type": "Point", "coordinates": [-73.630101, 45.572903]}, "properties": {"nom": "PIZZA REBECCA", "type": "Boucherie-épicerie", "adresse": "9211   Boulevard Saint-Michel "}}, {"type": "Feature", "geometry": {"type": "Point", "coordinates": [-73.595595, 45.561892]}, "properties": {"nom": "DEPANNEUR NOUR", "type": "Épicerie", "adresse": "3570   Rue Jean-Talon Est"}}, {"type": "Feature", "geometry": {"type": "Point", "coordinates": [-73.64867, 45.574138]}, "properties": {"nom": "JEAN COUTU #136 (PHARMACIE RENÉ RIVARD ET JONATHAN KHA PHAM DINH INC.)", "type": "Épicerie", "adresse": "2330   Rue Fleury Est"}}, {"type": "Feature", "geometry": {"type": "Point", "coordinates": [-73.608019, 45.546874]}, "properties": {"nom": "BAB CANADA INVESTISSEMENT INC.", "type": "Épicerie", "adresse": "1559   Rue Jean-Talon Est"}}, {"type": "Feature", "geometry": {"type": "Point", "coordinates": [-73.868982, 45.488649]}, "properties": {"nom": "DOLLARAMA", "type": "Épicerie", "adresse": "100   Boulevard Jacques-Bizard "}}, {"type": "Feature", "geometry": {"type": "Point", "coordinates": [-73.60903, 45.530456]}, "properties": {"nom": "MAISON ROSE BON-BEC", "type": "Épicerie avec préparation", "adresse": "6527   Boulevard Saint-Laurent "}}, {"type": "Feature", "geometry": {"type": "Point", "coordinates": [-73.562532, 45.502769]}, "properties": {"nom": "EPICERIE ALIMENTARI", "type": "Épicerie avec préparation", "adresse": "443   Avenue Viger Ouest"}}, {"type": "Feature", "geometry": {"type": "Point", "coordinates": [-73.673372, 45.546137]}, "properties": {"nom": "SALAISON ST-ANDRE", "type": "Boucherie-épicerie", "adresse": "282   Boulevard Henri-Bourassa Ouest"}}, {"type": "Feature", "geometry": {"type": "Point", "coordinates": [-73.59429, 45.627942]}, "properties": {"nom": "UNIPRIX THI NGOC TUYET NGUYEN", "type": "Épicerie", "adresse": "7701   Boulevard Maurice-Duplessis "}}, {"type": "Feature", "geometry": {"type": "Point", "coordinates": [-73.634717, 45.588513]}, "properties": {"nom": "PHARMAPRIX", "type": "Épicerie", "adresse": "10551   Boulevard Pie-IX "}}, {"type": "Feature", "geometry": {"type": "Point", "coordinates": [-73.614928, 45.536867]}, "properties": {"nom": "BOUCHERIE LAFLECHE", "type": "Épicerie", "adresse": "7070  C-14 Avenue Henri-Julien "}}, {"type": "Feature", "geometry": {"type": "Point", "coordinates": [-73.545404, 45.556745]}, "properties": {"nom": "MAXI", "type": "Supermarché", "adresse": "4500   Rue Hochelaga "}}, {"type": "Feature", "geometry": {"type": "Point", "coordinates": [-73.842369, 45.480747]}, "properties": {"nom": "RESTAURANT SARAB", "type": "Épicerie avec préparation", "adresse": "4307 B  Boulevard Saint-Jean "}}, {"type": "Feature", "geometry": {"type": "Point", "coordinates": [-73.54452, 45.49873]}, "properties": {"nom": "MARCHE 67", "type": "Épicerie", "adresse": "2600   Avenue Pierre-Dupuy "}}, {"type": "Feature", "geometry": {"type": "Point", "coordinates": [-73.569361, 45.557673]}, "properties": {"nom": "CAFE BITASYON", "type": "Épicerie avec préparation", "adresse": "3957   Rue Masson "}}, {"type": "Feature", "geometry": {"type": "Point", "coordinates": [-73.636464, 45.495669]}, "properties": {"nom": "MARCHE CHEHARKRUPA S.E.N.C.", "type": "Épicerie avec préparation", "adresse": "4665   Avenue Van Horne "}}, {"type": "Feature", "geometry": {"type": "Point", "coordinates": [-73.841758, 45.502543]}, "properties": {"nom": "9473-0579 QUEBEC INC. L.KOI WEST ISLAND", "type": "Épicerie avec préparation", "adresse": "13115   Boulevard Gouin Ouest"}}, {"type": "Feature", "geometry": {"type": "Point", "coordinates": [-73.589842, 45.542369]}, "properties": {"nom": "PROMARCHE", "type": "Épicerie avec préparation", "adresse": "1988   Boulevard Rosemont "}}, {"type": "Feature", "geometry": {"type": "Point", "coordinates": [-73.634895, 45.493143]}, "properties": {"nom": "MARCHE FOODERIE EXPRESS", "type": "Épicerie avec préparation", "adresse": "5855   Avenue Victoria "}}, {"type": "Feature", "geometry": {"type": "Point", "coordinates": [-73.572683, 45.58264]}, "properties": {"nom": "PHARMAPRIX", "type": "Épicerie avec préparation", "adresse": "5875   Rue Bélanger "}}, {"type": "Feature", "geometry": {"type": "Point", "coordinates": [-73.66555, 45.547418]}, "properties": {"nom": "FRAICHEMENT BON JARRY INC (CONSIGNATION)", "type": "Épicerie avec préparation", "adresse": "61   Rue Fleury Ouest"}}, {"type": "Feature", "geometry": {"type": "Point", "coordinates": [-73.643019, 45.579391]}, "properties": {"nom": "PIZZA AMANO (CONSIGNATION)", "type": "Épicerie", "adresse": "10181   Boulevard Saint-Michel "}}, {"type": "Feature", "geometry": {"type": "Point", "coordinates": [-73.523598, 45.565138]}, "properties": {"nom": "DECATHLON (BOCOBISTRO EN CONSIGNATION)", "type": "Épicerie avec préparation", "adresse": "5781   Rue Notre-Dame Est"}}, {"type": "Feature", "geometry": {"type": "Point", "coordinates": [-73.556014, 45.506344]}, "properties": {"nom": "PAQUEBOT", "type": "Boucherie-épicerie", "adresse": "520   Boulevard Saint-Laurent "}}, {"type": "Feature", "geometry": {"type": "Point", "coordinates": [-73.596467, 45.45969]}, "properties": {"nom": "MARCHE ET CAFE LATINO ASU MARE", "type": "Épicerie avec préparation", "adresse": "5900   Boulevard Monk "}}, {"type": "Feature", "geometry": {"type": "Point", "coordinates": [-73.581333, 45.580344]}, "properties": {"nom": "EPICERIE MONTREAL-LATIN 2020 INC.", "type": "Épicerie avec préparation", "adresse": "5430   Rue Jean-Talon Est"}}, {"type": "Feature", "geometry": {"type": "Point", "coordinates": [-73.48745, 45.69518]}, "properties": {"nom": "THERAVI ZONE", "type": "Épicerie", "adresse": "15951   Rue Notre-Dame Est"}}, {"type": "Feature", "geometry": {"type": "Point", "coordinates": [-73.504105, 45.642267]}, "properties": {"nom": "TECH GYM PAT", "type": "Épicerie avec préparation", "adresse": "1435   Boulevard Saint-Jean-Baptiste "}}, {"type": "Feature", "geometry": {"type": "Point", "coordinates": [-73.582711, 45.577988]}, "properties": {"nom": "DEPANNEUR JAPP", "type": "Épicerie avec préparation", "adresse": "5205   Rue Jean-Talon Est"}}, {"type": "Feature", "geometry": {"type": "Point", "coordinates": [-73.608267, 45.520608]}, "properties": {"nom": "MAXI", "type": "Supermarché", "adresse": "1180   Avenue Bernard "}}, {"type": "Feature", "geometry": {"type": "Point", "coordinates": [-73.597919, 45.520501]}, "properties": {"nom": "DEPANNEUR DU PARC", "type": "Épicerie avec préparation", "adresse": "5206   Avenue Parc "}}, {"type": "Feature", "geometry": {"type": "Point", "coordinates": [-73.565076, 45.510467]}, "properties": {"nom": "RESTAURANT SUSHI IC INC.", "type": "Épicerie", "adresse": "1446   Boulevard Saint-Laurent "}}, {"type": "Feature", "geometry": {"type": "Point", "coordinates": [-73.639022, 45.592394]}, "properties": {"nom": "VOISIN (SHELL)", "type": "Épicerie avec préparation", "adresse": "11052   Boulevard Pie-IX "}}, {"type": "Feature", "geometry": {"type": "Point", "coordinates": [-73.594143, 45.56351]}, "properties": {"nom": "DEPANNEUR A PLEIN TEMPS", "type": "Épicerie", "adresse": "3753   Rue Jean-Talon Est"}}, {"type": "Feature", "geometry": {"type": "Point", "coordinates": [-73.875859, 45.494388]}, "properties": {"nom": "DEPAN ESCOMPTE COUCHE TARD", "type": "Épicerie", "adresse": "551   Boulevard Jacques-Bizard "}}, {"type": "Feature", "geometry": {"type": "Point", "coordinates": [-73.572992, 45.551218]}, "properties": {"nom": "SUPERMARCHE MASSON", "type": "Boucherie-épicerie", "adresse": "3275   Rue Masson "}}, {"type": "Feature", "geometry": {"type": "Point", "coordinates": [-73.593954, 45.521778]}, "properties": {"nom": "LIO FRATELLI", "type": "Épicerie avec préparation", "adresse": "100   Avenue Laurier Ouest"}}, {"type": "Feature", "geometry": {"type": "Point", "coordinates": [-73.540119, 45.545195]}, "properties": {"nom": "DEPANNEUR  DU PARC", "type": "Épicerie avec préparation", "adresse": "3724   Rue Adam "}}, {"type": "Feature", "geometry": {"type": "Point", "coordinates": [-73.554401, 45.556667]}, "properties": {"nom": "BOCO BISTRO (VENTE EN CONSIGNATION)", "type": "Épicerie", "adresse": "4101   Rue Sherbrooke Est"}}, {"type": "Feature", "geometry": {"type": "Point", "coordinates": [-73.55985, 45.507494]}, "properties": {"nom": "WING KONG TANG HERBES DE CHINE", "type": "Aliments naturels", "adresse": "1008  108-E Rue Clark "}}, {"type": "Feature", "geometry": {"type": "Point", "coordinates": [-73.653044, 45.529234]}, "properties": {"nom": "N,J,A. INTERNATIONAL IMPORT & EXPORT", "type": "Épicerie avec préparation", "adresse": "9050   Rue Charles-De La Tour "}}, {"type": "Feature", "geometry": {"type": "Point", "coordinates": [-73.650484, 45.526836]}, "properties": {"nom": "GESDTION HILAL INC. (PETRO-CANADA-A & W)", "type": "Épicerie avec préparation", "adresse": "2460   Chemin Rockland "}}, {"type": "Feature", "geometry": {"type": "Point", "coordinates": [-73.572436, 45.591486]}, "properties": {"nom": "TAU LAVAL (PRDS EN CONCESSION)", "type": "Épicerie", "adresse": "7373  D-1 Boulevard Langelier "}}, {"type": "Feature", "geometry": {"type": "Point", "coordinates": [-73.665787, 45.494791]}, "properties": {"nom": "SERVICES ALIMENTAIRES D'AMOUR INC", "type": "Épicerie avec préparation", "adresse": "5555   Avenue Royalmount "}}, {"type": "Feature", "geometry": {"type": "Point", "coordinates": [-73.578511, 45.498546]}, "properties": {"nom": "NOODL NOUILLES INSTANTANEES INC.", "type": "Épicerie avec préparation", "adresse": "2120   Rue Crescent "}}, {"type": "Feature", "geometry": {"type": "Point", "coordinates": [-73.570465, 45.496249]}, "properties": {"nom": "PROVIGO MICHEL LEFEBVRE", "type": "Supermarché", "adresse": "1275   Avenue Canadiens-de-Montréal "}}, {"type": "Feature", "geometry": {"type": "Point", "coordinates": [-73.586948, 45.518694]}, "properties": {"nom": "MAXI ST-URBAIN", "type": "Épicerie avec préparation", "adresse": "4465   Rue Saint-Urbain "}}, {"type": "Feature", "geometry": {"type": "Point", "coordinates": [-73.576064, 45.531343]}, "properties": {"nom": "VENTE EN CONSIGNATION CABANES PDC", "type": "Épicerie", "adresse": "1490   Avenue Mont-Royal Est"}}, {"type": "Feature", "geometry": {"type": "Point", "coordinates": [-73.552005, 45.52299]}, "properties": {"nom": "MAXI", "type": "Supermarché", "adresse": "1835   Rue Sainte-Catherine Est"}}, {"type": "Feature", "geometry": {"type": "Point", "coordinates": [-73.604231, 45.545622]}, "properties": {"nom": "ATELIER TASTE ITALY PIZZA", "type": "Épicerie", "adresse": "1550   Rue Bélanger "}}, {"type": "Feature", "geometry": {"type": "Point", "coordinates": [-73.58662, 45.554669]}, "properties": {"nom": "DEPANNEUR GREGINNE", "type": "Épicerie avec préparation", "adresse": "3215   Rue Beaubien Est"}}, {"type": "Feature", "geometry": {"type": "Point", "coordinates": [-73.853087, 45.446884]}, "properties": {"nom": "BOUCHERIE COMTOISE", "type": "Boucherie-épicerie", "adresse": "2871   Boulevard Saint-Charles "}}, {"type": "Feature", "geometry": {"type": "Point", "coordinates": [-73.601163, 45.567196]}, "properties": {"nom": "LES VOLAILLES BRASCO", "type": "Boucherie-épicerie", "adresse": "7725   Avenue 18e "}}, {"type": "Feature", "geometry": {"type": "Point", "coordinates": [-73.569022, 45.495163]}, "properties": {"nom": "MITO SUSHI", "type": "Épicerie", "adresse": "1275   Rue Saint-Antoine Ouest"}}, {"type": "Feature", "geometry": {"type": "Point", "coordinates": [-73.603314, 45.566751]}, "properties": {"nom": "123 CREPES (BUREAU-ADMIN)", "type": "Épicerie avec préparation", "adresse": "3737  1100 Boulevard Crémazie Est"}}, {"type": "Feature", "geometry": {"type": "Point", "coordinates": [-73.655836, 45.551617]}, "properties": {"nom": "DEPANNEUR ULTRAMAR", "type": "Épicerie avec préparation", "adresse": "9815   Rue Lajeunesse "}}, {"type": "Feature", "geometry": {"type": "Point", "coordinates": [-73.653373, 45.497737]}, "properties": {"nom": "MIRCH MASALA", "type": "Épicerie avec préparation", "adresse": "5185   Rue Paré "}}, {"type": "Feature", "geometry": {"type": "Point", "coordinates": [-73.785005, 45.49789]}, "properties": {"nom": "MISS INDIA SWEETS", "type": "Épicerie avec préparation", "adresse": "1111   Rue Hyman "}}, {"type": "Feature", "geometry": {"type": "Point", "coordinates": [-73.631958, 45.596383]}, "properties": {"nom": "MARCHE TROPIX", "type": "Épicerie avec préparation", "adresse": "4707   Rue Charleroi "}}, {"type": "Feature", "geometry": {"type": "Point", "coordinates": [-73.607385, 45.475561]}, "properties": {"nom": "PIZZERIA SLIZE", "type": "Épicerie avec préparation", "adresse": "5175 D  Rue Sherbrooke Ouest"}}, {"type": "Feature", "geometry": {"type": "Point", "coordinates": [-73.64562, 45.452975]}, "properties": {"nom": "BOOMI FRUITS ET LEGUMES", "type": "Épicerie avec préparation", "adresse": "34   Avenue Westminster Nord"}}, {"type": "Feature", "geometry": {"type": "Point", "coordinates": [-73.619419, 45.543553]}, "properties": {"nom": "KETO MONTREAL & EPICERIE AFRO CARAIBES MONTREAL INC.", "type": "Épicerie avec préparation", "adresse": "7586   Rue Saint-Hubert "}}, {"type": "Feature", "geometry": {"type": "Point", "coordinates": [-73.625018, 45.525682]}, "properties": {"nom": "MARCHE D'AFRIQUE", "type": "Épicerie avec préparation", "adresse": "881   Rue Jean-Talon Ouest"}}, {"type": "Feature", "geometry": {"type": "Point", "coordinates": [-73.573338, 45.534222]}, "properties": {"nom": "LA SARDINE", "type": "Épicerie avec préparation", "adresse": "1963   Avenue Mont-Royal Est"}}, {"type": "Feature", "geometry": {"type": "Point", "coordinates": [-73.6186, 45.417726]}, "properties": {"nom": "MONSIEUR DEPANNEUR", "type": "Boucherie-épicerie", "adresse": "8595   Rue Centrale "}}, {"type": "Feature", "geometry": {"type": "Point", "coordinates": [-73.680263, 45.435121]}, "properties": {"nom": "ATELIER TASTE ITALY PIZZA INC.", "type": "Épicerie", "adresse": "1865   Rue Notre-Dame "}}, {"type": "Feature", "geometry": {"type": "Point", "coordinates": [-73.50413, 45.642187]}, "properties": {"nom": "METRO PLUS", "type": "Supermarché", "adresse": "1400   Boulevard Saint-Jean-Baptiste "}}, {"type": "Feature", "geometry": {"type": "Point", "coordinates": [-73.692762, 45.52345]}, "properties": {"nom": "ÉPILYS SUPERMARCHE", "type": "Épicerie avec préparation", "adresse": "1855   Avenue O'Brien "}}, {"type": "Feature", "geometry": {"type": "Point", "coordinates": [-73.816838, 45.503473]}, "properties": {"nom": "SUPER MARCHE VICTORIA", "type": "Épicerie avec préparation", "adresse": "4870   Boulevard Sources "}}, {"type": "Feature", "geometry": {"type": "Point", "coordinates": [-73.607714, 45.473806]}, "properties": {"nom": "STATION GINZA SUSHI", "type": "Épicerie", "adresse": "2116   Boulevard Décarie "}}, {"type": "Feature", "geometry": {"type": "Point", "coordinates": [-73.627166, 45.458873]}, "properties": {"nom": "STATION GINZA SUSHI (MARCHÉ H)", "type": "Épicerie", "adresse": "6785   Rue Saint-Jacques "}}, {"type": "Feature", "geometry": {"type": "Point", "coordinates": [-73.581281, 45.479418]}, "properties": {"nom": "A TOUT SEIGNEUR ...", "type": "Épicerie", "adresse": "3632   Rue Notre-Dame Ouest"}}, {"type": "Feature", "geometry": {"type": "Point", "coordinates": [-73.616148, 45.519082]}, "properties": {"nom": "PHARMAPRIX #58", "type": "Épicerie", "adresse": "1495   Avenue Van Horne "}}, {"type": "Feature", "geometry": {"type": "Point", "coordinates": [-73.582507, 45.56491]}, "properties": {"nom": "DEPANNEUR NATIONAL", "type": "Épicerie", "adresse": "4249   Rue Saint-Zotique Est"}}]}