{
"type": "FeatureCollection",
"name": "zones_sous_desservies",
"crs": { "type": "name", "properties": { "name": "urn:ogc:def:crs:OGC:1.3:CRS84" } },
"features": [
{ "type": "Feature", "properties": { "arrondissement": "L'Île-Dorval", "pct_couverture": 0.0, "nb_bornes": 0 }, "geometry": { "type": "MultiPolygon", "coordinates": [ [ [ [ -73.745244140657903, 45.433260416412203 ], [ -73.7455706414503, 45.433002421666501 ], [ -73.746001270685497, 45.432842447572099 ], [ -73.746015662390406, 45.432831177186003 ], [ -73.746209784027599, 45.432659549349097 ], [ -73.746260766742907, 45.432575737179498 ], [ -73.746270263874194, 45.432529599171502 ], [ -73.746325117940103, 45.432274199956197 ], [ -73.746332688654405, 45.432241432095502 ], [ -73.746273897955703, 45.432240240720098 ], [ -73.745979810767395, 45.431884579530497 ], [ -73.746052591098703, 45.431853920876399 ], [ -73.745726511510398, 45.431637480217702 ], [ -73.745439181785798, 45.431500378064896 ], [ -73.7450952365147, 45.431336401047297 ], [ -73.744724018124799, 45.431260876311597 ], [ -73.744428693200106, 45.431236683569701 ], [ -73.744121749484506, 45.431238675705501 ], [ -73.743829910720706, 45.431206635388399 ], [ -73.743469864277401, 45.431217992502503 ], [ -73.743417625040706, 45.431230837130997 ], [ -73.743375759896907, 45.431212340477799 ], [ -73.743207952013805, 45.431182380534899 ], [ -73.743001897541305, 45.431171447873197 ], [ -73.742901361685, 45.431159042655601 ], [ -73.742493860294402, 45.431050159631297 ], [ -73.742489645480703, 45.431056847186902 ], [ -73.742099964682197, 45.4309325729118 ], [ -73.742005335458003, 45.4309149433141 ], [ -73.741699235490898, 45.430845211205501 ], [ -73.741393136312098, 45.430775487061801 ], [ -73.741297541760602, 45.430759660383899 ], [ -73.740983184415299, 45.430705322172003 ], [ -73.740671576575906, 45.430645854105798 ], [ -73.740571797060895, 45.430637812701399 ], [ -73.740150944756806, 45.430607238534698 ], [ -73.739895179662, 45.430592670022399 ], [ -73.739670611138607, 45.430680095163403 ], [ -73.739575580513304, 45.430711859732099 ], [ -73.739422453576694, 45.430767551732899 ], [ -73.739266965880105, 45.430819909168903 ], [ -73.738975607728705, 45.430939038035 ], [ -73.738933926173502, 45.431005067696603 ], [ -73.738803729923305, 45.431227676088199 ], [ -73.7386430218193, 45.431430690119903 ], [ -73.738588562037705, 45.431488521113799 ], [ -73.738423835219294, 45.431688959655503 ], [ -73.738187615391197, 45.431871330276998 ], [ -73.737686639119403, 45.432227034213902 ], [ -73.737562120157094, 45.432239877153798 ], [ -73.7374033281328, 45.432407480019499 ], [ -73.737275403811097, 45.432587699107003 ], [ -73.737180345102999, 45.432777727113397 ], [ -73.737113096132504, 45.432911684898698 ], [ -73.737074963766901, 45.433051206301997 ], [ -73.737078233949902, 45.433119795821902 ], [ -73.737048807507705, 45.433407010553204 ], [ -73.737133166952901, 45.433460325805797 ], [ -73.737254676227494, 45.433494072857201 ], [ -73.737344269630299, 45.433494739130097 ], [ -73.737431235415002, 45.433478960336103 ], [ -73.737625974336794, 45.4334804095718 ], [ -73.737820725711401, 45.433481849661902 ], [ -73.738015720010594, 45.433466847242897 ], [ -73.7382102285233, 45.4334847376334 ], [ -73.738363083045499, 45.4334809037057 ], [ -73.738509374541806, 45.433519061824498 ], [ -73.738813639174296, 45.433592075287798 ], [ -73.739113230853604, 45.4336755550109 ], [ -73.739206141203994, 45.433696099303901 ], [ -73.739759370720407, 45.433768588600401 ], [ -73.740221572431395, 45.433705111032097 ], [ -73.7403170797852, 45.433687528187299 ], [ -73.740663360431896, 45.433643221228998 ], [ -73.741006091918607, 45.433571599942802 ], [ -73.741104218580304, 45.433574231267798 ], [ -73.741453336961399, 45.433551770779502 ], [ -73.741791098329699, 45.433441913841399 ], [ -73.741887301778604, 45.433429723819103 ], [ -73.742326258917402, 45.433436394729199 ], [ -73.742473375676497, 45.433471391258799 ], [ -73.742494033943402, 45.4334863742652 ], [ -73.742569655940201, 45.433541250675397 ], [ -73.742596800254205, 45.433543583265603 ], [ -73.742682478541994, 45.433550976209503 ], [ -73.742773047813898, 45.433514306264499 ], [ -73.743026900387505, 45.433530770525003 ], [ -73.743110190677797, 45.433560462466303 ], [ -73.743320741931797, 45.433590516037498 ], [ -73.743682488260603, 45.433692217521397 ], [ -73.743760330546905, 45.433717447702698 ], [ -73.743914415042099, 45.433747005532403 ], [ -73.744031061665098, 45.433751888367603 ], [ -73.744291182985094, 45.433736920620198 ], [ -73.744390169701106, 45.433721831405201 ], [ -73.744730112666403, 45.4336615409646 ], [ -73.744886597445301, 45.433504328671503 ], [ -73.745244140657903, 45.433260416412203 ] ] ] ] } },
{ "type": "Feature", "properties": { "arrondissement": "Senneville", "pct_couverture": 0.2, "nb_bornes": 0 }, "geometry": { "type": "Polygon", "coordinates": [ [ [ -73.960793616550902, 45.406789705381399 ], [ -73.961169876939493, 45.4075773484034 ], [ -73.961714484153106, 45.4081387853875 ], [ -73.963086149797604, 45.408941022736599 ], [ -73.964599174810601, 45.409667613237701 ], [ -73.966780083715506, 45.410325580258899 ], [ -73.969345106485093, 45.410991378165299 ], [ -73.9734774785029, 45.412082786109202 ], [ -73.976871247174699, 45.413195846525802 ], [ -73.979240421330303, 45.414238057683697 ], [ -73.980727517420505, 45.415208697379498 ], [ -73.981823764643096, 45.4164873089208 ], [ -73.982073607134893, 45.4167928648436 ], [ -73.982296102544296, 45.417154064056803 ], [ -73.982657129560707, 45.417792938481597 ], [ -73.982879314055893, 45.418376242278804 ], [ -73.982962752594304, 45.418792834557898 ], [ -73.983045956403402, 45.419292940739197 ], [ -73.9831295018963, 45.419931816757398 ], [ -73.983184936617604, 45.4203762445877 ], [ -73.983296152694905, 45.421181853782898 ], [ -73.983490606885795, 45.422626249526601 ], [ -73.983907084075696, 45.424987284515197 ], [ -73.984157246207999, 45.4260151284481 ], [ -73.984240443243493, 45.426376193775802 ], [ -73.984351652458599, 45.426820654930999 ], [ -73.984518368998295, 45.4276540130762 ], [ -73.985379495015394, 45.431126203075202 ], [ -73.9864626741319, 45.434737290758797 ], [ -73.986823793971794, 45.435931773605297 ], [ -73.987018151868298, 45.436515007040697 ], [ -73.987796176920099, 45.438653995194201 ], [ -73.988185267925104, 45.439626248931802 ], [ -73.989462988670795, 45.443015085791998 ], [ -73.989824033315301, 45.443931746203397 ], [ -73.990462998677998, 45.445404005131898 ], [ -73.990546205293697, 45.445515060371903 ], [ -73.990990811840206, 45.446542860317898 ], [ -73.991435373602101, 45.447515042273999 ], [ -73.991935085592004, 45.448570500106001 ], [ -73.992046370088303, 45.448792845750702 ], [ -73.992296548377894, 45.4493205730219 ], [ -73.993685441896304, 45.4521261645259 ], [ -73.9947963766691, 45.4542928204568 ], [ -73.994907615931893, 45.454459457102701 ], [ -73.995879966504702, 45.456181768920601 ], [ -73.9961575651202, 45.456737266095502 ], [ -73.996185578498, 45.456792850575802 ], [ -73.9966021388108, 45.457487322330699 ], [ -73.995074285913304, 45.457959493247998 ], [ -73.992351943057997, 45.458765003825903 ], [ -73.990101963636505, 45.459514968899803 ], [ -73.987546308706399, 45.460403884358001 ], [ -73.984962915741306, 45.461376104488302 ], [ -73.9822403127733, 45.462459456173001 ], [ -73.981212474502797, 45.462931667860097 ], [ -73.979907105837, 45.463515009051299 ], [ -73.977907003193096, 45.4644316112608 ], [ -73.9763791280958, 45.465292753377597 ], [ -73.974351235281603, 45.466431601505199 ], [ -73.937024240805997, 45.450964553478997 ], [ -73.936808073982405, 45.450770540851202 ], [ -73.936720172795006, 45.450695365008698 ], [ -73.935576747667497, 45.449713461978 ], [ -73.935264748620199, 45.449440559134899 ], [ -73.934851215786594, 45.449081541044201 ], [ -73.931683763105099, 45.4463573544855 ], [ -73.928041760438504, 45.443255874323398 ], [ -73.924900371488803, 45.4405974038118 ], [ -73.926268591253702, 45.440143179026599 ], [ -73.926523373742, 45.440048367250597 ], [ -73.926566170479703, 45.440032591816497 ], [ -73.926670455453504, 45.440006665465901 ], [ -73.926802725272296, 45.440212355476604 ], [ -73.926941640099301, 45.440428398680197 ], [ -73.9270078010086, 45.440531265413 ], [ -73.927039695491501, 45.440579363898998 ], [ -73.927139519750199, 45.440729768794498 ], [ -73.927316947638502, 45.440997163001498 ], [ -73.927446199156194, 45.441202573531697 ], [ -73.927733064243498, 45.4411141857952 ], [ -73.928080130571104, 45.441007231953797 ], [ -73.928283253716799, 45.440944640767199 ], [ -73.928296029451204, 45.440940445103003 ], [ -73.928509704548105, 45.440870186284599 ], [ -73.928730352295204, 45.440797651261498 ], [ -73.928944051341006, 45.440727400326502 ], [ -73.929157749787507, 45.440657140205303 ], [ -73.929264835445295, 45.440621938804902 ], [ -73.929371447767807, 45.440586888472801 ], [ -73.929476652688905, 45.4405539172133 ], [ -73.9295938872812, 45.440517174659199 ], [ -73.929728346804097, 45.440476983945402 ], [ -73.929810262560693, 45.440451138884399 ], [ -73.930025449898196, 45.440383252981398 ], [ -73.930240636717102, 45.440315366674099 ], [ -73.930462821494601, 45.440245265468398 ], [ -73.930678007259701, 45.4401773783393 ], [ -73.930893217470995, 45.440109490711698 ], [ -73.931237014617096, 45.440001019330303 ], [ -73.931558918551801, 45.439899457619298 ], [ -73.931437845053694, 45.439717149850303 ], [ -73.931313640853702, 45.439530143598702 ], [ -73.931240776232499, 45.439436268034598 ], [ -73.931127420734796, 45.439290250064197 ], [ -73.931112545317603, 45.439271078871499 ], [ -73.931030228269506, 45.439138995071602 ], [ -73.930935501834995, 45.438986948589402 ], [ -73.930842039837898, 45.438836962349001 ], [ -73.930828998545707, 45.4388160178855 ], [ -73.930820988639297, 45.438796838332998 ], [ -73.930783989650806, 45.438708126126897 ], [ -73.930989413066399, 45.438634352345403 ], [ -73.931197723678807, 45.438559503990497 ], [ -73.931283319959107, 45.438532237948799 ], [ -73.931420169227394, 45.4384886441795 ], [ -73.931623711887596, 45.438423804592603 ], [ -73.931836667206895, 45.438355879748201 ], [ -73.932049647580399, 45.438288033499902 ], [ -73.932423551674205, 45.438177977093297 ], [ -73.932737574328101, 45.438085563426803 ], [ -73.933268092403196, 45.4379186348052 ], [ -73.934968134955099, 45.437383702895403 ], [ -73.936169152407203, 45.436960655891198 ], [ -73.9370217524541, 45.436708592690003 ], [ -73.937309312008097, 45.437135133599199 ], [ -73.937567925938097, 45.437294710855902 ], [ -73.939480338710595, 45.436687208445498 ], [ -73.939764753843505, 45.436892974729801 ], [ -73.939960373359796, 45.437034466871097 ], [ -73.940218141720806, 45.437177503058997 ], [ -73.942103644690405, 45.437961731770002 ], [ -73.942480960321902, 45.437422151181202 ], [ -73.942868639007699, 45.437024282459099 ], [ -73.942918511278705, 45.437045847267598 ], [ -73.943685370217196, 45.436257238877197 ], [ -73.945006786380304, 45.435600864183101 ], [ -73.946048796349501, 45.435231260465997 ], [ -73.946798908911305, 45.436384535755799 ], [ -73.9479097074435, 45.435931119528902 ], [ -73.945725598818797, 45.433097512353001 ], [ -73.951555929451203, 45.435950929560498 ], [ -73.952951698527301, 45.434412803939097 ], [ -73.957790479126601, 45.4289550779325 ], [ -73.959367996895097, 45.427103891833802 ], [ -73.956614596223204, 45.425894520499597 ], [ -73.955594086134397, 45.423238150701103 ], [ -73.954182385704897, 45.421613539229298 ], [ -73.953279726983794, 45.420574688765903 ], [ -73.9525442783969, 45.4197662489848 ], [ -73.952390292641098, 45.4195969846743 ], [ -73.951700929515098, 45.418815589759603 ], [ -73.951549273725803, 45.418643687562202 ], [ -73.950859908838396, 45.417862278662902 ], [ -73.9507253388512, 45.417738815811099 ], [ -73.950692826036402, 45.417707993947701 ], [ -73.950185627883997, 45.4172211626462 ], [ -73.950017872303704, 45.416645546133502 ], [ -73.949787929324998, 45.415393690751699 ], [ -73.949610154097897, 45.414437870447401 ], [ -73.949525462703903, 45.413865810088502 ], [ -73.951747585200906, 45.411387109596902 ], [ -73.952182039136702, 45.410902472607503 ], [ -73.953378328299294, 45.409495929671451 ], [ -73.953396992501752, 45.409497149823167 ], [ -73.954642439461892, 45.409405746672618 ], [ -73.955838629931762, 45.409144943614585 ], [ -73.956044246023495, 45.409066470528835 ], [ -73.956342206274797, 45.409330702069497 ], [ -73.9567743184666, 45.409713927863997 ], [ -73.956872951246297, 45.409630015300898 ], [ -73.957389998241993, 45.409109490583603 ], [ -73.957392225818197, 45.409107249593099 ], [ -73.957206926431994, 45.409016669909299 ], [ -73.957394109856693, 45.408886231936698 ], [ -73.957605230856203, 45.408747736118599 ], [ -73.957776390727801, 45.408635481901101 ], [ -73.957879522327005, 45.408571445727702 ], [ -73.957914394810757, 45.408536335360481 ], [ -73.958757072320708, 45.408214708469806 ], [ -73.95972045140735, 45.407651290387101 ], [ -73.960509253153134, 45.406966305590878 ], [ -73.960771012359146, 45.40661654349195 ], [ -73.960793616550902, 45.406789705381399 ] ] ] } },
{ "type": "Feature", "properties": { "arrondissement": "Beaconsfield", "pct_couverture": 3.6, "nb_bornes": 2 }, "geometry": { "type": "Polygon", "coordinates": [ [ [ -73.816262300625894, 45.392014190145197 ], [ -73.822179263166205, 45.385403013052901 ], [ -73.831818589627403, 45.390347541925301 ], [ -73.836874114736901, 45.392819839190203 ], [ -73.842930008598202, 45.395736545372898 ], [ -73.845013326710202, 45.396708783979598 ], [ -73.848318807992001, 45.398125438285497 ], [ -73.856208201339996, 45.401264506830998 ], [ -73.866569444383998, 45.404847889351203 ], [ -73.868402829973107, 45.405431275002996 ], [ -73.876125625046399, 45.4077090665672 ], [ -73.879125433247694, 45.408459152231003 ], [ -73.883792126591203, 45.409486961775102 ], [ -73.886215701251402, 45.409894748517203 ], [ -73.888820257644696, 45.410181454282302 ], [ -73.892015628059298, 45.410367890069402 ], [ -73.893436045009395, 45.410244434803602 ], [ -73.895669731629795, 45.414443581895199 ], [ -73.895628562487005, 45.414455755591298 ], [ -73.895666292023407, 45.414582790937501 ], [ -73.895783342944696, 45.414976892737499 ], [ -73.895850318153194, 45.4152023907303 ], [ -73.895919249265205, 45.415434472359301 ], [ -73.896010222970403, 45.415740765393203 ], [ -73.8960150561756, 45.415757037858903 ], [ -73.896100015908104, 45.416043081393397 ], [ -73.896121447687193, 45.416115237696999 ], [ -73.896095588633202, 45.416117998148501 ], [ -73.8961578951522, 45.416339464540002 ], [ -73.896179591891098, 45.416416584430202 ], [ -73.896240393942406, 45.416632696435201 ], [ -73.896263044373498, 45.416713203658198 ], [ -73.896321376245695, 45.416920533566199 ], [ -73.896346497739898, 45.417009822806897 ], [ -73.896390595666404, 45.4171665616228 ], [ -73.896429950712601, 45.417306441880697 ], [ -73.896492360331607, 45.417528260528996 ], [ -73.896513405847102, 45.417603060870697 ], [ -73.896568052389298, 45.417797286210302 ], [ -73.896605892696797, 45.417931777810701 ], [ -73.896643744821603, 45.418066312547502 ], [ -73.896682518879601, 45.418204123324699 ], [ -73.896719438378497, 45.418335338997998 ], [ -73.896763502713, 45.4184919473702 ], [ -73.896795132926002, 45.4186043646624 ], [ -73.896847150087694, 45.418789238480102 ], [ -73.896870827718999, 45.4188733908031 ], [ -73.896930420964793, 45.419085189135501 ], [ -73.896946523164502, 45.419142417148699 ], [ -73.897013691412695, 45.419381135217201 ], [ -73.897022219062706, 45.419411442521202 ], [ -73.897096962734494, 45.41967708032 ], [ -73.897097916141405, 45.4196804686636 ], [ -73.897175885880898, 45.419957565635002 ], [ -73.897180236220606, 45.419973026239198 ], [ -73.897251555912007, 45.420226490861197 ], [ -73.897346783277996, 45.420564917849397 ], [ -73.897389400724293, 45.420744593280602 ], [ -73.897463262457507, 45.421008299236298 ], [ -73.897504900899705, 45.421156960961703 ], [ -73.897538784198503, 45.421277933906701 ], [ -73.897614001256699, 45.421546474450103 ], [ -73.8976334729782, 45.421628260285999 ], [ -73.897678430941895, 45.421817093363103 ], [ -73.897720947169105, 45.421977313194297 ], [ -73.897741387435104, 45.422054340793402 ], [ -73.897815039618393, 45.422290092262102 ], [ -73.897817888610902, 45.422299787206498 ], [ -73.897884491187099, 45.422526430614603 ], [ -73.897896749182195, 45.422568384187102 ], [ -73.897953560365707, 45.422762822438997 ], [ -73.897974282888697, 45.422837162032501 ], [ -73.898019575249904, 45.422999642388099 ], [ -73.898049300456506, 45.423106277100501 ], [ -73.898085590692702, 45.423236462287299 ], [ -73.898125701930198, 45.423375206151 ], [ -73.898157861035202, 45.423486443224498 ], [ -73.898181359772494, 45.423646933394402 ], [ -73.898185175848496, 45.423672996115002 ], [ -73.898193165025802, 45.423727559820001 ], [ -73.898199457114202, 45.423750463512697 ], [ -73.898256853199598, 45.423959389004203 ], [ -73.898297991995193, 45.424124156843298 ], [ -73.898432574233297, 45.424554308797497 ], [ -73.8986142356828, 45.425134941099998 ], [ -73.898681511926497, 45.425349970122703 ], [ -73.898748788585394, 45.425564988369999 ], [ -73.899371138190901, 45.427919685748698 ], [ -73.899996577739699, 45.4302858697598 ], [ -73.900411945161594, 45.431857185177599 ], [ -73.900625773567299, 45.432666057009001 ], [ -73.9007862365672, 45.433273038895102 ], [ -73.901164850682903, 45.434705170990597 ], [ -73.901275289265001, 45.435122881741499 ], [ -73.901323090307898, 45.435303677171397 ], [ -73.900226205576701, 45.4356222462131 ], [ -73.900109322833003, 45.435180171811297 ], [ -73.899187417083894, 45.435391058043997 ], [ -73.897253336655297, 45.435833465516303 ], [ -73.896329365777902, 45.436044801581602 ], [ -73.893921847047693, 45.436595415331503 ], [ -73.893518767898101, 45.435393765705101 ], [ -73.891318734177403, 45.435916513456903 ], [ -73.889954287621606, 45.4362116941643 ], [ -73.889944533981605, 45.4362136122962 ], [ -73.888672301416705, 45.436463798296998 ], [ -73.888527605481897, 45.436492251876203 ], [ -73.888153683194204, 45.436570183004299 ], [ -73.8876554734411, 45.436674015313997 ], [ -73.887258697347704, 45.436756705914704 ], [ -73.886997916987994, 45.436811053286696 ], [ -73.886992711291398, 45.436811948650103 ], [ -73.886689151345706, 45.436864159522003 ], [ -73.886543769892199, 45.436889164118 ], [ -73.886317970322494, 45.436931890000103 ], [ -73.885866368874403, 45.4370173404319 ], [ -73.885921712385496, 45.437176833774302 ], [ -73.885942162604906, 45.437235768618002 ], [ -73.885975525125403, 45.4373319150383 ], [ -73.8856036515906, 45.437395870796102 ], [ -73.885540988545699, 45.4374066477451 ], [ -73.885348120939994, 45.437439817247203 ], [ -73.885187733150801, 45.437467400857699 ], [ -73.885113036760899, 45.437460828234798 ], [ -73.885100219243697, 45.437459700469503 ], [ -73.884859244388295, 45.437438498042901 ], [ -73.884816396162506, 45.437434727996298 ], [ -73.884618269706905, 45.437417294630301 ], [ -73.884584446963103, 45.437414318533499 ], [ -73.884352497928006, 45.437393908599098 ], [ -73.8843402099168, 45.4373928269289 ], [ -73.884210052476305, 45.437398100170803 ], [ -73.883979504346598, 45.437407440678598 ], [ -73.883703265094994, 45.437418630890498 ], [ -73.883652436232097, 45.437288211112602 ], [ -73.883590538949207, 45.437129391293396 ], [ -73.883577533806701, 45.437096021895101 ], [ -73.883555124204605, 45.437034395975601 ], [ -73.883533095823097, 45.436973816893698 ], [ -73.883480923816094, 45.436830341412602 ], [ -73.883477960075396, 45.436820574451303 ], [ -73.883476038693502, 45.436814242961702 ], [ -73.883440230373694, 45.436696244135099 ], [ -73.883417633236803, 45.436633492196897 ], [ -73.883405091067601, 45.4365986638728 ], [ -73.883331261299006, 45.436393646198198 ], [ -73.883266255443104, 45.436213130299699 ], [ -73.883254877363896, 45.436181534303003 ], [ -73.8832404455259, 45.436141457340703 ], [ -73.882982146118593, 45.436208982161098 ], [ -73.882723846097903, 45.436276507298501 ], [ -73.882678012122696, 45.436288489045602 ], [ -73.882465546729804, 45.436344030948902 ], [ -73.882277055139696, 45.436393304929098 ], [ -73.882207245464201, 45.436411554020701 ], [ -73.882057927205494, 45.436450587379497 ], [ -73.8819489448572, 45.4364790765053 ], [ -73.881838799095803, 45.436507869688299 ], [ -73.881690642358706, 45.4365465993111 ], [ -73.881474056508097, 45.436603215872601 ], [ -73.881432340512902, 45.436614120629798 ], [ -73.881135941932996, 45.436691599391501 ], [ -73.881198033502997, 45.436866574546698 ], [ -73.881211409779795, 45.436904269151498 ], [ -73.881278324740805, 45.437092838725597 ], [ -73.881295278096701, 45.437140612680501 ], [ -73.881342498939006, 45.437273679283599 ], [ -73.881358885396693, 45.437319855738203 ], [ -73.8813897180206, 45.4374067415417 ], [ -73.881423467826195, 45.437501847871999 ], [ -73.881447609157703, 45.437569876972198 ], [ -73.881498867503893, 45.437714320571899 ], [ -73.8815060675051, 45.437734609622197 ], [ -73.881565139650505, 45.437901070497702 ], [ -73.881578980447102, 45.437940072805901 ], [ -73.8816248263348, 45.438069261691702 ], [ -73.881654381296102, 45.438152544483202 ], [ -73.881685126348302, 45.438239180327699 ], [ -73.881734495490306, 45.438378296586798 ], [ -73.8817460894725, 45.438410966327297 ], [ -73.881807760230302, 45.438584743441297 ], [ -73.881841066963503, 45.438678595832201 ], [ -73.881870094257394, 45.438760390660498 ], [ -73.881898845798204, 45.438841408424999 ], [ -73.881766143385093, 45.438900416451098 ], [ -73.8815685092801, 45.438988297286102 ], [ -73.881530456870905, 45.439005217828303 ], [ -73.881370874254699, 45.439076177987801 ], [ -73.881232221258898, 45.439137831561801 ], [ -73.881173236117306, 45.439164059544296 ], [ -73.8809695406636, 45.439255457826597 ], [ -73.880861357400903, 45.439302737680798 ], [ -73.880771508516901, 45.439342688721403 ], [ -73.880724119698797, 45.439363760023497 ], [ -73.880630759071707, 45.4394052725563 ], [ -73.880615728962397, 45.439411955603397 ], [ -73.880532304801903, 45.439449049653597 ], [ -73.880424456357005, 45.439497003820698 ], [ -73.880316612050393, 45.439544956144097 ], [ -73.880233186441998, 45.439582050843597 ], [ -73.880125341787306, 45.439630003319799 ], [ -73.880051125804798, 45.439663003013301 ], [ -73.880017494374599, 45.439677956755702 ], [ -73.879934068282196, 45.439715050994501 ], [ -73.879825508803407, 45.439763320440697 ], [ -73.879765752553297, 45.439600103607098 ], [ -73.879702548342294, 45.4394274691128 ], [ -73.879673667048806, 45.439348583428902 ], [ -73.879634483022002, 45.439241556129801 ], [ -73.879575649163201, 45.439080857262603 ], [ -73.879566664695901, 45.439056316440698 ], [ -73.879502489973802, 45.438881024861601 ], [ -73.879501587199897, 45.4388785589421 ], [ -73.8794385535804, 45.438706386013003 ], [ -73.879421677048995, 45.438660288696497 ], [ -73.879354870386805, 45.438474894290998 ], [ -73.8792693731382, 45.438449651981799 ], [ -73.8792016341948, 45.438438434344199 ], [ -73.879156293331505, 45.438391184173703 ], [ -73.879164280463598, 45.438359650189497 ], [ -73.879106400036505, 45.438322618066202 ], [ -73.878999217571405, 45.438280031363199 ], [ -73.878931542281606, 45.438253137482299 ], [ -73.878844952495598, 45.438214164994903 ], [ -73.878736970676698, 45.438165581849397 ], [ -73.878688640163901, 45.438160092908497 ], [ -73.878610083113998, 45.438151171117603 ], [ -73.878453203126298, 45.438164513020901 ], [ -73.878298700268303, 45.438202304855501 ], [ -73.878215378083098, 45.438228005241598 ], [ -73.878205584384702, 45.438225640009897 ], [ -73.877955114248607, 45.4381965943737 ], [ -73.8778829749278, 45.438188228652002 ], [ -73.877874730551596, 45.438183432711199 ], [ -73.877830517886096, 45.438174223188703 ], [ -73.8777102542455, 45.438148480213997 ], [ -73.877711303891701, 45.438141862792499 ], [ -73.877650982109103, 45.4381314772682 ], [ -73.877518659377202, 45.438121566364202 ], [ -73.877399897091806, 45.438092690182401 ], [ -73.877347637182297, 45.4380709326961 ], [ -73.877297331995607, 45.4380499890176 ], [ -73.877265399836503, 45.438018071399902 ], [ -73.877243422427398, 45.438012848347498 ], [ -73.877130992671994, 45.437986088123502 ], [ -73.877057529808397, 45.437976994669199 ], [ -73.877022550282106, 45.438030048518499 ], [ -73.8770250488204, 45.438082205683003 ], [ -73.877026477650006, 45.438111159154502 ], [ -73.877001621181904, 45.438117520825003 ], [ -73.876854468500198, 45.438155182513398 ], [ -73.876774339624305, 45.438214831785999 ], [ -73.876766637948407, 45.4382345261889 ], [ -73.876744849969597, 45.438290425867599 ], [ -73.876662894320205, 45.438316081919801 ], [ -73.876626815077799, 45.438400661140001 ], [ -73.876503655907598, 45.438409297221199 ], [ -73.876470772546597, 45.438417865128798 ], [ -73.876320002086501, 45.438403091437998 ], [ -73.876160375651594, 45.438437261850098 ], [ -73.876090555169299, 45.438477224791399 ], [ -73.876084922410399, 45.438534791668502 ], [ -73.876057790980298, 45.438570369750899 ], [ -73.876010632606807, 45.438632209623002 ], [ -73.8759571994281, 45.438676576409598 ], [ -73.876014686352306, 45.4387985656872 ], [ -73.876044699263602, 45.438892645437797 ], [ -73.876092962594498, 45.439043933776901 ], [ -73.876112389348094, 45.439104618438101 ], [ -73.876163782214306, 45.439265157808798 ], [ -73.876170025044502, 45.439284658957 ], [ -73.876215096438003, 45.439425711511703 ], [ -73.876266552983196, 45.439586746643698 ], [ -73.876317860842207, 45.439747315717902 ], [ -73.876344558527606, 45.439831057191597 ], [ -73.8763688947124, 45.439907392511699 ], [ -73.876420086353505, 45.440067965423403 ], [ -73.876450505480705, 45.440163381123803 ], [ -73.876471277809102, 45.440228537435402 ], [ -73.876511773757102, 45.440355560606001 ], [ -73.876522473570503, 45.4403891111875 ], [ -73.876573295281702, 45.440548468994898 ], [ -73.876573682090694, 45.4405496795519 ], [ -73.876624984060399, 45.440710234073997 ], [ -73.876641707388103, 45.440762571360999 ], [ -73.876709968076099, 45.4409766993735 ], [ -73.876848812276293, 45.441412626034698 ], [ -73.8768616301751, 45.441452869266101 ], [ -73.875997720295302, 45.441616274377402 ], [ -73.875245185863704, 45.441758607800097 ], [ -73.875015056360496, 45.441826900244799 ], [ -73.872799490399004, 45.442564261927103 ], [ -73.872776896632402, 45.442541547791201 ], [ -73.872620471694205, 45.442384274282198 ], [ -73.8724863943999, 45.4422494687715 ], [ -73.872352316175395, 45.442114661519703 ], [ -73.872218241009705, 45.441979856536001 ], [ -73.872061820237406, 45.441822583483898 ], [ -73.871933554753994, 45.441693618295098 ], [ -73.871927743306003, 45.4416877751257 ], [ -73.871765961287693, 45.441525109398803 ], [ -73.871585856425199, 45.441344018714602 ], [ -73.871532606085694, 45.441371002153403 ], [ -73.871300430226, 45.441488477941398 ], [ -73.871082864195301, 45.441598560355601 ], [ -73.871068771933906, 45.4416056906162 ], [ -73.870858157106795, 45.441712254656302 ], [ -73.870802531243996, 45.441740399347097 ], [ -73.870652518029004, 45.441816300721698 ], [ -73.870535875221805, 45.441875317567302 ], [ -73.870431021741297, 45.4419283691525 ], [ -73.870269011527199, 45.442010339318003 ], [ -73.8700004864546, 45.442146200887002 ], [ -73.869956438233302, 45.442168487177703 ], [ -73.869732167764596, 45.442281956770501 ], [ -73.869502252270095, 45.442398280553903 ], [ -73.869481289789206, 45.442408886387 ], [ -73.8692826597254, 45.4425036283331 ], [ -73.869186481963197, 45.442549465747199 ], [ -73.868995660642895, 45.442636110065898 ], [ -73.868944988043395, 45.442659090192898 ], [ -73.868736352451194, 45.442757863401901 ], [ -73.868511902674399, 45.442864127654701 ], [ -73.868446738262406, 45.442807297774799 ], [ -73.868434724377494, 45.442810161290502 ], [ -73.868260810133194, 45.442643369294103 ], [ -73.868099910137701, 45.442471390270399 ], [ -73.868086726814298, 45.442457299125103 ], [ -73.867936897258701, 45.442300497464402 ], [ -73.867922858428898, 45.442286224225697 ], [ -73.867770177862198, 45.4421309837712 ], [ -73.867757430689693, 45.442116395903803 ], [ -73.867672821454605, 45.4420195669503 ], [ -73.867645787795297, 45.441991513763398 ], [ -73.867601105016803, 45.441942593989602 ], [ -73.867515323689403, 45.441854752820603 ], [ -73.867435415688206, 45.441772925307099 ], [ -73.867382818113697, 45.441719064617303 ], [ -73.867269697756598, 45.4416032258762 ], [ -73.867250311884405, 45.441583374459597 ], [ -73.867051917886599, 45.441380209843999 ], [ -73.866916762009097, 45.441233850149402 ], [ -73.866908130206596, 45.4412240316843 ], [ -73.8668193411918, 45.441123041091302 ], [ -73.866781252696597, 45.441083535671901 ], [ -73.8667605284095, 45.441062039037398 ], [ -73.866631050051595, 45.440924739087798 ], [ -73.8666257491181, 45.440919117919698 ], [ -73.8665015732917, 45.440787440548803 ], [ -73.8664705638068, 45.440754557653001 ], [ -73.866398528172098, 45.440678169957202 ], [ -73.866362469666001, 45.440639932867398 ], [ -73.866249692403599, 45.4405191706972 ], [ -73.866194927212703, 45.440460527902303 ], [ -73.866132192857606, 45.4403933957012 ], [ -73.866094111829099, 45.440352644995897 ], [ -73.865932922046099, 45.440188894198101 ], [ -73.865907176652598, 45.4401607847402 ], [ -73.865741957729398, 45.439980393782101 ], [ -73.865628848579206, 45.439856897033799 ], [ -73.865614986633005, 45.439842119021499 ], [ -73.865560533381299, 45.439785798176302 ], [ -73.865483451822996, 45.439706072718003 ], [ -73.865345037847504, 45.439571718282799 ], [ -73.865302452902299, 45.439530382150103 ], [ -73.865201299034695, 45.4394321950627 ], [ -73.865133381357296, 45.439357101556197 ], [ -73.864987234955194, 45.439195513254298 ], [ -73.864949662536205, 45.439153970993502 ], [ -73.864851597634299, 45.439046587117303 ], [ -73.864639527176905, 45.4391526822141 ], [ -73.864493316943197, 45.439225828145098 ], [ -73.864351346001598, 45.439297955148497 ], [ -73.864215416478402, 45.439367012532102 ], [ -73.864117511667203, 45.4394167516243 ], [ -73.864025828407307, 45.439463329794698 ], [ -73.863883676264393, 45.439535548225301 ], [ -73.8638362396958, 45.439559647642902 ], [ -73.863832915488999, 45.439561307662501 ], [ -73.8636455322507, 45.439654826822498 ], [ -73.863575611169594, 45.439689712543 ], [ -73.863454803590898, 45.439749986852597 ], [ -73.863264074294605, 45.439845147464403 ], [ -73.863196719017594, 45.439878752507397 ], [ -73.863143281242202, 45.439906273107603 ], [ -73.863074641244907, 45.439941622820797 ], [ -73.863014564944095, 45.439972561866497 ], [ -73.862885913903398, 45.440038816401703 ], [ -73.862734117708996, 45.440116989448903 ], [ -73.862697185907194, 45.440136008771397 ], [ -73.862567602973598, 45.4402027429444 ], [ -73.862507238851606, 45.440231963798801 ], [ -73.862419887478595, 45.440278250994297 ], [ -73.862320331382605, 45.440331005261903 ], [ -73.862133421980502, 45.4404300464236 ], [ -73.862070773021102, 45.440463257768897 ], [ -73.861907351765893, 45.440549889986499 ], [ -73.861792165910899, 45.440610951776399 ], [ -73.861816100822793, 45.440635318674197 ], [ -73.861689709756106, 45.440691004135999 ], [ -73.861441751478594, 45.440800250118699 ], [ -73.861391142053193, 45.440822547303803 ], [ -73.861226850716406, 45.4408949294845 ], [ -73.861143423219104, 45.440931685372099 ], [ -73.860995437150606, 45.4409968837534 ], [ -73.860895498302696, 45.441040597760903 ], [ -73.860780101003598, 45.441091073231398 ], [ -73.860647677160003, 45.441149624319003 ], [ -73.860588543160205, 45.441175770277702 ], [ -73.860429641553793, 45.441245188839503 ], [ -73.860235230768794, 45.441333284939503 ], [ -73.860009924800707, 45.441452492419998 ], [ -73.859548587194595, 45.441660406890598 ], [ -73.859204141681403, 45.441839926937199 ], [ -73.859141512783594, 45.441872567168303 ], [ -73.858949150649195, 45.441972822160402 ], [ -73.858919594146002, 45.441988226313903 ], [ -73.858606507137097, 45.442145739988902 ], [ -73.858494839736395, 45.442201919185699 ], [ -73.858242805393701, 45.442324754265798 ], [ -73.858241233999905, 45.442325557930502 ], [ -73.8582345975083, 45.442328952067697 ], [ -73.858176471405699, 45.442358679776802 ], [ -73.858042843880398, 45.442427022391399 ], [ -73.857880912725193, 45.442509840216701 ], [ -73.857801697344399, 45.4425503536375 ], [ -73.857598608956494, 45.4426542193941 ], [ -73.857560549231707, 45.4426736843496 ], [ -73.857322751098494, 45.442795301341803 ], [ -73.857310047401697, 45.442801798326002 ], [ -73.857075474385098, 45.442921764253398 ], [ -73.857057914595302, 45.442930744533101 ], [ -73.856830278458702, 45.4430481544373 ], [ -73.856806527824006, 45.443060405086797 ], [ -73.856762894699401, 45.443082911166798 ], [ -73.856584834504503, 45.443174306405403 ], [ -73.8565278594386, 45.443203550380098 ], [ -73.856339273707107, 45.443300346625797 ], [ -73.856248956421098, 45.443346704108102 ], [ -73.856127858357212, 45.4434088602776 ], [ -73.855780930716989, 45.443279712148424 ], [ -73.854580345140633, 45.443027411387398 ], [ -73.853332911527374, 45.442944824805792 ], [ -73.852086556960714, 45.443035125460234 ], [ -73.850889167114445, 45.443294843980908 ], [ -73.849786747712244, 45.443714001770765 ], [ -73.848821657968344, 45.444276494136389 ], [ -73.848030983682207, 45.444960708679488 ], [ -73.84762559276389, 45.445500181486153 ], [ -73.847622091455406, 45.445500152470501 ], [ -73.847574384688699, 45.445499757195599 ], [ -73.847388324851806, 45.445498215389598 ], [ -73.8472986514236, 45.445497471862403 ], [ -73.847154555699106, 45.445496276938101 ], [ -73.847028825749604, 45.445495234630897 ], [ -73.846920789121796, 45.445494338900197 ], [ -73.846756046948897, 45.445492972828298 ], [ -73.846687021279294, 45.445492400387799 ], [ -73.846483268161293, 45.445490709582401 ], [ -73.846453254722803, 45.445490460493097 ], [ -73.846219488185, 45.445488521019797 ], [ -73.846210489395503, 45.445488446314798 ], [ -73.845985719098195, 45.445486580176002 ], [ -73.845937709365003, 45.445486181697802 ], [ -73.845751953865005, 45.445484639741899 ], [ -73.845521635259203, 45.445482727097399 ], [ -73.845518186006004, 45.445482685339599 ], [ -73.845284433365606, 45.445479870154003 ], [ -73.845050678188898, 45.445477054497601 ], [ -73.844807912538599, 45.445474130252101 ], [ -73.844717682285406, 45.445473043247901 ], [ -73.844535154536999, 45.445470843757199 ], [ -73.844381266573293, 45.445468989146498 ], [ -73.844263378409096, 45.445467568202297 ], [ -73.844003012017197, 45.445465620672799 ], [ -73.843972868353703, 45.445465395053098 ], [ -73.843713758650594, 45.445463455326902 ], [ -73.843700135895503, 45.445463352755702 ], [ -73.843478685591194, 45.445461685147698 ], [ -73.843366040910098, 45.445460837075203 ], [ -73.843244226185703, 45.4454599198395 ], [ -73.843096230867303, 45.445458804014699 ], [ -73.842994427119393, 45.445458036339801 ], [ -73.842860147119396, 45.445457741190602 ], [ -73.842824071505703, 45.445457660501098 ], [ -73.842550687701106, 45.445457607455602 ], [ -73.8424240283247, 45.445457582660701 ], [ -73.842258459668798, 45.445457550264003 ], [ -73.841985661345902, 45.445457496352503 ], [ -73.841949407208205, 45.4454574891422 ], [ -73.841714908386095, 45.445457442005498 ], [ -73.841658626265101, 45.4454574306193 ], [ -73.841438274968098, 45.445457381954299 ], [ -73.841409865842905, 45.445457334853103 ], [ -73.841174549359195, 45.445456943732601 ], [ -73.840902902993705, 45.4454564913867 ], [ -73.840872756567705, 45.445456440977303 ], [ -73.840868070397306, 45.445456486141602 ], [ -73.840830425083794, 45.445456848949597 ], [ -73.840573510192201, 45.445459325874999 ], [ -73.840331923121994, 45.445461654871202 ], [ -73.840123065085805, 45.445463667241299 ], [ -73.840090337360394, 45.445463566720903 ], [ -73.839848762512204, 45.445462827962103 ], [ -73.839607188945706, 45.445462088688402 ], [ -73.8393656166554, 45.445461348000201 ], [ -73.839342433297006, 45.445461277399097 ], [ -73.839223166729198, 45.4454604158569 ], [ -73.839124045325406, 45.445459699747097 ], [ -73.838870791335594, 45.445457870577798 ], [ -73.838672668716896, 45.445456438906 ], [ -73.838617533028497, 45.445455958073403 ], [ -73.838364275538297, 45.445453751653197 ], [ -73.838330554663301, 45.445453457645698 ], [ -73.837268482180093, 45.442885935492903 ], [ -73.835478493384102, 45.438564146911403 ], [ -73.835458136553299, 45.438514992912097 ], [ -73.835391686272203, 45.438352631318097 ], [ -73.835305090705404, 45.438141042942803 ], [ -73.835218494511906, 45.437929454495901 ], [ -73.835034630303298, 45.437476662916801 ], [ -73.835008613178502, 45.437412591450602 ], [ -73.834912831050303, 45.437177979934802 ], [ -73.834880272511299, 45.437098230388202 ], [ -73.834847990029999, 45.437019156802002 ], [ -73.834828905143297, 45.436972409647701 ], [ -73.834816295485794, 45.436939965572101 ], [ -73.834754607514895, 45.436781244728301 ], [ -73.834749754891504, 45.436768759081602 ], [ -73.834691066621502, 45.436622893698903 ], [ -73.834668006962801, 45.4365655803891 ], [ -73.834627367440802, 45.436464574885299 ], [ -73.834586394554506, 45.4363627404787 ], [ -73.834563667857594, 45.436306254836303 ], [ -73.834506758351907, 45.436164809717098 ], [ -73.834499969200706, 45.436147935662397 ], [ -73.834425219744304, 45.4359621494321 ], [ -73.834411853569407, 45.435928926366998 ], [ -73.834392843157204, 45.435882738531902 ], [ -73.834386569623703, 45.435867496275897 ], [ -73.834306110218606, 45.435672008000097 ], [ -73.834246524666597, 45.435527234980199 ], [ -73.834176013329298, 45.435355913645097 ], [ -73.834154357434997, 45.435303296139203 ], [ -73.834129520791294, 45.435242950619802 ], [ -73.834069802625905, 45.435097853046599 ], [ -73.834067600153006, 45.435092501667498 ], [ -73.834002552655406, 45.434934454455203 ], [ -73.833986315617906, 45.434895002840797 ], [ -73.833959187615804, 45.434829088673297 ], [ -73.833915823191305, 45.434723723761998 ], [ -73.833903932689296, 45.434694832703997 ], [ -73.833872459024505, 45.4346183598214 ], [ -73.833829094451403, 45.434512994774799 ], [ -73.833822192406998, 45.434497340388099 ], [ -73.833782893788893, 45.434408208702799 ], [ -73.833736693144004, 45.434303422412199 ], [ -73.833735623400401, 45.434300824959301 ], [ -73.833693299390205, 45.434198063791399 ], [ -73.833654251931904, 45.434103257644097 ], [ -73.833628208658993, 45.434040025376198 ], [ -73.833572881040098, 45.433905691162302 ], [ -73.833563118363102, 45.433881987908102 ], [ -73.833497376732893, 45.433722370167501 ], [ -73.833491509441799, 45.433708124617802 ], [ -73.833431527621897, 45.433562488249301 ], [ -73.8334101396931, 45.4335105580031 ], [ -73.833328770515706, 45.433312991321998 ], [ -73.8333013490696, 45.433246410936498 ], [ -73.833247401909901, 45.433115424574503 ], [ -73.833235826168405, 45.4330873180214 ], [ -73.833170738567304, 45.432929281096399 ], [ -73.833166033875401, 45.4329178577606 ], [ -73.833127345977303, 45.432823920531398 ], [ -73.833084666412404, 45.432720290880198 ], [ -73.833083954639207, 45.432718562616799 ], [ -73.833040562685696, 45.432613202813897 ], [ -73.833003299520797, 45.432522723933403 ], [ -73.832997171141798, 45.432507843720302 ], [ -73.832953779442406, 45.432402484860702 ], [ -73.832921931917298, 45.432325156024 ], [ -73.832910387592506, 45.432297124912203 ], [ -73.832868406985696, 45.432195190385002 ], [ -73.832840566168599, 45.432127588944297 ], [ -73.832823606015594, 45.4320864070326 ], [ -73.832759200985905, 45.431930020898399 ], [ -73.832736651442303, 45.431875267452497 ], [ -73.832678544851703, 45.431732310345303 ], [ -73.832666990888598, 45.431703885106899 ], [ -73.832607510978406, 45.431557551295398 ], [ -73.832553091783495, 45.431397334966903 ], [ -73.8324990845054, 45.431265018309297 ], [ -73.832468403801201, 45.431189850966497 ], [ -73.832445292496701, 45.431133228383402 ], [ -73.832376942621906, 45.4309657707893 ], [ -73.832359225406904, 45.430922363773 ], [ -73.832316191752298, 45.430816931431998 ], [ -73.832285480887805, 45.430741689631901 ], [ -73.832229910685896, 45.430605540488202 ], [ -73.832204787273696, 45.430543986911097 ], [ -73.832186877937602, 45.430500108080899 ], [ -73.832143845778901, 45.430394676760599 ], [ -73.8321240942267, 45.430346284124802 ], [ -73.832100812995506, 45.430289244335199 ], [ -73.832043400468706, 45.430148581276796 ], [ -73.8320147478492, 45.430078379518598 ], [ -73.831971716449999, 45.429972948024499 ], [ -73.831963767895203, 45.429953473161703 ], [ -73.831928684465495, 45.429867515614198 ], [ -73.831900089473393, 45.429797455113501 ], [ -73.832269008174706, 45.429740363890602 ], [ -73.832169208710994, 45.429492319414599 ], [ -73.832090851458602, 45.429291440486999 ], [ -73.832011171757699, 45.429090729116098 ], [ -73.831853741706595, 45.428716427609601 ], [ -73.831821015095301, 45.4286380877246 ], [ -73.831805119997796, 45.428599973747701 ], [ -73.815729948413704, 45.392569698399697 ], [ -73.816262300625894, 45.392014190145197 ] ], [ [ -73.884274097955227, 45.421555057143379 ], [ -73.8846319333894, 45.420709818571915 ], [ -73.884748731269823, 45.419831658847968 ], [ -73.884620014200337, 45.418954325850365 ], [ -73.884250739723001, 45.418111534154981 ], [ -73.883655108125637, 45.417335669530459 ], [ -73.88285601532084, 45.416656544713021 ], [ -73.881884172037132, 45.416100254223061 ], [ -73.880776923312922, 45.415688172155768 ], [ -73.879576813706265, 45.415436131370406 ], [ -73.878329953303961, 45.415353815533066 ], [ -73.877084247175489, 45.415444387301292 ], [ -73.875887556093687, 45.415704366890495 ], [ -73.8747858589484, 45.416123765672729 ], [ -73.873821487215608, 45.41668646969287 ], [ -73.873031499115257, 45.417370858416028 ], [ -73.872446255796334, 45.418150635004281 ], [ -73.872088254217829, 45.418995836305406 ], [ -73.871971261631529, 45.419873983829106 ], [ -73.872099785075889, 45.420751331553909 ], [ -73.872468896486453, 45.421594162661883 ], [ -73.873064420400851, 45.422370085384138 ], [ -73.873863477300262, 45.423049278139651 ], [ -73.874835361922408, 45.423605636065027 ], [ -73.875942722935491, 45.424017774798685 ], [ -73.877142998686523, 45.424269852854373 ], [ -73.878390053794675, 45.424352180891958 ], [ -73.879635953548302, 45.424261594396533 ], [ -73.880832807696891, 45.424001575394747 ], [ -73.881934612525129, 45.423582118514766 ], [ -73.882899020163308, 45.423019346556558 ], [ -73.883688966925206, 45.42233489039797 ], [ -73.884274097955227, 45.421555057143379 ] ] ] } },
{ "type": "Feature", "properties": { "arrondissement": "Pointe-Claire", "pct_couverture": 8.7, "nb_bornes": 28 }, "geometry": { "type": "Polygon", "coordinates": [ [ [ -73.831805119997796, 45.428599973747701 ], [ -73.831821015095301, 45.4286380877246 ], [ -73.831853741706595, 45.428716427609601 ], [ -73.832011171757699, 45.429090729116098 ], [ -73.832090851458602, 45.429291440486999 ], [ -73.832169208710994, 45.429492319414599 ], [ -73.832269008174706, 45.429740363890602 ], [ -73.831900089473393, 45.429797455113501 ], [ -73.831928684465495, 45.429867515614198 ], [ -73.831963767895203, 45.429953473161703 ], [ -73.831971716449999, 45.429972948024499 ], [ -73.8320147478492, 45.430078379518598 ], [ -73.832043400468706, 45.430148581276796 ], [ -73.832100812995506, 45.430289244335199 ], [ -73.8321240942267, 45.430346284124802 ], [ -73.832143845778901, 45.430394676760599 ], [ -73.832186877937602, 45.430500108080899 ], [ -73.832204787273696, 45.430543986911097 ], [ -73.832229910685896, 45.430605540488202 ], [ -73.832285480887805, 45.430741689631901 ], [ -73.832316191752298, 45.430816931431998 ], [ -73.832359225406904, 45.430922363773 ], [ -73.832376942621906, 45.4309657707893 ], [ -73.832445292496701, 45.431133228383402 ], [ -73.832468403801201, 45.431189850966497 ], [ -73.8324990845054, 45.431265018309297 ], [ -73.832553091783495, 45.431397334966903 ], [ -73.832607510978406, 45.431557551295398 ], [ -73.832666990888598, 45.431703885106899 ], [ -73.832678544851703, 45.431732310345303 ], [ -73.832736651442303, 45.431875267452497 ], [ -73.832759200985905, 45.431930020898399 ], [ -73.832823606015594, 45.4320864070326 ], [ -73.832840566168599, 45.432127588944297 ], [ -73.832868406985696, 45.432195190385002 ], [ -73.832910387592506, 45.432297124912203 ], [ -73.832921931917298, 45.432325156024 ], [ -73.832953779442406, 45.432402484860702 ], [ -73.832997171141798, 45.432507843720302 ], [ -73.833003299520797, 45.432522723933403 ], [ -73.833040562685696, 45.432613202813897 ], [ -73.833083954639207, 45.432718562616799 ], [ -73.833084666412404, 45.432720290880198 ], [ -73.833127345977303, 45.432823920531398 ], [ -73.833166033875401, 45.4329178577606 ], [ -73.833170738567304, 45.432929281096399 ], [ -73.833235826168405, 45.4330873180214 ], [ -73.833247401909901, 45.433115424574503 ], [ -73.8333013490696, 45.433246410936498 ], [ -73.833328770515706, 45.433312991321998 ], [ -73.8334101396931, 45.4335105580031 ], [ -73.833431527621897, 45.433562488249301 ], [ -73.833491509441799, 45.433708124617802 ], [ -73.833497376732893, 45.433722370167501 ], [ -73.833563118363102, 45.433881987908102 ], [ -73.833572881040098, 45.433905691162302 ], [ -73.833628208658993, 45.434040025376198 ], [ -73.833654251931904, 45.434103257644097 ], [ -73.833693299390205, 45.434198063791399 ], [ -73.833735623400401, 45.434300824959301 ], [ -73.833736693144004, 45.434303422412199 ], [ -73.833782893788893, 45.434408208702799 ], [ -73.833822192406998, 45.434497340388099 ], [ -73.833829094451403, 45.434512994774799 ], [ -73.833872459024505, 45.4346183598214 ], [ -73.833903932689296, 45.434694832703997 ], [ -73.833915823191305, 45.434723723761998 ], [ -73.833959187615804, 45.434829088673297 ], [ -73.833986315617906, 45.434895002840797 ], [ -73.834002552655406, 45.434934454455203 ], [ -73.834067600153006, 45.435092501667498 ], [ -73.834069802625905, 45.435097853046599 ], [ -73.834129520791294, 45.435242950619802 ], [ -73.834154357434997, 45.435303296139203 ], [ -73.834176013329298, 45.435355913645097 ], [ -73.834246524666597, 45.435527234980199 ], [ -73.834306110218606, 45.435672008000097 ], [ -73.834386569623703, 45.435867496275897 ], [ -73.834392843157204, 45.435882738531902 ], [ -73.834411853569407, 45.435928926366998 ], [ -73.834425219744304, 45.4359621494321 ], [ -73.834499969200706, 45.436147935662397 ], [ -73.834506758351907, 45.436164809717098 ], [ -73.834563667857594, 45.436306254836303 ], [ -73.834586394554506, 45.4363627404787 ], [ -73.834627367440802, 45.436464574885299 ], [ -73.834668006962801, 45.4365655803891 ], [ -73.834691066621502, 45.436622893698903 ], [ -73.834749754891504, 45.436768759081602 ], [ -73.834754607514895, 45.436781244728301 ], [ -73.834816295485794, 45.436939965572101 ], [ -73.834828905143297, 45.436972409647701 ], [ -73.834847990029999, 45.437019156802002 ], [ -73.834880272511299, 45.437098230388202 ], [ -73.834912831050303, 45.437177979934802 ], [ -73.835008613178502, 45.437412591450602 ], [ -73.835034630303298, 45.437476662916801 ], [ -73.835218494511906, 45.437929454495901 ], [ -73.835305090705404, 45.438141042942803 ], [ -73.835391686272203, 45.438352631318097 ], [ -73.835458136553299, 45.438514992912097 ], [ -73.835478493384102, 45.438564146911403 ], [ -73.837268482180093, 45.442885935492903 ], [ -73.838330554663301, 45.445453457645698 ], [ -73.838111018059195, 45.445451543771497 ], [ -73.837891973658401, 45.445449633661397 ], [ -73.837857761574099, 45.445449499098501 ], [ -73.837585021143596, 45.445448427498903 ], [ -73.837331759438598, 45.445447431802698 ], [ -73.837243632839602, 45.445447085201302 ], [ -73.837078496460904, 45.445446435548803 ], [ -73.836825233483495, 45.445445437833499 ], [ -73.836571971795394, 45.445444440452697 ], [ -73.836318708834796, 45.445443442513998 ], [ -73.8359869055639, 45.4454453107303 ], [ -73.835949172433402, 45.445444881640597 ], [ -73.835577563448297, 45.445440655115 ], [ -73.835545552713199, 45.445439854583299 ], [ -73.835306317471193, 45.445433871472297 ], [ -73.835273762659796, 45.445433057263102 ], [ -73.834894089453698, 45.445423560754897 ], [ -73.834815163614707, 45.445422202278301 ], [ -73.8345907234728, 45.445418338886299 ], [ -73.834526406319199, 45.445417355794497 ], [ -73.834300226219995, 45.4454138983155 ], [ -73.834237625691202, 45.445412879307199 ], [ -73.833903900287396, 45.445407447494603 ], [ -73.833726035056301, 45.445404552353402 ], [ -73.833643706341505, 45.445403417885103 ], [ -73.833443916965706, 45.445400665528297 ], [ -73.833102202437004, 45.445395957479597 ], [ -73.832606104269303, 45.4453891199772 ], [ -73.832132600229997, 45.445377344624397 ], [ -73.832416468767207, 45.4457223987079 ], [ -73.8326437605336, 45.445998985109 ], [ -73.832760821917006, 45.446141433601099 ], [ -73.8328778838857, 45.446283881068098 ], [ -73.832994946445098, 45.446426328409899 ], [ -73.833112009595098, 45.446568775626503 ], [ -73.833248939836295, 45.446735398678001 ], [ -73.833293229714798, 45.446789291178497 ], [ -73.833385178804093, 45.446901723927297 ], [ -73.833521060201704, 45.447068194029697 ], [ -73.833715178430197, 45.447306009581403 ], [ -73.833843102477601, 45.447462729243703 ], [ -73.833996380999906, 45.447650509503802 ], [ -73.834072162128393, 45.447649855964798 ], [ -73.835811397221804, 45.449401251574301 ], [ -73.836155833686604, 45.449747514614899 ], [ -73.833857507557497, 45.449727526974698 ], [ -73.834094051256699, 45.449957989516498 ], [ -73.834646143562296, 45.450495879152797 ], [ -73.834796763696701, 45.450642622900098 ], [ -73.835257933427201, 45.451122466932503 ], [ -73.835853734364306, 45.4517423789205 ], [ -73.836099509809202, 45.451998095574297 ], [ -73.836356526790695, 45.452266509753798 ], [ -73.836725325769294, 45.452651658221598 ], [ -73.836877314446099, 45.452797689113297 ], [ -73.8369005402418, 45.452821110508403 ], [ -73.837134263145103, 45.453056800845701 ], [ -73.837445333074896, 45.453370485650403 ], [ -73.837516915228605, 45.453442668980998 ], [ -73.837713288532697, 45.453640690106504 ], [ -73.837739941930707, 45.453667566969898 ], [ -73.838016499731907, 45.453946444125101 ], [ -73.838320249306193, 45.454252735098898 ], [ -73.838623896693306, 45.454558918469402 ], [ -73.8388392235764, 45.4547760421543 ], [ -73.838927583397407, 45.454865138693599 ], [ -73.839307344328205, 45.455248060388101 ], [ -73.839637356222596, 45.455580813573299 ], [ -73.840170417719094, 45.456118309002697 ], [ -73.840529529355607, 45.456480360358597 ], [ -73.840652394986094, 45.456613073475602 ], [ -73.841064909025604, 45.4570586481871 ], [ -73.8411288818901, 45.4571277561895 ], [ -73.841187043918197, 45.457185721256799 ], [ -73.841412256506104, 45.457410177924402 ], [ -73.842686636028802, 45.458680291577501 ], [ -73.843801494952004, 45.459791349699799 ], [ -73.843989490791898, 45.459978688928601 ], [ -73.843997255516996, 45.459986530445597 ], [ -73.844251786247796, 45.460243960840899 ], [ -73.844390223062206, 45.4603840835927 ], [ -73.844840417840103, 45.460839794679899 ], [ -73.845235635311298, 45.4612398513203 ], [ -73.845250914372201, 45.461255315247698 ], [ -73.845888571876102, 45.461900768330203 ], [ -73.846304989656701, 45.462322269030999 ], [ -73.846417219094704, 45.462434910830297 ], [ -73.846551839721897, 45.4625700247664 ], [ -73.8460243585683, 45.462831156682597 ], [ -73.845847724977205, 45.462923987718597 ], [ -73.845818149028801, 45.462939525853002 ], [ -73.844465681220697, 45.463650363390698 ], [ -73.844434361316601, 45.463666741245198 ], [ -73.844310874133996, 45.463731324476598 ], [ -73.844053890307805, 45.4638657053655 ], [ -73.843949099724696, 45.463920504022497 ], [ -73.843861512659402, 45.463966305026801 ], [ -73.843773925505403, 45.464012114751199 ], [ -73.843686338156004, 45.464057915621197 ], [ -73.843598750664597, 45.464103716424098 ], [ -73.843511163031195, 45.464149517159903 ], [ -73.843423575255699, 45.464195317828398 ], [ -73.843318783449703, 45.464250115907603 ], [ -73.843229875863202, 45.464296614613502 ], [ -73.843060948446706, 45.464384945275398 ], [ -73.842937109475599, 45.464449695034098 ], [ -73.842904294880498, 45.464466859049701 ], [ -73.841334147523895, 45.465278987675902 ], [ -73.841318551623203, 45.4652871416504 ], [ -73.841195038272204, 45.465351717791499 ], [ -73.840880528586197, 45.4655161507348 ], [ -73.840754766430507, 45.465581901589303 ], [ -73.840667169966096, 45.4656276985217 ], [ -73.840579573143003, 45.465673495504603 ], [ -73.840491976368995, 45.465719292311903 ], [ -73.840404380880699, 45.465765088309901 ], [ -73.840316784421802, 45.465810884666098 ], [ -73.840208852742194, 45.465867312311197 ], [ -73.840161925901498, 45.465891846014102 ], [ -73.840053994422405, 45.465948273232399 ], [ -73.839966396005806, 45.465994070053199 ], [ -73.839878798263101, 45.466039866381401 ], [ -73.839791200952007, 45.4660856623439 ], [ -73.839703602988905, 45.4661314585016 ], [ -73.839616005393793, 45.4661772543298 ], [ -73.839490240230504, 45.466243003820097 ], [ -73.839176854975605, 45.466406839050897 ], [ -73.839052211267401, 45.466472001245997 ], [ -73.839036604420201, 45.466480160293798 ], [ -73.839027506156796, 45.466484864011399 ], [ -73.838902838410903, 45.4665493159712 ], [ -73.838574896371398, 45.466718857341803 ], [ -73.838449261301903, 45.466783808360603 ], [ -73.838361315411007, 45.466829274602503 ], [ -73.838273370844604, 45.466874740007498 ], [ -73.838147733615401, 45.466939691455103 ], [ -73.837822351897799, 45.467107904705102 ], [ -73.837698273099306, 45.467172049461098 ], [ -73.837686017161602, 45.467178385374098 ], [ -73.8376703523695, 45.467186483539699 ], [ -73.837537200467395, 45.467255318425799 ], [ -73.837529293844398, 45.467259405867097 ], [ -73.837219524248695, 45.467419913947602 ], [ -73.837105285657998, 45.467479106579901 ], [ -73.837011131415096, 45.467527892354703 ], [ -73.836916978615903, 45.467576677210403 ], [ -73.836802739480405, 45.4676358695041 ], [ -73.836483545442704, 45.467801256619403 ], [ -73.836350631757696, 45.467870123940202 ], [ -73.836321826001097, 45.467885049190201 ], [ -73.836313381733802, 45.467889424443698 ], [ -73.836050245904104, 45.468025763361197 ], [ -73.8358809489376, 45.468113480763002 ], [ -73.835786794275407, 45.468162264642402 ], [ -73.835692638558001, 45.4682110489058 ], [ -73.835598483557703, 45.468259832639099 ], [ -73.835565632066405, 45.468276853669302 ], [ -73.835504380494399, 45.468308667775098 ], [ -73.835410307860798, 45.468357529028502 ], [ -73.835316232922494, 45.468406391308399 ], [ -73.835222158573799, 45.468455253139901 ], [ -73.835128084189705, 45.468504114803501 ], [ -73.835034010318694, 45.468552976063698 ], [ -73.834939934895104, 45.468601837952498 ], [ -73.834845860545499, 45.468650699121298 ], [ -73.834751784770901, 45.468699560873297 ], [ -73.834657709445494, 45.468748422231101 ], [ -73.834563634837096, 45.468797283050002 ], [ -73.834469559237206, 45.4688461442258 ], [ -73.834362940279604, 45.468901519988499 ], [ -73.834263847797303, 45.468952986478399 ], [ -73.8341647540379, 45.469004453443397 ], [ -73.834065669213899, 45.469055915589699 ], [ -73.833966562827896, 45.469107388726798 ], [ -73.833805910779901, 45.469190826614501 ], [ -73.833568712656302, 45.4693140193869 ], [ -73.833491759882193, 45.4693539858661 ], [ -73.832568861480596, 45.469833297349197 ], [ -73.832071706460695, 45.4700918489144 ], [ -73.832029266730203, 45.470113920001701 ], [ -73.831690576438604, 45.4702994206095 ], [ -73.831664617475596, 45.470312403159603 ], [ -73.831261130671805, 45.470514192748297 ], [ -73.831173840285999, 45.470557989810601 ], [ -73.830539160975107, 45.470876429632597 ], [ -73.829904473702896, 45.4711948663466 ], [ -73.829743365448493, 45.471275696806501 ], [ -73.829520705029694, 45.4713873887248 ], [ -73.829269751780103, 45.471513269614498 ], [ -73.829181074350103, 45.471557750914201 ], [ -73.829019193958601, 45.471638951690302 ], [ -73.828860488420304, 45.471718560262403 ], [ -73.828670039391994, 45.4718140900832 ], [ -73.828635013915303, 45.471831658737798 ], [ -73.828479589714107, 45.471909618686801 ], [ -73.828414963305306, 45.471942034374401 ], [ -73.828289373494798, 45.4720053766614 ], [ -73.828105612847096, 45.472098057190998 ], [ -73.828011841769793, 45.472145349864 ], [ -73.828001034068095, 45.472150822865103 ], [ -73.827909319867203, 45.472197266704399 ], [ -73.827719482462896, 45.472293399673902 ], [ -73.827529644412195, 45.472389532328002 ], [ -73.827368291698093, 45.472471239542998 ], [ -73.827149972745701, 45.472581793072699 ], [ -73.827030373895994, 45.472642356075902 ], [ -73.826926631758198, 45.4726983275389 ], [ -73.826850331223397, 45.4727368587209 ], [ -73.826737634587204, 45.472793769510098 ], [ -73.826558950520905, 45.4728840028964 ], [ -73.8263689335637, 45.472979959552198 ], [ -73.826178914681805, 45.473075915895699 ], [ -73.826104299256102, 45.473113595250901 ], [ -73.825988895154097, 45.473171871923199 ], [ -73.825798876259597, 45.473267827631197 ], [ -73.825608854161302, 45.4733637830305 ], [ -73.825470955752806, 45.473433417421802 ], [ -73.825418833970005, 45.473459737206802 ], [ -73.825228811859006, 45.473555691970702 ], [ -73.825038789102294, 45.473651646418503 ], [ -73.824848766978803, 45.473747600546801 ], [ -73.824679269216304, 45.473833189523397 ], [ -73.824658742930396, 45.473843554362801 ], [ -73.824468716957298, 45.473939507866397 ], [ -73.8242786928963, 45.474035461046803 ], [ -73.824088666910498, 45.474131413914897 ], [ -73.823915120921498, 45.474219044472697 ], [ -73.823898641552702, 45.4742273655636 ], [ -73.823656055813103, 45.474349856568701 ], [ -73.823285312687403, 45.474537057050298 ], [ -73.823166525919902, 45.474597035985802 ], [ -73.823155079720394, 45.474602815623697 ], [ -73.8231148354526, 45.474623136522403 ], [ -73.822667050446597, 45.474849232843503 ], [ -73.822469745678205, 45.474948855146799 ], [ -73.822315855871594, 45.475026556818797 ], [ -73.822279714823594, 45.4750448050034 ], [ -73.822082409962306, 45.475144425734499 ], [ -73.821633796635197, 45.475370933349403 ], [ -73.821582926083806, 45.4753966178504 ], [ -73.821524122834006, 45.475426307490999 ], [ -73.821462341252897, 45.475457500813697 ], [ -73.821090431917, 45.475645276017801 ], [ -73.820860687310798, 45.4757612712514 ], [ -73.820670649708703, 45.475857218435898 ], [ -73.820480611460795, 45.475953165304396 ], [ -73.820290573845995, 45.4760491118532 ], [ -73.8201005330274, 45.476145058093202 ], [ -73.819940308227501, 45.476225950905899 ], [ -73.819862885762006, 45.476265039082499 ], [ -73.819587450845304, 45.476404096787597 ], [ -73.819309954768897, 45.476544193511401 ], [ -73.819148223444998, 45.476625844714398 ], [ -73.819049982934899, 45.476675441904 ], [ -73.818808587818395, 45.476797310937599 ], [ -73.818577290559304, 45.4769140806563 ], [ -73.818356527490593, 45.477025532142598 ], [ -73.818160144964594, 45.477124673772103 ], [ -73.817963764301993, 45.477223814157099 ], [ -73.817801878748199, 45.4773055395952 ], [ -73.817767382949697, 45.477322954204602 ], [ -73.817567833943798, 45.477423692749397 ], [ -73.817368280398895, 45.477524432755999 ], [ -73.817168729968898, 45.477625170603901 ], [ -73.817050938223502, 45.477684634147103 ], [ -73.816969176273801, 45.477725909010204 ], [ -73.816769624419607, 45.477826646161098 ], [ -73.816570071853405, 45.4779273829635 ], [ -73.816417387710899, 45.478004459681699 ], [ -73.816370517301095, 45.478028120320801 ], [ -73.816177296122405, 45.478125659737401 ], [ -73.815982491386407, 45.478223997771003 ], [ -73.815747211479604, 45.478342767320001 ], [ -73.815492584331295, 45.4780390205703 ], [ -73.815210642605393, 45.477763020086897 ], [ -73.815060496727895, 45.477616036780603 ], [ -73.814309657443303, 45.476880998134298 ], [ -73.813216461700605, 45.4758107636886 ], [ -73.813122113454398, 45.475718394740397 ], [ -73.813034478416, 45.475632597817402 ], [ -73.812612653527097, 45.475219616166697 ], [ -73.811643558134904, 45.475679890719398 ], [ -73.811229807478298, 45.4758763972889 ], [ -73.810894686217196, 45.476035557849301 ], [ -73.809672981237597, 45.476615771458498 ], [ -73.808211391252399, 45.477309879345903 ], [ -73.808115690662802, 45.477355326228697 ], [ -73.807251773386199, 45.477765581846803 ], [ -73.807187731319104, 45.477795993536802 ], [ -73.806599758257306, 45.478075200818502 ], [ -73.8061624091103, 45.478282878463801 ], [ -73.805951159684199, 45.478383194590002 ], [ -73.8050182084921, 45.478826216699197 ], [ -73.804657968088094, 45.478997277113898 ], [ -73.804011572365596, 45.479304213128401 ], [ -73.803777872447398, 45.479415182003997 ], [ -73.802395332605798, 45.480071639796599 ], [ -73.802182161562897, 45.480172997568403 ], [ -73.802136945108103, 45.480194497536999 ], [ -73.801217264646496, 45.480631772144399 ], [ -73.800409397689904, 45.481015871792103 ], [ -73.799765409050906, 45.481322283184397 ], [ -73.799552226423799, 45.481423715242101 ], [ -73.798081832353503, 45.482124953635001 ], [ -73.797887498784505, 45.482217630066899 ], [ -73.7978688516408, 45.482226518803998 ], [ -73.797579238089995, 45.482364571311102 ], [ -73.796987771604293, 45.482646506722702 ], [ -73.796144805147605, 45.483048314927501 ], [ -73.796039267026003, 45.483098620851301 ], [ -73.794868065323001, 45.481897167079303 ], [ -73.794701311643195, 45.481726100984403 ], [ -73.794566044147103, 45.481791628472202 ], [ -73.794397968078329, 45.481616630907617 ], [ -73.794911566086483, 45.48142180914639 ], [ -73.795877826344224, 45.480859772994719 ], [ -73.796669633085131, 45.480175920916601 ], [ -73.797256559947229, 45.479396536813169 ], [ -73.79761605804309, 45.478551575219058 ], [ -73.797734321528594, 45.47767350967306 ], [ -73.797606816712189, 45.476796084452879 ], [ -73.797238454590783, 45.475953017693307 ], [ -73.796643400439649, 45.475176705743038 ], [ -73.795844528029519, 45.474496978531299 ], [ -73.794872539661327, 45.473939953723466 ], [ -73.793764785977402, 45.473527033622879 ], [ -73.792563830951693, 45.473274083277872 ], [ -73.79131581715113, 45.473190821289904 ], [ -73.790068693942644, 45.473280446658471 ], [ -73.788870376515646, 45.473539515953732 ], [ -73.787766906210763, 45.473958075520365 ], [ -73.787269705700439, 45.47424725375749 ], [ -73.787267222203894, 45.474244745481101 ], [ -73.786645133718906, 45.473609481397098 ], [ -73.786626715380507, 45.473590678262902 ], [ -73.7865127654633, 45.473474335416697 ], [ -73.786149544869204, 45.4730950513651 ], [ -73.785617370538304, 45.472548653536698 ], [ -73.784405851139596, 45.471304657416603 ], [ -73.784225130372207, 45.4711191005226 ], [ -73.781609006617401, 45.468429268581197 ], [ -73.780286750556897, 45.467157292683197 ], [ -73.780348709726894, 45.467127605554801 ], [ -73.782440506272096, 45.466125201923496 ], [ -73.784619244880801, 45.465075239607799 ], [ -73.783320399130204, 45.463757746383003 ], [ -73.783050635561693, 45.463031804304201 ], [ -73.783032344378697, 45.462982577593898 ], [ -73.783031762209006, 45.462981032420103 ], [ -73.782671246805407, 45.462010826599403 ], [ -73.782575949089903, 45.461754358299601 ], [ -73.782480560749406, 45.461487548005401 ], [ -73.782099080105098, 45.460420551781098 ], [ -73.781691932741893, 45.459156353366701 ], [ -73.781464511604398, 45.458702788425803 ], [ -73.780908898398593, 45.4572268638114 ], [ -73.780067100621906, 45.454990605227202 ], [ -73.780057054657505, 45.454963924325597 ], [ -73.780020174011895, 45.454868669223899 ], [ -73.782282933480403, 45.454450319558298 ], [ -73.781667202969899, 45.452842415601197 ], [ -73.781558502066602, 45.452558527472803 ], [ -73.781395661615605, 45.452133265735 ], [ -73.781273857651698, 45.451822510704503 ], [ -73.7808075702157, 45.450632831198497 ], [ -73.780641578544603, 45.450209324724497 ], [ -73.780572706209497, 45.450026957622804 ], [ -73.780405751986805, 45.449584849747602 ], [ -73.778891688771907, 45.4456472752737 ], [ -73.778823048602007, 45.445469203551198 ], [ -73.778755075568398, 45.4454290342766 ], [ -73.778719979813602, 45.445329459519101 ], [ -73.778791664392898, 45.445284265601899 ], [ -73.778800942993897, 45.445216464039802 ], [ -73.778657052323396, 45.445038558105999 ], [ -73.7684654527379, 45.418585247105099 ], [ -73.769097771969101, 45.418467051207401 ], [ -73.769730087756002, 45.418348849715002 ], [ -73.770362400098506, 45.418230642627897 ], [ -73.770994708996398, 45.418112429946397 ], [ -73.771627014449507, 45.417994211670504 ], [ -73.772259316457706, 45.417875987800102 ], [ -73.772891615020697, 45.417757758335298 ], [ -73.773523910138394, 45.417639523276399 ], [ -73.774156201810598, 45.417521282623198 ], [ -73.774788490037196, 45.417403036375802 ], [ -73.776454964543703, 45.416958583882597 ], [ -73.778483208703904, 45.416319646588398 ], [ -73.782427718585595, 45.414930887497 ], [ -73.784372013514002, 45.414097573996798 ], [ -73.786483108211101, 45.413125307496799 ], [ -73.789677726198704, 45.411486372909899 ], [ -73.792372297061405, 45.409958690259501 ], [ -73.796289434324194, 45.407736443015203 ], [ -73.800539314155202, 45.405014253501399 ], [ -73.804067282014302, 45.402569754188498 ], [ -73.806761861465702, 45.400569796568398 ], [ -73.813706679233903, 45.394680852918199 ], [ -73.815729948413704, 45.392569698399697 ], [ -73.831805119997796, 45.428599973747701 ] ], [ [ -73.84040128902808, 45.465608499398108 ], [ -73.841192343025426, 45.464924339042334 ], [ -73.841778497821679, 45.464144726329238 ], [ -73.842137234209744, 45.463299624572144 ], [ -73.842254775620077, 45.462421512687861 ], [ -73.842126616104608, 45.461544136725962 ], [ -73.841757691807274, 45.46070121292027 ], [ -73.841162189589497, 45.459925132119864 ], [ -73.840363000420467, 45.459245715368063 ], [ -73.839390838753999, 45.458689068399899 ], [ -73.838283061875899, 45.458276579002359 ], [ -73.837082234641201, 45.458024095678724 ], [ -73.835834494703306, 45.457941319091447 ], [ -73.834587780910184, 45.458031429595245 ], [ -73.833389992730361, 45.458290965124796 ], [ -73.832287151183706, 45.45870995411363 ], [ -73.831321631696312, 45.45927229835516 ], [ -73.830530536573633, 45.459956391144814 ], [ -73.82994426949476, 45.460735947024638 ], [ -73.829585366760824, 45.461581011333656 ], [ -73.829467630266009, 45.462459110856194 ], [ -73.829595595658262, 45.463336501424628 ], [ -73.829964356347091, 45.464179464581434 ], [ -73.83055975037901, 45.464955603486693 ], [ -73.83135890325515, 45.465635088251133 ], [ -73.832331106046951, 45.46619180278541 ], [ -73.833438995207672, 45.466604349016208 ], [ -73.834639988788226, 45.466856869787918 ], [ -73.835887923810603, 45.466939658736941 ], [ -73.837134831726956, 45.466849533626615 ], [ -73.838332783515284, 45.466589958745935 ], [ -73.839435733247797, 45.466170911652256 ], [ -73.84040128902808, 45.465608499398108 ] ], [ [ -73.828756913162763, 45.431762530260158 ], [ -73.829115641756019, 45.430917464625779 ], [ -73.82923332088437, 45.430039360772618 ], [ -73.829105439287488, 45.429161964443232 ], [ -73.828736922411395, 45.428318992657545 ], [ -73.828141941447782, 45.427542838113077 ], [ -73.827343367328382, 45.426863324692199 ], [ -73.826371890872821, 45.426306561849728 ], [ -73.825264843043882, 45.425893941829472 ], [ -73.824064760694966, 45.42564131815675 ], [ -73.822817752872965, 45.425558396887872 ], [ -73.821571730310907, 45.425648363935949 ], [ -73.820374565931317, 45.425907762745219 ], [ -73.819272256794591, 45.426326626998666 ], [ -73.818307157872496, 45.426888863278158 ], [ -73.817516355306623, 45.427572869023159 ], [ -73.816930241524034, 45.428352362116982 ], [ -73.816571346919446, 45.429197390309191 ], [ -73.816453473055617, 45.430075481771695 ], [ -73.816581160839633, 45.430952892648307 ], [ -73.816949514331668, 45.431795903704426 ], [ -73.817544387213815, 45.432572116263955 ], [ -73.818342925008736, 45.433251697612292 ], [ -73.819314442426887, 45.433808527953218 ], [ -73.820421602269306, 45.434221204766935 ], [ -73.821621850629569, 45.434473865881841 ], [ -73.822869053187034, 45.434556799541369 ], [ -73.824115269561986, 45.434466817946067 ], [ -73.82531259732562, 45.434207379866379 ], [ -73.826415014543841, 45.433788457597842 ], [ -73.8273801497904, 45.433226153390926 ], [ -73.828170911393656, 45.432542080147442 ], [ -73.828756913162763, 45.431762530260158 ] ], [ [ -73.813537760511878, 45.445322098752925 ], [ -73.813537760511863, 45.445322098752925 ], [ -73.812586577761024, 45.445390678500573 ], [ -73.811388954674754, 45.445649983455311 ], [ -73.810286194935145, 45.44606876073383 ], [ -73.809320670820824, 45.446630920261661 ], [ -73.808529484807465, 45.447314862430197 ], [ -73.807943044056501, 45.44809430756893 ], [ -73.807583891531394, 45.448939305273562 ], [ -73.80746583871435, 45.449817384890572 ], [ -73.807593433400328, 45.450694803021207 ], [ -73.807961783239463, 45.45153784015325 ], [ -73.808556742065946, 45.452314096608454 ], [ -73.809355452109187, 45.452993737983967 ], [ -73.81032722146611, 45.453550642174477 ], [ -73.811434703257163, 45.453963403819102 ], [ -73.81263533120007, 45.454216157483053 ], [ -73.813882956379331, 45.454299187850189 ], [ -73.815129622163298, 45.454209303402394 ], [ -73.816327408840408, 45.453949959175645 ], [ -73.816742587303963, 45.453792287174018 ], [ -73.817693910697969, 45.453723674722433 ], [ -73.818891675206046, 45.453464303643827 ], [ -73.819994514630878, 45.453045443610343 ], [ -73.820960041312588, 45.452483194482305 ], [ -73.821751148532158, 45.451799167047277 ], [ -73.822337436816639, 45.451019651940456 ], [ -73.822696381817877, 45.450174608724865 ], [ -73.822814198938559, 45.449296514069765 ], [ -73.822686371626034, 45.448419113365972 ], [ -73.82231782325195, 45.447576123802186 ], [ -73.821722726229368, 45.446799938758652 ], [ -73.820923955958577, 45.446120383288289 ], [ -73.819952210801944, 45.445563568459463 ], [ -73.818844832048512, 45.445150888510945 ], [ -73.817644369264727, 45.444898199268167 ], [ -73.816396946109293, 45.444815209304778 ], [ -73.815150489265562, 45.444905107172033 ], [ -73.81395288833356, 45.445164438972085 ], [ -73.813537760511878, 45.445322098752925 ] ] ] } },
{ "type": "Feature", "properties": { "arrondissement": "L'Île-Bizard-Sainte-Geneviève", "pct_couverture": 8.8, "nb_bornes": 16 }, "geometry": { "type": "Polygon", "coordinates": [ [ [ -73.863960158185094, 45.483857726043503 ], [ -73.864556226721788, 45.484633682978341 ], [ -73.865356066347573, 45.485312925415379 ], [ -73.866328941730671, 45.485869346573885 ], [ -73.867437463460746, 45.486281559653513 ], [ -73.868619588808073, 45.486529641354508 ], [ -73.868389284721744, 45.486546348101442 ], [ -73.86719105056622, 45.486806238178922 ], [ -73.866087906562427, 45.487225552366603 ], [ -73.865122239762258, 45.487788179967545 ], [ -73.864331158143102, 45.488472503392927 ], [ -73.863745064882409, 45.489252228324077 ], [ -73.863386489622812, 45.490097393603037 ], [ -73.863269221695688, 45.490975522130547 ], [ -73.863397778761453, 45.491852868618665 ], [ -73.863767231505591, 45.492695716296616 ], [ -73.864363391385311, 45.493471672754644 ], [ -73.865163354468052, 45.494150915107944 ], [ -73.865720163641029, 45.494469324391368 ], [ -73.866112298703584, 45.494979683475833 ], [ -73.866912304200127, 45.495658913269494 ], [ -73.867108875558188, 45.495771313823234 ], [ -73.867304884584058, 45.496218378725914 ], [ -73.867901130408853, 45.496994315973438 ], [ -73.868701186013567, 45.497673532842249 ], [ -73.869674307766488, 45.498229923532413 ], [ -73.870783096786511, 45.49864210241293 ], [ -73.871984936519837, 45.498894226445685 ], [ -73.873233631446809, 45.498976604517168 ], [ -73.874481183795297, 45.498886070186806 ], [ -73.875679639762751, 45.498626103477719 ], [ -73.87678293403917, 45.49820669701343 ], [ -73.877748661490216, 45.497643971664537 ], [ -73.878539707699801, 45.496959556527642 ], [ -73.879125675568304, 45.496179757140936 ], [ -73.879484053095695, 45.495334543991106 ], [ -73.879601077527781, 45.494456400272057 ], [ -73.879472262805194, 45.493579073250451 ], [ -73.879102570266511, 45.492736277271376 ], [ -73.878891991583544, 45.49246230645921 ], [ -73.879504082906706, 45.492689808674207 ], [ -73.880705834172844, 45.492941841496588 ], [ -73.881954409582917, 45.493024124706004 ], [ -73.883201815960589, 45.492933495509185 ], [ -73.884400105117109, 45.492673437576393 ], [ -73.885503218157879, 45.492253947037788 ], [ -73.88646875691839, 45.49169114799512 ], [ -73.887259614238019, 45.4910066723765 ], [ -73.887845400278906, 45.490226828043241 ], [ -73.888203610029592, 45.489381587207667 ], [ -73.888320487182412, 45.488503434125775 ], [ -73.888191551335083, 45.487626116422213 ], [ -73.887821768476712, 45.486783348082518 ], [ -73.887225358464619, 45.486007513971863 ], [ -73.886425247146363, 45.485328425645562 ], [ -73.885452184397337, 45.48477217621226 ], [ -73.88434356210945, 45.484360138180215 ], [ -73.88314197760171, 45.484108142709076 ], [ -73.881893597605654, 45.484025871718892 ], [ -73.880646385547607, 45.484116486142668 ], [ -73.879448260032902, 45.484376504559222 ], [ -73.878345255043158, 45.484795936854375 ], [ -73.87808650701794, 45.484946744834154 ], [ -73.878038687291763, 45.484919403699351 ], [ -73.876930115689063, 45.484507293563105 ], [ -73.875728560598603, 45.484255220018959 ], [ -73.875464070317491, 45.484237772258759 ], [ -73.875778368390456, 45.483819458744016 ], [ -73.876136718864927, 45.482974254353508 ], [ -73.876253770980114, 45.482096112075084 ], [ -73.876211830896281, 45.481810285515053 ], [ -73.877067357341247, 45.481484966639826 ], [ -73.878032797301998, 45.480922238161256 ], [ -73.878823607338077, 45.480237819812366 ], [ -73.879409399423892, 45.479458017252504 ], [ -73.879767668309199, 45.478612801088317 ], [ -73.879884655406528, 45.4777346546283 ], [ -73.879755876081546, 45.476857325243948 ], [ -73.879386290302776, 45.476014527371568 ], [ -73.878790110350607, 45.475238647013462 ], [ -73.877990253230962, 45.474559497504345 ], [ -73.87701745905288, 45.474003174305828 ], [ -73.875909109391955, 45.473591052762067 ], [ -73.874707791096839, 45.473338967242277 ], [ -73.874456287078118, 45.473322370494238 ], [ -73.873980769944623, 45.473145545597561 ], [ -73.872779469594917, 45.472893439720494 ], [ -73.872440839561335, 45.472871087574191 ], [ -73.872907999137993, 45.472700377467099 ], [ -73.8733091513174, 45.472560469451103 ], [ -73.873595236518696, 45.472434425358003 ], [ -73.874416491572404, 45.472064116757402 ], [ -73.874668257064201, 45.4719504587042 ], [ -73.875285328930403, 45.471672318449698 ], [ -73.876180352397895, 45.4712985296878 ], [ -73.876167755840598, 45.471282454746699 ], [ -73.876632318651701, 45.471109785769002 ], [ -73.877106540752607, 45.470932654066502 ], [ -73.877356420761799, 45.470841211297099 ], [ -73.877962213388599, 45.470605906887897 ], [ -73.878288165909296, 45.470479306056397 ], [ -73.878355432009599, 45.470568602373703 ], [ -73.878553123153196, 45.470830986089403 ], [ -73.878614167317295, 45.470927297783803 ], [ -73.882000719708699, 45.475253896246002 ], [ -73.882207721991406, 45.474859846531501 ], [ -73.882624631008696, 45.474458467524101 ], [ -73.883245732594602, 45.474227823981998 ], [ -73.8840019288034, 45.473958628816902 ], [ -73.885620896248497, 45.473172255204297 ], [ -73.886044786127101, 45.472683542158201 ], [ -73.886716064331694, 45.471877733166998 ], [ -73.887557122637503, 45.471160627154902 ], [ -73.888525868782693, 45.470562122472302 ], [ -73.890172771243101, 45.470169619928299 ], [ -73.891862565516604, 45.469866228551602 ], [ -73.893553585445105, 45.469741372096699 ], [ -73.894693502018995, 45.469439832926703 ], [ -73.895536297321897, 45.4689905072198 ], [ -73.896419705527194, 45.468302948718502 ], [ -73.897177879500603, 45.467853904451502 ], [ -73.898231055329504, 45.467255024392202 ], [ -73.899031704710794, 45.466835580351997 ], [ -73.901211416555697, 45.465977027020699 ], [ -73.902724358292005, 45.465571719008899 ], [ -73.903644380302794, 45.465530378284399 ], [ -73.905078819096801, 45.465506253246801 ], [ -73.906539912337905, 45.4654248749018 ], [ -73.908163679900099, 45.465380990918803 ], [ -73.910165836356398, 45.465259538206404 ], [ -73.911301416492606, 45.465084032688601 ], [ -73.912551635627395, 45.464545577750101 ], [ -73.913902543183895, 45.464207371120999 ], [ -73.915120897839003, 45.464250566299597 ], [ -73.9165482164709, 45.4651024786018 ], [ -73.917231922068595, 45.4660523261959 ], [ -73.917375342998596, 45.467146995127202 ], [ -73.917654112443202, 45.468241169764298 ], [ -73.918152381747902, 45.468999315942099 ], [ -73.918560638407598, 45.469297808666497 ], [ -73.919131419703902, 45.469609987877099 ], [ -73.919620258259002, 45.469822470493 ], [ -73.919947426065207, 45.470135540273802 ], [ -73.9200921941529, 45.470492136247302 ], [ -73.920177330554097, 45.4710203725162 ], [ -73.920567753542002, 45.471647481602098 ], [ -73.920936179588793, 45.472046107987602 ], [ -73.921385291781206, 45.472373009178703 ], [ -73.922302660109494, 45.472869601250402 ], [ -73.923164482597201, 45.473583524141397 ], [ -73.923683831955898, 45.47424823787 ], [ -73.924038618714107, 45.474627857580501 ], [ -73.924738947568102, 45.475205588205498 ], [ -73.9250112782522, 45.4754188524036 ], [ -73.925520224439097, 45.475595521586698 ], [ -73.925959519740502, 45.475510553867302 ], [ -73.926415733537993, 45.475425522200197 ], [ -73.926974454867704, 45.475471052334498 ], [ -73.927346966230303, 45.475505371553602 ], [ -73.927820909639195, 45.475527406516399 ], [ -73.928548563529304, 45.475536582953303 ], [ -73.929106293783093, 45.475451159631596 ], [ -73.929783187368102, 45.475460518879302 ], [ -73.930376658722395, 45.475624943376999 ], [ -73.930901636025695, 45.475682485519897 ], [ -73.931425342686296, 45.475573371048199 ], [ -73.932839323605094, 45.474517550919103 ], [ -73.932852704692195, 45.474507483071498 ], [ -73.932867029766996, 45.474497801671703 ], [ -73.932882269110095, 45.474488567875298 ], [ -73.932898382777694, 45.474479841679901 ], [ -73.932915320627998, 45.474471680894801 ], [ -73.932933022595293, 45.474464140093602 ], [ -73.932951419222306, 45.474457269582899 ], [ -73.932970432446993, 45.4744511144265 ], [ -73.932989976632797, 45.474445713559199 ], [ -73.933009959813702, 45.4744410990251 ], [ -73.933030285119301, 45.474437295368801 ], [ -73.933050852333594, 45.474434319205898 ], [ -73.933071559535307, 45.4744321789846 ], [ -73.933092304763406, 45.474430874948801 ], [ -73.933112987652194, 45.4744303992982 ], [ -73.933133510980596, 45.474430736535702 ], [ -73.933153782089803, 45.474431863983803 ], [ -73.933173714127605, 45.474433752443197 ], [ -73.933193227091806, 45.474436366966302 ], [ -73.933212248650193, 45.474439667710698 ], [ -73.933241825916397, 45.474445885778501 ], [ -73.933271320063199, 45.474452336612501 ], [ -73.933300725555995, 45.474459019393201 ], [ -73.933330036882097, 45.474465933214503 ], [ -73.933359248553501, 45.4744730770838 ], [ -73.933388355111106, 45.474480449922702 ], [ -73.933417351127304, 45.4744880505677 ], [ -73.933446231210198, 45.474495877770003 ], [ -73.933474990006204, 45.474503930197201 ], [ -73.933503622203602, 45.474512206433502 ], [ -73.933532122535993, 45.4745207049802 ], [ -73.933560485785193, 45.474529424257803 ], [ -73.933588706784803, 45.474538362605301 ], [ -73.933616780423094, 45.474547518282797 ], [ -73.933644701645903, 45.474556889471501 ], [ -73.933672465460305, 45.474566474275797 ], [ -73.933700066936694, 45.474576270723702 ], [ -73.933727501212402, 45.474586276768697 ], [ -73.933754763494505, 45.474596490291198 ], [ -73.933781849061901, 45.474606909099499 ], [ -73.933809575392999, 45.474617949921601 ], [ -73.9338373829099, 45.474628894379698 ], [ -73.933865270596797, 45.474639742032998 ], [ -73.933893237431107, 45.4746504924479 ], [ -73.933921282384304, 45.4746611451978 ], [ -73.933949404421497, 45.474671699863499 ], [ -73.933977602501898, 45.474682156032699 ], [ -73.934005875578606, 45.474692513300802 ], [ -73.934034222599195, 45.474702771270302 ], [ -73.934062642505396, 45.474712929551202 ], [ -73.934091134233498, 45.474722987760799 ], [ -73.934119696714404, 45.474732945524202 ], [ -73.934148328873704, 45.474742802473799 ], [ -73.934177029632096, 45.474752558249698 ], [ -73.934205797904994, 45.474762212499499 ], [ -73.934234632603093, 45.474771764878597 ], [ -73.9342635326324, 45.474781215050001 ], [ -73.9342924968944, 45.474790562684802 ], [ -73.934321524286105, 45.474799807461402 ], [ -73.934350613700204, 45.4748089490664 ], [ -73.934386582447402, 45.474819148341098 ], [ -73.934422949320407, 45.4748288007235 ], [ -73.934459689179505, 45.474837895313598 ], [ -73.934496776110194, 45.474846421974 ], [ -73.934534183482697, 45.4748543713633 ], [ -73.934571884013494, 45.474861734966701 ], [ -73.934609849830494, 45.474868505123702 ], [ -73.934648052540993, 45.4748746750519 ], [ -73.934686463301901, 45.474880238868899 ], [ -73.934725052891594, 45.474885191610099 ], [ -73.934763791784803, 45.4748895292431 ], [ -73.934802650226999, 45.474893248678001 ], [ -73.934841598310896, 45.474896347776102 ], [ -73.934880606053198, 45.474898825352099 ], [ -73.934919643470806, 45.474900681174802 ], [ -73.934958680657502, 45.4749019159635 ], [ -73.934997687859493, 45.474902531380401 ], [ -73.935036635549494, 45.474902530019897 ], [ -73.935075494499998, 45.474901915394597 ], [ -73.935114235853803, 45.474900691917398 ], [ -73.935179379723095, 45.474897180652199 ], [ -73.935244511275002, 45.474892924907799 ], [ -73.935309604811593, 45.474887923868501 ], [ -73.935374634556993, 45.474882177302199 ], [ -73.935439574690506, 45.474875685564498 ], [ -73.935504399380903, 45.4748684496004 ], [ -73.935569082820095, 45.474860470945202 ], [ -73.935633599257002, 45.474851751724202 ], [ -73.935697923032194, 45.474842294651602 ], [ -73.935762028611293, 45.474832103027197 ], [ -73.9358258906191, 45.4748211807334 ], [ -73.9358894838726, 45.474809532229798 ], [ -73.935952783414706, 45.474797162547098 ], [ -73.936015764546397, 45.474784077280503 ], [ -73.936078402858598, 45.474770282580501 ], [ -73.936140674264493, 45.474755785144502 ], [ -73.936202555028999, 45.474740592205301 ], [ -73.936264021799701, 45.474724711521198 ], [ -73.936325051634995, 45.474708151361803 ], [ -73.936385622032802, 45.4746909204963 ], [ -73.936394852147799, 45.4746882533437 ], [ -73.936404102982493, 45.474685619682603 ], [ -73.936413374168396, 45.474683019631698 ], [ -73.936422665335002, 45.474680453306902 ], [ -73.936431976110299, 45.474677920821399 ], [ -73.9364413061204, 45.474675422285301 ], [ -73.936450654989798, 45.474672957806597 ], [ -73.936460022341507, 45.474670527490197 ], [ -73.936469407796693, 45.4746681314382 ], [ -73.936478810975203, 45.474665769750203 ], [ -73.936488231495503, 45.474663442522797 ], [ -73.936497668974297, 45.474661149849602 ], [ -73.936507123027496, 45.474658891822003 ], [ -73.936516593269104, 45.474656668527899 ], [ -73.936526079312301, 45.474654480052799 ], [ -73.936535580768805, 45.474652326479202 ], [ -73.936545097249507, 45.474650207886903 ], [ -73.936554628363695, 45.474648124352399 ], [ -73.9365641737202, 45.474646075949899 ], [ -73.936573732926405, 45.4746440627504 ], [ -73.936623957014305, 45.474633493639999 ], [ -73.936674113961999, 45.474622754898597 ], [ -73.936724202034895, 45.474611846843899 ], [ -73.936774219502595, 45.474600769805598 ], [ -73.936824164639006, 45.474589524125001 ], [ -73.936874035722497, 45.474578110154802 ], [ -73.936923831036097, 45.474566528259601 ], [ -73.936973548867599, 45.474554778815403 ], [ -73.937023187509993, 45.474542862209802 ], [ -73.937072745261602, 45.474530778841803 ], [ -73.937122220426005, 45.474518529121603 ], [ -73.937171611312493, 45.4745061134713 ], [ -73.937220916236399, 45.474493532323898 ], [ -73.937270133518794, 45.474480786123898 ], [ -73.937319261487204, 45.474467875326802 ], [ -73.937368298475306, 45.474454800399599 ], [ -73.937417242823699, 45.474441561820001 ], [ -73.937466092879703, 45.474428160077103 ], [ -73.937514846997303, 45.474414595671 ], [ -73.937563503538101, 45.474400869112401 ], [ -73.937585405251397, 45.474394536791301 ], [ -73.937607209163701, 45.474388010211001 ], [ -73.937628910076299, 45.474381290491202 ], [ -73.937650502824894, 45.474374378843301 ], [ -73.937671982284201, 45.474367276569303 ], [ -73.937693343371393, 45.474359985061497 ], [ -73.937714581050301, 45.4743525058012 ], [ -73.9377356903356, 45.4743448403581 ], [ -73.937756666296096, 45.4743369903887 ], [ -73.937777504059298, 45.474328957635798 ], [ -73.937798198814505, 45.474320743926597 ], [ -73.937818745817097, 45.474312351171598 ], [ -73.937839140391503, 45.474303781363403 ], [ -73.937859377935695, 45.474295036574297 ], [ -73.9378794539236, 45.474286118955398 ], [ -73.937899363909096, 45.474277030734697 ], [ -73.937919103529197, 45.474267774214901 ], [ -73.937938668507101, 45.474258351772001 ], [ -73.937958054655098, 45.474248765852799 ], [ -73.937977257878103, 45.474239018973201 ], [ -73.938042153423496, 45.474206211289797 ], [ -73.938107870055902, 45.474174106622698 ], [ -73.938174384673303, 45.474142719948702 ], [ -73.938241673448303, 45.474112065742503 ], [ -73.938309711856306, 45.474082157954797 ], [ -73.938378474704393, 45.474053009991799 ], [ -73.938447936162206, 45.474024634695901 ], [ -73.938518069793801, 45.473997044326502 ], [ -73.938588848591394, 45.473970250543402 ], [ -73.938660245009501, 45.4739442643898 ], [ -73.938732231000998, 45.4739190962772 ], [ -73.938804778053694, 45.473894755972204 ], [ -73.938877857227894, 45.473871252582803 ], [ -73.938951439194895, 45.473848594548102 ], [ -73.939025494276294, 45.473826789627601 ], [ -73.939099992483307, 45.4738058448931 ], [ -73.939174903557699, 45.473785766720802 ], [ -73.939250197011503, 45.473766560786402 ], [ -73.939325842168699, 45.473748232059599 ], [ -73.939401808205602, 45.473730784801901 ], [ -73.939753181196906, 45.473662344626803 ], [ -73.940104518618199, 45.473593812025896 ], [ -73.940455820395798, 45.473525187012598 ], [ -73.940807086456402, 45.4734564696004 ], [ -73.941158316726302, 45.473387659802697 ], [ -73.941509511132097, 45.473318757633002 ], [ -73.941860669600203, 45.473249763104903 ], [ -73.942211792057293, 45.473180676231998 ], [ -73.942562878429897, 45.473111497027901 ], [ -73.942913928644501, 45.473042225506198 ], [ -73.943264942627707, 45.472972861680802 ], [ -73.943615920306001, 45.472903405565198 ], [ -73.943966861606199, 45.472833857173299 ], [ -73.944317766454802, 45.472764216518897 ], [ -73.944668634778395, 45.472694483615903 ], [ -73.945019466503794, 45.472624658478097 ], [ -73.9453702615575, 45.472554741119502 ], [ -73.945721019866198, 45.472484731554097 ], [ -73.946071741356704, 45.4724146297958 ], [ -73.946422425955603, 45.472344435858702 ], [ -73.946773073589696, 45.472274149756899 ], [ -73.947123684185698, 45.472203771504503 ], [ -73.947474257670294, 45.472133301115697 ], [ -73.947824793970398, 45.472062738604599 ], [ -73.948175293012696, 45.471992083985597 ], [ -73.948525754724002, 45.471921337272903 ], [ -73.948876179031203, 45.471850498480698 ], [ -73.949226565860997, 45.4717795676234 ], [ -73.949576915140398, 45.471708544715597 ], [ -73.949927226796106, 45.471637429771498 ], [ -73.950277500755107, 45.4715662228055 ], [ -73.950627736944199, 45.471494923832502 ], [ -73.950977935290396, 45.471423532866503 ], [ -73.951328095720598, 45.471352049922402 ], [ -73.951678218161703, 45.471280475014801 ], [ -73.952028302540796, 45.471208808158302 ], [ -73.952378348784606, 45.471137049367698 ], [ -73.952728356820401, 45.471065198657598 ], [ -73.953078326574996, 45.470993256042703 ], [ -73.953428257975403, 45.470921221537999 ], [ -73.953778150948807, 45.470849095158201 ], [ -73.954128005422206, 45.470776876918301 ], [ -73.954477821322598, 45.470704566833099 ], [ -73.954827598577197, 45.470632164917703 ], [ -73.955177337113, 45.470559671186898 ], [ -73.955527036857106, 45.470487085656004 ], [ -73.955876697736798, 45.470414408339799 ], [ -73.956226319679004, 45.470341639253597 ], [ -73.956575902611107, 45.470268778412397 ], [ -73.956925446460303, 45.470195825831503 ], [ -73.957274951153593, 45.470122781526101 ], [ -73.957624416618302, 45.470049645511402 ], [ -73.957973842781698, 45.469976417802798 ], [ -73.958323229571107, 45.4699030984155 ], [ -73.9586725769136, 45.469829687365099 ], [ -73.9590218847366, 45.4697561846667 ], [ -73.959371152967293, 45.469682590335999 ], [ -73.959720381533202, 45.469608904388302 ], [ -73.960069570361497, 45.469535126839297 ], [ -73.960418719379604, 45.469461257704502 ], [ -73.960767828514903, 45.4693872969994 ], [ -73.961116897694694, 45.469313244739901 ], [ -73.9614659268465, 45.469239100941302 ], [ -73.961814915897705, 45.469164865619597 ], [ -73.962163864775704, 45.469090538790503 ], [ -73.962512773407994, 45.469016120469703 ], [ -73.9628616417221, 45.468941610673198 ], [ -73.963210469645404, 45.468867009416599 ], [ -73.963559257105501, 45.468792316715998 ], [ -73.963908004030003, 45.468717532587199 ], [ -73.964256710346206, 45.468642657046402 ], [ -73.964605375981904, 45.468567690109403 ], [ -73.964954000864594, 45.468492631792401 ], [ -73.965302584921901, 45.468417482111398 ], [ -73.965651128081404, 45.468342241082503 ], [ -73.965999630270801, 45.468266908721901 ], [ -73.9663480914177, 45.4681914850458 ], [ -73.966696511449697, 45.4681159700705 ], [ -73.967044890294702, 45.4680403638122 ], [ -73.967393227880194, 45.467964666287202 ], [ -73.967741524134098, 45.467888877512003 ], [ -73.968089778983995, 45.467812997502797 ], [ -73.968437992357707, 45.467737026276197 ], [ -73.968786164183001, 45.467660963848502 ], [ -73.9691342943877, 45.467584810236303 ], [ -73.969482382899699, 45.4675085654561 ], [ -73.969830429646706, 45.467432229524498 ], [ -73.970178434556701, 45.467355802458101 ], [ -73.970526397557407, 45.467279284273602 ], [ -73.970874318576804, 45.467202674987597 ], [ -73.971222197542801, 45.467125974616899 ], [ -73.971570034383404, 45.467049183178197 ], [ -73.971917829026395, 45.466972300688397 ], [ -73.972265581399895, 45.466895327164202 ], [ -73.972613291431799, 45.466818262622603 ], [ -73.972960959050098, 45.466741107080402 ], [ -73.973308584182902, 45.466663860554704 ], [ -73.973656166758303, 45.466586523062396 ], [ -73.974003706704195, 45.466509094620498 ], [ -73.974351235281603, 45.466431601505199 ], [ -73.972851163566006, 45.467376005664597 ], [ -73.972156678679795, 45.4678205675839 ], [ -73.970906792509894, 45.468681564570304 ], [ -73.969684246484206, 45.469625952092699 ], [ -73.969073316531507, 45.4701537546255 ], [ -73.967434233278496, 45.4715704033487 ], [ -73.965711909298605, 45.473431484076499 ], [ -73.964517493120397, 45.474959217105798 ], [ -73.9629342519506, 45.477209271853297 ], [ -73.961322876234107, 45.479375902565998 ], [ -73.960183776767906, 45.480820302168503 ], [ -73.958961625651895, 45.482348177707998 ], [ -73.957322515415399, 45.484292487793098 ], [ -73.955322689916997, 45.486598096550097 ], [ -73.953628237591502, 45.488514765700501 ], [ -73.951850177347694, 45.490375853115097 ], [ -73.949905832650501, 45.492348079976303 ], [ -73.948211231403405, 45.493931333350503 ], [ -73.9462388642702, 45.495847989793198 ], [ -73.944954724275803, 45.496910509003598 ], [ -73.941420205034802, 45.500121228309503 ], [ -73.938413929702307, 45.503080078453699 ], [ -73.935405698121599, 45.505839160409302 ], [ -73.934544232328903, 45.506562385340999 ], [ -73.933373550433103, 45.5075453254507 ], [ -73.930129570701396, 45.509255932498903 ], [ -73.927977500079507, 45.510163227409798 ], [ -73.923973536466804, 45.511576827467103 ], [ -73.919444365083706, 45.513741588576899 ], [ -73.915450905183107, 45.516703447691903 ], [ -73.912817553325596, 45.519160798163099 ], [ -73.910482161761706, 45.520967540432501 ], [ -73.907688263957297, 45.522276319935301 ], [ -73.903984217768993, 45.5234883637496 ], [ -73.9002779896623, 45.524400527528002 ], [ -73.8998787529965, 45.524460240830997 ], [ -73.898650768752702, 45.524643529099997 ], [ -73.896139091000705, 45.525546342420498 ], [ -73.894893788515404, 45.524467681557397 ], [ -73.893460662755601, 45.523459940533002 ], [ -73.892386387437597, 45.522788600825699 ], [ -73.8910111907431, 45.522250750483003 ], [ -73.890077011139496, 45.522012763740001 ], [ -73.8890895603313, 45.521980043332697 ], [ -73.887170360231295, 45.522107066448598 ], [ -73.885635369972704, 45.5222328472816 ], [ -73.884318847844099, 45.522237375061501 ], [ -73.883148149797194, 45.522181013059999 ], [ -73.882159532752397, 45.5219913791883 ], [ -73.8812984244923, 45.521716988062998 ], [ -73.880399525770997, 45.521285951480799 ], [ -73.879427927869401, 45.520891415566602 ], [ -73.878328787037603, 45.520605643655699 ], [ -73.877047948941595, 45.520477319451899 ], [ -73.875968592715097, 45.520384405130997 ], [ -73.873407256983299, 45.5201275983245 ], [ -73.871651518883098, 45.520061059729699 ], [ -73.870408129873596, 45.520053037778901 ], [ -73.869805113691896, 45.520127256845299 ], [ -73.869238096330704, 45.520105062625603 ], [ -73.868505851336394, 45.519986747746898 ], [ -73.867791932236798, 45.519844520691798 ], [ -73.866804477279402, 45.519835636091102 ], [ -73.865909157511695, 45.519886653499803 ], [ -73.864794648092499, 45.520034835994998 ], [ -73.864026767907205, 45.5200373765107 ], [ -73.863569112224496, 45.519978537511598 ], [ -73.863294070024494, 45.5198468543459 ], [ -73.8630914682998, 45.519618377475901 ], [ -73.862943457883404, 45.519341579920102 ], [ -73.862886978963999, 45.519112728285002 ], [ -73.862746608930294, 45.518594725435896 ], [ -73.862267432357996, 45.517993472353503 ], [ -73.861752557824005, 45.517536951806697 ], [ -73.860651677918099, 45.516937662591403 ], [ -73.859368334326405, 45.516363142608697 ], [ -73.858231432737696, 45.515836295007396 ], [ -73.857021799606201, 45.515357811197902 ], [ -73.856581219331702, 45.515069861358299 ], [ -73.856432114077904, 45.514612262419703 ], [ -73.856502671125497, 45.514250271759302 ], [ -73.856354035777699, 45.513816789641403 ], [ -73.856095237580604, 45.513407678338098 ], [ -73.8556916589678, 45.513191964090304 ], [ -73.855360786621105, 45.512903575990499 ], [ -73.854883043083007, 45.512543470590501 ], [ -73.854515197638506, 45.512183020353497 ], [ -73.854000348331695, 45.511678137421796 ], [ -73.853178477528203, 45.5114863866728 ], [ -73.853781836951796, 45.510814076111103 ], [ -73.854420128205405, 45.510002612088897 ], [ -73.855093457675196, 45.509381503292602 ], [ -73.8561395378848, 45.508806845887001 ], [ -73.857220812992296, 45.5084463437734 ], [ -73.858132320056697, 45.508014938781201 ], [ -73.858738623021395, 45.507513060375103 ], [ -73.858972614238795, 45.507036158256597 ], [ -73.858697656897206, 45.5063941950431 ], [ -73.858457319453805, 45.505871165375702 ], [ -73.858217137486307, 45.505371942712202 ], [ -73.858247674348306, 45.504848061845202 ], [ -73.858413941739201, 45.5043713721237 ], [ -73.858749041380406, 45.503822726958703 ], [ -73.859186159800501, 45.503345185971703 ], [ -73.859995241862606, 45.502795045665501 ], [ -73.860601472466598, 45.5022931571337 ], [ -73.861003793493197, 45.501672867846203 ], [ -73.861169116367705, 45.501053326657399 ], [ -73.861064201429002, 45.500529872828103 ], [ -73.860721542081706, 45.499888128632797 ], [ -73.859769051523898, 45.499176879640999 ], [ -73.859711709071476, 45.499129652028977 ], [ -73.85971905463623, 45.499074682163091 ], [ -73.859590537544108, 45.498197332522494 ], [ -73.85922111054056, 45.497354472069141 ], [ -73.858624979819496, 45.496578489211892 ], [ -73.857825060508972, 45.495899201224091 ], [ -73.857544037421988, 45.495738468688245 ], [ -73.857748260353404, 45.495492920245702 ], [ -73.858456870889, 45.494578727909598 ], [ -73.859003938729302, 45.494100840859403 ], [ -73.859339615823103, 45.4936533769013 ], [ -73.859843216292902, 45.492997059965298 ], [ -73.859925758406504, 45.492669433630802 ], [ -73.860387979434293, 45.492162046529003 ], [ -73.861074685980597, 45.491782900634703 ], [ -73.8610742448205, 45.491781950983203 ], [ -73.8607364684717, 45.491054835870401 ], [ -73.860760237824906, 45.491047511871997 ], [ -73.860782541653805, 45.4910341370772 ], [ -73.860822168501102, 45.491006107044299 ], [ -73.860839636833603, 45.490986815915498 ], [ -73.860876986342305, 45.490942606388401 ], [ -73.861024031750105, 45.490745713610103 ], [ -73.861076426359503, 45.490662826388302 ], [ -73.861094827085495, 45.490629151444203 ], [ -73.861278037193003, 45.490296881608103 ], [ -73.861290526266501, 45.4902805060483 ], [ -73.861308754702605, 45.490212107600399 ], [ -73.861314997567902, 45.4901606718864 ], [ -73.861323889731594, 45.490124966297401 ], [ -73.861308095248404, 45.490089426670302 ], [ -73.861189807332394, 45.4899335405008 ], [ -73.861112578241702, 45.4898564629977 ], [ -73.860972643367205, 45.4897695921672 ], [ -73.860862448548204, 45.4897421453107 ], [ -73.860742008035103, 45.489741945755902 ], [ -73.860628630152206, 45.4897364512453 ], [ -73.8605384694213, 45.489743308944099 ], [ -73.860436070827504, 45.4897589400152 ], [ -73.860397885433699, 45.489769965851799 ], [ -73.860330432187098, 45.489795478015402 ], [ -73.860199140533297, 45.4898569831619 ], [ -73.860184158698502, 45.489865861873497 ], [ -73.859586412421805, 45.488579015256001 ], [ -73.859507755034997, 45.488469242655 ], [ -73.859348250907601, 45.488219606795603 ], [ -73.859156287047497, 45.487922233314897 ], [ -73.8590460868229, 45.4877516442195 ], [ -73.858763054323404, 45.487313129334801 ], [ -73.858918785739803, 45.487181986722597 ], [ -73.859083736048802, 45.487042932476797 ], [ -73.859866999012198, 45.486383000081403 ], [ -73.860049443766201, 45.486229671035602 ], [ -73.860683508344295, 45.485704863679899 ], [ -73.860822935385499, 45.485588603315001 ], [ -73.861104126172904, 45.4853505736681 ], [ -73.861344774844198, 45.485165142095497 ], [ -73.861437256323597, 45.4850691266154 ], [ -73.862207823613602, 45.484276859860103 ], [ -73.862449675603898, 45.4840270971577 ], [ -73.862887445698604, 45.483713476397 ], [ -73.86343242593, 45.483315319249002 ], [ -73.863552704021004, 45.483222473768002 ], [ -73.863651877931517, 45.483154326874086 ], [ -73.863960158185094, 45.483857726043503 ] ] ] } },
{ "type": "Feature", "properties": { "arrondissement": "Dollard-des-Ormeaux", "pct_couverture": 12.0, "nb_bornes": 10 }, "geometry": { "type": "Polygon", "coordinates": [ [ [ -73.8485436224925, 45.464587773531001 ], [ -73.849158167183901, 45.465203295254703 ], [ -73.849615320856898, 45.465661153982602 ], [ -73.8498170086703, 45.465863151947502 ], [ -73.849898915719706, 45.465945188065703 ], [ -73.851106588097807, 45.467154661638602 ], [ -73.8512549023486, 45.467303199201403 ], [ -73.851841641624702, 45.467888298775698 ], [ -73.852047461881298, 45.468093531402701 ], [ -73.8531457267474, 45.469179889702801 ], [ -73.853367908224001, 45.4693996567106 ], [ -73.854561499121203, 45.4705984684729 ], [ -73.854624044966073, 45.470661191592626 ], [ -73.854237753131116, 45.470689173251174 ], [ -73.853039788635314, 45.470948914790412 ], [ -73.85193684752609, 45.471368092868232 ], [ -73.85097130905838, 45.471930602015085 ], [ -73.850180276273733, 45.472614829191514 ], [ -73.849594150465222, 45.473394483776175 ], [ -73.849235462516035, 45.474239607314139 ], [ -73.849118006077077, 45.475117724311382 ], [ -73.849246306042758, 45.47599508992532 ], [ -73.849615442970844, 45.476837986653344 ], [ -73.850030481418685, 45.477378579340133 ], [ -73.850006247084195, 45.477391043139299 ], [ -73.849817385033205, 45.477488161798902 ], [ -73.849582974693206, 45.477608715696697 ], [ -73.849372625760907, 45.477717727866199 ], [ -73.847236499796594, 45.478806527190699 ], [ -73.847077799988099, 45.478886159157497 ], [ -73.845839146504105, 45.479512322262103 ], [ -73.845902333148103, 45.479611078113898 ], [ -73.8459849556086, 45.479738344302604 ], [ -73.8461493054388, 45.479993160856999 ], [ -73.846313756052993, 45.480248108235699 ], [ -73.846396131699294, 45.480375497240402 ], [ -73.846708950481897, 45.480860703032498 ], [ -73.846786004413403, 45.480987730859397 ], [ -73.846752657260694, 45.481001984883498 ], [ -73.846720113745405, 45.481017129106597 ], [ -73.846688422346602, 45.481033142685597 ], [ -73.846945714164406, 45.4812385613806 ], [ -73.847134538956297, 45.481527054459796 ], [ -73.847278224516501, 45.481743240500997 ], [ -73.847438269985602, 45.481991169074497 ], [ -73.847455087917297, 45.481983561007603 ], [ -73.847662558721296, 45.482215791141698 ], [ -73.847601218645096, 45.482243561715798 ], [ -73.8476826935253, 45.482369758393503 ], [ -73.847634633976199, 45.4823915216788 ], [ -73.847844034543797, 45.482620389166499 ], [ -73.847795923467601, 45.482642118481401 ], [ -73.848004999607397, 45.482870599717998 ], [ -73.848081344014702, 45.482999060444101 ], [ -73.848033206909193, 45.483020754842798 ], [ -73.848244323418399, 45.483251566242103 ], [ -73.848196660607996, 45.483273083265502 ], [ -73.848428932287604, 45.483526880386499 ], [ -73.848540330347205, 45.483691694404101 ], [ -73.848576656066498, 45.483748078611399 ], [ -73.848613285233299, 45.483804910004103 ], [ -73.848645474099598, 45.483854865713703 ], [ -73.8486776617994, 45.483904830415803 ], [ -73.848711465229002, 45.483957285449797 ], [ -73.848745294361095, 45.484009749393302 ], [ -73.848777483461603, 45.484059705063302 ], [ -73.8488096713955, 45.484109669725697 ], [ -73.848856189640898, 45.484181866308703 ], [ -73.848902707955702, 45.484254054772997 ], [ -73.8489349216959, 45.484304019319602 ], [ -73.848950208642535, 45.484327747756652 ], [ -73.848491837991205, 45.484501895416606 ], [ -73.847526041509497, 45.485064374910202 ], [ -73.846734784030261, 45.485748577314745 ], [ -73.846148475481613, 45.486528212962696 ], [ -73.845789653772599, 45.487373324128789 ], [ -73.845672117700161, 45.488251435795945 ], [ -73.845800395226405, 45.489128803327446 ], [ -73.845818166563447, 45.489169379375973 ], [ -73.844572119277203, 45.489803949659198 ], [ -73.844535833802396, 45.489901671634698 ], [ -73.842507623143106, 45.490936054896103 ], [ -73.838615315514403, 45.492826753618097 ], [ -73.838250418351393, 45.493004323995599 ], [ -73.8378297986538, 45.493212120029497 ], [ -73.837458763861306, 45.493396274884397 ], [ -73.837061892067098, 45.4935896345944 ], [ -73.836104175794901, 45.494058446558 ], [ -73.835250245633901, 45.494505768954397 ], [ -73.835202493053004, 45.494527253407597 ], [ -73.8351952925387, 45.494530755135997 ], [ -73.835342971258001, 45.494722922628199 ], [ -73.835817847292802, 45.495340815851101 ], [ -73.836755735845003, 45.4965848935217 ], [ -73.837160889494598, 45.4971223217538 ], [ -73.837339887923704, 45.497359281057101 ], [ -73.837638970072803, 45.497696761315702 ], [ -73.837517754915098, 45.497766413834697 ], [ -73.8373356964522, 45.497871044690299 ], [ -73.837149052991904, 45.497978293835097 ], [ -73.836962410075003, 45.498085538171999 ], [ -73.836775792066206, 45.498192786627698 ], [ -73.836587627725706, 45.498300905882601 ], [ -73.836402527029605, 45.4984072791042 ], [ -73.836210077876103, 45.498517857027302 ], [ -73.835938252080794, 45.498674064319303 ], [ -73.835820057719801, 45.498735555354003 ], [ -73.835523056994205, 45.498271936745098 ], [ -73.835327161705294, 45.498366507881798 ], [ -73.834879825204197, 45.4985824509778 ], [ -73.834526483113905, 45.498753033103696 ], [ -73.834542402577696, 45.498774072524803 ], [ -73.834372317334001, 45.498863812547299 ], [ -73.8341851413565, 45.498962578259501 ], [ -73.833997964702405, 45.499061340065701 ], [ -73.833810786134904, 45.4991601051684 ], [ -73.833642717912696, 45.499248792585398 ], [ -73.833326161280297, 45.4993864948149 ], [ -73.8331223528224, 45.499475135474498 ], [ -73.833058337377693, 45.4995029851409 ], [ -73.832509511475394, 45.499726579998203 ], [ -73.832412751655895, 45.4997747710973 ], [ -73.832239042806194, 45.499861275434903 ], [ -73.832043578934602, 45.499958621075301 ], [ -73.832007475169505, 45.499977302390803 ], [ -73.831850998073307, 45.500057622714898 ], [ -73.831704387143802, 45.5001328786486 ], [ -73.831680035338096, 45.500144004839797 ], [ -73.831489656230801, 45.500230938868498 ], [ -73.831304312303004, 45.500315568772599 ], [ -73.8310752982309, 45.500420144910599 ], [ -73.830877066127996, 45.500510655956603 ], [ -73.830712108812094, 45.500585985347399 ], [ -73.829828431660303, 45.501047842986701 ], [ -73.829807546528301, 45.501057820464901 ], [ -73.829496557364706, 45.501206294983803 ], [ -73.829329842970694, 45.5012851125312 ], [ -73.829178878355705, 45.501356366256097 ], [ -73.828863116190902, 45.5015054035009 ], [ -73.828228021550601, 45.501796603616199 ], [ -73.827872979297595, 45.501969550931797 ], [ -73.827539738310307, 45.502127004113298 ], [ -73.8272263599236, 45.502275067145099 ], [ -73.826992615543801, 45.502385501192101 ], [ -73.826593967803802, 45.502573851369299 ], [ -73.826428732216897, 45.502616121396898 ], [ -73.826117204475096, 45.5026958311852 ], [ -73.826112513467805, 45.502697192542897 ], [ -73.826108007088607, 45.502698837723699 ], [ -73.826103721083896, 45.5027007522283 ], [ -73.826099687350606, 45.502702919768304 ], [ -73.826095936516793, 45.502705325858898 ], [ -73.826092496625193, 45.502707951523298 ], [ -73.826089391874405, 45.502710776896002 ], [ -73.826086649017, 45.5027137812042 ], [ -73.826084285833005, 45.502716941001196 ], [ -73.826082321381506, 45.502720232836701 ], [ -73.826080770878093, 45.502723632371598 ], [ -73.826079644414193, 45.5027271143814 ], [ -73.826078952065998, 45.502730650942297 ], [ -73.826078698806597, 45.502734216844402 ], [ -73.826078885754796, 45.502737784189499 ], [ -73.826079511480202, 45.502741326886103 ], [ -73.826080571993501, 45.502744818850097 ], [ -73.826082059455899, 45.502748232208901 ], [ -73.8261095231139, 45.502802727503898 ], [ -73.825942749205495, 45.502881513259602 ], [ -73.825831389788107, 45.502939811459498 ], [ -73.825619084831004, 45.503054535867797 ], [ -73.825497842435595, 45.503115361676798 ], [ -73.8250918241352, 45.503319083413203 ], [ -73.8249419298172, 45.503391405578299 ], [ -73.824472330287506, 45.503617937905503 ], [ -73.824002576497193, 45.503844557814702 ], [ -73.823286725241601, 45.504214058543099 ], [ -73.822544058078805, 45.504594610366503 ], [ -73.822119971350901, 45.504782690938498 ], [ -73.820719512980105, 45.505426830188597 ], [ -73.820465192050406, 45.505556223282099 ], [ -73.819479487540804, 45.506057430690198 ], [ -73.819245273773404, 45.506176523704902 ], [ -73.816179254082996, 45.503033417823403 ], [ -73.815757810642694, 45.502616494784696 ], [ -73.815673539548598, 45.502653129959597 ], [ -73.815533967028003, 45.502713806883001 ], [ -73.815299579375605, 45.502818643339701 ], [ -73.815119291615503, 45.502903909666799 ], [ -73.814954449258295, 45.502740266169297 ], [ -73.814841124345705, 45.502624929811702 ], [ -73.814618100429797, 45.502401022586199 ], [ -73.815177156839695, 45.502125658198302 ], [ -73.814988230435105, 45.501934078948999 ], [ -73.814427903967697, 45.5022100704089 ], [ -73.8142824567459, 45.5020640526566 ], [ -73.814204142171306, 45.501985426518601 ], [ -73.814062470562305, 45.5018370261079 ], [ -73.813837865617103, 45.501601741355103 ], [ -73.814362174262598, 45.501287604038602 ], [ -73.814336053580703, 45.501260030927497 ], [ -73.813978287224202, 45.500882478577203 ], [ -73.813844606039297, 45.500741405827199 ], [ -73.813735337469197, 45.500626088682402 ], [ -73.813614680745701, 45.500498754690703 ], [ -73.813385032936395, 45.500256404667503 ], [ -73.813242392478102, 45.500105870524102 ], [ -73.813026109372203, 45.4998776223579 ], [ -73.812808369641004, 45.499647818332797 ], [ -73.812664665308503, 45.499496166059998 ], [ -73.8124400868316, 45.499269631172098 ], [ -73.812304010940395, 45.499132377567904 ], [ -73.812167948501695, 45.4989951228618 ], [ -73.812031873959597, 45.498857873422502 ], [ -73.811895811570594, 45.4987206192855 ], [ -73.811759738322806, 45.498583364112903 ], [ -73.811623678537401, 45.498446109638202 ], [ -73.811471173841198, 45.498297335044903 ], [ -73.811241280082498, 45.498059063882799 ], [ -73.810890905678903, 45.497695919511401 ], [ -73.810111340048294, 45.496887945755702 ], [ -73.810029086077506, 45.496797195679903 ], [ -73.809062364469597, 45.497258437145099 ], [ -73.808878419032197, 45.497050204133203 ], [ -73.808194296138694, 45.497365552268903 ], [ -73.807367392731095, 45.497772639939299 ], [ -73.807166662651397, 45.497868608347098 ], [ -73.806965919088597, 45.497964575536798 ], [ -73.806765187642995, 45.498060543239397 ], [ -73.806363721423196, 45.498252477590299 ], [ -73.806156569689804, 45.498351510108797 ], [ -73.805950226386898, 45.498450158550703 ], [ -73.805743883641895, 45.498548806616597 ], [ -73.805557218744198, 45.498638042396003 ], [ -73.805331180627306, 45.498746100771903 ], [ -73.805118703273394, 45.498847681394402 ], [ -73.804906212358901, 45.498949261656101 ], [ -73.804693720678998, 45.499050841522603 ], [ -73.804481239744902, 45.499152420063503 ], [ -73.804268746534504, 45.499253999139803 ], [ -73.804056252558794, 45.499355577820999 ], [ -73.803843770613398, 45.499457156072999 ], [ -73.803631275107094, 45.499558733963902 ], [ -73.803418777556004, 45.499660311463103 ], [ -73.803206293314801, 45.499761888529797 ], [ -73.802993583645303, 45.499863566579798 ], [ -73.802780672832995, 45.499965341048203 ], [ -73.802567749765103, 45.500067120549502 ], [ -73.802354825923999, 45.500168898754197 ], [ -73.802141914115197, 45.500270677428098 ], [ -73.802060647584398, 45.500309521740597 ], [ -73.800705551745907, 45.499011276856898 ], [ -73.800152150049897, 45.499274196351301 ], [ -73.800123894256203, 45.4992876233757 ], [ -73.799984105777895, 45.499354033703 ], [ -73.799880897374095, 45.499404767037397 ], [ -73.799531510908196, 45.499571473645901 ], [ -73.799337864342206, 45.4996638679049 ], [ -73.799144217141802, 45.499756261835699 ], [ -73.798950570591401, 45.499848656334798 ], [ -73.798756922146097, 45.499941054108398 ], [ -73.798372590885705, 45.500124426365502 ], [ -73.798162523734405, 45.500224646960099 ], [ -73.797905353547407, 45.500347351133101 ], [ -73.797548114519699, 45.500517789379401 ], [ -73.797352243116094, 45.500611245167498 ], [ -73.797156358243896, 45.500704696154003 ], [ -73.796960485518596, 45.500798146771402 ], [ -73.796764612167905, 45.500891601552297 ], [ -73.796568726628195, 45.500985051527998 ], [ -73.796460878636594, 45.501036501079803 ], [ -73.796372851955894, 45.501078501138103 ], [ -73.796275050318101, 45.5011251615758 ], [ -73.796176976634499, 45.501171950412399 ], [ -73.796093023849295, 45.501212002328103 ], [ -73.795981087891803, 45.501265403883302 ], [ -73.795911008308096, 45.501298837361603 ], [ -73.795785211272303, 45.501358852486 ], [ -73.795728980718494, 45.501385677534003 ], [ -73.795589321212603, 45.501452301685802 ], [ -73.795546964056498, 45.5014725119877 ], [ -73.795393443318702, 45.501545754116002 ], [ -73.795364935345802, 45.501559351580099 ], [ -73.795197551956207, 45.501639201744403 ], [ -73.795182917562997, 45.501646185453801 ], [ -73.795001672740597, 45.501732649003898 ], [ -73.795000887731504, 45.501733024466198 ], [ -73.794818868827804, 45.501819857759997 ], [ -73.794805792899595, 45.501826100426698 ], [ -73.794636849391907, 45.501906696162798 ], [ -73.794609899589901, 45.501919547047599 ], [ -73.794454416439294, 45.501993113313503 ], [ -73.794413503832899, 45.502012467317698 ], [ -73.794271905756901, 45.502079454784997 ], [ -73.794217106125799, 45.502105382754401 ], [ -73.794089407340095, 45.502165801330896 ], [ -73.794020845652, 45.502198236309297 ], [ -73.793907197786694, 45.502252436590297 ], [ -73.793725264388101, 45.502339377694099 ], [ -73.793543367654607, 45.502426340908698 ], [ -73.793361457564103, 45.5025133038665 ], [ -73.793179546893896, 45.502600262935402 ], [ -73.792998010954705, 45.502687043482901 ], [ -73.792023786559596, 45.503152768493898 ], [ -73.790557161679004, 45.503853839175399 ], [ -73.790357713232694, 45.503948983716803 ], [ -73.790389656105702, 45.503968568588 ], [ -73.790466805451203, 45.504015886850198 ], [ -73.790543966419705, 45.5040632005311 ], [ -73.790621128815602, 45.504110517755301 ], [ -73.790733555511906, 45.504179464690502 ], [ -73.791056884182794, 45.504377736077601 ], [ -73.792136117242904, 45.5050563349903 ], [ -73.7922493029577, 45.505140664894903 ], [ -73.792261990826802, 45.505168040747499 ], [ -73.790777450087106, 45.504833496517001 ], [ -73.790670763464405, 45.504809448887102 ], [ -73.790528320415604, 45.5047773323287 ], [ -73.790430804666997, 45.504755347885101 ], [ -73.790333290273495, 45.504733363354603 ], [ -73.790235775932501, 45.504711374241502 ], [ -73.790138260410501, 45.504689389547302 ], [ -73.790040746243704, 45.504667404766401 ], [ -73.789943232152496, 45.504645419901898 ], [ -73.789845729653905, 45.504623434924703 ], [ -73.789713608672201, 45.504593646046899 ], [ -73.789564635319607, 45.504560060106897 ], [ -73.789461954639805, 45.504536910033501 ], [ -73.789174766638297, 45.504472157639597 ], [ -73.788976649689303, 45.504427486884701 ], [ -73.788832718571697, 45.504395033633401 ], [ -73.788715625412095, 45.504368633103098 ], [ -73.788598531081902, 45.504342232455699 ], [ -73.788481438140195, 45.5043158316846 ], [ -73.788363743147102, 45.504289291937603 ], [ -73.788246036746997, 45.5042627520981 ], [ -73.788128330452494, 45.504236211237099 ], [ -73.788124377283751, 45.504235319939852 ], [ -73.788133625979981, 45.504166770091828 ], [ -73.788006208356478, 45.503289338018831 ], [ -73.787637814624176, 45.502446244293431 ], [ -73.787042611288371, 45.501669886300085 ], [ -73.786243477864886, 45.500990095735403 ], [ -73.785271126692052, 45.50043299269614 ], [ -73.78416292235535, 45.500019982488055 ], [ -73.784052297578484, 45.499996683254629 ], [ -73.783991969772998, 45.499958728839196 ], [ -73.783921832694602, 45.499914600284299 ], [ -73.783851708525802, 45.499870472553702 ], [ -73.783753054371999, 45.499808409780698 ], [ -73.783654411928396, 45.4997463423935 ], [ -73.783584326717701, 45.499702244995397 ], [ -73.783514240332394, 45.499658146657197 ], [ -73.7833064027636, 45.4995273769105 ], [ -73.782924525551607, 45.499287104961503 ], [ -73.782190827544099, 45.499630882956097 ], [ -73.782112679770506, 45.499668787535001 ], [ -73.782037516897461, 45.499705245013516 ], [ -73.781712860635366, 45.499683568470708 ], [ -73.780646978926299, 45.499760043242475 ], [ -73.780616666736407, 45.499740777769098 ], [ -73.780563814789076, 45.499766010094476 ], [ -73.780465137159553, 45.49977309000694 ], [ -73.779266213955154, 45.500032058786182 ], [ -73.778162155627243, 45.50045052501639 ], [ -73.777756433971305, 45.50068632963908 ], [ -73.777488298660899, 45.500530814327298 ], [ -73.777448184119507, 45.500507545528301 ], [ -73.776982325471295, 45.500111563392799 ], [ -73.776771017813502, 45.500210781221099 ], [ -73.776311266292097, 45.499937784765102 ], [ -73.776064981295406, 45.499791544645397 ], [ -73.775859276788495, 45.499669398297101 ], [ -73.775425582921997, 45.499405702693799 ], [ -73.774763561136993, 45.498960037748397 ], [ -73.774177987673397, 45.498530438444703 ], [ -73.773620912666203, 45.4982013317086 ], [ -73.769707913462497, 45.495712085465797 ], [ -73.768426744054807, 45.494448364630202 ], [ -73.769887796473398, 45.493738298603397 ], [ -73.770230886755797, 45.493574422102299 ], [ -73.773979959831095, 45.491760392223497 ], [ -73.774256091241298, 45.491626773548603 ], [ -73.774466454236304, 45.491524979035802 ], [ -73.774702531783802, 45.4914107403579 ], [ -73.774938609000998, 45.491296500893498 ], [ -73.775100246139999, 45.491218282965903 ], [ -73.776053346515098, 45.4907568779469 ], [ -73.776311016126598, 45.490632134915103 ], [ -73.781341367511502, 45.488196613904599 ], [ -73.784398533405067, 45.486716197492377 ], [ -73.784634461951072, 45.4868514113342 ], [ -73.785742410991361, 45.48726441854059 ], [ -73.786943633415689, 45.4875174393325 ], [ -73.78819195745227, 45.487600748121515 ], [ -73.789439399595338, 45.487511142684212 ], [ -73.790638010276751, 45.487252067330367 ], [ -73.791741718226419, 45.486833480414745 ], [ -73.792708102386754, 45.4862714713028 ], [ -73.793500023070962, 45.485587641561949 ], [ -73.794087049537637, 45.484808274235824 ], [ -73.794446629072368, 45.483963323215228 ], [ -73.794564952703325, 45.483085261633583 ], [ -73.794437484430489, 45.482207833616961 ], [ -73.79430986103506, 45.481915730783285 ], [ -73.794315598193094, 45.4819129515569 ], [ -73.794566044147103, 45.481791628472202 ], [ -73.794701311643195, 45.481726100984403 ], [ -73.794868065323001, 45.481897167079303 ], [ -73.796039267026003, 45.483098620851301 ], [ -73.796144805147605, 45.483048314927501 ], [ -73.796987771604293, 45.482646506722702 ], [ -73.797579238089995, 45.482364571311102 ], [ -73.7978688516408, 45.482226518803998 ], [ -73.797887498784505, 45.482217630066899 ], [ -73.798081832353503, 45.482124953635001 ], [ -73.799552226423799, 45.481423715242101 ], [ -73.799765409050906, 45.481322283184397 ], [ -73.800409397689904, 45.481015871792103 ], [ -73.801217264646496, 45.480631772144399 ], [ -73.802136945108103, 45.480194497536999 ], [ -73.802182161562897, 45.480172997568403 ], [ -73.802395332605798, 45.480071639796599 ], [ -73.803777872447398, 45.479415182003997 ], [ -73.804011572365596, 45.479304213128401 ], [ -73.804657968088094, 45.478997277113898 ], [ -73.8050182084921, 45.478826216699197 ], [ -73.805951159684199, 45.478383194590002 ], [ -73.8061624091103, 45.478282878463801 ], [ -73.806599758257306, 45.478075200818502 ], [ -73.807187731319104, 45.477795993536802 ], [ -73.807251773386199, 45.477765581846803 ], [ -73.808115690662802, 45.477355326228697 ], [ -73.808211391252399, 45.477309879345903 ], [ -73.809672981237597, 45.476615771458498 ], [ -73.810894686217196, 45.476035557849301 ], [ -73.811229807478298, 45.4758763972889 ], [ -73.811643558134904, 45.475679890719398 ], [ -73.812612653527097, 45.475219616166697 ], [ -73.813034478416, 45.475632597817402 ], [ -73.813122113454398, 45.475718394740397 ], [ -73.813216461700605, 45.4758107636886 ], [ -73.814309657443303, 45.476880998134298 ], [ -73.815060496727895, 45.477616036780603 ], [ -73.815210642605393, 45.477763020086897 ], [ -73.815492584331295, 45.4780390205703 ], [ -73.815747211479604, 45.478342767320001 ], [ -73.815982491386407, 45.478223997771003 ], [ -73.816177296122405, 45.478125659737401 ], [ -73.816370517301095, 45.478028120320801 ], [ -73.816417387710899, 45.478004459681699 ], [ -73.816570071853405, 45.4779273829635 ], [ -73.816769624419607, 45.477826646161098 ], [ -73.816969176273801, 45.477725909010204 ], [ -73.817050938223502, 45.477684634147103 ], [ -73.817168729968898, 45.477625170603901 ], [ -73.817368280398895, 45.477524432755999 ], [ -73.817567833943798, 45.477423692749397 ], [ -73.817767382949697, 45.477322954204602 ], [ -73.817801878748199, 45.4773055395952 ], [ -73.817963764301993, 45.477223814157099 ], [ -73.818160144964594, 45.477124673772103 ], [ -73.818356527490593, 45.477025532142598 ], [ -73.818577290559304, 45.4769140806563 ], [ -73.818808587818395, 45.476797310937599 ], [ -73.819049982934899, 45.476675441904 ], [ -73.819148223444998, 45.476625844714398 ], [ -73.819309954768897, 45.476544193511401 ], [ -73.819587450845304, 45.476404096787597 ], [ -73.819862885762006, 45.476265039082499 ], [ -73.819940308227501, 45.476225950905899 ], [ -73.8201005330274, 45.476145058093202 ], [ -73.820290573845995, 45.4760491118532 ], [ -73.820480611460795, 45.475953165304396 ], [ -73.820670649708703, 45.475857218435898 ], [ -73.820860687310798, 45.4757612712514 ], [ -73.821090431917, 45.475645276017801 ], [ -73.821462341252897, 45.475457500813697 ], [ -73.821524122834006, 45.475426307490999 ], [ -73.821582926083806, 45.4753966178504 ], [ -73.821633796635197, 45.475370933349403 ], [ -73.822082409962306, 45.475144425734499 ], [ -73.822279714823594, 45.4750448050034 ], [ -73.822315855871594, 45.475026556818797 ], [ -73.822469745678205, 45.474948855146799 ], [ -73.822667050446597, 45.474849232843503 ], [ -73.8231148354526, 45.474623136522403 ], [ -73.823155079720394, 45.474602815623697 ], [ -73.823166525919902, 45.474597035985802 ], [ -73.823285312687403, 45.474537057050298 ], [ -73.823656055813103, 45.474349856568701 ], [ -73.823898641552702, 45.4742273655636 ], [ -73.823915120921498, 45.474219044472697 ], [ -73.824088666910498, 45.474131413914897 ], [ -73.8242786928963, 45.474035461046803 ], [ -73.824468716957298, 45.473939507866397 ], [ -73.824658742930396, 45.473843554362801 ], [ -73.824679269216304, 45.473833189523397 ], [ -73.824848766978803, 45.473747600546801 ], [ -73.825038789102294, 45.473651646418503 ], [ -73.825228811859006, 45.473555691970702 ], [ -73.825418833970005, 45.473459737206802 ], [ -73.825470955752806, 45.473433417421802 ], [ -73.825608854161302, 45.4733637830305 ], [ -73.825798876259597, 45.473267827631197 ], [ -73.825988895154097, 45.473171871923199 ], [ -73.826104299256102, 45.473113595250901 ], [ -73.826178914681805, 45.473075915895699 ], [ -73.8263689335637, 45.472979959552198 ], [ -73.826558950520905, 45.4728840028964 ], [ -73.826737634587204, 45.472793769510098 ], [ -73.826850331223397, 45.4727368587209 ], [ -73.826926631758198, 45.4726983275389 ], [ -73.827030373895994, 45.472642356075902 ], [ -73.827149972745701, 45.472581793072699 ], [ -73.827368291698093, 45.472471239542998 ], [ -73.827529644412195, 45.472389532328002 ], [ -73.827719482462896, 45.472293399673902 ], [ -73.827909319867203, 45.472197266704399 ], [ -73.828001034068095, 45.472150822865103 ], [ -73.828011841769793, 45.472145349864 ], [ -73.828105612847096, 45.472098057190998 ], [ -73.828289373494798, 45.4720053766614 ], [ -73.828414963305306, 45.471942034374401 ], [ -73.828479589714107, 45.471909618686801 ], [ -73.828635013915303, 45.471831658737798 ], [ -73.828670039391994, 45.4718140900832 ], [ -73.828860488420304, 45.471718560262403 ], [ -73.829019193958601, 45.471638951690302 ], [ -73.829181074350103, 45.471557750914201 ], [ -73.829269751780103, 45.471513269614498 ], [ -73.829520705029694, 45.4713873887248 ], [ -73.829743365448493, 45.471275696806501 ], [ -73.829904473702896, 45.4711948663466 ], [ -73.830539160975107, 45.470876429632597 ], [ -73.831173840285999, 45.470557989810601 ], [ -73.831261130671805, 45.470514192748297 ], [ -73.831664617475596, 45.470312403159603 ], [ -73.831690576438604, 45.4702994206095 ], [ -73.832029266730203, 45.470113920001701 ], [ -73.832071706460695, 45.4700918489144 ], [ -73.832568861480596, 45.469833297349197 ], [ -73.833491759882193, 45.4693539858661 ], [ -73.833568712656302, 45.4693140193869 ], [ -73.833805910779901, 45.469190826614501 ], [ -73.833966562827896, 45.469107388726798 ], [ -73.834065669213899, 45.469055915589699 ], [ -73.8341647540379, 45.469004453443397 ], [ -73.834263847797303, 45.468952986478399 ], [ -73.834362940279604, 45.468901519988499 ], [ -73.834469559237206, 45.4688461442258 ], [ -73.834563634837096, 45.468797283050002 ], [ -73.834657709445494, 45.468748422231101 ], [ -73.834751784770901, 45.468699560873297 ], [ -73.834845860545499, 45.468650699121298 ], [ -73.834939934895104, 45.468601837952498 ], [ -73.835034010318694, 45.468552976063698 ], [ -73.835128084189705, 45.468504114803501 ], [ -73.835222158573799, 45.468455253139901 ], [ -73.835316232922494, 45.468406391308399 ], [ -73.835410307860798, 45.468357529028502 ], [ -73.835504380494399, 45.468308667775098 ], [ -73.835565632066405, 45.468276853669302 ], [ -73.835598483557703, 45.468259832639099 ], [ -73.835692638558001, 45.4682110489058 ], [ -73.835786794275407, 45.468162264642402 ], [ -73.8358809489376, 45.468113480763002 ], [ -73.836050245904104, 45.468025763361197 ], [ -73.836313381733802, 45.467889424443698 ], [ -73.836321826001097, 45.467885049190201 ], [ -73.836350631757696, 45.467870123940202 ], [ -73.836483545442704, 45.467801256619403 ], [ -73.836802739480405, 45.4676358695041 ], [ -73.836916978615903, 45.467576677210403 ], [ -73.837011131415096, 45.467527892354703 ], [ -73.837105285657998, 45.467479106579901 ], [ -73.837219524248695, 45.467419913947602 ], [ -73.837529293844398, 45.467259405867097 ], [ -73.837537200467395, 45.467255318425799 ], [ -73.8376703523695, 45.467186483539699 ], [ -73.837686017161602, 45.467178385374098 ], [ -73.837698273099306, 45.467172049461098 ], [ -73.837822351897799, 45.467107904705102 ], [ -73.838147733615401, 45.466939691455103 ], [ -73.838273370844604, 45.466874740007498 ], [ -73.838361315411007, 45.466829274602503 ], [ -73.838449261301903, 45.466783808360603 ], [ -73.838574896371398, 45.466718857341803 ], [ -73.838902838410903, 45.4665493159712 ], [ -73.839027506156796, 45.466484864011399 ], [ -73.839036604420201, 45.466480160293798 ], [ -73.839052211267401, 45.466472001245997 ], [ -73.839176854975605, 45.466406839050897 ], [ -73.839490240230504, 45.466243003820097 ], [ -73.839616005393793, 45.4661772543298 ], [ -73.839703602988905, 45.4661314585016 ], [ -73.839791200952007, 45.4660856623439 ], [ -73.839878798263101, 45.466039866381401 ], [ -73.839966396005806, 45.465994070053199 ], [ -73.840053994422405, 45.465948273232399 ], [ -73.840161925901498, 45.465891846014102 ], [ -73.840208852742194, 45.465867312311197 ], [ -73.840316784421802, 45.465810884666098 ], [ -73.840404380880699, 45.465765088309901 ], [ -73.840491976368995, 45.465719292311903 ], [ -73.840579573143003, 45.465673495504603 ], [ -73.840667169966096, 45.4656276985217 ], [ -73.840754766430507, 45.465581901589303 ], [ -73.840880528586197, 45.4655161507348 ], [ -73.841195038272204, 45.465351717791499 ], [ -73.841318551623203, 45.4652871416504 ], [ -73.841334147523895, 45.465278987675902 ], [ -73.842904294880498, 45.464466859049701 ], [ -73.842937109475599, 45.464449695034098 ], [ -73.843060948446706, 45.464384945275398 ], [ -73.843229875863202, 45.464296614613502 ], [ -73.843318783449703, 45.464250115907603 ], [ -73.843423575255699, 45.464195317828398 ], [ -73.843511163031195, 45.464149517159903 ], [ -73.843598750664597, 45.464103716424098 ], [ -73.843686338156004, 45.464057915621197 ], [ -73.843773925505403, 45.464012114751199 ], [ -73.843861512659402, 45.463966305026801 ], [ -73.843949099724696, 45.463920504022497 ], [ -73.844053890307805, 45.4638657053655 ], [ -73.844310874133996, 45.463731324476598 ], [ -73.844434361316601, 45.463666741245198 ], [ -73.844465681220697, 45.463650363390698 ], [ -73.845818149028801, 45.462939525853002 ], [ -73.845847724977205, 45.462923987718597 ], [ -73.8460243585683, 45.462831156682597 ], [ -73.846551839721897, 45.4625700247664 ], [ -73.8485436224925, 45.464587773531001 ] ], [ [ -73.814312131817559, 45.480745888407014 ], [ -73.813512968577541, 45.480066286205762 ], [ -73.812540710887163, 45.479509413004628 ], [ -73.811432719730746, 45.479096665280757 ], [ -73.810231568200251, 45.478843901459449 ], [ -73.808983406407364, 45.478760832976562 ], [ -73.807736189401624, 45.478850651398581 ], [ -73.80653783597532, 45.4791099058802 ], [ -73.805434388853953, 45.479528635652755 ], [ -73.804468246719324, 45.480090752470772 ], [ -73.803676535791581, 45.480774658371281 ], [ -73.803320008979398, 45.481248172601383 ], [ -73.803308419257732, 45.481252570189632 ], [ -73.802342226513289, 45.481814668985898 ], [ -73.8015504657496, 45.482498560071647 ], [ -73.800963566216865, 45.483277965744541 ], [ -73.800604088518625, 45.484122937121676 ], [ -73.800485856649203, 45.485001004565085 ], [ -73.800613425304405, 45.485878425146076 ], [ -73.80098190315573, 45.486721479258605 ], [ -73.801577139136839, 45.487497766570279 ], [ -73.80237626484012, 45.488177451489115 ], [ -73.80334857239562, 45.488734410231984 ], [ -73.80445669423969, 45.489147235336539 ], [ -73.805658039483831, 45.489400058924481 ], [ -73.806906431631162, 45.489483162988719 ], [ -73.808153884555878, 45.489393353176808 ], [ -73.809352448276044, 45.489134081656125 ], [ -73.810037282838948, 45.488874218453752 ], [ -73.810171691046975, 45.488883162080484 ], [ -73.81141912535243, 45.488793316648923 ], [ -73.812617661196811, 45.488534010913249 ], [ -73.813721230190495, 45.48811521208529 ], [ -73.814687416623144, 45.487553017676674 ], [ -73.815479088415444, 45.486869036376611 ], [ -73.816065824399942, 45.48608955705236 ], [ -73.816425083033238, 45.485244537896513 ], [ -73.816543067681266, 45.484366454657433 ], [ -73.816415255373386, 45.483489052289286 ], [ -73.816046568925543, 45.482646048044948 ], [ -73.815451186075492, 45.481869835867151 ], [ -73.814654740057591, 45.481192577621648 ], [ -73.814312131817559, 45.480745888407014 ] ] ] } },
{ "type": "Feature", "properties": { "arrondissement": "Kirkland", "pct_couverture": 12.9, "nb_bornes": 7 }, "geometry": { "type": "Polygon", "coordinates": [ [ [ -73.856248956421098, 45.443346704108102 ], [ -73.856339273707107, 45.443300346625797 ], [ -73.8565278594386, 45.443203550380098 ], [ -73.856584834504503, 45.443174306405403 ], [ -73.856762894699401, 45.443082911166798 ], [ -73.856806527824006, 45.443060405086797 ], [ -73.856830278458702, 45.4430481544373 ], [ -73.857057914595302, 45.442930744533101 ], [ -73.857075474385098, 45.442921764253398 ], [ -73.857310047401697, 45.442801798326002 ], [ -73.857322751098494, 45.442795301341803 ], [ -73.857560549231707, 45.4426736843496 ], [ -73.857598608956494, 45.4426542193941 ], [ -73.857801697344399, 45.4425503536375 ], [ -73.857880912725193, 45.442509840216701 ], [ -73.858042843880398, 45.442427022391399 ], [ -73.858176471405699, 45.442358679776802 ], [ -73.8582345975083, 45.442328952067697 ], [ -73.858241233999905, 45.442325557930502 ], [ -73.858242805393701, 45.442324754265798 ], [ -73.858494839736395, 45.442201919185699 ], [ -73.858606507137097, 45.442145739988902 ], [ -73.858919594146002, 45.441988226313903 ], [ -73.858949150649195, 45.441972822160402 ], [ -73.859141512783594, 45.441872567168303 ], [ -73.859204141681403, 45.441839926937199 ], [ -73.859548587194595, 45.441660406890598 ], [ -73.860009924800707, 45.441452492419998 ], [ -73.860235230768794, 45.441333284939503 ], [ -73.860429641553793, 45.441245188839503 ], [ -73.860588543160205, 45.441175770277702 ], [ -73.860647677160003, 45.441149624319003 ], [ -73.860780101003598, 45.441091073231398 ], [ -73.860895498302696, 45.441040597760903 ], [ -73.860995437150606, 45.4409968837534 ], [ -73.861143423219104, 45.440931685372099 ], [ -73.861226850716406, 45.4408949294845 ], [ -73.861391142053193, 45.440822547303803 ], [ -73.861441751478594, 45.440800250118699 ], [ -73.861689709756106, 45.440691004135999 ], [ -73.861816100822793, 45.440635318674197 ], [ -73.861792165910899, 45.440610951776399 ], [ -73.861907351765893, 45.440549889986499 ], [ -73.862070773021102, 45.440463257768897 ], [ -73.862133421980502, 45.4404300464236 ], [ -73.862320331382605, 45.440331005261903 ], [ -73.862419887478595, 45.440278250994297 ], [ -73.862507238851606, 45.440231963798801 ], [ -73.862567602973598, 45.4402027429444 ], [ -73.862697185907194, 45.440136008771397 ], [ -73.862734117708996, 45.440116989448903 ], [ -73.862885913903398, 45.440038816401703 ], [ -73.863014564944095, 45.439972561866497 ], [ -73.863074641244907, 45.439941622820797 ], [ -73.863143281242202, 45.439906273107603 ], [ -73.863196719017594, 45.439878752507397 ], [ -73.863264074294605, 45.439845147464403 ], [ -73.863454803590898, 45.439749986852597 ], [ -73.863575611169594, 45.439689712543 ], [ -73.8636455322507, 45.439654826822498 ], [ -73.863832915488999, 45.439561307662501 ], [ -73.8638362396958, 45.439559647642902 ], [ -73.863883676264393, 45.439535548225301 ], [ -73.864025828407307, 45.439463329794698 ], [ -73.864117511667203, 45.4394167516243 ], [ -73.864215416478402, 45.439367012532102 ], [ -73.864351346001598, 45.439297955148497 ], [ -73.864493316943197, 45.439225828145098 ], [ -73.864639527176905, 45.4391526822141 ], [ -73.864851597634299, 45.439046587117303 ], [ -73.864949662536205, 45.439153970993502 ], [ -73.864987234955194, 45.439195513254298 ], [ -73.865133381357296, 45.439357101556197 ], [ -73.865201299034695, 45.4394321950627 ], [ -73.865302452902299, 45.439530382150103 ], [ -73.865345037847504, 45.439571718282799 ], [ -73.865483451822996, 45.439706072718003 ], [ -73.865560533381299, 45.439785798176302 ], [ -73.865614986633005, 45.439842119021499 ], [ -73.865628848579206, 45.439856897033799 ], [ -73.865741957729398, 45.439980393782101 ], [ -73.865907176652598, 45.4401607847402 ], [ -73.865932922046099, 45.440188894198101 ], [ -73.866094111829099, 45.440352644995897 ], [ -73.866132192857606, 45.4403933957012 ], [ -73.866194927212703, 45.440460527902303 ], [ -73.866249692403599, 45.4405191706972 ], [ -73.866362469666001, 45.440639932867398 ], [ -73.866398528172098, 45.440678169957202 ], [ -73.8664705638068, 45.440754557653001 ], [ -73.8665015732917, 45.440787440548803 ], [ -73.8666257491181, 45.440919117919698 ], [ -73.866631050051595, 45.440924739087798 ], [ -73.8667605284095, 45.441062039037398 ], [ -73.866781252696597, 45.441083535671901 ], [ -73.8668193411918, 45.441123041091302 ], [ -73.866908130206596, 45.4412240316843 ], [ -73.866916762009097, 45.441233850149402 ], [ -73.867051917886599, 45.441380209843999 ], [ -73.867250311884405, 45.441583374459597 ], [ -73.867269697756598, 45.4416032258762 ], [ -73.867382818113697, 45.441719064617303 ], [ -73.867435415688206, 45.441772925307099 ], [ -73.867515323689403, 45.441854752820603 ], [ -73.867601105016803, 45.441942593989602 ], [ -73.867645787795297, 45.441991513763398 ], [ -73.867672821454605, 45.4420195669503 ], [ -73.867757430689693, 45.442116395903803 ], [ -73.867770177862198, 45.4421309837712 ], [ -73.867922858428898, 45.442286224225697 ], [ -73.867936897258701, 45.442300497464402 ], [ -73.868086726814298, 45.442457299125103 ], [ -73.868099910137701, 45.442471390270399 ], [ -73.868260810133194, 45.442643369294103 ], [ -73.868434724377494, 45.442810161290502 ], [ -73.868446738262406, 45.442807297774799 ], [ -73.868511902674399, 45.442864127654701 ], [ -73.868736352451194, 45.442757863401901 ], [ -73.868944988043395, 45.442659090192898 ], [ -73.868995660642895, 45.442636110065898 ], [ -73.869186481963197, 45.442549465747199 ], [ -73.8692826597254, 45.4425036283331 ], [ -73.869481289789206, 45.442408886387 ], [ -73.869502252270095, 45.442398280553903 ], [ -73.869732167764596, 45.442281956770501 ], [ -73.869956438233302, 45.442168487177703 ], [ -73.8700004864546, 45.442146200887002 ], [ -73.870269011527199, 45.442010339318003 ], [ -73.870431021741297, 45.4419283691525 ], [ -73.870535875221805, 45.441875317567302 ], [ -73.870652518029004, 45.441816300721698 ], [ -73.870802531243996, 45.441740399347097 ], [ -73.870858157106795, 45.441712254656302 ], [ -73.871068771933906, 45.4416056906162 ], [ -73.871082864195301, 45.441598560355601 ], [ -73.871300430226, 45.441488477941398 ], [ -73.871532606085694, 45.441371002153403 ], [ -73.871585856425199, 45.441344018714602 ], [ -73.871765961287693, 45.441525109398803 ], [ -73.871927743306003, 45.4416877751257 ], [ -73.871933554753994, 45.441693618295098 ], [ -73.872061820237406, 45.441822583483898 ], [ -73.872218241009705, 45.441979856536001 ], [ -73.872352316175395, 45.442114661519703 ], [ -73.8724863943999, 45.4422494687715 ], [ -73.872620471694205, 45.442384274282198 ], [ -73.872776896632402, 45.442541547791201 ], [ -73.872799490399004, 45.442564261927103 ], [ -73.875015056360496, 45.441826900244799 ], [ -73.875245185863704, 45.441758607800097 ], [ -73.875997720295302, 45.441616274377402 ], [ -73.8768616301751, 45.441452869266101 ], [ -73.876848812276293, 45.441412626034698 ], [ -73.876709968076099, 45.4409766993735 ], [ -73.876641707388103, 45.440762571360999 ], [ -73.876624984060399, 45.440710234073997 ], [ -73.876573682090694, 45.4405496795519 ], [ -73.876573295281702, 45.440548468994898 ], [ -73.876522473570503, 45.4403891111875 ], [ -73.876511773757102, 45.440355560606001 ], [ -73.876471277809102, 45.440228537435402 ], [ -73.876450505480705, 45.440163381123803 ], [ -73.876420086353505, 45.440067965423403 ], [ -73.8763688947124, 45.439907392511699 ], [ -73.876344558527606, 45.439831057191597 ], [ -73.876317860842207, 45.439747315717902 ], [ -73.876266552983196, 45.439586746643698 ], [ -73.876215096438003, 45.439425711511703 ], [ -73.876170025044502, 45.439284658957 ], [ -73.876163782214306, 45.439265157808798 ], [ -73.876112389348094, 45.439104618438101 ], [ -73.876092962594498, 45.439043933776901 ], [ -73.876044699263602, 45.438892645437797 ], [ -73.876014686352306, 45.4387985656872 ], [ -73.8759571994281, 45.438676576409598 ], [ -73.876010632606807, 45.438632209623002 ], [ -73.876057790980298, 45.438570369750899 ], [ -73.876084922410399, 45.438534791668502 ], [ -73.876090555169299, 45.438477224791399 ], [ -73.876160375651594, 45.438437261850098 ], [ -73.876320002086501, 45.438403091437998 ], [ -73.876470772546597, 45.438417865128798 ], [ -73.876503655907598, 45.438409297221199 ], [ -73.876626815077799, 45.438400661140001 ], [ -73.876662894320205, 45.438316081919801 ], [ -73.876744849969597, 45.438290425867599 ], [ -73.876766637948407, 45.4382345261889 ], [ -73.876774339624305, 45.438214831785999 ], [ -73.876854468500198, 45.438155182513398 ], [ -73.877001621181904, 45.438117520825003 ], [ -73.877026477650006, 45.438111159154502 ], [ -73.8770250488204, 45.438082205683003 ], [ -73.877022550282106, 45.438030048518499 ], [ -73.877057529808397, 45.437976994669199 ], [ -73.877130992671994, 45.437986088123502 ], [ -73.877243422427398, 45.438012848347498 ], [ -73.877265399836503, 45.438018071399902 ], [ -73.877297331995607, 45.4380499890176 ], [ -73.877347637182297, 45.4380709326961 ], [ -73.877399897091806, 45.438092690182401 ], [ -73.877518659377202, 45.438121566364202 ], [ -73.877650982109103, 45.4381314772682 ], [ -73.877711303891701, 45.438141862792499 ], [ -73.8777102542455, 45.438148480213997 ], [ -73.877830517886096, 45.438174223188703 ], [ -73.877874730551596, 45.438183432711199 ], [ -73.8778829749278, 45.438188228652002 ], [ -73.877955114248607, 45.4381965943737 ], [ -73.878205584384702, 45.438225640009897 ], [ -73.878215378083098, 45.438228005241598 ], [ -73.878298700268303, 45.438202304855501 ], [ -73.878453203126298, 45.438164513020901 ], [ -73.878610083113998, 45.438151171117603 ], [ -73.878688640163901, 45.438160092908497 ], [ -73.878736970676698, 45.438165581849397 ], [ -73.878844952495598, 45.438214164994903 ], [ -73.878931542281606, 45.438253137482299 ], [ -73.878999217571405, 45.438280031363199 ], [ -73.879106400036505, 45.438322618066202 ], [ -73.879164280463598, 45.438359650189497 ], [ -73.879156293331505, 45.438391184173703 ], [ -73.8792016341948, 45.438438434344199 ], [ -73.8792693731382, 45.438449651981799 ], [ -73.879354870386805, 45.438474894290998 ], [ -73.879421677048995, 45.438660288696497 ], [ -73.8794385535804, 45.438706386013003 ], [ -73.879501587199897, 45.4388785589421 ], [ -73.879502489973802, 45.438881024861601 ], [ -73.879566664695901, 45.439056316440698 ], [ -73.879575649163201, 45.439080857262603 ], [ -73.879634483022002, 45.439241556129801 ], [ -73.879673667048806, 45.439348583428902 ], [ -73.879702548342294, 45.4394274691128 ], [ -73.879765752553297, 45.439600103607098 ], [ -73.879825508803407, 45.439763320440697 ], [ -73.879934068282196, 45.439715050994501 ], [ -73.880017494374599, 45.439677956755702 ], [ -73.880051125804798, 45.439663003013301 ], [ -73.880125341787306, 45.439630003319799 ], [ -73.880233186441998, 45.439582050843597 ], [ -73.880316612050393, 45.439544956144097 ], [ -73.880424456357005, 45.439497003820698 ], [ -73.880532304801903, 45.439449049653597 ], [ -73.880615728962397, 45.439411955603397 ], [ -73.880630759071707, 45.4394052725563 ], [ -73.880724119698797, 45.439363760023497 ], [ -73.880771508516901, 45.439342688721403 ], [ -73.880861357400903, 45.439302737680798 ], [ -73.8809695406636, 45.439255457826597 ], [ -73.881173236117306, 45.439164059544296 ], [ -73.881232221258898, 45.439137831561801 ], [ -73.881370874254699, 45.439076177987801 ], [ -73.881530456870905, 45.439005217828303 ], [ -73.8815685092801, 45.438988297286102 ], [ -73.881766143385093, 45.438900416451098 ], [ -73.881898845798204, 45.438841408424999 ], [ -73.881870094257394, 45.438760390660498 ], [ -73.881841066963503, 45.438678595832201 ], [ -73.881807760230302, 45.438584743441297 ], [ -73.8817460894725, 45.438410966327297 ], [ -73.881734495490306, 45.438378296586798 ], [ -73.881685126348302, 45.438239180327699 ], [ -73.881654381296102, 45.438152544483202 ], [ -73.8816248263348, 45.438069261691702 ], [ -73.881578980447102, 45.437940072805901 ], [ -73.881565139650505, 45.437901070497702 ], [ -73.8815060675051, 45.437734609622197 ], [ -73.881498867503893, 45.437714320571899 ], [ -73.881447609157703, 45.437569876972198 ], [ -73.881423467826195, 45.437501847871999 ], [ -73.8813897180206, 45.4374067415417 ], [ -73.881358885396693, 45.437319855738203 ], [ -73.881342498939006, 45.437273679283599 ], [ -73.881295278096701, 45.437140612680501 ], [ -73.881278324740805, 45.437092838725597 ], [ -73.881211409779795, 45.436904269151498 ], [ -73.881198033502997, 45.436866574546698 ], [ -73.881135941932996, 45.436691599391501 ], [ -73.881432340512902, 45.436614120629798 ], [ -73.881474056508097, 45.436603215872601 ], [ -73.881690642358706, 45.4365465993111 ], [ -73.881838799095803, 45.436507869688299 ], [ -73.8819489448572, 45.4364790765053 ], [ -73.882057927205494, 45.436450587379497 ], [ -73.882207245464201, 45.436411554020701 ], [ -73.882277055139696, 45.436393304929098 ], [ -73.882465546729804, 45.436344030948902 ], [ -73.882678012122696, 45.436288489045602 ], [ -73.882723846097903, 45.436276507298501 ], [ -73.882982146118593, 45.436208982161098 ], [ -73.8832404455259, 45.436141457340703 ], [ -73.883254877363896, 45.436181534303003 ], [ -73.883266255443104, 45.436213130299699 ], [ -73.883331261299006, 45.436393646198198 ], [ -73.883405091067601, 45.4365986638728 ], [ -73.883417633236803, 45.436633492196897 ], [ -73.883440230373694, 45.436696244135099 ], [ -73.883476038693502, 45.436814242961702 ], [ -73.883477960075396, 45.436820574451303 ], [ -73.883480923816094, 45.436830341412602 ], [ -73.883533095823097, 45.436973816893698 ], [ -73.883555124204605, 45.437034395975601 ], [ -73.883577533806701, 45.437096021895101 ], [ -73.883590538949207, 45.437129391293396 ], [ -73.883652436232097, 45.437288211112602 ], [ -73.883703265094994, 45.437418630890498 ], [ -73.883979504346598, 45.437407440678598 ], [ -73.884210052476305, 45.437398100170803 ], [ -73.8843402099168, 45.4373928269289 ], [ -73.884352497928006, 45.437393908599098 ], [ -73.884584446963103, 45.437414318533499 ], [ -73.884618269706905, 45.437417294630301 ], [ -73.884816396162506, 45.437434727996298 ], [ -73.884859244388295, 45.437438498042901 ], [ -73.885100219243697, 45.437459700469503 ], [ -73.885113036760899, 45.437460828234798 ], [ -73.885187733150801, 45.437467400857699 ], [ -73.885348120939994, 45.437439817247203 ], [ -73.885540988545699, 45.4374066477451 ], [ -73.8856036515906, 45.437395870796102 ], [ -73.885975525125403, 45.4373319150383 ], [ -73.885942162604906, 45.437235768618002 ], [ -73.885921712385496, 45.437176833774302 ], [ -73.885866368874403, 45.4370173404319 ], [ -73.886317970322494, 45.436931890000103 ], [ -73.886543769892199, 45.436889164118 ], [ -73.886689151345706, 45.436864159522003 ], [ -73.886992711291398, 45.436811948650103 ], [ -73.886997916987994, 45.436811053286696 ], [ -73.887258697347704, 45.436756705914704 ], [ -73.8876554734411, 45.436674015313997 ], [ -73.888153683194204, 45.436570183004299 ], [ -73.888527605481897, 45.436492251876203 ], [ -73.888672301416705, 45.436463798296998 ], [ -73.889944533981605, 45.4362136122962 ], [ -73.889954287621606, 45.4362116941643 ], [ -73.891318734177403, 45.435916513456903 ], [ -73.893518767898101, 45.435393765705101 ], [ -73.893921847047693, 45.436595415331503 ], [ -73.896329365777902, 45.436044801581602 ], [ -73.897253336655297, 45.435833465516303 ], [ -73.899187417083894, 45.435391058043997 ], [ -73.900109322833003, 45.435180171811297 ], [ -73.900226205576701, 45.4356222462131 ], [ -73.901323090307898, 45.435303677171397 ], [ -73.901346135408403, 45.435388748403902 ], [ -73.901347390975801, 45.435393313563502 ], [ -73.901385329527201, 45.435533343061202 ], [ -73.901388360783201, 45.435541891567603 ], [ -73.901823415141195, 45.436773332718602 ], [ -73.901910731470196, 45.437094786462701 ], [ -73.902010182979893, 45.437460915660999 ], [ -73.902087147009098, 45.437767804487699 ], [ -73.902096640320593, 45.437808497779798 ], [ -73.902161194511905, 45.438087263158501 ], [ -73.902211976650406, 45.438306554386898 ], [ -73.902284366703896, 45.438619151570002 ], [ -73.902327552384506, 45.438805635410297 ], [ -73.902354249419403, 45.438801335529902 ], [ -73.902494871652095, 45.438782023265198 ], [ -73.902540418924005, 45.438943419754899 ], [ -73.902583709775499, 45.439096817278703 ], [ -73.902644430140697, 45.4393119741734 ], [ -73.902689975642204, 45.439473359796601 ], [ -73.902735521406598, 45.439634745396198 ], [ -73.902781063535002, 45.4397961219873 ], [ -73.902825801438198, 45.439955814167099 ], [ -73.902882712932595, 45.440095492943598 ], [ -73.902967703556897, 45.440229584427399 ], [ -73.903011152180099, 45.440259946062397 ], [ -73.903040289290402, 45.440278758171402 ], [ -73.903132258250494, 45.440340303932302 ], [ -73.903146199965605, 45.440349633897299 ], [ -73.903230243913697, 45.440405953305998 ], [ -73.903467066289195, 45.4403697897 ], [ -73.903571093671502, 45.440353904233902 ], [ -73.903831496402503, 45.4403141390302 ], [ -73.903908522126102, 45.440302376459002 ], [ -73.904326044150196, 45.440462371661397 ], [ -73.904411623071695, 45.440495291138099 ], [ -73.904415316406599, 45.440509495346802 ], [ -73.904457372279595, 45.440671237419899 ], [ -73.904473448600399, 45.440733064865199 ], [ -73.904500845891306, 45.440838430964 ], [ -73.904515545490099, 45.440894963402698 ], [ -73.904557643109598, 45.441056863744301 ], [ -73.904567513651102, 45.441094824066496 ], [ -73.904599740276595, 45.441218761403803 ], [ -73.904679006030705, 45.441523599750198 ], [ -73.904681295417205, 45.441532404179299 ], [ -73.904688979273502, 45.441561954361497 ], [ -73.904734224862906, 45.4417359570268 ], [ -73.904741923010505, 45.441852550863601 ], [ -73.904818603166305, 45.442134271146998 ], [ -73.904905590483693, 45.442453856075801 ], [ -73.904981844421201, 45.4427340042933 ], [ -73.905025836849305, 45.442895626098803 ], [ -73.905069830017595, 45.443057249688998 ], [ -73.905113822954306, 45.443218871458697 ], [ -73.905157816631203, 45.443380494986101 ], [ -73.905201810076704, 45.443542116720103 ], [ -73.905245804236102, 45.443703740121698 ], [ -73.905289798216501, 45.443865361900897 ], [ -73.905333792871701, 45.444026985239802 ], [ -73.905377787347604, 45.444188606911197 ], [ -73.905421782537502, 45.444350230268199 ], [ -73.905493934671, 45.444615290554999 ], [ -73.905542036653202, 45.444791998080703 ], [ -73.905237795476197, 45.4448433963734 ], [ -73.9048799013419, 45.444903857599797 ], [ -73.904652576180098, 45.444942260365202 ], [ -73.904425249302307, 45.444980662917999 ], [ -73.904135349905701, 45.445029635184497 ], [ -73.904158693192301, 45.445119296322197 ], [ -73.904221908518494, 45.445362075229497 ], [ -73.904278079701996, 45.445577902535902 ], [ -73.904320233263306, 45.445739761918503 ], [ -73.904362387131499, 45.445901630067503 ], [ -73.9044045162765, 45.446063498283998 ], [ -73.904446670633206, 45.446225366391097 ], [ -73.904488800266506, 45.446387234565599 ], [ -73.9045765310684, 45.446714491181602 ], [ -73.904350801353502, 45.446782173366302 ], [ -73.904168223823802, 45.4468369330516 ], [ -73.903955987626802, 45.446906411836302 ], [ -73.903749374553001, 45.4469834192099 ], [ -73.903541474234302, 45.4470587255366 ], [ -73.903334281831604, 45.4471353211718 ], [ -73.9031273132872, 45.447211835553198 ], [ -73.902920342973303, 45.447288359463101 ], [ -73.902595904821794, 45.447408294718798 ], [ -73.902335840046305, 45.4475044423966 ], [ -73.902212915446896, 45.447328147049802 ], [ -73.902034334773901, 45.447070938393701 ], [ -73.901920472277695, 45.446915385710902 ], [ -73.901800417272995, 45.446763342520903 ], [ -73.901601082967304, 45.446511856336699 ], [ -73.901467276440798, 45.446349650509802 ], [ -73.901269108034498, 45.446399584061901 ], [ -73.901041304474305, 45.446456984813402 ], [ -73.900818884267494, 45.446513021840303 ], [ -73.900581584348998, 45.446572819808097 ], [ -73.900361721084195, 45.446640938291303 ], [ -73.900130644831194, 45.446712524067301 ], [ -73.900374814310396, 45.447150538998699 ], [ -73.900296881983706, 45.4471638707913 ], [ -73.899885472373896, 45.447234233299199 ], [ -73.8997739471138, 45.447253306410197 ], [ -73.899587331393704, 45.447285225655001 ], [ -73.899338919536504, 45.447327712554902 ], [ -73.8991364421897, 45.447362340178898 ], [ -73.898869374713101, 45.4474080110312 ], [ -73.898770867627803, 45.447424858260497 ], [ -73.898620936200501, 45.447450496461599 ], [ -73.898385739675504, 45.4474907206315 ], [ -73.898137249358598, 45.447533214188297 ], [ -73.898075626625996, 45.447543753864501 ], [ -73.897871746763599, 45.447496211437901 ], [ -73.897802770155494, 45.447480124761903 ], [ -73.897476042591705, 45.447403930674 ], [ -73.897175202363101, 45.447333779931903 ], [ -73.896931058995506, 45.447276840985801 ], [ -73.896690792188707, 45.447220811302799 ], [ -73.896450551421793, 45.447164781023602 ], [ -73.896218264178302, 45.447110602441199 ], [ -73.896034019737499, 45.447067637255202 ], [ -73.895985901896907, 45.447056415547401 ], [ -73.895757191953805, 45.447003076684702 ], [ -73.895528481097898, 45.446949728368203 ], [ -73.895110902593601, 45.446852339195203 ], [ -73.895019443823898, 45.446831011374996 ], [ -73.894898707630105, 45.446796682855101 ], [ -73.894000112423896, 45.446541209809098 ], [ -73.893752939618594, 45.446510742766897 ], [ -73.893594676232297, 45.446531285635999 ], [ -73.893642493681099, 45.4466815950504 ], [ -73.893575521360702, 45.4467236194686 ], [ -73.8932431927376, 45.446932187199003 ], [ -73.893171770042002, 45.446977012642101 ], [ -73.892987481734096, 45.447092658737297 ], [ -73.892748648481103, 45.447242527199997 ], [ -73.892724236557697, 45.447257858229797 ], [ -73.892704497183203, 45.447270245971097 ], [ -73.892541858115905, 45.447386476500697 ], [ -73.892537831102501, 45.447389047719497 ], [ -73.8924259179567, 45.447460620459502 ], [ -73.892366953621107, 45.447498310858499 ], [ -73.892345352483204, 45.447512137497 ], [ -73.892278705728799, 45.447554749433401 ], [ -73.892268166017402, 45.447561490427098 ], [ -73.892100156231905, 45.447673890098102 ], [ -73.8919212595967, 45.447793593180002 ], [ -73.891775293588395, 45.447891259041199 ], [ -73.891756753028204, 45.447903660502597 ], [ -73.891585633750395, 45.448018143333599 ], [ -73.891555933142897, 45.448038017597803 ], [ -73.891405205972504, 45.4481080882436 ], [ -73.891401944983997, 45.448109602170497 ], [ -73.891374791918906, 45.448122234647499 ], [ -73.891228916836496, 45.448190038804498 ], [ -73.891211411811696, 45.448197111305802 ], [ -73.891168385491994, 45.448214499823699 ], [ -73.891009502651698, 45.448278693045502 ], [ -73.890956914711197, 45.448299936785197 ], [ -73.890808686664599, 45.448359821660802 ], [ -73.890627840894197, 45.448432885544598 ], [ -73.890565964027701, 45.4484578871567 ], [ -73.890430974219896, 45.448518473151601 ], [ -73.890324087736701, 45.448566458613797 ], [ -73.890235894998099, 45.448606032185801 ], [ -73.890112828628205, 45.448661278739301 ], [ -73.890040815227195, 45.448693598986097 ], [ -73.890003277866796, 45.448710450005699 ], [ -73.889904828969193, 45.448751112964999 ], [ -73.889848657416195, 45.448774310305701 ], [ -73.889688261799094, 45.448840562107797 ], [ -73.889649022047294, 45.4488567691253 ], [ -73.889581820659501, 45.448884521215703 ], [ -73.889474711937098, 45.448933113137997 ], [ -73.889452807954001, 45.448943055598001 ], [ -73.889258303127804, 45.449031287685997 ], [ -73.889063824596093, 45.449119527450499 ], [ -73.889000002159705, 45.449148488786903 ], [ -73.888886729497699, 45.449208674141502 ], [ -73.888723898615794, 45.449295206536704 ], [ -73.888703388566299, 45.449308229700499 ], [ -73.888504250150504, 45.449434728066599 ], [ -73.888454030731495, 45.449466631236497 ], [ -73.888363039105997, 45.449524428574001 ], [ -73.888311281746198, 45.449565115863599 ], [ -73.888241939609301, 45.449619641430303 ], [ -73.888163194556398, 45.4497010360869 ], [ -73.888097118370595, 45.449769329895702 ], [ -73.888032951272507, 45.4498356483045 ], [ -73.887953164658896, 45.449918118074798 ], [ -73.887907047823404, 45.449965798565202 ], [ -73.887783671381897, 45.450093347632397 ], [ -73.8877762517305, 45.450100139706002 ], [ -73.887649129878497, 45.450216646662 ], [ -73.887507962152995, 45.450346013213398 ], [ -73.887449895711896, 45.450399243845503 ], [ -73.887380677630802, 45.450453672176302 ], [ -73.887308031089702, 45.450510791847897 ], [ -73.887231410566798, 45.450571035731897 ], [ -73.887120390982503, 45.450658321510602 ], [ -73.887077027121506, 45.450692423467103 ], [ -73.886932005976007, 45.450806433788699 ], [ -73.886838942411899, 45.450879615380103 ], [ -73.8867749871401, 45.450926072627702 ], [ -73.886619320259996, 45.4510391602524 ], [ -73.886598698406303, 45.451054133390798 ], [ -73.886458286646601, 45.451156131582103 ], [ -73.8863808635829, 45.4512123795636 ], [ -73.886245521818196, 45.451314422430201 ], [ -73.886198147757298, 45.451350233829302 ], [ -73.886071724303306, 45.451445752106103 ], [ -73.886007953436504, 45.451493938710598 ], [ -73.885696550871501, 45.451729023092803 ], [ -73.885659510471001, 45.451756995860798 ], [ -73.885620283485594, 45.4517866101287 ], [ -73.8855273469417, 45.4518567766074 ], [ -73.885452992161305, 45.451912908314199 ], [ -73.885287488407997, 45.452037846845798 ], [ -73.885145187198404, 45.452145271382598 ], [ -73.885021243844704, 45.4522388382413 ], [ -73.885007923227406, 45.452248066123602 ], [ -73.884920487843502, 45.452308643641402 ], [ -73.884858104268602, 45.452351869440299 ], [ -73.884696828232094, 45.452463601941197 ], [ -73.884679430429301, 45.4524756645501 ], [ -73.884668743796695, 45.452483064922397 ], [ -73.884501433252794, 45.452497081917201 ], [ -73.884472433965797, 45.452499517343597 ], [ -73.8842998113021, 45.452507162978698 ], [ -73.884095262971698, 45.452512754268199 ], [ -73.884076890440795, 45.452513651108397 ], [ -73.883885575416997, 45.452522932807902 ], [ -73.883814481516296, 45.452526378786501 ], [ -73.883671944790194, 45.452533290679703 ], [ -73.883581205299393, 45.452537689752397 ], [ -73.883497304882994, 45.452541758942601 ], [ -73.883342660743907, 45.452549264481902 ], [ -73.883168245693298, 45.452557723388402 ], [ -73.883114701225693, 45.4525603199911 ], [ -73.883099073952295, 45.4525610751882 ], [ -73.883091111490799, 45.452561470832102 ], [ -73.883015149648102, 45.452565214292697 ], [ -73.882881450198099, 45.452571804914299 ], [ -73.882801544169993, 45.452575745923099 ], [ -73.882648223430806, 45.452583299178301 ], [ -73.882610255292803, 45.4525851747742 ], [ -73.882414123651998, 45.452594839081698 ], [ -73.882379077372505, 45.4525967840055 ], [ -73.882181282233006, 45.452607762765503 ], [ -73.882092768013706, 45.452612672424401 ], [ -73.881775055887104, 45.452630308215802 ], [ -73.881398484732898, 45.452651197363501 ], [ -73.881239762642494, 45.4527281263994 ], [ -73.881189733938598, 45.452752371584999 ], [ -73.881065210081601, 45.452812736065603 ], [ -73.880934862005304, 45.4528759057728 ], [ -73.880877938811594, 45.452903504163103 ], [ -73.880742288988699, 45.452969248705003 ], [ -73.880670506417502, 45.453004040439502 ], [ -73.880542211308594, 45.453064628380297 ], [ -73.880468431837301, 45.453099479731101 ], [ -73.880341581678607, 45.453159403041603 ], [ -73.880298567835894, 45.453179704725301 ], [ -73.880128702133803, 45.453259938469799 ], [ -73.879958837227605, 45.453340171957898 ], [ -73.879788971784507, 45.4534203970954 ], [ -73.879739609420795, 45.453443716179997 ], [ -73.879619105912994, 45.453500630079198 ], [ -73.879538977097297, 45.453538489434003 ], [ -73.879459992683806, 45.453575809519201 ], [ -73.879450185442195, 45.453580446636899 ], [ -73.879338644116601, 45.453633578087398 ], [ -73.879253115740994, 45.4536743112998 ], [ -73.879138512773295, 45.453728902379403 ], [ -73.879083700225195, 45.453755008111301 ], [ -73.878914284225303, 45.453835704671803 ], [ -73.878744869013701, 45.453916400077503 ], [ -73.878738894213896, 45.4539192409215 ], [ -73.878574974482305, 45.453996614499097 ], [ -73.878415708993401, 45.454071810079398 ], [ -73.878346655221904, 45.454104403768298 ], [ -73.878245813406593, 45.454152006015597 ], [ -73.878075917397496, 45.454232210697803 ], [ -73.877986177544898, 45.454274565830303 ], [ -73.877910253562902, 45.454310406154598 ], [ -73.877811775287199, 45.4543568933804 ], [ -73.877740657890598, 45.4543909260898 ], [ -73.877593122381199, 45.4544615473772 ], [ -73.877582094283696, 45.454466829963302 ], [ -73.877412926413498, 45.454547796121197 ], [ -73.877274126707107, 45.454614231718701 ], [ -73.877243782344394, 45.454628761048902 ], [ -73.877078844822094, 45.454707699771802 ], [ -73.876958663506002, 45.454765225285499 ], [ -73.876920253871802, 45.454783603712301 ], [ -73.876749840283694, 45.454865178593799 ], [ -73.876694029689602, 45.454891883966397 ], [ -73.876580668748701, 45.454946143525298 ], [ -73.876500664064096, 45.454984439456702 ], [ -73.876422077731704, 45.455022045871303 ], [ -73.876307296532303, 45.455076995524301 ], [ -73.876252930827803, 45.455103010233898 ], [ -73.876113928300896, 45.455169541366999 ], [ -73.876083757862006, 45.455183973530801 ], [ -73.875925189807802, 45.455259876007801 ], [ -73.875756017180905, 45.4553408388159 ], [ -73.875586868367407, 45.455421802193797 ], [ -73.875393774532398, 45.455514627562501 ], [ -73.875333807339501, 45.455543463276598 ], [ -73.875200705633702, 45.455607452521299 ], [ -73.875135261540095, 45.455638907589403 ], [ -73.875029865044596, 45.455689588633803 ], [ -73.874934472606895, 45.455735149887097 ], [ -73.874863601169807, 45.455769003618499 ], [ -73.874740925350693, 45.455827597697898 ], [ -73.874697734451004, 45.455848222689497 ], [ -73.874531892844004, 45.455927442335998 ], [ -73.874366050771897, 45.456006661742101 ], [ -73.874200207009395, 45.456085889010403 ], [ -73.874145340604201, 45.456112079823299 ], [ -73.874034339713901, 45.456165108015199 ], [ -73.873951765371402, 45.456204553377603 ], [ -73.8738684949613, 45.456244325804398 ], [ -73.873750771383996, 45.456300556695403 ], [ -73.873702651027997, 45.456323544248797 ], [ -73.873536806629403, 45.456402762452797 ], [ -73.873487591166807, 45.456426262811902 ], [ -73.873370936188095, 45.456481979600099 ], [ -73.873205017283198, 45.456561285748997 ], [ -73.873117363810294, 45.456603155100403 ], [ -73.872959359078706, 45.456678628670701 ], [ -73.872737200827999, 45.456784735332199 ], [ -73.872524402435701, 45.4568863720717 ], [ -73.872332449401398, 45.4569757087977 ], [ -73.872297619198704, 45.456991912553903 ], [ -73.872160762411497, 45.457055611728002 ], [ -73.8719853144203, 45.457137248961097 ], [ -73.871889188022095, 45.457181992085196 ], [ -73.871809891493697, 45.457218885841897 ], [ -73.871639272531397, 45.457298292289998 ], [ -73.871491385264093, 45.457367114301 ], [ -73.871457973383599, 45.4573826625954 ], [ -73.871287327859605, 45.457462068601799 ], [ -73.871116708653105, 45.457541466168003 ], [ -73.871101720306498, 45.457548439213397 ], [ -73.870947823449299, 45.457622719637698 ], [ -73.870900723315899, 45.457645448034299 ], [ -73.870768557809697, 45.4577092355822 ], [ -73.870707765847499, 45.457738581748401 ], [ -73.870599847927494, 45.4577906643365 ], [ -73.870514807683804, 45.457831706138599 ], [ -73.870431137558796, 45.457872092842003 ], [ -73.870314456136398, 45.4579283950819 ], [ -73.870262425365993, 45.457953512104503 ], [ -73.870129245746128, 45.458017799526097 ], [ -73.86954090052771, 45.457681172710735 ], [ -73.86843292545295, 45.457268976268296 ], [ -73.867231987079435, 45.457016810212963 ], [ -73.865984227325228, 45.456934363019734 ], [ -73.86473758579811, 45.457024802390649 ], [ -73.863539959192593, 45.457284653627916 ], [ -73.862437362327, 45.457703933037308 ], [ -73.86147216123527, 45.458266531254672 ], [ -73.860681445999617, 45.458950831816182 ], [ -73.860095605712459, 45.459730541278034 ], [ -73.859737160283629, 45.460575699073729 ], [ -73.859619894039668, 45.461453828389992 ], [ -73.85974832455878, 45.462331183908475 ], [ -73.860117527372765, 45.463174048512919 ], [ -73.860713323529879, 45.463950029145941 ], [ -73.86151282306696, 45.464629301997533 ], [ -73.861537993864388, 45.464643704823416 ], [ -73.861423003680301, 45.464711030007798 ], [ -73.861245087500606, 45.464815198766303 ], [ -73.861128931754806, 45.46488319513 ], [ -73.861072446615594, 45.464916107513602 ], [ -73.860894178133904, 45.465019978085301 ], [ -73.860828708020193, 45.4650581207637 ], [ -73.860721308477594, 45.4651207025519 ], [ -73.860543038705003, 45.465224572575799 ], [ -73.860365206759397, 45.465328820674699 ], [ -73.860228277993201, 45.4654079695921 ], [ -73.859927227000696, 45.465583387666101 ], [ -73.859979714139399, 45.465628152638203 ], [ -73.860127153202995, 45.4657538863461 ], [ -73.860306912847406, 45.465907190077601 ], [ -73.860412740906, 45.465997447626997 ], [ -73.860290044329702, 45.4660939358875 ], [ -73.860134095686107, 45.466216574989197 ], [ -73.859978170669393, 45.466339214700703 ], [ -73.859822219337801, 45.4664618443813 ], [ -73.859666267387396, 45.466584482846599 ], [ -73.859510316039803, 45.466707121094501 ], [ -73.859354362743105, 45.466829760032702 ], [ -73.859198410043604, 45.466952397853497 ], [ -73.8590424809083, 45.467075026386198 ], [ -73.858886525577802, 45.467197663784098 ], [ -73.858730569571406, 45.467320300968503 ], [ -73.858574614173406, 45.467442938835198 ], [ -73.858418656814806, 45.467565575592602 ], [ -73.858262700002001, 45.467688203134102 ], [ -73.858106766868005, 45.467810839384299 ], [ -73.857950807487001, 45.467933476401001 ], [ -73.857794847424202, 45.468056112304403 ], [ -73.857638887907299, 45.468178738991902 ], [ -73.857456953977405, 45.468321816626798 ], [ -73.857326989984102, 45.468424010550699 ], [ -73.857067060577506, 45.468628396154003 ], [ -73.856807129298701, 45.468832782063998 ], [ -73.856677164287802, 45.468934983341001 ], [ -73.856495199860206, 45.469078050521503 ], [ -73.856326235283802, 45.4692109013682 ], [ -73.856157268635101, 45.469343751968403 ], [ -73.855988326764702, 45.4694766013383 ], [ -73.855819359807896, 45.4696094514332 ], [ -73.855650392057598, 45.469742301277499 ], [ -73.855485325389793, 45.469872089141496 ], [ -73.855329380216702, 45.4699947215896 ], [ -73.855173408789796, 45.470117353903703 ], [ -73.854999491239397, 45.470254084812503 ], [ -73.854821272696796, 45.470394211343702 ], [ -73.854561499121203, 45.4705984684729 ], [ -73.853367908224001, 45.4693996567106 ], [ -73.8531457267474, 45.469179889702801 ], [ -73.852047461881298, 45.468093531402701 ], [ -73.851841641624702, 45.467888298775698 ], [ -73.8512549023486, 45.467303199201403 ], [ -73.851106588097807, 45.467154661638602 ], [ -73.849898915719706, 45.465945188065703 ], [ -73.8498170086703, 45.465863151947502 ], [ -73.849615320856898, 45.465661153982602 ], [ -73.849158167183901, 45.465203295254703 ], [ -73.8485436224925, 45.464587773531001 ], [ -73.846551839721897, 45.4625700247664 ], [ -73.846417219094704, 45.462434910830297 ], [ -73.846304989656701, 45.462322269030999 ], [ -73.845888571876102, 45.461900768330203 ], [ -73.845250914372201, 45.461255315247698 ], [ -73.845235635311298, 45.4612398513203 ], [ -73.844840417840103, 45.460839794679899 ], [ -73.844390223062206, 45.4603840835927 ], [ -73.844251786247796, 45.460243960840899 ], [ -73.843997255516996, 45.459986530445597 ], [ -73.843989490791898, 45.459978688928601 ], [ -73.843801494952004, 45.459791349699799 ], [ -73.842686636028802, 45.458680291577501 ], [ -73.841412256506104, 45.457410177924402 ], [ -73.841187043918197, 45.457185721256799 ], [ -73.8411288818901, 45.4571277561895 ], [ -73.841064909025604, 45.4570586481871 ], [ -73.840652394986094, 45.456613073475602 ], [ -73.840529529355607, 45.456480360358597 ], [ -73.840170417719094, 45.456118309002697 ], [ -73.839637356222596, 45.455580813573299 ], [ -73.839307344328205, 45.455248060388101 ], [ -73.838927583397407, 45.454865138693599 ], [ -73.8388392235764, 45.4547760421543 ], [ -73.838623896693306, 45.454558918469402 ], [ -73.838320249306193, 45.454252735098898 ], [ -73.838016499731907, 45.453946444125101 ], [ -73.837739941930707, 45.453667566969898 ], [ -73.837713288532697, 45.453640690106504 ], [ -73.837516915228605, 45.453442668980998 ], [ -73.837445333074896, 45.453370485650403 ], [ -73.837134263145103, 45.453056800845701 ], [ -73.8369005402418, 45.452821110508403 ], [ -73.836877314446099, 45.452797689113297 ], [ -73.836725325769294, 45.452651658221598 ], [ -73.836356526790695, 45.452266509753798 ], [ -73.836099509809202, 45.451998095574297 ], [ -73.835853734364306, 45.4517423789205 ], [ -73.835257933427201, 45.451122466932503 ], [ -73.834796763696701, 45.450642622900098 ], [ -73.834646143562296, 45.450495879152797 ], [ -73.834094051256699, 45.449957989516498 ], [ -73.833857507557497, 45.449727526974698 ], [ -73.836155833686604, 45.449747514614899 ], [ -73.835811397221804, 45.449401251574301 ], [ -73.834072162128393, 45.447649855964798 ], [ -73.833996380999906, 45.447650509503802 ], [ -73.833843102477601, 45.447462729243703 ], [ -73.833715178430197, 45.447306009581403 ], [ -73.833521060201704, 45.447068194029697 ], [ -73.833385178804093, 45.446901723927297 ], [ -73.833293229714798, 45.446789291178497 ], [ -73.833248939836295, 45.446735398678001 ], [ -73.833112009595098, 45.446568775626503 ], [ -73.832994946445098, 45.446426328409899 ], [ -73.8328778838857, 45.446283881068098 ], [ -73.832760821917006, 45.446141433601099 ], [ -73.8326437605336, 45.445998985109 ], [ -73.832416468767207, 45.4457223987079 ], [ -73.832132600229997, 45.445377344624397 ], [ -73.832606104269303, 45.4453891199772 ], [ -73.833102202437004, 45.445395957479597 ], [ -73.833443916965706, 45.445400665528297 ], [ -73.833643706341505, 45.445403417885103 ], [ -73.833726035056301, 45.445404552353402 ], [ -73.833903900287396, 45.445407447494603 ], [ -73.834237625691202, 45.445412879307199 ], [ -73.834300226219995, 45.4454138983155 ], [ -73.834526406319199, 45.445417355794497 ], [ -73.8345907234728, 45.445418338886299 ], [ -73.834815163614707, 45.445422202278301 ], [ -73.834894089453698, 45.445423560754897 ], [ -73.835273762659796, 45.445433057263102 ], [ -73.835306317471193, 45.445433871472297 ], [ -73.835545552713199, 45.445439854583299 ], [ -73.835577563448297, 45.445440655115 ], [ -73.835949172433402, 45.445444881640597 ], [ -73.8359869055639, 45.4454453107303 ], [ -73.836318708834796, 45.445443442513998 ], [ -73.836571971795394, 45.445444440452697 ], [ -73.836825233483495, 45.445445437833499 ], [ -73.837078496460904, 45.445446435548803 ], [ -73.837243632839602, 45.445447085201302 ], [ -73.837331759438598, 45.445447431802698 ], [ -73.837585021143596, 45.445448427498903 ], [ -73.837857761574099, 45.445449499098501 ], [ -73.837891973658401, 45.445449633661397 ], [ -73.838111018059195, 45.445451543771497 ], [ -73.838330554663301, 45.445453457645698 ], [ -73.838364275538297, 45.445453751653197 ], [ -73.838617533028497, 45.445455958073403 ], [ -73.838672668716896, 45.445456438906 ], [ -73.838870791335594, 45.445457870577798 ], [ -73.839124045325406, 45.445459699747097 ], [ -73.839223166729198, 45.4454604158569 ], [ -73.839342433297006, 45.445461277399097 ], [ -73.8393656166554, 45.445461348000201 ], [ -73.839607188945706, 45.445462088688402 ], [ -73.839848762512204, 45.445462827962103 ], [ -73.840090337360394, 45.445463566720903 ], [ -73.840123065085805, 45.445463667241299 ], [ -73.840331923121994, 45.445461654871202 ], [ -73.840573510192201, 45.445459325874999 ], [ -73.840830425083794, 45.445456848949597 ], [ -73.840868070397306, 45.445456486141602 ], [ -73.840872756567705, 45.445456440977303 ], [ -73.840902902993705, 45.4454564913867 ], [ -73.841174549359195, 45.445456943732601 ], [ -73.841409865842905, 45.445457334853103 ], [ -73.841438274968098, 45.445457381954299 ], [ -73.841658626265101, 45.4454574306193 ], [ -73.841714908386095, 45.445457442005498 ], [ -73.841949407208205, 45.4454574891422 ], [ -73.841985661345902, 45.445457496352503 ], [ -73.842258459668798, 45.445457550264003 ], [ -73.8424240283247, 45.445457582660701 ], [ -73.842550687701106, 45.445457607455602 ], [ -73.842824071505703, 45.445457660501098 ], [ -73.842860147119396, 45.445457741190602 ], [ -73.842994427119393, 45.445458036339801 ], [ -73.843096230867303, 45.445458804014699 ], [ -73.843244226185703, 45.4454599198395 ], [ -73.843366040910098, 45.445460837075203 ], [ -73.843478685591194, 45.445461685147698 ], [ -73.843700135895503, 45.445463352755702 ], [ -73.843713758650594, 45.445463455326902 ], [ -73.843972868353703, 45.445465395053098 ], [ -73.844003012017197, 45.445465620672799 ], [ -73.844263378409096, 45.445467568202297 ], [ -73.844381266573293, 45.445468989146498 ], [ -73.844535154536999, 45.445470843757199 ], [ -73.844717682285406, 45.445473043247901 ], [ -73.844807912538599, 45.445474130252101 ], [ -73.845050678188898, 45.445477054497601 ], [ -73.845284433365606, 45.445479870154003 ], [ -73.845518186006004, 45.445482685339599 ], [ -73.845521635259203, 45.445482727097399 ], [ -73.845751953865005, 45.445484639741899 ], [ -73.845937709365003, 45.445486181697802 ], [ -73.845985719098195, 45.445486580176002 ], [ -73.846210489395503, 45.445488446314798 ], [ -73.846219488185, 45.445488521019797 ], [ -73.846453254722803, 45.445490460493097 ], [ -73.846483268161293, 45.445490709582401 ], [ -73.846687021279294, 45.445492400387799 ], [ -73.846756046948897, 45.445492972828298 ], [ -73.846920789121796, 45.445494338900197 ], [ -73.847028825749604, 45.445495234630897 ], [ -73.847154555699106, 45.445496276938101 ], [ -73.8472986514236, 45.445497471862403 ], [ -73.847388324851806, 45.445498215389598 ], [ -73.847574384688699, 45.445499757195599 ], [ -73.847622091455406, 45.445500152470501 ], [ -73.84762559276389, 45.445500181486153 ], [ -73.847445112365747, 45.445740355260497 ], [ -73.847086565112178, 45.446585475729201 ], [ -73.846969130151308, 45.447463594707742 ], [ -73.847097331535906, 45.448340967277161 ], [ -73.84746625359621, 45.449183875668638 ], [ -73.848061728165888, 45.449959925145265 ], [ -73.848314707741778, 45.450174985343317 ], [ -73.848575123119872, 45.450769932805045 ], [ -73.849170629682774, 45.451545976190104 ], [ -73.849969814937481, 45.452225332245476 ], [ -73.85094196870206, 45.452781889829211 ], [ -73.852049729307879, 45.453194256902052 ], [ -73.853250519744265, 45.453446583196857 ], [ -73.854498184842313, 45.453529169827746 ], [ -73.855744766433617, 45.453438842336901 ], [ -73.856942348046061, 45.453179072793858 ], [ -73.858044897988407, 45.452759846238671 ], [ -73.859010039738877, 45.452197276620872 ], [ -73.859800681386744, 45.451512987045611 ], [ -73.860386441366188, 45.450733278220405 ], [ -73.860744815644608, 45.449888117148589 ], [ -73.86086204156571, 45.449009985022379 ], [ -73.860733625299076, 45.44813262866532 ], [ -73.860364512846104, 45.447289763554672 ], [ -73.859768898287967, 45.446513778281961 ], [ -73.859515892319095, 45.446298739073633 ], [ -73.859255382414617, 45.445703820700842 ], [ -73.858659799851907, 45.444927829331291 ], [ -73.857860614239726, 45.444248533210207 ], [ -73.856888539886398, 45.443692033438232 ], [ -73.856127858357212, 45.4434088602776 ], [ -73.856248956421098, 45.443346704108102 ] ] ] } },
{ "type": "Feature", "properties": { "arrondissement": "Baie-D'Urfé", "pct_couverture": 13.3, "nb_bornes": 2 }, "geometry": { "type": "Polygon", "coordinates": [ [ [ -73.933698813727901, 45.404579775865599 ], [ -73.933699976191306, 45.404643657920197 ], [ -73.933705954360605, 45.405004299366396 ], [ -73.933707256671696, 45.405044067479999 ], [ -73.933704219254494, 45.405135516735797 ], [ -73.933613944577999, 45.405700016950597 ], [ -73.933556821158703, 45.406033916704203 ], [ -73.933522494025894, 45.406262830666797 ], [ -73.933491828089302, 45.406474571310802 ], [ -73.933468088435802, 45.406611319333599 ], [ -73.933377490846496, 45.407155742797698 ], [ -73.933245405606201, 45.407973006704502 ], [ -73.933201998668096, 45.408245615159899 ], [ -73.933134955273005, 45.408654364594597 ], [ -73.933002173755696, 45.409471851110901 ], [ -73.932956836568096, 45.409744270549801 ], [ -73.932908773792803, 45.410038244689801 ], [ -73.932867535652605, 45.4103011622271 ], [ -73.932791675738002, 45.410808720332398 ], [ -73.932659952040297, 45.411634008400497 ], [ -73.932463602630506, 45.412819479298697 ], [ -73.932435204093494, 45.412829658862698 ], [ -73.932362709557097, 45.413404594301397 ], [ -73.932322003274507, 45.413727484384502 ], [ -73.932289767639205, 45.413983222150897 ], [ -73.932075834629103, 45.415278701363903 ], [ -73.932014713898795, 45.415696680716998 ], [ -73.931834599162897, 45.416807683520403 ], [ -73.931545382940399, 45.418591828887799 ], [ -73.931491975574403, 45.419993905861297 ], [ -73.931464374770897, 45.420000308989898 ], [ -73.931436795770196, 45.420006759312201 ], [ -73.931409238816201, 45.420013256772698 ], [ -73.9313817041525, 45.4200198013151 ], [ -73.931354192022297, 45.420026392882399 ], [ -73.9313267026685, 45.420033031416502 ], [ -73.931299236333402, 45.420039716858902 ], [ -73.931271793259, 45.420046449149702 ], [ -73.931244373686894, 45.420053228228603 ], [ -73.931216977858298, 45.420060054034501 ], [ -73.931132446366206, 45.420081659248403 ], [ -73.931048150449897, 45.420103739205899 ], [ -73.930964098161894, 45.420126291975201 ], [ -73.930880297511905, 45.4201493155349 ], [ -73.930796756463806, 45.420172807773604 ], [ -73.930713482933498, 45.420196766490797 ], [ -73.930630484786406, 45.420221189398298 ], [ -73.930547769834504, 45.420246074119802 ], [ -73.930465345834705, 45.420271418192499 ], [ -73.930383220485695, 45.420297219067599 ], [ -73.930311834355905, 45.420320208366 ], [ -73.930240678794704, 45.420343563227 ], [ -73.930169759454898, 45.420367281916903 ], [ -73.930099081953898, 45.420391362643699 ], [ -73.930028651872405, 45.420415803558797 ], [ -73.929958474752894, 45.4204406027564 ], [ -73.929888556098007, 45.420465758274297 ], [ -73.929818901369302, 45.420491268094999 ], [ -73.929749515985606, 45.420517130145399 ], [ -73.929680405322003, 45.420543342297599 ], [ -73.929598294794701, 45.420575323886901 ], [ -73.929516520770306, 45.4206077457291 ], [ -73.929435090373701, 45.420640605172203 ], [ -73.929354010673293, 45.420673899487703 ], [ -73.929273288679099, 45.420707625872097 ], [ -73.929192931340197, 45.420741781446999 ], [ -73.929112945543196, 45.420776363260799 ], [ -73.929033338110202, 45.420811368288398 ], [ -73.9289541157966, 45.4208467934331 ], [ -73.928875285289394, 45.420882635527001 ], [ -73.928792410751598, 45.420921495122997 ], [ -73.928709955144797, 45.420960809201802 ], [ -73.928627925988906, 45.421000574383903 ], [ -73.928546330729901, 45.421040787207602 ], [ -73.928465176737802, 45.421081444129896 ], [ -73.928384471304597, 45.421122541528099 ], [ -73.928304221641696, 45.421164075700197 ], [ -73.928224434878302, 45.4212060428668 ], [ -73.928145118058794, 45.421248439171599 ], [ -73.928066278140903, 45.421291260682601 ], [ -73.927985998107403, 45.421334454686303 ], [ -73.927905706127603, 45.421377637742196 ], [ -73.927825402206096, 45.421420809847803 ], [ -73.9277450863474, 45.421463971000698 ], [ -73.927664758556006, 45.421507121198403 ], [ -73.927584418836304, 45.4215502604386 ], [ -73.9275040671928, 45.421593388718797 ], [ -73.927423703630097, 45.421636506036499 ], [ -73.927343328152602, 45.421679612389397 ], [ -73.927262940764905, 45.421722707774997 ], [ -73.927182409510394, 45.421765801133098 ], [ -73.927101894649695, 45.421808909754198 ], [ -73.927021396191606, 45.421852033633499 ], [ -73.926940914145007, 45.421895172766398 ], [ -73.926860448518497, 45.421938327148297 ], [ -73.9267799993209, 45.421981496774301 ], [ -73.926699566561098, 45.422024681639897 ], [ -73.926619150247802, 45.422067881740197 ], [ -73.926538750389696, 45.422111097070697 ], [ -73.926458366995604, 45.4221543276267 ], [ -73.926355054759895, 45.422210115734401 ], [ -73.926251687791094, 45.4222658537782 ], [ -73.926148266162699, 45.422321541718503 ], [ -73.926044789947895, 45.4223771795155 ], [ -73.925941259219996, 45.422432767129401 ], [ -73.925837674052701, 45.422488304520897 ], [ -73.925734034519294, 45.422543791650398 ], [ -73.925630340693601, 45.422599228478397 ], [ -73.925526592649206, 45.422654614965701 ], [ -73.925422790460004, 45.422709951073003 ], [ -73.925369052056595, 45.422738853800297 ], [ -73.925315336160494, 45.422767777341001 ], [ -73.925261642796201, 45.422796721681799 ], [ -73.925207971988101, 45.422825686809801 ], [ -73.925154323760594, 45.422854672711701 ], [ -73.925100698137996, 45.4228836793745 ], [ -73.925047095144606, 45.422912706784999 ], [ -73.924993514804896, 45.4229417549301 ], [ -73.924939957142996, 45.422970823796597 ], [ -73.924886422183206, 45.4229999133711 ], [ -73.924801186369294, 45.423045851516903 ], [ -73.924715901808, 45.4230917449771 ], [ -73.924630568570194, 45.423137593713598 ], [ -73.924545186726704, 45.4231833976879 ], [ -73.924459756348497, 45.4232291568619 ], [ -73.924374277506502, 45.4232748711974 ], [ -73.924288750271799, 45.423320540656299 ], [ -73.924203174715601, 45.423366165200797 ], [ -73.924117550909102, 45.4234117447931 ], [ -73.924031878923699, 45.423457279394903 ], [ -73.923951875120594, 45.4235009081371 ], [ -73.923871759850499, 45.4235444361356 ], [ -73.923791533497095, 45.4235878631792 ], [ -73.923711196445396, 45.423631189057197 ], [ -73.923630749081099, 45.423674413560299 ], [ -73.923550191791307, 45.423717536480197 ], [ -73.923469524964005, 45.423760557609199 ], [ -73.923388748988202, 45.423803476741099 ], [ -73.923307864254198, 45.423846293670103 ], [ -73.923226871152906, 45.423889008191999 ], [ -73.923147925194201, 45.423931537413402 ], [ -73.923068956495499, 45.423974045782103 ], [ -73.922989965073498, 45.424016533288899 ], [ -73.922910950944697, 45.424058999924803 ], [ -73.922831914125695, 45.424101445681003 ], [ -73.922752854633302, 45.424143870548299 ], [ -73.922673772484004, 45.424186274518 ], [ -73.922594667694597, 45.424228657580898 ], [ -73.922515540281694, 45.424271019728302 ], [ -73.922436390261893, 45.424313360951103 ], [ -73.922358653755794, 45.4243554971439 ], [ -73.922280830270296, 45.424397554174902 ], [ -73.922202920049202, 45.4244395319107 ], [ -73.922124923336696, 45.424481430218499 ], [ -73.922046840377902, 45.424523248966203 ], [ -73.921968671418099, 45.424564988021899 ], [ -73.921890416703405, 45.4246066472545 ], [ -73.921812076480194, 45.424648226533201 ], [ -73.921733650995506, 45.424689725727802 ], [ -73.921655140497094, 45.424731144708304 ], [ -73.921576432799299, 45.424773328366001 ], [ -73.921497764756694, 45.424815548843299 ], [ -73.921419136421406, 45.424857806112499 ], [ -73.921340547845702, 45.424900100145798 ], [ -73.921261999081594, 45.424942430915102 ], [ -73.921183490180994, 45.4249847983927 ], [ -73.921105021196098, 45.425027202550297 ], [ -73.921026592178606, 45.425069643359897 ], [ -73.920948203180501, 45.4251121207935 ], [ -73.920869854253596, 45.425154634822697 ], [ -73.920829967580104, 45.425176279754098 ], [ -73.920790062410305, 45.425197907829698 ], [ -73.920750138765598, 45.425219519037903 ], [ -73.920710196667599, 45.425241113367001 ], [ -73.920670236137894, 45.425262690805098 ], [ -73.920630257198098, 45.425284251340898 ], [ -73.920590259869698, 45.425305794962298 ], [ -73.920550244174393, 45.425327321658003 ], [ -73.920510210133898, 45.425348831416301 ], [ -73.920470157769799, 45.425370324225497 ], [ -73.920387397012504, 45.425414848570497 ], [ -73.920304627770605, 45.425459365158801 ], [ -73.920221850046303, 45.4255038739892 ], [ -73.920139063841802, 45.4255483750606 ], [ -73.920056269159204, 45.425592868371801 ], [ -73.919973466000698, 45.425637353921502 ], [ -73.919890654368501, 45.4256818317088 ], [ -73.919807834264702, 45.425726301732197 ], [ -73.919725005691703, 45.425770763990698 ], [ -73.919642168651393, 45.425815218483002 ], [ -73.919561300279696, 45.4258586547951 ], [ -73.919480378530295, 45.425902042020702 ], [ -73.919399403493102, 45.425945380111003 ], [ -73.9193183752583, 45.425988669017698 ], [ -73.919237293916296, 45.426031908692401 ], [ -73.919156159557303, 45.426075099086603 ], [ -73.919074972272, 45.4261182401521 ], [ -73.918993732150994, 45.426161331840902 ], [ -73.918912439284895, 45.426204374105097 ], [ -73.918831093764794, 45.426247366896597 ], [ -73.918753931619904, 45.426289577110403 ], [ -73.918676690337506, 45.4263317159362 ], [ -73.918599370117207, 45.426373783263898 ], [ -73.918521971159194, 45.426415778983703 ], [ -73.918444493663898, 45.426457702986198 ], [ -73.918366937832502, 45.4264995551626 ], [ -73.918289303866203, 45.426541335404103 ], [ -73.918211591966795, 45.426583043602598 ], [ -73.918133802336499, 45.426624679650097 ], [ -73.918055935177804, 45.4266662434393 ], [ -73.917973444437706, 45.426710088450598 ], [ -73.917891003828302, 45.426753980405103 ], [ -73.917808613430395, 45.426797919260203 ], [ -73.917726273324902, 45.426841904973003 ], [ -73.917643983592498, 45.426885937500401 ], [ -73.917561744313701, 45.426930016799602 ], [ -73.917479555569201, 45.426974142827298 ], [ -73.917397417439403, 45.427018315540401 ], [ -73.917315330004499, 45.427062534895498 ], [ -73.917233293344694, 45.427106800849103 ], [ -73.917154910424301, 45.427148781687201 ], [ -73.917076535805194, 45.427190770267899 ], [ -73.916998169489901, 45.427232766589697 ], [ -73.916919811480597, 45.427274770651699 ], [ -73.916841461779697, 45.427316782452401 ], [ -73.916763120389504, 45.4273588019906 ], [ -73.916684787312406, 45.427400829265302 ], [ -73.916606462550604, 45.427442864275001 ], [ -73.916528146106501, 45.427484907018602 ], [ -73.916449837982398, 45.427526957494699 ], [ -73.916368607025802, 45.427570295963299 ], [ -73.916287425406097, 45.427613680455501 ], [ -73.916214083807759, 45.4276529405793 ], [ -73.915568674880362, 45.427283893901262 ], [ -73.914460964229704, 45.426872140814233 ], [ -73.913260469944376, 45.426620455799473 ], [ -73.912013316881044, 45.4265385088556 ], [ -73.910767421346875, 45.426629448469932 ], [ -73.909570651389899, 45.426889780728452 ], [ -73.90846898893362, 45.427309503456591 ], [ -73.907504764129087, 45.427872490255019 ], [ -73.906715029562463, 45.428557109724522 ], [ -73.906130136654667, 45.429337056159895 ], [ -73.905772568913889, 45.43018235987936 ], [ -73.905656076933028, 45.431060538452115 ], [ -73.905785148521574, 45.431937844657362 ], [ -73.906154834553746, 45.43278056326605 ], [ -73.906301124208127, 45.432970938538304 ], [ -73.906257775384006, 45.432994163943398 ], [ -73.906175375113804, 45.433038232699701 ], [ -73.906092920470002, 45.433082250980704 ], [ -73.906010411546205, 45.433126218736803 ], [ -73.905927848435894, 45.433170135918402 ], [ -73.905848769020295, 45.433211865116199 ], [ -73.905769468959505, 45.433253389467097 ], [ -73.905689949861099, 45.433294708105997 ], [ -73.905610213341404, 45.433335820176502 ], [ -73.905530261025902, 45.433376724830197 ], [ -73.905450094549096, 45.433417421227801 ], [ -73.905369715554201, 45.433457908537797 ], [ -73.905289125692804, 45.4334981859379 ], [ -73.905208326625498, 45.433538252614198 ], [ -73.905127320020895, 45.4335781077612 ], [ -73.905048885849098, 45.433616793839001 ], [ -73.904970174727893, 45.433655206011103 ], [ -73.904891189556196, 45.433693342809399 ], [ -73.904811933253697, 45.4337312027858 ], [ -73.904732408760793, 45.4337687845128 ], [ -73.904652619037805, 45.433806086583502 ], [ -73.904572567065102, 45.433843107611999 ], [ -73.9044922558422, 45.433879846233197 ], [ -73.904411688387896, 45.433916301103402 ], [ -73.904330867739503, 45.433952470900302 ], [ -73.904250115100993, 45.433988425106797 ], [ -73.904169186262493, 45.434024185409598 ], [ -73.904088082634104, 45.434059751168903 ], [ -73.904006805631994, 45.434095121751497 ], [ -73.903925356678897, 45.434130296530903 ], [ -73.903843737203303, 45.434165274887803 ], [ -73.903761948639797, 45.434200056209697 ], [ -73.903679992428806, 45.434234639890803 ], [ -73.903597870016597, 45.434269025332597 ], [ -73.903515582855405, 45.434303211943302 ], [ -73.903437757567602, 45.4343353737858 ], [ -73.903359750518405, 45.434367320580598 ], [ -73.903281563507605, 45.434399051566999 ], [ -73.903203198343803, 45.434430565994198 ], [ -73.903124656843701, 45.4344618631212 ], [ -73.903045940832598, 45.434492942217403 ], [ -73.902967052143595, 45.434523802562197 ], [ -73.902887992618005, 45.434554443445101 ], [ -73.902808764104904, 45.434584864166098 ], [ -73.902729368460996, 45.434615064035398 ], [ -73.902648190674, 45.434645610457999 ], [ -73.9025668554672, 45.434675952226797 ], [ -73.902485364403105, 45.434706088741002 ], [ -73.902403719050298, 45.434736019407502 ], [ -73.902321920983695, 45.4347657436414 ], [ -73.9022399717838, 45.434795260865798 ], [ -73.902157873037197, 45.434824570511502 ], [ -73.902075626336298, 45.434853672017603 ], [ -73.901993233279001, 45.434882564831298 ], [ -73.901910695468601, 45.434911248407701 ], [ -73.901847461955498, 45.434932863362697 ], [ -73.901784158916698, 45.434954378392398 ], [ -73.901720786830197, 45.434975793330899 ], [ -73.901657346175099, 45.434997108014002 ], [ -73.901593837431605, 45.4350183222789 ], [ -73.901530261080893, 45.435039435964399 ], [ -73.901466617605195, 45.435060448910903 ], [ -73.901402907487693, 45.435081360959998 ], [ -73.901339131212495, 45.4351021719553 ], [ -73.901275289265001, 45.435122881741499 ], [ -73.901164850682903, 45.434705170990597 ], [ -73.9007862365672, 45.433273038895102 ], [ -73.900625773567299, 45.432666057009001 ], [ -73.900411945161594, 45.431857185177599 ], [ -73.899996577739699, 45.4302858697598 ], [ -73.899371138190901, 45.427919685748698 ], [ -73.898748788585394, 45.425564988369999 ], [ -73.898681511926497, 45.425349970122703 ], [ -73.8986142356828, 45.425134941099998 ], [ -73.898432574233297, 45.424554308797497 ], [ -73.898297991995193, 45.424124156843298 ], [ -73.898256853199598, 45.423959389004203 ], [ -73.898199457114202, 45.423750463512697 ], [ -73.898193165025802, 45.423727559820001 ], [ -73.898185175848496, 45.423672996115002 ], [ -73.898181359772494, 45.423646933394402 ], [ -73.898157861035202, 45.423486443224498 ], [ -73.898125701930198, 45.423375206151 ], [ -73.898085590692702, 45.423236462287299 ], [ -73.898049300456506, 45.423106277100501 ], [ -73.898019575249904, 45.422999642388099 ], [ -73.897974282888697, 45.422837162032501 ], [ -73.897953560365707, 45.422762822438997 ], [ -73.897896749182195, 45.422568384187102 ], [ -73.897884491187099, 45.422526430614603 ], [ -73.897817888610902, 45.422299787206498 ], [ -73.897815039618393, 45.422290092262102 ], [ -73.897741387435104, 45.422054340793402 ], [ -73.897720947169105, 45.421977313194297 ], [ -73.897678430941895, 45.421817093363103 ], [ -73.8976334729782, 45.421628260285999 ], [ -73.897614001256699, 45.421546474450103 ], [ -73.897538784198503, 45.421277933906701 ], [ -73.897504900899705, 45.421156960961703 ], [ -73.897463262457507, 45.421008299236298 ], [ -73.897389400724293, 45.420744593280602 ], [ -73.897346783277996, 45.420564917849397 ], [ -73.897251555912007, 45.420226490861197 ], [ -73.897180236220606, 45.419973026239198 ], [ -73.897175885880898, 45.419957565635002 ], [ -73.897097916141405, 45.4196804686636 ], [ -73.897096962734494, 45.41967708032 ], [ -73.897022219062706, 45.419411442521202 ], [ -73.897013691412695, 45.419381135217201 ], [ -73.896946523164502, 45.419142417148699 ], [ -73.896930420964793, 45.419085189135501 ], [ -73.896870827718999, 45.4188733908031 ], [ -73.896847150087694, 45.418789238480102 ], [ -73.896795132926002, 45.4186043646624 ], [ -73.896763502713, 45.4184919473702 ], [ -73.896719438378497, 45.418335338997998 ], [ -73.896682518879601, 45.418204123324699 ], [ -73.896643744821603, 45.418066312547502 ], [ -73.896605892696797, 45.417931777810701 ], [ -73.896568052389298, 45.417797286210302 ], [ -73.896513405847102, 45.417603060870697 ], [ -73.896492360331607, 45.417528260528996 ], [ -73.896429950712601, 45.417306441880697 ], [ -73.896390595666404, 45.4171665616228 ], [ -73.896346497739898, 45.417009822806897 ], [ -73.896321376245695, 45.416920533566199 ], [ -73.896263044373498, 45.416713203658198 ], [ -73.896240393942406, 45.416632696435201 ], [ -73.896179591891098, 45.416416584430202 ], [ -73.8961578951522, 45.416339464540002 ], [ -73.896095588633202, 45.416117998148501 ], [ -73.896121447687193, 45.416115237696999 ], [ -73.896100015908104, 45.416043081393397 ], [ -73.8960150561756, 45.415757037858903 ], [ -73.896010222970403, 45.415740765393203 ], [ -73.895919249265205, 45.415434472359301 ], [ -73.895850318153194, 45.4152023907303 ], [ -73.895783342944696, 45.414976892737499 ], [ -73.895666292023407, 45.414582790937501 ], [ -73.895628562487005, 45.414455755591298 ], [ -73.895669731629795, 45.414443581895199 ], [ -73.893436045009395, 45.410244434803602 ], [ -73.894641833883597, 45.410139619617702 ], [ -73.896126138968697, 45.409848208908301 ], [ -73.897543041609794, 45.409459279015898 ], [ -73.899626358377006, 45.408792620987903 ], [ -73.901320932764605, 45.408070324063303 ], [ -73.904726167417493, 45.406580147452303 ], [ -73.908806435650007, 45.403952534878897 ], [ -73.913488219112907, 45.4002369944698 ], [ -73.915099156713296, 45.399403649475801 ], [ -73.916404966253495, 45.3989036568599 ], [ -73.918877358848704, 45.3983480769609 ], [ -73.923349694027905, 45.398237005744903 ], [ -73.925155471437606, 45.398264764955002 ], [ -73.926683325413606, 45.398292546117197 ], [ -73.929072247054407, 45.3984037400839 ], [ -73.933593324133, 45.398781971479401 ], [ -73.933698813727901, 45.404579775865599 ] ], [ [ -73.926983134056073, 45.407866497793528 ], [ -73.927099250226973, 45.406988295276328 ], [ -73.926969908408509, 45.406111010312969 ], [ -73.926600090140454, 45.405268355625715 ], [ -73.926004016591932, 45.404492711712315 ], [ -73.925204600640541, 45.403813882824174 ], [ -73.924232565414428, 45.403257952109549 ], [ -73.923125263312585, 45.40284627984105 ], [ -73.921925240934087, 45.402594683135767 ], [ -73.920678605010409, 45.402512828601829 ], [ -73.919433251988679, 45.402603861177568 ], [ -73.918237029083087, 45.402864283377482 ], [ -73.917135897208041, 45.4032840895701 ], [ -73.916172166135397, 45.403847150146774 ], [ -73.915382869483594, 45.404531830870077 ], [ -73.914798341845326, 45.405311823677259 ], [ -73.914441052686612, 45.406157157100857 ], [ -73.914324741884599, 45.407035347565312 ], [ -73.914453890272881, 45.407912647390575 ], [ -73.914823545759688, 45.408755341591807 ], [ -73.915419511957865, 45.409531043655605 ], [ -73.91621889233295, 45.410209940477685 ], [ -73.917190969172907, 45.410765938567486 ], [ -73.91829838374349, 45.411177667395108 ], [ -73.919498572323221, 45.411429301232886 ], [ -73.920745402878012, 45.411511167819555 ], [ -73.921990949329938, 45.411420120381905 ], [ -73.923187335016763, 45.411159658668005 ], [ -73.924288574242155, 45.410739794325004 ], [ -73.92525234089112, 45.41017666581439 ], [ -73.92604159592905, 45.409491917715918 ], [ -73.926626011098591, 45.408711868349599 ], [ -73.926983134056073, 45.407866497793528 ] ] ] } },
{ "type": "Feature", "properties": { "arrondissement": "Sainte-Anne-de-Bellevue", "pct_couverture": 19.3, "nb_bornes": 34 }, "geometry": { "type": "MultiPolygon", "coordinates": [ [ [ [ -73.957879522327005, 45.408571445727702 ], [ -73.957776390727801, 45.408635481901101 ], [ -73.957605230856203, 45.408747736118599 ], [ -73.957394109856693, 45.408886231936698 ], [ -73.957206926431994, 45.409016669909299 ], [ -73.957392225818197, 45.409107249593099 ], [ -73.957389998241993, 45.409109490583603 ], [ -73.956872951246297, 45.409630015300898 ], [ -73.9567743184666, 45.409713927863997 ], [ -73.956342206274797, 45.409330702069497 ], [ -73.956044246023495, 45.409066470528835 ], [ -73.956533833534692, 45.40887962015919 ], [ -73.957656140019637, 45.408634904130253 ], [ -73.957914394810757, 45.408536335360481 ], [ -73.957879522327005, 45.408571445727702 ] ] ], [ [ [ -73.952182039136702, 45.410902472607503 ], [ -73.951747585200906, 45.411387109596902 ], [ -73.949525462703903, 45.413865810088502 ], [ -73.949610154097897, 45.414437870447401 ], [ -73.949787929324998, 45.415393690751699 ], [ -73.950017872303704, 45.416645546133502 ], [ -73.950185627883997, 45.4172211626462 ], [ -73.950692826036402, 45.417707993947701 ], [ -73.9507253388512, 45.417738815811099 ], [ -73.950859908838396, 45.417862278662902 ], [ -73.951549273725803, 45.418643687562202 ], [ -73.951700929515098, 45.418815589759603 ], [ -73.952390292641098, 45.4195969846743 ], [ -73.9525442783969, 45.4197662489848 ], [ -73.953279726983794, 45.420574688765903 ], [ -73.954182385704897, 45.421613539229298 ], [ -73.955594086134397, 45.423238150701103 ], [ -73.956614596223204, 45.425894520499597 ], [ -73.959367996895097, 45.427103891833802 ], [ -73.957790479126601, 45.4289550779325 ], [ -73.952951698527301, 45.434412803939097 ], [ -73.951555929451203, 45.435950929560498 ], [ -73.945725598818797, 45.433097512353001 ], [ -73.9479097074435, 45.435931119528902 ], [ -73.946798908911305, 45.436384535755799 ], [ -73.946048796349501, 45.435231260465997 ], [ -73.945006786380304, 45.435600864183101 ], [ -73.943685370217196, 45.436257238877197 ], [ -73.942918511278705, 45.437045847267598 ], [ -73.942868639007699, 45.437024282459099 ], [ -73.942480960321902, 45.437422151181202 ], [ -73.942103644690405, 45.437961731770002 ], [ -73.940218141720806, 45.437177503058997 ], [ -73.939960373359796, 45.437034466871097 ], [ -73.939764753843505, 45.436892974729801 ], [ -73.939480338710595, 45.436687208445498 ], [ -73.937567925938097, 45.437294710855902 ], [ -73.937309312008097, 45.437135133599199 ], [ -73.9370217524541, 45.436708592690003 ], [ -73.936169152407203, 45.436960655891198 ], [ -73.934968134955099, 45.437383702895403 ], [ -73.933268092403196, 45.4379186348052 ], [ -73.932737574328101, 45.438085563426803 ], [ -73.932423551674205, 45.438177977093297 ], [ -73.932049647580399, 45.438288033499902 ], [ -73.931836667206895, 45.438355879748201 ], [ -73.931623711887596, 45.438423804592603 ], [ -73.931420169227394, 45.4384886441795 ], [ -73.931283319959107, 45.438532237948799 ], [ -73.931197723678807, 45.438559503990497 ], [ -73.930989413066399, 45.438634352345403 ], [ -73.930783989650806, 45.438708126126897 ], [ -73.930820988639297, 45.438796838332998 ], [ -73.930828998545707, 45.4388160178855 ], [ -73.930842039837898, 45.438836962349001 ], [ -73.930935501834995, 45.438986948589402 ], [ -73.931030228269506, 45.439138995071602 ], [ -73.931112545317603, 45.439271078871499 ], [ -73.931127420734796, 45.439290250064197 ], [ -73.931240776232499, 45.439436268034598 ], [ -73.931313640853702, 45.439530143598702 ], [ -73.931437845053694, 45.439717149850303 ], [ -73.931558918551801, 45.439899457619298 ], [ -73.931237014617096, 45.440001019330303 ], [ -73.930893217470995, 45.440109490711698 ], [ -73.930678007259701, 45.4401773783393 ], [ -73.930462821494601, 45.440245265468398 ], [ -73.930240636717102, 45.440315366674099 ], [ -73.930025449898196, 45.440383252981398 ], [ -73.929810262560693, 45.440451138884399 ], [ -73.929728346804097, 45.440476983945402 ], [ -73.9295938872812, 45.440517174659199 ], [ -73.929476652688905, 45.4405539172133 ], [ -73.929371447767807, 45.440586888472801 ], [ -73.929264835445295, 45.440621938804902 ], [ -73.929157749787507, 45.440657140205303 ], [ -73.928944051341006, 45.440727400326502 ], [ -73.928730352295204, 45.440797651261498 ], [ -73.928509704548105, 45.440870186284599 ], [ -73.928296029451204, 45.440940445103003 ], [ -73.928283253716799, 45.440944640767199 ], [ -73.928080130571104, 45.441007231953797 ], [ -73.927733064243498, 45.4411141857952 ], [ -73.927446199156194, 45.441202573531697 ], [ -73.927316947638502, 45.440997163001498 ], [ -73.927139519750199, 45.440729768794498 ], [ -73.927039695491501, 45.440579363898998 ], [ -73.9270078010086, 45.440531265413 ], [ -73.926941640099301, 45.440428398680197 ], [ -73.926802725272296, 45.440212355476604 ], [ -73.926670455453504, 45.440006665465901 ], [ -73.926566170479703, 45.440032591816497 ], [ -73.926523373742, 45.440048367250597 ], [ -73.926268591253702, 45.440143179026599 ], [ -73.924900371488803, 45.4405974038118 ], [ -73.924622097670806, 45.4406897860177 ], [ -73.924813067662299, 45.441003373965302 ], [ -73.923818443839707, 45.441315795781101 ], [ -73.922826545588094, 45.441627353214898 ], [ -73.923097986829205, 45.442013219744702 ], [ -73.920847941814898, 45.4428837869945 ], [ -73.920115815151206, 45.443163738505199 ], [ -73.919515394379701, 45.4433933225895 ], [ -73.919135648112899, 45.443520797315898 ], [ -73.9182033060018, 45.443888087831503 ], [ -73.918147165353403, 45.443910762612703 ], [ -73.917456846844004, 45.444189573316898 ], [ -73.917229976031393, 45.444266649508201 ], [ -73.916270069108194, 45.444654796083803 ], [ -73.915852848159602, 45.444816189916097 ], [ -73.914614054708096, 45.445279594039199 ], [ -73.913193119088206, 45.445834991096099 ], [ -73.912689026456405, 45.446028356955701 ], [ -73.912180204646603, 45.446182984608001 ], [ -73.911907908845706, 45.446334850505004 ], [ -73.911720425338203, 45.446403929613503 ], [ -73.911208000452305, 45.446592731502797 ], [ -73.910512302660607, 45.446870822645302 ], [ -73.910378452638199, 45.446916410503803 ], [ -73.910238264735298, 45.4469557292011 ], [ -73.9097285496007, 45.4471271241583 ], [ -73.909340433160295, 45.4472576327789 ], [ -73.908189598917403, 45.447644592353903 ], [ -73.9079630066703, 45.447720781582603 ], [ -73.906852705159395, 45.447961100675997 ], [ -73.906589240955796, 45.448014601360804 ], [ -73.906377709797795, 45.448071371792103 ], [ -73.905751822560603, 45.448357514065997 ], [ -73.905564475147202, 45.448429982444502 ], [ -73.905371640386406, 45.448173791104601 ], [ -73.905222786633999, 45.447990570387603 ], [ -73.904750328965207, 45.447345371516597 ], [ -73.904537334427303, 45.447046916208002 ], [ -73.904350801353502, 45.446782173366302 ], [ -73.9045765310684, 45.446714491181602 ], [ -73.904488800266506, 45.446387234565599 ], [ -73.904446670633206, 45.446225366391097 ], [ -73.9044045162765, 45.446063498283998 ], [ -73.904362387131499, 45.445901630067503 ], [ -73.904320233263306, 45.445739761918503 ], [ -73.904278079701996, 45.445577902535902 ], [ -73.904221908518494, 45.445362075229497 ], [ -73.904158693192301, 45.445119296322197 ], [ -73.904135349905701, 45.445029635184497 ], [ -73.904425249302307, 45.444980662917999 ], [ -73.904652576180098, 45.444942260365202 ], [ -73.9048799013419, 45.444903857599797 ], [ -73.905237795476197, 45.4448433963734 ], [ -73.905542036653202, 45.444791998080703 ], [ -73.905493934671, 45.444615290554999 ], [ -73.905421782537502, 45.444350230268199 ], [ -73.905377787347604, 45.444188606911197 ], [ -73.905333792871701, 45.444026985239802 ], [ -73.905289798216501, 45.443865361900897 ], [ -73.905245804236102, 45.443703740121698 ], [ -73.905201810076704, 45.443542116720103 ], [ -73.905157816631203, 45.443380494986101 ], [ -73.905113822954306, 45.443218871458697 ], [ -73.905069830017595, 45.443057249688998 ], [ -73.905025836849305, 45.442895626098803 ], [ -73.904981844421201, 45.4427340042933 ], [ -73.904905590483693, 45.442453856075801 ], [ -73.904818603166305, 45.442134271146998 ], [ -73.904741923010505, 45.441852550863601 ], [ -73.904734224862906, 45.4417359570268 ], [ -73.904688979273502, 45.441561954361497 ], [ -73.904681295417205, 45.441532404179299 ], [ -73.904679006030705, 45.441523599750198 ], [ -73.904599740276595, 45.441218761403803 ], [ -73.904567513651102, 45.441094824066496 ], [ -73.904557643109598, 45.441056863744301 ], [ -73.904515545490099, 45.440894963402698 ], [ -73.904500845891306, 45.440838430964 ], [ -73.904473448600399, 45.440733064865199 ], [ -73.904457372279595, 45.440671237419899 ], [ -73.904415316406599, 45.440509495346802 ], [ -73.904411623071695, 45.440495291138099 ], [ -73.904326044150196, 45.440462371661397 ], [ -73.903908522126102, 45.440302376459002 ], [ -73.903831496402503, 45.4403141390302 ], [ -73.903571093671502, 45.440353904233902 ], [ -73.903467066289195, 45.4403697897 ], [ -73.903230243913697, 45.440405953305998 ], [ -73.903146199965605, 45.440349633897299 ], [ -73.903132258250494, 45.440340303932302 ], [ -73.903040289290402, 45.440278758171402 ], [ -73.903011152180099, 45.440259946062397 ], [ -73.902967703556897, 45.440229584427399 ], [ -73.902882712932595, 45.440095492943598 ], [ -73.902825801438198, 45.439955814167099 ], [ -73.902781063535002, 45.4397961219873 ], [ -73.902735521406598, 45.439634745396198 ], [ -73.902689975642204, 45.439473359796601 ], [ -73.902644430140697, 45.4393119741734 ], [ -73.902583709775499, 45.439096817278703 ], [ -73.902540418924005, 45.438943419754899 ], [ -73.902494871652095, 45.438782023265198 ], [ -73.902354249419403, 45.438801335529902 ], [ -73.902327552384506, 45.438805635410297 ], [ -73.902284366703896, 45.438619151570002 ], [ -73.902211976650406, 45.438306554386898 ], [ -73.902161194511905, 45.438087263158501 ], [ -73.902096640320593, 45.437808497779798 ], [ -73.902087147009098, 45.437767804487699 ], [ -73.902010182979893, 45.437460915660999 ], [ -73.901910731470196, 45.437094786462701 ], [ -73.901823415141195, 45.436773332718602 ], [ -73.901388360783201, 45.435541891567603 ], [ -73.901385329527201, 45.435533343061202 ], [ -73.901347390975801, 45.435393313563502 ], [ -73.901346135408403, 45.435388748403902 ], [ -73.901323090307898, 45.435303677171397 ], [ -73.901275289265001, 45.435122881741499 ], [ -73.901339131212495, 45.4351021719553 ], [ -73.901402907487693, 45.435081360959998 ], [ -73.901466617605195, 45.435060448910903 ], [ -73.901530261080893, 45.435039435964399 ], [ -73.901593837431605, 45.4350183222789 ], [ -73.901657346175099, 45.434997108014002 ], [ -73.901720786830197, 45.434975793330899 ], [ -73.901784158916698, 45.434954378392398 ], [ -73.901847461955498, 45.434932863362697 ], [ -73.901910695468601, 45.434911248407701 ], [ -73.901993233279001, 45.434882564831298 ], [ -73.902075626336298, 45.434853672017603 ], [ -73.902157873037197, 45.434824570511502 ], [ -73.9022399717838, 45.434795260865798 ], [ -73.902321920983695, 45.4347657436414 ], [ -73.902403719050298, 45.434736019407502 ], [ -73.902485364403105, 45.434706088741002 ], [ -73.9025668554672, 45.434675952226797 ], [ -73.902648190674, 45.434645610457999 ], [ -73.902729368460996, 45.434615064035398 ], [ -73.902808764104904, 45.434584864166098 ], [ -73.902887992618005, 45.434554443445101 ], [ -73.902967052143595, 45.434523802562197 ], [ -73.903045940832598, 45.434492942217403 ], [ -73.903124656843701, 45.4344618631212 ], [ -73.903203198343803, 45.434430565994198 ], [ -73.903281563507605, 45.434399051566999 ], [ -73.903359750518405, 45.434367320580598 ], [ -73.903437757567602, 45.4343353737858 ], [ -73.903515582855405, 45.434303211943302 ], [ -73.903597870016597, 45.434269025332597 ], [ -73.903679992428806, 45.434234639890803 ], [ -73.903761948639797, 45.434200056209697 ], [ -73.903843737203303, 45.434165274887803 ], [ -73.903925356678897, 45.434130296530903 ], [ -73.904006805631994, 45.434095121751497 ], [ -73.904088082634104, 45.434059751168903 ], [ -73.904169186262493, 45.434024185409598 ], [ -73.904250115100993, 45.433988425106797 ], [ -73.904330867739503, 45.433952470900302 ], [ -73.904411688387896, 45.433916301103402 ], [ -73.9044922558422, 45.433879846233197 ], [ -73.904572567065102, 45.433843107611999 ], [ -73.904652619037805, 45.433806086583502 ], [ -73.904732408760793, 45.4337687845128 ], [ -73.904811933253697, 45.4337312027858 ], [ -73.904891189556196, 45.433693342809399 ], [ -73.904970174727893, 45.433655206011103 ], [ -73.905048885849098, 45.433616793839001 ], [ -73.905127320020895, 45.4335781077612 ], [ -73.905208326625498, 45.433538252614198 ], [ -73.905289125692804, 45.4334981859379 ], [ -73.905369715554201, 45.433457908537797 ], [ -73.905450094549096, 45.433417421227801 ], [ -73.905530261025902, 45.433376724830197 ], [ -73.905610213341404, 45.433335820176502 ], [ -73.905689949861099, 45.433294708105997 ], [ -73.905769468959505, 45.433253389467097 ], [ -73.905848769020295, 45.433211865116199 ], [ -73.905927848435894, 45.433170135918402 ], [ -73.906010411546205, 45.433126218736803 ], [ -73.906092920470002, 45.433082250980704 ], [ -73.906175375113804, 45.433038232699701 ], [ -73.906257775384006, 45.432994163943398 ], [ -73.906301124208127, 45.432970938538304 ], [ -73.906750937482343, 45.433556306826318 ], [ -73.907550555529184, 45.434235260637372 ], [ -73.908522961854786, 45.434791329015617 ], [ -73.909630785063513, 45.435203138726457 ], [ -73.910831445725066, 45.435454860930221 ], [ -73.912078793653606, 45.4355368199666 ], [ -73.913324882875415, 45.435445865507305 ], [ -73.914521815855309, 45.435185493726365 ], [ -73.915623585851037, 45.434765712815285 ], [ -73.916587846339638, 45.434202658031211 ], [ -73.917377539302365, 45.43351797112355 ], [ -73.917962319652105, 45.432737968064387 ], [ -73.91831972101663, 45.431892627155904 ], [ -73.918436018132326, 45.431014436490671 ], [ -73.918306752856139, 45.430137145130367 ], [ -73.917936903801021, 45.429294466044098 ], [ -73.917340693332974, 45.428518780666771 ], [ -73.916541039602066, 45.42783989484137 ], [ -73.916214083807759, 45.4276529405793 ], [ -73.916287425406097, 45.427613680455501 ], [ -73.916368607025802, 45.427570295963299 ], [ -73.916449837982398, 45.427526957494699 ], [ -73.916528146106501, 45.427484907018602 ], [ -73.916606462550604, 45.427442864275001 ], [ -73.916684787312406, 45.427400829265302 ], [ -73.916763120389504, 45.4273588019906 ], [ -73.916841461779697, 45.427316782452401 ], [ -73.916919811480597, 45.427274770651699 ], [ -73.916998169489901, 45.427232766589697 ], [ -73.917076535805194, 45.427190770267899 ], [ -73.917154910424301, 45.427148781687201 ], [ -73.917233293344694, 45.427106800849103 ], [ -73.917315330004499, 45.427062534895498 ], [ -73.917397417439403, 45.427018315540401 ], [ -73.917479555569201, 45.426974142827298 ], [ -73.917561744313701, 45.426930016799602 ], [ -73.917643983592498, 45.426885937500401 ], [ -73.917726273324902, 45.426841904973003 ], [ -73.917808613430395, 45.426797919260203 ], [ -73.917891003828302, 45.426753980405103 ], [ -73.917973444437706, 45.426710088450598 ], [ -73.918055935177804, 45.4266662434393 ], [ -73.918133802336499, 45.426624679650097 ], [ -73.918211591966795, 45.426583043602598 ], [ -73.918289303866203, 45.426541335404103 ], [ -73.918366937832502, 45.4264995551626 ], [ -73.918444493663898, 45.426457702986198 ], [ -73.918521971159194, 45.426415778983703 ], [ -73.918599370117207, 45.426373783263898 ], [ -73.918676690337506, 45.4263317159362 ], [ -73.918753931619904, 45.426289577110403 ], [ -73.918831093764794, 45.426247366896597 ], [ -73.918912439284895, 45.426204374105097 ], [ -73.918993732150994, 45.426161331840902 ], [ -73.919074972272, 45.4261182401521 ], [ -73.919156159557303, 45.426075099086603 ], [ -73.919237293916296, 45.426031908692401 ], [ -73.9193183752583, 45.425988669017698 ], [ -73.919399403493102, 45.425945380111003 ], [ -73.919480378530295, 45.425902042020702 ], [ -73.919561300279696, 45.4258586547951 ], [ -73.919642168651393, 45.425815218483002 ], [ -73.919725005691703, 45.425770763990698 ], [ -73.919807834264702, 45.425726301732197 ], [ -73.919890654368501, 45.4256818317088 ], [ -73.919973466000698, 45.425637353921502 ], [ -73.920056269159204, 45.425592868371801 ], [ -73.920139063841802, 45.4255483750606 ], [ -73.920221850046303, 45.4255038739892 ], [ -73.920304627770605, 45.425459365158801 ], [ -73.920387397012504, 45.425414848570497 ], [ -73.920470157769799, 45.425370324225497 ], [ -73.920510210133898, 45.425348831416301 ], [ -73.920550244174393, 45.425327321658003 ], [ -73.920590259869698, 45.425305794962298 ], [ -73.920630257198098, 45.425284251340898 ], [ -73.920670236137894, 45.425262690805098 ], [ -73.920710196667599, 45.425241113367001 ], [ -73.920750138765598, 45.425219519037903 ], [ -73.920790062410305, 45.425197907829698 ], [ -73.920829967580104, 45.425176279754098 ], [ -73.920869854253596, 45.425154634822697 ], [ -73.920948203180501, 45.4251121207935 ], [ -73.921026592178606, 45.425069643359897 ], [ -73.921105021196098, 45.425027202550297 ], [ -73.921183490180994, 45.4249847983927 ], [ -73.921261999081594, 45.424942430915102 ], [ -73.921340547845702, 45.424900100145798 ], [ -73.921419136421406, 45.424857806112499 ], [ -73.921497764756694, 45.424815548843299 ], [ -73.921576432799299, 45.424773328366001 ], [ -73.921655140497094, 45.424731144708304 ], [ -73.921733650995506, 45.424689725727802 ], [ -73.921812076480194, 45.424648226533201 ], [ -73.921890416703405, 45.4246066472545 ], [ -73.921968671418099, 45.424564988021899 ], [ -73.922046840377902, 45.424523248966203 ], [ -73.922124923336696, 45.424481430218499 ], [ -73.922202920049202, 45.4244395319107 ], [ -73.922280830270296, 45.424397554174902 ], [ -73.922358653755794, 45.4243554971439 ], [ -73.922436390261893, 45.424313360951103 ], [ -73.922515540281694, 45.424271019728302 ], [ -73.922594667694597, 45.424228657580898 ], [ -73.922673772484004, 45.424186274518 ], [ -73.922752854633302, 45.424143870548299 ], [ -73.922831914125695, 45.424101445681003 ], [ -73.922910950944697, 45.424058999924803 ], [ -73.922989965073498, 45.424016533288899 ], [ -73.923068956495499, 45.423974045782103 ], [ -73.923147925194201, 45.423931537413402 ], [ -73.923226871152906, 45.423889008191999 ], [ -73.923307864254198, 45.423846293670103 ], [ -73.923388748988202, 45.423803476741099 ], [ -73.923469524964005, 45.423760557609199 ], [ -73.923550191791307, 45.423717536480197 ], [ -73.923630749081099, 45.423674413560299 ], [ -73.923711196445396, 45.423631189057197 ], [ -73.923791533497095, 45.4235878631792 ], [ -73.923871759850499, 45.4235444361356 ], [ -73.923951875120594, 45.4235009081371 ], [ -73.924031878923699, 45.423457279394903 ], [ -73.924117550909102, 45.4234117447931 ], [ -73.924203174715601, 45.423366165200797 ], [ -73.924288750271799, 45.423320540656299 ], [ -73.924374277506502, 45.4232748711974 ], [ -73.924459756348497, 45.4232291568619 ], [ -73.924545186726704, 45.4231833976879 ], [ -73.924630568570194, 45.423137593713598 ], [ -73.924715901808, 45.4230917449771 ], [ -73.924801186369294, 45.423045851516903 ], [ -73.924886422183206, 45.4229999133711 ], [ -73.924939957142996, 45.422970823796597 ], [ -73.924993514804896, 45.4229417549301 ], [ -73.925047095144606, 45.422912706784999 ], [ -73.925100698137996, 45.4228836793745 ], [ -73.925154323760594, 45.422854672711701 ], [ -73.925207971988101, 45.422825686809801 ], [ -73.925261642796201, 45.422796721681799 ], [ -73.925315336160494, 45.422767777341001 ], [ -73.925369052056595, 45.422738853800297 ], [ -73.925422790460004, 45.422709951073003 ], [ -73.925526592649206, 45.422654614965701 ], [ -73.925630340693601, 45.422599228478397 ], [ -73.925734034519294, 45.422543791650398 ], [ -73.925837674052701, 45.422488304520897 ], [ -73.925941259219996, 45.422432767129401 ], [ -73.926044789947895, 45.4223771795155 ], [ -73.926148266162699, 45.422321541718503 ], [ -73.926251687791094, 45.4222658537782 ], [ -73.926355054759895, 45.422210115734401 ], [ -73.926458366995604, 45.4221543276267 ], [ -73.926538750389696, 45.422111097070697 ], [ -73.926619150247802, 45.422067881740197 ], [ -73.926699566561098, 45.422024681639897 ], [ -73.9267799993209, 45.421981496774301 ], [ -73.926860448518497, 45.421938327148297 ], [ -73.926940914145007, 45.421895172766398 ], [ -73.927021396191606, 45.421852033633499 ], [ -73.927101894649695, 45.421808909754198 ], [ -73.927182409510394, 45.421765801133098 ], [ -73.927262940764905, 45.421722707774997 ], [ -73.927343328152602, 45.421679612389397 ], [ -73.927423703630097, 45.421636506036499 ], [ -73.9275040671928, 45.421593388718797 ], [ -73.927584418836304, 45.4215502604386 ], [ -73.927664758556006, 45.421507121198403 ], [ -73.9277450863474, 45.421463971000698 ], [ -73.927825402206096, 45.421420809847803 ], [ -73.927905706127603, 45.421377637742196 ], [ -73.927985998107403, 45.421334454686303 ], [ -73.928066278140903, 45.421291260682601 ], [ -73.928145118058794, 45.421248439171599 ], [ -73.928224434878302, 45.4212060428668 ], [ -73.928304221641696, 45.421164075700197 ], [ -73.928384471304597, 45.421122541528099 ], [ -73.928465176737802, 45.421081444129896 ], [ -73.928546330729901, 45.421040787207602 ], [ -73.928627925988906, 45.421000574383903 ], [ -73.928709955144797, 45.420960809201802 ], [ -73.928792410751598, 45.420921495122997 ], [ -73.928875285289394, 45.420882635527001 ], [ -73.9289541157966, 45.4208467934331 ], [ -73.929033338110202, 45.420811368288398 ], [ -73.929112945543196, 45.420776363260799 ], [ -73.929192931340197, 45.420741781446999 ], [ -73.929273288679099, 45.420707625872097 ], [ -73.929354010673293, 45.420673899487703 ], [ -73.929435090373701, 45.420640605172203 ], [ -73.929516520770306, 45.4206077457291 ], [ -73.929598294794701, 45.420575323886901 ], [ -73.929680405322003, 45.420543342297599 ], [ -73.929749515985606, 45.420517130145399 ], [ -73.929818901369302, 45.420491268094999 ], [ -73.929888556098007, 45.420465758274297 ], [ -73.929958474752894, 45.4204406027564 ], [ -73.930028651872405, 45.420415803558797 ], [ -73.930099081953898, 45.420391362643699 ], [ -73.930169759454898, 45.420367281916903 ], [ -73.930240678794704, 45.420343563227 ], [ -73.930311834355905, 45.420320208366 ], [ -73.930383220485695, 45.420297219067599 ], [ -73.930465345834705, 45.420271418192499 ], [ -73.930547769834504, 45.420246074119802 ], [ -73.930630484786406, 45.420221189398298 ], [ -73.930713482933498, 45.420196766490797 ], [ -73.930796756463806, 45.420172807773604 ], [ -73.930880297511905, 45.4201493155349 ], [ -73.930964098161894, 45.420126291975201 ], [ -73.931048150449897, 45.420103739205899 ], [ -73.931132446366206, 45.420081659248403 ], [ -73.931216977858298, 45.420060054034501 ], [ -73.931244373686894, 45.420053228228603 ], [ -73.931271793259, 45.420046449149702 ], [ -73.931299236333402, 45.420039716858902 ], [ -73.9313267026685, 45.420033031416502 ], [ -73.931354192022297, 45.420026392882399 ], [ -73.9313817041525, 45.4200198013151 ], [ -73.931409238816201, 45.420013256772698 ], [ -73.931436795770196, 45.420006759312201 ], [ -73.931464374770897, 45.420000308989898 ], [ -73.931491975574403, 45.419993905861297 ], [ -73.931545382940399, 45.418591828887799 ], [ -73.931834599162897, 45.416807683520403 ], [ -73.932014713898795, 45.415696680716998 ], [ -73.932075834629103, 45.415278701363903 ], [ -73.932289767639205, 45.413983222150897 ], [ -73.932322003274507, 45.413727484384502 ], [ -73.932362709557097, 45.413404594301397 ], [ -73.932435204093494, 45.412829658862698 ], [ -73.932463602630506, 45.412819479298697 ], [ -73.932659952040297, 45.411634008400497 ], [ -73.932791675738002, 45.410808720332398 ], [ -73.932867535652605, 45.4103011622271 ], [ -73.932908773792803, 45.410038244689801 ], [ -73.932956836568096, 45.409744270549801 ], [ -73.933002173755696, 45.409471851110901 ], [ -73.933134955273005, 45.408654364594597 ], [ -73.933201998668096, 45.408245615159899 ], [ -73.933245405606201, 45.407973006704502 ], [ -73.933377490846496, 45.407155742797698 ], [ -73.933468088435802, 45.406611319333599 ], [ -73.933491828089302, 45.406474571310802 ], [ -73.933522494025894, 45.406262830666797 ], [ -73.933556821158703, 45.406033916704203 ], [ -73.933613944577999, 45.405700016950597 ], [ -73.933704219254494, 45.405135516735797 ], [ -73.933707256671696, 45.405044067479999 ], [ -73.933705954360605, 45.405004299366396 ], [ -73.933699976191306, 45.404643657920197 ], [ -73.933698813727901, 45.404579775865599 ], [ -73.933593324133, 45.398781971479401 ], [ -73.934775408037197, 45.398880833752202 ], [ -73.935413237612494, 45.398950131035903 ], [ -73.938350171174207, 45.399376000897902 ], [ -73.941027159551595, 45.399900984692501 ], [ -73.943938782451667, 45.400568268436992 ], [ -73.94316153855992, 45.400405462296334 ], [ -73.941914921903518, 45.400323839444745 ], [ -73.94066965280733, 45.400415103287308 ], [ -73.939473575263435, 45.400675747455061 ], [ -73.938372644606147, 45.401095757789641 ], [ -73.937409162882716, 45.401658996839309 ], [ -73.93662015413824, 45.40234382350851 ], [ -73.936035941909623, 45.403123924124699 ], [ -73.935678983548399, 45.403969323074804 ], [ -73.93556300622312, 45.404847534261485 ], [ -73.935692477952358, 45.405724809204294 ], [ -73.93606243421543, 45.406567433870606 ], [ -73.936658667060442, 45.407343024415979 ], [ -73.936709667286138, 45.407386316270426 ], [ -73.936809238539084, 45.40806087092492 ], [ -73.937179226890521, 45.408903491510053 ], [ -73.937775499794654, 45.409679075759129 ], [ -73.938575148922681, 45.410357815093022 ], [ -73.939547446225475, 45.410913622072556 ], [ -73.940655024487327, 45.411325133512975 ], [ -73.941855313688507, 45.411576532043092 ], [ -73.943102177922981, 45.411658154448041 ], [ -73.944347689816752, 45.411566863342635 ], [ -73.945543974037463, 45.411306167843165 ], [ -73.946645048793329, 45.410886088584604 ], [ -73.947608594297577, 45.410322772289952 ], [ -73.948397580023212, 45.409637870756178 ], [ -73.948981688071484, 45.40885770819883 ], [ -73.949184539309144, 45.408377037616269 ], [ -73.949842263801713, 45.408752937556258 ], [ -73.950949873696644, 45.409164349200097 ], [ -73.952150161886152, 45.40941563964217 ], [ -73.953378328299294, 45.409495929671451 ], [ -73.952182039136702, 45.410902472607503 ] ] ], [ [ [ -73.946176449571041, 45.401178670116551 ], [ -73.946022295441907, 45.401384576130724 ], [ -73.945469018933608, 45.401068301930657 ], [ -73.944420150776082, 45.400678588100291 ], [ -73.944619895559001, 45.400724365473003 ], [ -73.946455141532894, 45.400936713432763 ], [ -73.946176449571041, 45.401178670116551 ] ] ] ] } },
{ "type": "Feature", "properties": { "arrondissement": "Montréal-Est", "pct_couverture": 19.4, "nb_bornes": 19 }, "geometry": { "type": "Polygon", "coordinates": [ [ [ -73.536260814679395, 45.618458914744501 ], [ -73.535497377381503, 45.619898184694399 ], [ -73.543940530883305, 45.623672643916201 ], [ -73.546846545403497, 45.624937195845597 ], [ -73.5479260800509, 45.625406923052502 ], [ -73.548081526572801, 45.6254742257332 ], [ -73.548442253004893, 45.625630207143999 ], [ -73.548463708565507, 45.6256394995211 ], [ -73.548591486221497, 45.625694748404399 ], [ -73.550488134954094, 45.626514825983499 ], [ -73.551092346148195, 45.626771582939597 ], [ -73.551116356800406, 45.626781782495598 ], [ -73.551402319564801, 45.626904562871403 ], [ -73.551420486572795, 45.626912463244103 ], [ -73.552986808360302, 45.627594831329098 ], [ -73.553952145594195, 45.628015363645801 ], [ -73.556759991744997, 45.629238460875897 ], [ -73.559646401089907, 45.630458078006697 ], [ -73.561393836048595, 45.631211606945101 ], [ -73.562843370574299, 45.631836634669199 ], [ -73.563854786308397, 45.632272733452098 ], [ -73.567648645789802, 45.633908406771504 ], [ -73.567994084329499, 45.634057322953801 ], [ -73.568167614590095, 45.634131516069999 ], [ -73.568341166766501, 45.634205423665001 ], [ -73.564159016766695, 45.636945913885697 ], [ -73.561340093964603, 45.638792505226903 ], [ -73.557755934183405, 45.641140253631903 ], [ -73.555555780255304, 45.642581532653502 ], [ -73.555501113238407, 45.642617331606502 ], [ -73.554517712363506, 45.643239521977499 ], [ -73.553504327423994, 45.643837581069398 ], [ -73.552462162720303, 45.644410800279999 ], [ -73.552463184836, 45.6444118193074 ], [ -73.552331158487704, 45.644479576967903 ], [ -73.552057277021305, 45.644622329066102 ], [ -73.551781614516699, 45.6447633680528 ], [ -73.551504181239494, 45.644902684012798 ], [ -73.551225010614601, 45.645040339905698 ], [ -73.549432166977397, 45.645915721946302 ], [ -73.549338022090495, 45.645962440819503 ], [ -73.549244384636097, 45.646009664858802 ], [ -73.549151262858004, 45.646057389973699 ], [ -73.549058664910604, 45.646105611985902 ], [ -73.548966598855898, 45.646154326630302 ], [ -73.548871297013605, 45.646205872891102 ], [ -73.548776645701693, 45.646258013642303 ], [ -73.548682656190707, 45.646310742788899 ], [ -73.548589339595793, 45.646364054096402 ], [ -73.548496706872101, 45.646417941192901 ], [ -73.548399204193501, 45.646474906673703 ], [ -73.548302350761503, 45.646532421147398 ], [ -73.548206155972196, 45.6465904791255 ], [ -73.548110629095106, 45.646649075014601 ], [ -73.548015779270997, 45.646708203117903 ], [ -73.547932856028098, 45.646760871104597 ], [ -73.547849708153393, 45.646813365426702 ], [ -73.547766336756794, 45.646865685378998 ], [ -73.547682742954095, 45.646917830260897 ], [ -73.547598927867099, 45.646969799376301 ], [ -73.547525863690794, 45.647014948008 ], [ -73.547452226481795, 45.647059642531303 ], [ -73.547378024878498, 45.6471038776074 ], [ -73.547303267653405, 45.647147648005898 ], [ -73.547227963709901, 45.647190948606401 ], [ -73.547128511821697, 45.647247453039697 ], [ -73.547028247781796, 45.647303257970698 ], [ -73.546927186651502, 45.647358354840698 ], [ -73.546825343734895, 45.647412735305103 ], [ -73.546722734571304, 45.647466391236698 ], [ -73.546635723446599, 45.6475112166572 ], [ -73.546548384926297, 45.647555730355002 ], [ -73.546460722421202, 45.647599930572198 ], [ -73.546372739367897, 45.647643815576103 ], [ -73.546284439227804, 45.647687383658102 ], [ -73.546191450256103, 45.647732212442399 ], [ -73.5460986418624, 45.647777225843697 ], [ -73.546006015163599, 45.647822423323703 ], [ -73.545913571272393, 45.647867804339903 ], [ -73.545821311297104, 45.647913368345002 ], [ -73.545710100305399, 45.647967312492803 ], [ -73.545599314000398, 45.648021688715602 ], [ -73.545488957492296, 45.648076494535403 ], [ -73.545379035852093, 45.648131727434098 ], [ -73.545269554110703, 45.648187384855099 ], [ -73.545185421568107, 45.648228201958297 ], [ -73.545101201331903, 45.648268930278903 ], [ -73.545016893687801, 45.648309569678297 ], [ -73.544932498921995, 45.648350120018399 ], [ -73.5448480173212, 45.648390581161699 ], [ -73.544773886653005, 45.648357200879701 ], [ -73.544596241385705, 45.648276858048398 ], [ -73.544418595925507, 45.648196513936 ], [ -73.544408590156095, 45.648201394850602 ], [ -73.543125707557493, 45.647629059941202 ], [ -73.538670107340494, 45.645549732311501 ], [ -73.533306988929695, 45.643129928749602 ], [ -73.5330754452403, 45.643025453031001 ], [ -73.532989701768003, 45.642986392303101 ], [ -73.527684112649197, 45.640587264803898 ], [ -73.522836652486305, 45.638396458879399 ], [ -73.521386099010599, 45.637720107028599 ], [ -73.521414178846399, 45.637692825472797 ], [ -73.520349148277404, 45.637519628991598 ], [ -73.520208204566998, 45.637496794038 ], [ -73.519404817471894, 45.637366639130498 ], [ -73.518146503631996, 45.637162761850199 ], [ -73.518002765269699, 45.637139470208197 ], [ -73.517879366623404, 45.63711947665 ], [ -73.516447249178, 45.636884991274798 ], [ -73.516067318565504, 45.636820392240303 ], [ -73.511446618725003, 45.636064461168502 ], [ -73.511218166031696, 45.636027080929502 ], [ -73.50959006267351, 45.635760665487332 ], [ -73.510288160465038, 45.635612042704736 ], [ -73.511396859095086, 45.635196175045962 ], [ -73.51236858516269, 45.634636551816435 ], [ -73.513165993562339, 45.633954682905269 ], [ -73.513758442565319, 45.63317677603343 ], [ -73.514123171024352, 45.63233272901482 ], [ -73.514246172106439, 45.631454980299296 ], [ -73.514122730124356, 45.630577262047041 ], [ -73.51375760005628, 45.629733303703638 ], [ -73.513164823114053, 45.628955535914585 ], [ -73.512367185706253, 45.628273844568845 ], [ -73.511395342807418, 45.627714422801937 ], [ -73.510286639567681, 45.627298764999203 ], [ -73.509083676498946, 45.627042841368898 ], [ -73.50783267332514, 45.626956484716516 ], [ -73.506581694225645, 45.62704301290966 ], [ -73.506245669386885, 45.627114550621194 ], [ -73.505927186424657, 45.626378108750473 ], [ -73.505334553138795, 45.62560029986625 ], [ -73.504537058225552, 45.624918553442406 ], [ -73.503565351186296, 45.624359064731891 ], [ -73.502456771953774, 45.623943330692761 ], [ -73.501253916278245, 45.623687324462566 ], [ -73.500002999760028, 45.623600882020035 ], [ -73.498752083251048, 45.623687324528255 ], [ -73.497549227602804, 45.623943330821625 ], [ -73.49644064841462, 45.62435906491897 ], [ -73.495468941435036, 45.624918553680516 ], [ -73.494671446594509, 45.625600300146246 ], [ -73.494078813391624, 45.626378109061605 ], [ -73.494078353288586, 45.626379172977956 ], [ -73.493700419198518, 45.626405271337411 ], [ -73.49249748243291, 45.626661224314333 ], [ -73.491388812335273, 45.627076909185476 ], [ -73.490417008145101, 45.627636354702531 ], [ -73.489619413526157, 45.628318065567541 ], [ -73.489026681809719, 45.629095847894639 ], [ -73.488661597667132, 45.629939815235801 ], [ -73.488538200545676, 45.630817536599245 ], [ -73.488661243699426, 45.631695282419308 ], [ -73.488980829983419, 45.632434778284207 ], [ -73.484037278488003, 45.631691512638902 ], [ -73.484052859789699, 45.631669735054501 ], [ -73.484068382418698, 45.631647936785598 ], [ -73.484083846291398, 45.631626117948997 ], [ -73.484099251325205, 45.631604278661698 ], [ -73.484114597437696, 45.631582419040797 ], [ -73.485544028210299, 45.629283993337701 ], [ -73.487822959011694, 45.6260170455242 ], [ -73.489450998257894, 45.623928964918001 ], [ -73.491241031967107, 45.622054960856403 ], [ -73.493274948258701, 45.620235028497397 ], [ -73.494860984330401, 45.6188700346543 ], [ -73.496651033107995, 45.6163529579743 ], [ -73.498521965953401, 45.612443959766999 ], [ -73.499455707195693, 45.609370774433799 ], [ -73.50461578900773, 45.610261359869696 ], [ -73.504694737361476, 45.610443979773514 ], [ -73.504439138895805, 45.610779641471964 ], [ -73.504074404825147, 45.611623660771969 ], [ -73.503951288353662, 45.6125014015999 ], [ -73.504074531940702, 45.613379133638631 ], [ -73.504439410567073, 45.614223125365896 ], [ -73.50503191161522, 45.615000940455175 ], [ -73.505829271925123, 45.615682684619948 ], [ -73.506800851606428, 45.616242154935044 ], [ -73.507909311173862, 45.616657847391039 ], [ -73.509112046820817, 45.6169137838721 ], [ -73.510362828623059, 45.617000126686605 ], [ -73.511613578570618, 45.616913556958799 ], [ -73.512816219879369, 45.616657402288574 ], [ -73.513924526255295, 45.616241508755714 ], [ -73.514895899786097, 45.615681862205619 ], [ -73.515542854581895, 45.615128423282307 ], [ -73.516087090906211, 45.615244201397907 ], [ -73.517337846272355, 45.615330467874742 ], [ -73.518588548346159, 45.615243821764423 ], [ -73.519791122184799, 45.614987593603423 ], [ -73.520861303439915, 45.614585910518713 ], [ -73.521250205739108, 45.614918296696075 ], [ -73.522221925512341, 45.615477635910501 ], [ -73.523330483894654, 45.615893178775323 ], [ -73.524533273276901, 45.61614895292513 ], [ -73.525784061666613, 45.616235126909181 ], [ -73.527034770799872, 45.616148388342744 ], [ -73.528237325462698, 45.615892071316985 ], [ -73.528943151212303, 45.615627083037751 ], [ -73.529267889467292, 45.616053070468084 ], [ -73.530065558283354, 45.616734645269702 ], [ -73.531037397038389, 45.617293909292179 ], [ -73.532146056280936, 45.617709366454655 ], [ -73.533348924522201, 45.6179650476859 ], [ -73.534599766736207, 45.618051125107314 ], [ -73.535850502588829, 45.617964290046622 ], [ -73.536483068402717, 45.617829413660139 ], [ -73.536260814679395, 45.618458914744501 ] ] ] } },
{ "type": "Feature", "properties": { "arrondissement": "Dorval", "pct_couverture": 21.5, "nb_bornes": 77 }, "geometry": { "type": "MultiPolygon", "coordinates": [ [ [ [ -73.794566044147103, 45.481791628472202 ], [ -73.794315598193094, 45.4819129515569 ], [ -73.79430986103506, 45.481915730783285 ], [ -73.794210285686205, 45.481687823968343 ], [ -73.794397968078329, 45.481616630907617 ], [ -73.794566044147103, 45.481791628472202 ] ] ], [ [ [ -73.716091005501099, 45.4222563729057 ], [ -73.721842033454806, 45.421875061135701 ], [ -73.726869977847798, 45.421486169638598 ], [ -73.731675771228097, 45.421097318613498 ], [ -73.737064909785403, 45.420791735315703 ], [ -73.742953979143493, 45.420486193359501 ], [ -73.750620901780593, 45.420208396667 ], [ -73.754398812408397, 45.419958436292802 ], [ -73.757982360871694, 45.419708431954099 ], [ -73.763982482632898, 45.419180719308898 ], [ -73.764954718911895, 45.419069586507803 ], [ -73.767489153755093, 45.418740900970199 ], [ -73.767954847754297, 45.418680687086599 ], [ -73.768056968930694, 45.418661599382098 ], [ -73.768159090017207, 45.4186425115318 ], [ -73.768261211014007, 45.4186234235355 ], [ -73.768363331920895, 45.418604335393297 ], [ -73.7684654527379, 45.418585247105099 ], [ -73.778657052323396, 45.445038558105999 ], [ -73.778800942993897, 45.445216464039802 ], [ -73.778791664392898, 45.445284265601899 ], [ -73.778719979813602, 45.445329459519101 ], [ -73.778755075568398, 45.4454290342766 ], [ -73.778823048602007, 45.445469203551198 ], [ -73.778891688771907, 45.4456472752737 ], [ -73.780405751986805, 45.449584849747602 ], [ -73.780572706209497, 45.450026957622804 ], [ -73.780641578544603, 45.450209324724497 ], [ -73.7808075702157, 45.450632831198497 ], [ -73.781273857651698, 45.451822510704503 ], [ -73.781395661615605, 45.452133265735 ], [ -73.781558502066602, 45.452558527472803 ], [ -73.781667202969899, 45.452842415601197 ], [ -73.782282933480403, 45.454450319558298 ], [ -73.780020174011895, 45.454868669223899 ], [ -73.780057054657505, 45.454963924325597 ], [ -73.780067100621906, 45.454990605227202 ], [ -73.780908898398593, 45.4572268638114 ], [ -73.781464511604398, 45.458702788425803 ], [ -73.781691932741893, 45.459156353366701 ], [ -73.782099080105098, 45.460420551781098 ], [ -73.782480560749406, 45.461487548005401 ], [ -73.782575949089903, 45.461754358299601 ], [ -73.782671246805407, 45.462010826599403 ], [ -73.783031762209006, 45.462981032420103 ], [ -73.783032344378697, 45.462982577593898 ], [ -73.783050635561693, 45.463031804304201 ], [ -73.783320399130204, 45.463757746383003 ], [ -73.784619244880801, 45.465075239607799 ], [ -73.782440506272096, 45.466125201923496 ], [ -73.780348709726894, 45.467127605554801 ], [ -73.780286750556897, 45.467157292683197 ], [ -73.781609006617401, 45.468429268581197 ], [ -73.784225130372207, 45.4711191005226 ], [ -73.784405851139596, 45.471304657416603 ], [ -73.785617370538304, 45.472548653536698 ], [ -73.786149544869204, 45.4730950513651 ], [ -73.7865127654633, 45.473474335416697 ], [ -73.786626715380507, 45.473590678262902 ], [ -73.786645133718906, 45.473609481397098 ], [ -73.787267222203894, 45.474244745481101 ], [ -73.787269705700439, 45.47424725375749 ], [ -73.786800682596379, 45.474520043651282 ], [ -73.786008835017228, 45.475203828096085 ], [ -73.785421796052546, 45.475983155250177 ], [ -73.785062131656375, 45.476828079248975 ], [ -73.784943672990522, 45.477706132277198 ], [ -73.785070983460997, 45.478583571962893 ], [ -73.785298086499196, 45.479103596061115 ], [ -73.784596788382771, 45.479369556256692 ], [ -73.783630440899174, 45.479931497337006 ], [ -73.782838479387948, 45.480615259429477 ], [ -73.782251340806084, 45.481394569789352 ], [ -73.781891594936539, 45.482239483198377 ], [ -73.78177307607406, 45.483117532249175 ], [ -73.781900349940926, 45.483994974723394 ], [ -73.782268536537657, 45.484838090177234 ], [ -73.782863495994164, 45.485614475924152 ], [ -73.783662370535453, 45.486294292591552 ], [ -73.784398533405067, 45.486716197492377 ], [ -73.781341367511502, 45.488196613904599 ], [ -73.776311016126598, 45.490632134915103 ], [ -73.776053346515098, 45.4907568779469 ], [ -73.775100246139999, 45.491218282965903 ], [ -73.774938609000998, 45.491296500893498 ], [ -73.774702531783802, 45.4914107403579 ], [ -73.774466454236304, 45.491524979035802 ], [ -73.774256091241298, 45.491626773548603 ], [ -73.773979959831095, 45.491760392223497 ], [ -73.770230886755797, 45.493574422102299 ], [ -73.769887796473398, 45.493738298603397 ], [ -73.768426744054807, 45.494448364630202 ], [ -73.768337674845597, 45.4943605058236 ], [ -73.765860253458499, 45.491833569565202 ], [ -73.765876283436995, 45.4918257593948 ], [ -73.765046459698894, 45.490984000361699 ], [ -73.7648104914893, 45.490742621580601 ], [ -73.764535106707299, 45.490453169378398 ], [ -73.764472317073, 45.490451381903704 ], [ -73.764415283832804, 45.490392830534397 ], [ -73.764985122556396, 45.490127918409001 ], [ -73.765705177219701, 45.489793171661901 ], [ -73.767044807715095, 45.489170358450103 ], [ -73.767036422284704, 45.489169955126002 ], [ -73.767033696267305, 45.4891697392368 ], [ -73.767031009109701, 45.489169354085803 ], [ -73.767028378748094, 45.489168805030097 ], [ -73.767025829497996, 45.489168093812602 ], [ -73.767023378025002, 45.4891672275931 ], [ -73.767021044832106, 45.489166213522402 ], [ -73.767018847859902, 45.489165057857399 ], [ -73.767016803790497, 45.489163771357497 ], [ -73.767014929297602, 45.489162362981901 ], [ -73.767013239784404, 45.489160843493003 ], [ -73.7670117455407, 45.489159224564602 ], [ -73.767010460706999, 45.4891575205612 ], [ -73.767009394289701, 45.489155742260003 ], [ -73.767008560433595, 45.489153904925203 ], [ -73.766972313051596, 45.489060516408401 ], [ -73.766951536452694, 45.488946739921097 ], [ -73.766951307402195, 45.488944833684002 ], [ -73.766951314992298, 45.488942919695099 ], [ -73.766951561858093, 45.488941014145396 ], [ -73.766952044229797, 45.488939131441398 ], [ -73.766952758332906, 45.488937285089399 ], [ -73.766953699118403, 45.4889354894989 ], [ -73.766954858978096, 45.4889337590851 ], [ -73.766956230295605, 45.4889321064637 ], [ -73.766957801616599, 45.488930544259198 ], [ -73.766959561486701, 45.488929085096302 ], [ -73.766961495880096, 45.488927738906 ], [ -73.766963589500094, 45.488926517422001 ], [ -73.766965827037495, 45.488925429678702 ], [ -73.766968191895003, 45.488924482913397 ], [ -73.766970667496693, 45.488923688862997 ], [ -73.767116547561301, 45.488881997229697 ], [ -73.767126618969797, 45.488877227893198 ], [ -73.767136049107506, 45.488871849060502 ], [ -73.767144762690094, 45.488865902300702 ], [ -73.767152690859604, 45.488859435466701 ], [ -73.767159772442596, 45.488852498193303 ], [ -73.767165950138093, 45.488845147305 ], [ -73.767171175595607, 45.488837438705303 ], [ -73.767175408175206, 45.488829435478699 ], [ -73.767178613620501, 45.488821197995101 ], [ -73.767180766664794, 45.488812793801898 ], [ -73.767181849708507, 45.488804288629197 ], [ -73.767181856670206, 45.488795749079799 ], [ -73.767180784031794, 45.488787242650297 ], [ -73.767178643626394, 45.488778836801401 ], [ -73.767175449842, 45.488770598088003 ], [ -73.767171229850902, 45.488762591235201 ], [ -73.767166014654904, 45.4887548791597 ], [ -73.767159848040393, 45.488747522948501 ], [ -73.767152776343806, 45.488740581882702 ], [ -73.767144857385702, 45.488734108917797 ], [ -73.767136151540598, 45.488728156103598 ], [ -73.767126729392203, 45.488722770066701 ], [ -73.767116665345, 45.488717993825702 ], [ -73.767106037615704, 45.4887138649908 ], [ -73.767094932067295, 45.488710414855802 ], [ -73.766820062069698, 45.488625474736097 ], [ -73.766812284138695, 45.488616073321502 ], [ -73.766771044996304, 45.488566212018597 ], [ -73.766730864672596, 45.4884674470254 ], [ -73.766732771282093, 45.488465637483301 ], [ -73.766734897248497, 45.488463953407297 ], [ -73.7667372272835, 45.488462408330797 ], [ -73.766739742252696, 45.488461013996499 ], [ -73.766742423017405, 45.488459781247101 ], [ -73.766745247876202, 45.488458720031701 ], [ -73.766748193839504, 45.488457838502498 ], [ -73.766751240472502, 45.488457143905997 ], [ -73.766754362210094, 45.488456640801097 ], [ -73.766757534766796, 45.488456333743798 ], [ -73.766760732568997, 45.488456225493302 ], [ -73.766763932589299, 45.488456316103303 ], [ -73.766767107961996, 45.488456605636699 ], [ -73.766770235642696, 45.488457090547797 ], [ -73.766773288757406, 45.488457769099803 ], [ -73.766776245523701, 45.488458634144799 ], [ -73.766779082884497, 45.488459679437597 ], [ -73.766781776494497, 45.488460896936502 ], [ -73.766784307121696, 45.4884622776881 ], [ -73.766786654237606, 45.488463809142502 ], [ -73.766788797330705, 45.488465482349 ], [ -73.766824727754297, 45.488470750706597 ], [ -73.766904928455105, 45.488431968066898 ], [ -73.766908784099002, 45.488428124816203 ], [ -73.766912143582502, 45.488424056863501 ], [ -73.766914978913803, 45.488419796668701 ], [ -73.766917268501999, 45.488415377576501 ], [ -73.766918994594207, 45.488410832922803 ], [ -73.766920144567294, 45.4884061987309 ], [ -73.766920709640502, 45.4884015119151 ], [ -73.766920683583393, 45.488396807583698 ], [ -73.766920067857896, 45.488392124426802 ], [ -73.766918866463698, 45.488387496629201 ], [ -73.766917089814001, 45.488382961959999 ], [ -73.766914752142696, 45.488378554580102 ], [ -73.766911870250993, 45.488374310443902 ], [ -73.7669084660359, 45.488370260994898 ], [ -73.766904567795507, 45.4883664385614 ], [ -73.766900206373293, 45.488362872766103 ], [ -73.766895413888093, 45.488359592328997 ], [ -73.766890228833901, 45.4883566214559 ], [ -73.766884690984, 45.4883539843497 ], [ -73.766878843928296, 45.488351700705003 ], [ -73.766872733811198, 45.488349789310803 ], [ -73.766866406751305, 45.4883482635571 ], [ -73.766859913988895, 45.488347137721398 ], [ -73.766853305446602, 45.4883464179862 ], [ -73.766846631055699, 45.488346112333403 ], [ -73.766839945826106, 45.488346220634398 ], [ -73.766833300951504, 45.488346747268999 ], [ -73.766780423956803, 45.4883643574723 ], [ -73.766700647867907, 45.488331273772801 ], [ -73.766684702617297, 45.488324001555497 ], [ -73.766669685659494, 45.488315810226197 ], [ -73.766655702170098, 45.488306757129997 ], [ -73.766642856082797, 45.488296907713298 ], [ -73.766637227143406, 45.488291771936701 ], [ -73.766632267012497, 45.488286306154997 ], [ -73.766628018102395, 45.488280551662399 ], [ -73.766624511332793, 45.488274554278703 ], [ -73.766621775073304, 45.4882683616297 ], [ -73.766619831305405, 45.488262023155599 ], [ -73.766618695609793, 45.4882555874118 ], [ -73.766618377191705, 45.488249107467603 ], [ -73.766618877559495, 45.488242631911199 ], [ -73.766620186724694, 45.488236212956899 ], [ -73.766628368781198, 45.488212249869598 ], [ -73.766639771433304, 45.488188946949201 ], [ -73.766654294627202, 45.488166519491699 ], [ -73.766700297679407, 45.488103633469997 ], [ -73.766750574853006, 45.488019612674101 ], [ -73.766815109449894, 45.487955293066399 ], [ -73.766817741070099, 45.487953953348303 ], [ -73.766820199258206, 45.487952460161701 ], [ -73.766822466155105, 45.487950824346399 ], [ -73.766824526464305, 45.4879490576362 ], [ -73.766826362339401, 45.487947173570397 ], [ -73.7668279636097, 45.487945185670497 ], [ -73.766829316270901, 45.4879431083668 ], [ -73.766830410160907, 45.487940956980403 ], [ -73.766831237680293, 45.487938747726197 ], [ -73.766831793788597, 45.487936496813198 ], [ -73.766832073444903, 45.487934220450498 ], [ -73.766832075450793, 45.487931935737898 ], [ -73.766831798607697, 45.487929659775297 ], [ -73.766831244271302, 45.487927408756804 ], [ -73.766830418914907, 45.487925198864403 ], [ -73.766829327736104, 45.487923047183003 ], [ -73.766827977203803, 45.487920968994899 ], [ -73.766826378904, 45.487918979570402 ], [ -73.766824544422605, 45.487917094179799 ], [ -73.766822487899802, 45.4879153271877 ], [ -73.766820222179604, 45.487913689362003 ], [ -73.766817765240305, 45.487912195058499 ], [ -73.766815136313696, 45.487910853230503 ], [ -73.766812352085907, 45.487909675536997 ], [ -73.766809435622605, 45.487908670022897 ], [ -73.766806407426401, 45.487907843838997 ], [ -73.766803289275302, 45.487907203233199 ], [ -73.766800105501304, 45.487906753547897 ], [ -73.766796877860997, 45.487906496531998 ], [ -73.766758035848895, 45.4879090384253 ], [ -73.766700128008694, 45.487903400233201 ], [ -73.766342207383204, 45.487794628749597 ], [ -73.766496004453202, 45.487665691107203 ], [ -73.766497884630198, 45.487664248767501 ], [ -73.766499936800997, 45.4876629266058 ], [ -73.766502144381406, 45.487661734558998 ], [ -73.766504489508094, 45.487660682567203 ], [ -73.766506956863395, 45.487659777864899 ], [ -73.766509527287795, 45.487659026795697 ], [ -73.766512180346396, 45.487658436605997 ], [ -73.766514895583299, 45.487658010042999 ], [ -73.766517653809302, 45.487657747151601 ], [ -73.766520199774305, 45.487657506351603 ], [ -73.766522705342894, 45.4876571090727 ], [ -73.7665251513383, 45.4876565580592 ], [ -73.766527519875794, 45.487655858751801 ], [ -73.766529790503796, 45.487655014797703 ], [ -73.766531947904596, 45.487654033431298 ], [ -73.766533974206297, 45.487652922793103 ], [ -73.766535852812197, 45.487651690120401 ], [ -73.766537569704994, 45.487650347143997 ], [ -73.7665391134136, 45.487648902889099 ], [ -73.766540468637501, 45.487647368189599 ], [ -73.766541627760205, 45.487645755661198 ], [ -73.766542580606995, 45.487644077925196 ], [ -73.766543320840697, 45.487642347594601 ], [ -73.766543839570005, 45.487640578187502 ], [ -73.766544136858499, 45.487638783201703 ], [ -73.766544207661397, 45.487636977946103 ], [ -73.766544045632898, 45.487635173233897 ], [ -73.766509014279904, 45.487399405431198 ], [ -73.766469556041699, 45.487321376484402 ], [ -73.766358689538393, 45.487146059867499 ], [ -73.766295968379495, 45.486998935556102 ], [ -73.7662260634539, 45.486981708082098 ], [ -73.766176135279096, 45.487046904876898 ], [ -73.766079801124903, 45.487036408552299 ], [ -73.766083860350307, 45.486945931308199 ], [ -73.766163113448698, 45.486910833554902 ], [ -73.766171875704501, 45.4867579887365 ], [ -73.766118315856602, 45.486643348098603 ], [ -73.766165823842798, 45.486610854659901 ], [ -73.766643965233598, 45.486284433582099 ], [ -73.766803438663501, 45.4861286443385 ], [ -73.766707385186194, 45.485978609687699 ], [ -73.766935215816304, 45.4857560603322 ], [ -73.768001699681804, 45.4854182301561 ], [ -73.768096371156105, 45.484757508425602 ], [ -73.770445271836493, 45.483641214769499 ], [ -73.771680048283699, 45.483024324034297 ], [ -73.773350904238399, 45.482199869604301 ], [ -73.773617212601195, 45.482068842456897 ], [ -73.773816808426403, 45.481970637250299 ], [ -73.774200807592194, 45.481812683003596 ], [ -73.7735083643922, 45.481360298501698 ], [ -73.772464080353302, 45.480706476599998 ], [ -73.772222975545105, 45.480555519053702 ], [ -73.766299568478402, 45.476846373763102 ], [ -73.766160209229994, 45.476759103828002 ], [ -73.768387712603598, 45.474962246041102 ], [ -73.762359324783503, 45.468564947617601 ], [ -73.762756731481701, 45.468248972850098 ], [ -73.750752884244307, 45.460604766560202 ], [ -73.745431997107502, 45.464788522264101 ], [ -73.742570330305, 45.467033457635601 ], [ -73.740474049423497, 45.468679735963001 ], [ -73.739977267359805, 45.4690698509337 ], [ -73.734019669596904, 45.473693837164099 ], [ -73.732234545398001, 45.475106225228402 ], [ -73.730576338223599, 45.476417562215801 ], [ -73.7300098629579, 45.476866975810204 ], [ -73.726468157239097, 45.479567099455103 ], [ -73.725341500594894, 45.480537699494498 ], [ -73.724030027071194, 45.481581272088199 ], [ -73.723154011040194, 45.482278311672502 ], [ -73.723086902106303, 45.482331712762502 ], [ -73.723048734792897, 45.482308315702603 ], [ -73.722467679098401, 45.482752746441001 ], [ -73.722355891420506, 45.482680879208701 ], [ -73.719855288050894, 45.481090206187602 ], [ -73.716479779332204, 45.478942750221499 ], [ -73.713827532219895, 45.477255251374402 ], [ -73.712519751, 45.476423100721497 ], [ -73.708148761338705, 45.473600179356701 ], [ -73.708078975951395, 45.473555103639399 ], [ -73.707933718376097, 45.473459492889603 ], [ -73.708048409422503, 45.473373314054797 ], [ -73.708263206490898, 45.473211914552103 ], [ -73.708862393417306, 45.4727615398617 ], [ -73.709465217138401, 45.472308733518801 ], [ -73.710122355352794, 45.471815030759998 ], [ -73.710817814717203, 45.471292572903003 ], [ -73.711521742750406, 45.470762857755197 ], [ -73.712244276984094, 45.470218842391198 ], [ -73.712919988215205, 45.469711022601601 ], [ -73.713702273253205, 45.469122702833999 ], [ -73.714459334550995, 45.468552527320597 ], [ -73.715201937102293, 45.4679925985563 ], [ -73.715990832361499, 45.467398549618203 ], [ -73.716632987303996, 45.466913745462698 ], [ -73.717527381952607, 45.466248813858797 ], [ -73.718293485680903, 45.4656799089354 ], [ -73.718986020117299, 45.465164767984902 ], [ -73.719722940318306, 45.464618064557598 ], [ -73.720441595830593, 45.464084808001502 ], [ -73.721095914552095, 45.463609075316199 ], [ -73.721649861888494, 45.463210792654102 ], [ -73.722491319359406, 45.462607949813702 ], [ -73.723386036582198, 45.4619645769409 ], [ -73.724282685414806, 45.461320259715698 ], [ -73.724811674597802, 45.460940194011101 ], [ -73.724681481700102, 45.460770386002899 ], [ -73.724626309106, 45.460691728185999 ], [ -73.724559252468595, 45.460593446714398 ], [ -73.724505568027695, 45.460504225862898 ], [ -73.724447422398498, 45.460405304312999 ], [ -73.724396016268599, 45.460309218798699 ], [ -73.724351022172101, 45.460219274978897 ], [ -73.724307309161205, 45.460121486015296 ], [ -73.724268322648996, 45.460024361415897 ], [ -73.724231315570094, 45.4599288945506 ], [ -73.724197770699803, 45.459828436838499 ], [ -73.724165059301498, 45.459730686061697 ], [ -73.724065388226293, 45.459435135003503 ], [ -73.723996288562702, 45.459231595988001 ], [ -73.723983545337958, 45.459190191831944 ], [ -73.724486850637305, 45.45875613845687 ], [ -73.725074552604184, 45.457977120845413 ], [ -73.725434995144298, 45.457132381449924 ], [ -73.725554336091918, 45.45625438528031 ], [ -73.725428000331092, 45.45537687396132 ], [ -73.725060853926308, 45.454533568950829 ], [ -73.724467015439956, 45.453756875766572 ], [ -73.723669311943709, 45.453076638998553 ], [ -73.72269840084499, 45.452518995899617 ], [ -73.721763285221556, 45.452169535854637 ], [ -73.721737959919807, 45.452087506846702 ], [ -73.721709730028195, 45.4519834885268 ], [ -73.721683373160303, 45.451884044865203 ], [ -73.7216572460664, 45.451784328430499 ], [ -73.721632133963297, 45.451684964938998 ], [ -73.721606864090205, 45.451585167017797 ], [ -73.721581632605407, 45.451486511491701 ], [ -73.721556038184403, 45.451385575909597 ], [ -73.721530417518693, 45.451285279514103 ], [ -73.721506037702397, 45.451186374494497 ], [ -73.721481849883702, 45.4510917694857 ], [ -73.721431430515096, 45.450900004744298 ], [ -73.721376879199596, 45.450703232157899 ], [ -73.721346577074698, 45.450604324592099 ], [ -73.721314651292204, 45.450503998372199 ], [ -73.721283522081706, 45.4504046338606 ], [ -73.721252728957793, 45.450306742986498 ], [ -73.721222269663997, 45.450210258550001 ], [ -73.721193295767506, 45.450118187121397 ], [ -73.721165511135595, 45.4500288190603 ], [ -73.721136443188698, 45.449939633957797 ], [ -73.721105143936796, 45.449839947336798 ], [ -73.721072895795402, 45.449740479259802 ], [ -73.721042576544903, 45.449641448916999 ], [ -73.721010631300402, 45.449541066483803 ], [ -73.720981068227303, 45.449447207948801 ], [ -73.720949851658204, 45.449348496240901 ], [ -73.720917882159895, 45.449250134335898 ], [ -73.720887295829101, 45.449154374486099 ], [ -73.720850134542601, 45.449036238421598 ], [ -73.720792161361601, 45.448853201479899 ], [ -73.722297888533106, 45.4488827600834 ], [ -73.722280406462502, 45.448827545909801 ], [ -73.722227956628601, 45.448661905176401 ], [ -73.722062609301801, 45.448139732312697 ], [ -73.7219770002704, 45.447868537592697 ], [ -73.721934385723699, 45.447733545435099 ], [ -73.721876008104999, 45.447548838265497 ], [ -73.721842168455794, 45.447441764923703 ], [ -73.721828211660394, 45.447397599401199 ], [ -73.721808327625396, 45.447334683473599 ], [ -73.721720334168396, 45.447056278140003 ], [ -73.721597640938, 45.446668112207497 ], [ -73.721489316533905, 45.446326861740097 ], [ -73.721380980660101, 45.4459856111718 ], [ -73.721259904986098, 45.445604208557299 ], [ -73.721208802480305, 45.445443230386601 ], [ -73.720925278199303, 45.444540701730901 ], [ -73.720889169450999, 45.444532590105602 ], [ -73.720824678898396, 45.444328138756603 ], [ -73.720811089902895, 45.444284789440601 ], [ -73.720742867521196, 45.4440673045887 ], [ -73.720700862556996, 45.443933392325697 ], [ -73.720658857792799, 45.443799480043701 ], [ -73.720615028408403, 45.443648997783598 ], [ -73.720583725484005, 45.4435415060642 ], [ -73.720552421436096, 45.443434023335001 ], [ -73.720521118754505, 45.443326532493799 ], [ -73.720490352767101, 45.443218961418999 ], [ -73.720425765452106, 45.443065715197498 ], [ -73.720422552810604, 45.443058094246297 ], [ -73.720421819133406, 45.443055485189603 ], [ -73.720376635709002, 45.442896727687 ], [ -73.720375420116795, 45.442892476428803 ], [ -73.720345095818203, 45.442785932086302 ], [ -73.720330704774796, 45.4427353521328 ], [ -73.720314783244106, 45.442679414706703 ], [ -73.720285078775404, 45.442575074687703 ], [ -73.720284712781805, 45.442573985671899 ], [ -73.720282730373697, 45.442568128754402 ], [ -73.720246586962006, 45.442461402133297 ], [ -73.720230511786298, 45.442413901108203 ], [ -73.720192386113197, 45.442301299550998 ], [ -73.720179922906098, 45.442264503401603 ], [ -73.720138174068296, 45.442141196960101 ], [ -73.720137353003096, 45.442138790536497 ], [ -73.720128500485302, 45.442109422005203 ], [ -73.720105711667102, 45.442033891785698 ], [ -73.720075133607097, 45.441932515699001 ], [ -73.720073337523502, 45.4419265693329 ], [ -73.720027204602602, 45.441773640036899 ], [ -73.720026572679501, 45.441771549096401 ], [ -73.719999448985803, 45.441681617522811 ], [ -73.720219437490798, 45.441553814691865 ], [ -73.721011612650187, 45.440870481671247 ], [ -73.721599177745532, 45.440091479752191 ], [ -73.721959559323238, 45.439246748785926 ], [ -73.722078917550689, 45.438368753457652 ], [ -73.721952676637187, 45.437491235360007 ], [ -73.721585698992214, 45.436647916212479 ], [ -73.720992096684839, 45.43587120207804 ], [ -73.720194687705913, 45.435190938354225 ], [ -73.71974457409155, 45.434932309679219 ], [ -73.715842975131196, 45.422270151632297 ], [ -73.716091005501099, 45.4222563729057 ] ], [ [ -73.779176103728787, 45.454431399048275 ], [ -73.779294604957173, 45.453553348315467 ], [ -73.779167442259862, 45.452675897988463 ], [ -73.778799513473928, 45.451832767171069 ], [ -73.778204967214293, 45.451056354678499 ], [ -73.777406657732342, 45.450376494308507 ], [ -73.776435265700869, 45.449819308847609 ], [ -73.775328118855782, 45.449406206775443 ], [ -73.774127757864974, 45.449153060134186 ], [ -73.772880302483131, 45.44906959506767 ], [ -73.771633680632945, 45.449159018376704 ], [ -73.770435788249358, 45.449417894392305 ], [ -73.7693326503463, 45.449836276881967 ], [ -73.768366653719525, 45.450398090938833 ], [ -73.767574918985886, 45.451081750229555 ], [ -73.766987874377577, 45.4518609859566 ], [ -73.766628086051071, 45.452705855768144 ], [ -73.766509389914603, 45.453583893932475 ], [ -73.766636358484533, 45.454461358651692 ], [ -73.76700412347796, 45.455304528630897 ], [ -73.767598561215877, 45.456080999092876 ], [ -73.768396833968325, 45.456760927414528 ], [ -73.769368266654283, 45.457318180464341 ], [ -73.77047552534853, 45.457731339472844 ], [ -73.771676052355161, 45.457984523729849 ], [ -73.772923702645116, 45.458068001364857 ], [ -73.774170518622668, 45.457978563663616 ], [ -73.775368574798762, 45.457719648486183 ], [ -73.776471821223552, 45.457301208027111 ], [ -73.777437854579816, 45.456739326018578 ], [ -73.77822954865897, 45.456055599138963 ], [ -73.778816481418119, 45.455276306475554 ], [ -73.779176103728787, 45.454431399048275 ] ], [ [ -73.758728850607639, 45.436874453545393 ], [ -73.758639642295748, 45.436798426852377 ], [ -73.757668667882626, 45.436241079548495 ], [ -73.756561923189139, 45.435827793713713 ], [ -73.755361933439715, 45.435574448451561 ], [ -73.754114804133451, 45.435490777536771 ], [ -73.752868450671514, 45.43557999567755 ], [ -73.751670758681087, 45.43583867508552 ], [ -73.750567745477355, 45.436256877079593 ], [ -73.749601793061856, 45.436818533685717 ], [ -73.748810020346198, 45.437502064618762 ], [ -73.748222857012905, 45.438281206012839 ], [ -73.747862873770032, 45.439126019141767 ], [ -73.747743914005284, 45.440004040454106 ], [ -73.747870560356759, 45.440881528802812 ], [ -73.748210417439111, 45.441661554531564 ], [ -73.748147572027307, 45.441809035835689 ], [ -73.748028611218672, 45.442687057033275 ], [ -73.74815526816252, 45.443564544630732 ], [ -73.748522686546778, 45.44440777645778 ], [ -73.749116756011446, 45.44518434536419 ], [ -73.749914652982014, 45.445864404946953 ], [ -73.750885716824925, 45.446421817032402 ], [ -73.751992627798217, 45.446835156740157 ], [ -73.753192841578766, 45.44708853641508 ], [ -73.754440225184197, 45.447172216674723 ], [ -73.755686831275128, 45.447082981014823 ], [ -73.756884742433101, 45.446824259527311 ], [ -73.757987914282197, 45.44640599695952 ], [ -73.758796773504301, 45.445935662823665 ], [ -73.75995603571883, 45.445852633947531 ], [ -73.761153901144183, 45.445593867733187 ], [ -73.76118739973775, 45.445581165002359 ], [ -73.76208429378832, 45.445516910246575 ], [ -73.763282142283884, 45.445258121735947 ], [ -73.764385236101447, 45.444839797443151 ], [ -73.765351177788219, 45.444278016633419 ], [ -73.766142844654865, 45.44359437209399 ], [ -73.766729815697801, 45.442815139746671 ], [ -73.767089540308987, 45.441970268293375 ], [ -73.767208203914336, 45.441092227810998 ], [ -73.767081257422205, 45.440214761618904 ], [ -73.766713590354797, 45.439371589433257 ], [ -73.766119341266091, 45.438595111661925 ], [ -73.765321352987527, 45.437915164613997 ], [ -73.764350293851791, 45.437357874409102 ], [ -73.763243478808263, 45.436944653553333 ], [ -73.762043435782189, 45.436691378653762 ], [ -73.760796272318004, 45.436607780782076 ], [ -73.759549905128338, 45.436697071840783 ], [ -73.758728850607639, 45.436874453545393 ] ], [ [ -73.75418457073242, 45.447707750179582 ], [ -73.752986628424438, 45.447966443376409 ], [ -73.751883389036465, 45.448384657672349 ], [ -73.750917243258627, 45.448946324622128 ], [ -73.750125317432563, 45.449629863544764 ], [ -73.749538047126762, 45.450409010268935 ], [ -73.749178007164616, 45.451253825864868 ], [ -73.749064718722437, 45.452089957583041 ], [ -73.748779084649982, 45.452198217979756 ], [ -73.747812842997348, 45.452759858498673 ], [ -73.747020826404139, 45.453443375631664 ], [ -73.74643347392616, 45.454222506045369 ], [ -73.746073363544838, 45.45506731143761 ], [ -73.745954343541271, 45.455945328555735 ], [ -73.746080998877602, 45.456822816414665 ], [ -73.746448473311446, 45.457666052834099 ], [ -73.7470426543358, 45.458442630486616 ], [ -73.747840714094025, 45.459122702631831 ], [ -73.748811985699064, 45.459680130611552 ], [ -73.749919141424002, 45.460093488932728 ], [ -73.75111962753634, 45.460346889223203 ], [ -73.752367300582065, 45.460430591306903 ], [ -73.7536142020912, 45.46034137784018 ], [ -73.754812403284646, 45.460082678062037 ], [ -73.75591584863362, 45.459664435886253 ], [ -73.75688212716841, 45.459102727423151 ], [ -73.757674103249684, 45.458419142681436 ], [ -73.758261343989233, 45.45763995528727 ], [ -73.758621288416791, 45.45679511221762 ], [ -73.758725147768786, 45.456027668285614 ], [ -73.759378599595905, 45.455779945887208 ], [ -73.760344777448111, 45.455218207971363 ], [ -73.761136657418959, 45.454534598969076 ], [ -73.761723810314606, 45.453755393438115 ], [ -73.762083678540506, 45.452910539051643 ], [ -73.762202442007762, 45.452032505232346 ], [ -73.762075547793089, 45.451155035044764 ], [ -73.761707883416491, 45.450311848359249 ], [ -73.761113587335046, 45.449535346140841 ], [ -73.760315504191411, 45.448855365637421 ], [ -73.759344305967147, 45.448298034252943 ], [ -73.758237312957448, 45.447884766074395 ], [ -73.757037059924784, 45.447631439525594 ], [ -73.755789662479728, 45.447547787661478 ], [ -73.754543046320705, 45.447637024458174 ], [ -73.754230893368984, 45.447704434407107 ], [ -73.75418457073242, 45.447707750179582 ] ], [ [ -73.7455706414503, 45.433002421666501 ], [ -73.746001270685497, 45.432842447572099 ], [ -73.746015662390406, 45.432831177186003 ], [ -73.746209784027599, 45.432659549349097 ], [ -73.746260766742907, 45.432575737179498 ], [ -73.746270263874194, 45.432529599171502 ], [ -73.746325117940103, 45.432274199956197 ], [ -73.746332688654405, 45.432241432095502 ], [ -73.746273897955703, 45.432240240720098 ], [ -73.745979810767395, 45.431884579530497 ], [ -73.746052591098703, 45.431853920876399 ], [ -73.745726511510398, 45.431637480217702 ], [ -73.745439181785798, 45.431500378064896 ], [ -73.7450952365147, 45.431336401047297 ], [ -73.744724018124799, 45.431260876311597 ], [ -73.744428693200106, 45.431236683569701 ], [ -73.744121749484506, 45.431238675705501 ], [ -73.743829910720706, 45.431206635388399 ], [ -73.743469864277401, 45.431217992502503 ], [ -73.743417625040706, 45.431230837130997 ], [ -73.743375759896907, 45.431212340477799 ], [ -73.743207952013805, 45.431182380534899 ], [ -73.743001897541305, 45.431171447873197 ], [ -73.742901361685, 45.431159042655601 ], [ -73.742493860294402, 45.431050159631297 ], [ -73.742489645480703, 45.431056847186902 ], [ -73.742099964682197, 45.4309325729118 ], [ -73.742005335458003, 45.4309149433141 ], [ -73.741699235490898, 45.430845211205501 ], [ -73.741393136312098, 45.430775487061801 ], [ -73.741297541760602, 45.430759660383899 ], [ -73.740983184415299, 45.430705322172003 ], [ -73.740671576575906, 45.430645854105798 ], [ -73.740571797060895, 45.430637812701399 ], [ -73.740150944756806, 45.430607238534698 ], [ -73.739895179662, 45.430592670022399 ], [ -73.739670611138607, 45.430680095163403 ], [ -73.739575580513304, 45.430711859732099 ], [ -73.739422453576694, 45.430767551732899 ], [ -73.739266965880105, 45.430819909168903 ], [ -73.738975607728705, 45.430939038035 ], [ -73.738933926173502, 45.431005067696603 ], [ -73.738803729923305, 45.431227676088199 ], [ -73.7386430218193, 45.431430690119903 ], [ -73.738588562037705, 45.431488521113799 ], [ -73.738423835219294, 45.431688959655503 ], [ -73.738187615391197, 45.431871330276998 ], [ -73.737686639119403, 45.432227034213902 ], [ -73.737562120157094, 45.432239877153798 ], [ -73.7374033281328, 45.432407480019499 ], [ -73.737275403811097, 45.432587699107003 ], [ -73.737180345102999, 45.432777727113397 ], [ -73.737113096132504, 45.432911684898698 ], [ -73.737074963766901, 45.433051206301997 ], [ -73.737078233949902, 45.433119795821902 ], [ -73.737048807507705, 45.433407010553204 ], [ -73.737133166952901, 45.433460325805797 ], [ -73.737254676227494, 45.433494072857201 ], [ -73.737344269630299, 45.433494739130097 ], [ -73.737431235415002, 45.433478960336103 ], [ -73.737625974336794, 45.4334804095718 ], [ -73.737820725711401, 45.433481849661902 ], [ -73.738015720010594, 45.433466847242897 ], [ -73.7382102285233, 45.4334847376334 ], [ -73.738363083045499, 45.4334809037057 ], [ -73.738509374541806, 45.433519061824498 ], [ -73.738813639174296, 45.433592075287798 ], [ -73.739113230853604, 45.4336755550109 ], [ -73.739206141203994, 45.433696099303901 ], [ -73.739759370720407, 45.433768588600401 ], [ -73.740221572431395, 45.433705111032097 ], [ -73.7403170797852, 45.433687528187299 ], [ -73.740663360431896, 45.433643221228998 ], [ -73.741006091918607, 45.433571599942802 ], [ -73.741104218580304, 45.433574231267798 ], [ -73.741453336961399, 45.433551770779502 ], [ -73.741791098329699, 45.433441913841399 ], [ -73.741887301778604, 45.433429723819103 ], [ -73.742326258917402, 45.433436394729199 ], [ -73.742473375676497, 45.433471391258799 ], [ -73.742494033943402, 45.4334863742652 ], [ -73.742569655940201, 45.433541250675397 ], [ -73.742596800254205, 45.433543583265603 ], [ -73.742682478541994, 45.433550976209503 ], [ -73.742773047813898, 45.433514306264499 ], [ -73.743026900387505, 45.433530770525003 ], [ -73.743110190677797, 45.433560462466303 ], [ -73.743320741931797, 45.433590516037498 ], [ -73.743682488260603, 45.433692217521397 ], [ -73.743760330546905, 45.433717447702698 ], [ -73.743914415042099, 45.433747005532403 ], [ -73.744031061665098, 45.433751888367603 ], [ -73.744291182985094, 45.433736920620198 ], [ -73.744390169701106, 45.433721831405201 ], [ -73.744730112666403, 45.4336615409646 ], [ -73.744886597445301, 45.433504328671503 ], [ -73.745244140657903, 45.433260416412203 ], [ -73.7455706414503, 45.433002421666501 ] ], [ [ -73.74280042387656, 45.446917700993545 ], [ -73.742919474428319, 45.446039685707348 ], [ -73.742792892932187, 45.445162192529473 ], [ -73.742425554888669, 45.444318942217627 ], [ -73.741831586215667, 45.443542338185523 ], [ -73.741033818978508, 45.442862221596393 ], [ -73.740062913025866, 45.442304725085457 ], [ -73.738956177429685, 45.441891269085424 ], [ -73.737756137068828, 45.44163773923659 ], [ -73.736508899388411, 45.44155387640393 ], [ -73.736327277278903, 45.441566847874086 ], [ -73.736681735450816, 45.441096697821848 ], [ -73.737041898109155, 45.440251919861076 ], [ -73.737161024412217, 45.439373909396444 ], [ -73.737034547483859, 45.438496408599434 ], [ -73.736667338802732, 45.437653138521775 ], [ -73.736073519313493, 45.436876503338226 ], [ -73.736035802562128, 45.436844340324292 ], [ -73.73580349992119, 45.436540515765429 ], [ -73.735005903941797, 45.43586035589616 ], [ -73.73403517750009, 45.435302807104897 ], [ -73.732928622772789, 45.434889291834182 ], [ -73.731728757692508, 45.434635698002211 ], [ -73.730481682973249, 45.434551768932316 ], [ -73.729235311920817, 45.434640729249018 ], [ -73.728037530836929, 45.43489916106742 ], [ -73.726934360455516, 45.435317135217353 ], [ -73.725968188810427, 45.435878592478034 ], [ -73.725701236859848, 45.436108915526283 ], [ -73.725634185859093, 45.436147879382332 ], [ -73.724842132482124, 45.436831244794995 ], [ -73.724254645739748, 45.437610263691887 ], [ -73.723894308759881, 45.43845500205687 ], [ -73.723774978518378, 45.439332999215488 ], [ -73.723809519601701, 45.439573036717 ], [ -73.723753705047926, 45.439983698167843 ], [ -73.723879979578413, 45.44086121382685 ], [ -73.724247018928082, 45.441704524861642 ], [ -73.724840727307352, 45.442481221082168 ], [ -73.725638295025618, 45.443161451195706 ], [ -73.72660907411192, 45.443719070476426 ], [ -73.727715755777623, 45.444132646080988 ], [ -73.728915804520994, 45.444386281286512 ], [ -73.728982271108819, 45.444390754649767 ], [ -73.728480140376178, 45.445056586413727 ], [ -73.728119819538264, 45.445901336972909 ], [ -73.728000539610932, 45.446779337300363 ], [ -73.728126895538352, 45.44765684705942 ], [ -73.728494042580408, 45.448500143231826 ], [ -73.729087880811321, 45.449276816197518 ], [ -73.729885595551096, 45.449957015556173 ], [ -73.730856533177828, 45.450514597762805 ], [ -73.73196337880772, 45.450928131398044 ], [ -73.733163590634234, 45.451181721351581 ], [ -73.7344110357527, 45.451265620156512 ], [ -73.735657764459006, 45.451176602906067 ], [ -73.736855854618554, 45.450918091295165 ], [ -73.737959254969795, 45.450500022002785 ], [ -73.738157895118633, 45.450384584025507 ], [ -73.73899127981899, 45.450204745508813 ], [ -73.74009465042154, 45.449786655596917 ], [ -73.741060918304044, 45.449225080020227 ], [ -73.741852948231127, 45.448541603678777 ], [ -73.742440305237679, 45.447762496032247 ], [ -73.74280042387656, 45.446917700993545 ] ] ] ] } },
{ "type": "Feature", "properties": { "arrondissement": "Pierrefonds-Roxboro", "pct_couverture": 21.9, "nb_bornes": 26 }, "geometry": { "type": "MultiPolygon", "coordinates": [ [ [ [ -73.904537334427303, 45.447046916208002 ], [ -73.904750328965207, 45.447345371516597 ], [ -73.905222786633999, 45.447990570387603 ], [ -73.905371640386406, 45.448173791104601 ], [ -73.905564475147202, 45.448429982444502 ], [ -73.905751822560603, 45.448357514065997 ], [ -73.906377709797795, 45.448071371792103 ], [ -73.906589240955796, 45.448014601360804 ], [ -73.906852705159395, 45.447961100675997 ], [ -73.9079630066703, 45.447720781582603 ], [ -73.908189598917403, 45.447644592353903 ], [ -73.909340433160295, 45.4472576327789 ], [ -73.9097285496007, 45.4471271241583 ], [ -73.910238264735298, 45.4469557292011 ], [ -73.910378452638199, 45.446916410503803 ], [ -73.910512302660607, 45.446870822645302 ], [ -73.911208000452305, 45.446592731502797 ], [ -73.911720425338203, 45.446403929613503 ], [ -73.911907908845706, 45.446334850505004 ], [ -73.912180204646603, 45.446182984608001 ], [ -73.912689026456405, 45.446028356955701 ], [ -73.913193119088206, 45.445834991096099 ], [ -73.914614054708096, 45.445279594039199 ], [ -73.915852848159602, 45.444816189916097 ], [ -73.916270069108194, 45.444654796083803 ], [ -73.917229976031393, 45.444266649508201 ], [ -73.917456846844004, 45.444189573316898 ], [ -73.918147165353403, 45.443910762612703 ], [ -73.9182033060018, 45.443888087831503 ], [ -73.919135648112899, 45.443520797315898 ], [ -73.919515394379701, 45.4433933225895 ], [ -73.920115815151206, 45.443163738505199 ], [ -73.920847941814898, 45.4428837869945 ], [ -73.923097986829205, 45.442013219744702 ], [ -73.922826545588094, 45.441627353214898 ], [ -73.923818443839707, 45.441315795781101 ], [ -73.924813067662299, 45.441003373965302 ], [ -73.924622097670806, 45.4406897860177 ], [ -73.924900371488803, 45.4405974038118 ], [ -73.928041760438504, 45.443255874323398 ], [ -73.931683763105099, 45.4463573544855 ], [ -73.934851215786594, 45.449081541044201 ], [ -73.935264748620199, 45.449440559134899 ], [ -73.935576747667497, 45.449713461978 ], [ -73.936720172795006, 45.450695365008698 ], [ -73.936808073982405, 45.450770540851202 ], [ -73.937024240805997, 45.450964553478997 ], [ -73.974351235281603, 45.466431601505199 ], [ -73.974003706704195, 45.466509094620498 ], [ -73.973656166758303, 45.466586523062396 ], [ -73.973308584182902, 45.466663860554704 ], [ -73.972960959050098, 45.466741107080402 ], [ -73.972613291431799, 45.466818262622603 ], [ -73.972265581399895, 45.466895327164202 ], [ -73.971917829026395, 45.466972300688397 ], [ -73.971570034383404, 45.467049183178197 ], [ -73.971222197542801, 45.467125974616899 ], [ -73.970874318576804, 45.467202674987597 ], [ -73.970526397557407, 45.467279284273602 ], [ -73.970178434556701, 45.467355802458101 ], [ -73.969830429646706, 45.467432229524498 ], [ -73.969482382899699, 45.4675085654561 ], [ -73.9691342943877, 45.467584810236303 ], [ -73.968786164183001, 45.467660963848502 ], [ -73.968437992357707, 45.467737026276197 ], [ -73.968089778983995, 45.467812997502797 ], [ -73.967741524134098, 45.467888877512003 ], [ -73.967393227880194, 45.467964666287202 ], [ -73.967044890294702, 45.4680403638122 ], [ -73.966696511449697, 45.4681159700705 ], [ -73.9663480914177, 45.4681914850458 ], [ -73.965999630270801, 45.468266908721901 ], [ -73.965651128081404, 45.468342241082503 ], [ -73.965302584921901, 45.468417482111398 ], [ -73.964954000864594, 45.468492631792401 ], [ -73.964605375981904, 45.468567690109403 ], [ -73.964256710346206, 45.468642657046402 ], [ -73.963908004030003, 45.468717532587199 ], [ -73.963559257105501, 45.468792316715998 ], [ -73.963210469645404, 45.468867009416599 ], [ -73.9628616417221, 45.468941610673198 ], [ -73.962512773407994, 45.469016120469703 ], [ -73.962163864775704, 45.469090538790503 ], [ -73.961814915897705, 45.469164865619597 ], [ -73.9614659268465, 45.469239100941302 ], [ -73.961116897694694, 45.469313244739901 ], [ -73.960767828514903, 45.4693872969994 ], [ -73.960418719379604, 45.469461257704502 ], [ -73.960069570361497, 45.469535126839297 ], [ -73.959720381533202, 45.469608904388302 ], [ -73.959371152967293, 45.469682590335999 ], [ -73.9590218847366, 45.4697561846667 ], [ -73.9586725769136, 45.469829687365099 ], [ -73.958323229571107, 45.4699030984155 ], [ -73.957973842781698, 45.469976417802798 ], [ -73.957624416618302, 45.470049645511402 ], [ -73.957274951153593, 45.470122781526101 ], [ -73.956925446460303, 45.470195825831503 ], [ -73.956575902611107, 45.470268778412397 ], [ -73.956226319679004, 45.470341639253597 ], [ -73.955876697736798, 45.470414408339799 ], [ -73.955527036857106, 45.470487085656004 ], [ -73.955177337113, 45.470559671186898 ], [ -73.954827598577197, 45.470632164917703 ], [ -73.954477821322598, 45.470704566833099 ], [ -73.954128005422206, 45.470776876918301 ], [ -73.953778150948807, 45.470849095158201 ], [ -73.953428257975403, 45.470921221537999 ], [ -73.953078326574996, 45.470993256042703 ], [ -73.952728356820401, 45.471065198657598 ], [ -73.952378348784606, 45.471137049367698 ], [ -73.952028302540796, 45.471208808158302 ], [ -73.951678218161703, 45.471280475014801 ], [ -73.951328095720598, 45.471352049922402 ], [ -73.950977935290396, 45.471423532866503 ], [ -73.950627736944199, 45.471494923832502 ], [ -73.950277500755107, 45.4715662228055 ], [ -73.949927226796106, 45.471637429771498 ], [ -73.949576915140398, 45.471708544715597 ], [ -73.949226565860997, 45.4717795676234 ], [ -73.948876179031203, 45.471850498480698 ], [ -73.948525754724002, 45.471921337272903 ], [ -73.948175293012696, 45.471992083985597 ], [ -73.947824793970398, 45.472062738604599 ], [ -73.947474257670294, 45.472133301115697 ], [ -73.947123684185698, 45.472203771504503 ], [ -73.946773073589696, 45.472274149756899 ], [ -73.946422425955603, 45.472344435858702 ], [ -73.946071741356704, 45.4724146297958 ], [ -73.945721019866198, 45.472484731554097 ], [ -73.9453702615575, 45.472554741119502 ], [ -73.945019466503794, 45.472624658478097 ], [ -73.944668634778395, 45.472694483615903 ], [ -73.944317766454802, 45.472764216518897 ], [ -73.943966861606199, 45.472833857173299 ], [ -73.943615920306001, 45.472903405565198 ], [ -73.943264942627707, 45.472972861680802 ], [ -73.942913928644501, 45.473042225506198 ], [ -73.942562878429897, 45.473111497027901 ], [ -73.942211792057293, 45.473180676231998 ], [ -73.941860669600203, 45.473249763104903 ], [ -73.941509511132097, 45.473318757633002 ], [ -73.941158316726302, 45.473387659802697 ], [ -73.940807086456402, 45.4734564696004 ], [ -73.940455820395798, 45.473525187012598 ], [ -73.940104518618199, 45.473593812025896 ], [ -73.939753181196906, 45.473662344626803 ], [ -73.939401808205602, 45.473730784801901 ], [ -73.939325842168699, 45.473748232059599 ], [ -73.939250197011503, 45.473766560786402 ], [ -73.939174903557699, 45.473785766720802 ], [ -73.939099992483307, 45.4738058448931 ], [ -73.939025494276294, 45.473826789627601 ], [ -73.938951439194895, 45.473848594548102 ], [ -73.938877857227894, 45.473871252582803 ], [ -73.938804778053694, 45.473894755972204 ], [ -73.938732231000998, 45.4739190962772 ], [ -73.938660245009501, 45.4739442643898 ], [ -73.938588848591394, 45.473970250543402 ], [ -73.938518069793801, 45.473997044326502 ], [ -73.938447936162206, 45.474024634695901 ], [ -73.938378474704393, 45.474053009991799 ], [ -73.938309711856306, 45.474082157954797 ], [ -73.938241673448303, 45.474112065742503 ], [ -73.938174384673303, 45.474142719948702 ], [ -73.938107870055902, 45.474174106622698 ], [ -73.938042153423496, 45.474206211289797 ], [ -73.937977257878103, 45.474239018973201 ], [ -73.937958054655098, 45.474248765852799 ], [ -73.937938668507101, 45.474258351772001 ], [ -73.937919103529197, 45.474267774214901 ], [ -73.937899363909096, 45.474277030734697 ], [ -73.9378794539236, 45.474286118955398 ], [ -73.937859377935695, 45.474295036574297 ], [ -73.937839140391503, 45.474303781363403 ], [ -73.937818745817097, 45.474312351171598 ], [ -73.937798198814505, 45.474320743926597 ], [ -73.937777504059298, 45.474328957635798 ], [ -73.937756666296096, 45.4743369903887 ], [ -73.9377356903356, 45.4743448403581 ], [ -73.937714581050301, 45.4743525058012 ], [ -73.937693343371393, 45.474359985061497 ], [ -73.937671982284201, 45.474367276569303 ], [ -73.937650502824894, 45.474374378843301 ], [ -73.937628910076299, 45.474381290491202 ], [ -73.937607209163701, 45.474388010211001 ], [ -73.937585405251397, 45.474394536791301 ], [ -73.937563503538101, 45.474400869112401 ], [ -73.937514846997303, 45.474414595671 ], [ -73.937466092879703, 45.474428160077103 ], [ -73.937417242823699, 45.474441561820001 ], [ -73.937368298475306, 45.474454800399599 ], [ -73.937319261487204, 45.474467875326802 ], [ -73.937270133518794, 45.474480786123898 ], [ -73.937220916236399, 45.474493532323898 ], [ -73.937171611312493, 45.4745061134713 ], [ -73.937122220426005, 45.474518529121603 ], [ -73.937072745261602, 45.474530778841803 ], [ -73.937023187509993, 45.474542862209802 ], [ -73.936973548867599, 45.474554778815403 ], [ -73.936923831036097, 45.474566528259601 ], [ -73.936874035722497, 45.474578110154802 ], [ -73.936824164639006, 45.474589524125001 ], [ -73.936774219502595, 45.474600769805598 ], [ -73.936724202034895, 45.474611846843899 ], [ -73.936674113961999, 45.474622754898597 ], [ -73.936623957014305, 45.474633493639999 ], [ -73.936573732926405, 45.4746440627504 ], [ -73.9365641737202, 45.474646075949899 ], [ -73.936554628363695, 45.474648124352399 ], [ -73.936545097249507, 45.474650207886903 ], [ -73.936535580768805, 45.474652326479202 ], [ -73.936526079312301, 45.474654480052799 ], [ -73.936516593269104, 45.474656668527899 ], [ -73.936507123027496, 45.474658891822003 ], [ -73.936497668974297, 45.474661149849602 ], [ -73.936488231495503, 45.474663442522797 ], [ -73.936478810975203, 45.474665769750203 ], [ -73.936469407796693, 45.4746681314382 ], [ -73.936460022341507, 45.474670527490197 ], [ -73.936450654989798, 45.474672957806597 ], [ -73.9364413061204, 45.474675422285301 ], [ -73.936431976110299, 45.474677920821399 ], [ -73.936422665335002, 45.474680453306902 ], [ -73.936413374168396, 45.474683019631698 ], [ -73.936404102982493, 45.474685619682603 ], [ -73.936394852147799, 45.4746882533437 ], [ -73.936385622032802, 45.4746909204963 ], [ -73.936325051634995, 45.474708151361803 ], [ -73.936264021799701, 45.474724711521198 ], [ -73.936202555028999, 45.474740592205301 ], [ -73.936140674264493, 45.474755785144502 ], [ -73.936078402858598, 45.474770282580501 ], [ -73.936015764546397, 45.474784077280503 ], [ -73.935952783414706, 45.474797162547098 ], [ -73.9358894838726, 45.474809532229798 ], [ -73.9358258906191, 45.4748211807334 ], [ -73.935762028611293, 45.474832103027197 ], [ -73.935697923032194, 45.474842294651602 ], [ -73.935633599257002, 45.474851751724202 ], [ -73.935569082820095, 45.474860470945202 ], [ -73.935504399380903, 45.4748684496004 ], [ -73.935439574690506, 45.474875685564498 ], [ -73.935374634556993, 45.474882177302199 ], [ -73.935309604811593, 45.474887923868501 ], [ -73.935244511275002, 45.474892924907799 ], [ -73.935179379723095, 45.474897180652199 ], [ -73.935114235853803, 45.474900691917398 ], [ -73.935075494499998, 45.474901915394597 ], [ -73.935036635549494, 45.474902530019897 ], [ -73.934997687859493, 45.474902531380401 ], [ -73.934958680657502, 45.4749019159635 ], [ -73.934919643470806, 45.474900681174802 ], [ -73.934880606053198, 45.474898825352099 ], [ -73.934841598310896, 45.474896347776102 ], [ -73.934802650226999, 45.474893248678001 ], [ -73.934763791784803, 45.4748895292431 ], [ -73.934725052891594, 45.474885191610099 ], [ -73.934686463301901, 45.474880238868899 ], [ -73.934648052540993, 45.4748746750519 ], [ -73.934609849830494, 45.474868505123702 ], [ -73.934571884013494, 45.474861734966701 ], [ -73.934534183482697, 45.4748543713633 ], [ -73.934496776110194, 45.474846421974 ], [ -73.934459689179505, 45.474837895313598 ], [ -73.934422949320407, 45.4748288007235 ], [ -73.934386582447402, 45.474819148341098 ], [ -73.934350613700204, 45.4748089490664 ], [ -73.934321524286105, 45.474799807461402 ], [ -73.9342924968944, 45.474790562684802 ], [ -73.9342635326324, 45.474781215050001 ], [ -73.934234632603093, 45.474771764878597 ], [ -73.934205797904994, 45.474762212499499 ], [ -73.934177029632096, 45.474752558249698 ], [ -73.934148328873704, 45.474742802473799 ], [ -73.934119696714404, 45.474732945524202 ], [ -73.934091134233498, 45.474722987760799 ], [ -73.934062642505396, 45.474712929551202 ], [ -73.934034222599195, 45.474702771270302 ], [ -73.934005875578606, 45.474692513300802 ], [ -73.933977602501898, 45.474682156032699 ], [ -73.933949404421497, 45.474671699863499 ], [ -73.933921282384304, 45.4746611451978 ], [ -73.933893237431107, 45.4746504924479 ], [ -73.933865270596797, 45.474639742032998 ], [ -73.9338373829099, 45.474628894379698 ], [ -73.933809575392999, 45.474617949921601 ], [ -73.933781849061901, 45.474606909099499 ], [ -73.933754763494505, 45.474596490291198 ], [ -73.933727501212402, 45.474586276768697 ], [ -73.933700066936694, 45.474576270723702 ], [ -73.933672465460305, 45.474566474275797 ], [ -73.933644701645903, 45.474556889471501 ], [ -73.933616780423094, 45.474547518282797 ], [ -73.933588706784803, 45.474538362605301 ], [ -73.933560485785193, 45.474529424257803 ], [ -73.933532122535993, 45.4745207049802 ], [ -73.933503622203602, 45.474512206433502 ], [ -73.933474990006204, 45.474503930197201 ], [ -73.933446231210198, 45.474495877770003 ], [ -73.933417351127304, 45.4744880505677 ], [ -73.933388355111106, 45.474480449922702 ], [ -73.933359248553501, 45.4744730770838 ], [ -73.933330036882097, 45.474465933214503 ], [ -73.933300725555995, 45.474459019393201 ], [ -73.933271320063199, 45.474452336612501 ], [ -73.933241825916397, 45.474445885778501 ], [ -73.933212248650193, 45.474439667710698 ], [ -73.933193227091806, 45.474436366966302 ], [ -73.933173714127605, 45.474433752443197 ], [ -73.933153782089803, 45.474431863983803 ], [ -73.933133510980596, 45.474430736535702 ], [ -73.933112987652194, 45.4744303992982 ], [ -73.933092304763406, 45.474430874948801 ], [ -73.933071559535307, 45.4744321789846 ], [ -73.933050852333594, 45.474434319205898 ], [ -73.933030285119301, 45.474437295368801 ], [ -73.933009959813702, 45.4744410990251 ], [ -73.932989976632797, 45.474445713559199 ], [ -73.932970432446993, 45.4744511144265 ], [ -73.932951419222306, 45.474457269582899 ], [ -73.932933022595293, 45.474464140093602 ], [ -73.932915320627998, 45.474471680894801 ], [ -73.932898382777694, 45.474479841679901 ], [ -73.932882269110095, 45.474488567875298 ], [ -73.932867029766996, 45.474497801671703 ], [ -73.932852704692195, 45.474507483071498 ], [ -73.932839323605094, 45.474517550919103 ], [ -73.931425342686296, 45.475573371048199 ], [ -73.930901636025695, 45.475682485519897 ], [ -73.930376658722395, 45.475624943376999 ], [ -73.929783187368102, 45.475460518879302 ], [ -73.929106293783093, 45.475451159631596 ], [ -73.928548563529304, 45.475536582953303 ], [ -73.927820909639195, 45.475527406516399 ], [ -73.927346966230303, 45.475505371553602 ], [ -73.926974454867704, 45.475471052334498 ], [ -73.926415733537993, 45.475425522200197 ], [ -73.925959519740502, 45.475510553867302 ], [ -73.925520224439097, 45.475595521586698 ], [ -73.9250112782522, 45.4754188524036 ], [ -73.924738947568102, 45.475205588205498 ], [ -73.924038618714107, 45.474627857580501 ], [ -73.923683831955898, 45.47424823787 ], [ -73.923164482597201, 45.473583524141397 ], [ -73.922302660109494, 45.472869601250402 ], [ -73.921385291781206, 45.472373009178703 ], [ -73.920936179588793, 45.472046107987602 ], [ -73.920567753542002, 45.471647481602098 ], [ -73.920177330554097, 45.4710203725162 ], [ -73.9200921941529, 45.470492136247302 ], [ -73.919947426065207, 45.470135540273802 ], [ -73.919620258259002, 45.469822470493 ], [ -73.919131419703902, 45.469609987877099 ], [ -73.918560638407598, 45.469297808666497 ], [ -73.918152381747902, 45.468999315942099 ], [ -73.917654112443202, 45.468241169764298 ], [ -73.917375342998596, 45.467146995127202 ], [ -73.917231922068595, 45.4660523261959 ], [ -73.9165482164709, 45.4651024786018 ], [ -73.915120897839003, 45.464250566299597 ], [ -73.913902543183895, 45.464207371120999 ], [ -73.912551635627395, 45.464545577750101 ], [ -73.911301416492606, 45.465084032688601 ], [ -73.910165836356398, 45.465259538206404 ], [ -73.908163679900099, 45.465380990918803 ], [ -73.906539912337905, 45.4654248749018 ], [ -73.905078819096801, 45.465506253246801 ], [ -73.903644380302794, 45.465530378284399 ], [ -73.902724358292005, 45.465571719008899 ], [ -73.901211416555697, 45.465977027020699 ], [ -73.899031704710794, 45.466835580351997 ], [ -73.898231055329504, 45.467255024392202 ], [ -73.897177879500603, 45.467853904451502 ], [ -73.896419705527194, 45.468302948718502 ], [ -73.895536297321897, 45.4689905072198 ], [ -73.894693502018995, 45.469439832926703 ], [ -73.893553585445105, 45.469741372096699 ], [ -73.891862565516604, 45.469866228551602 ], [ -73.890172771243101, 45.470169619928299 ], [ -73.888525868782693, 45.470562122472302 ], [ -73.887557122637503, 45.471160627154902 ], [ -73.886716064331694, 45.471877733166998 ], [ -73.886044786127101, 45.472683542158201 ], [ -73.885620896248497, 45.473172255204297 ], [ -73.8840019288034, 45.473958628816902 ], [ -73.883245732594602, 45.474227823981998 ], [ -73.882624631008696, 45.474458467524101 ], [ -73.882207721991406, 45.474859846531501 ], [ -73.882000719708699, 45.475253896246002 ], [ -73.878614167317295, 45.470927297783803 ], [ -73.878553123153196, 45.470830986089403 ], [ -73.878355432009599, 45.470568602373703 ], [ -73.878288165909296, 45.470479306056397 ], [ -73.877962213388599, 45.470605906887897 ], [ -73.877356420761799, 45.470841211297099 ], [ -73.877106540752607, 45.470932654066502 ], [ -73.876632318651701, 45.471109785769002 ], [ -73.876167755840598, 45.471282454746699 ], [ -73.876180352397895, 45.4712985296878 ], [ -73.875285328930403, 45.471672318449698 ], [ -73.874668257064201, 45.4719504587042 ], [ -73.874416491572404, 45.472064116757402 ], [ -73.873595236518696, 45.472434425358003 ], [ -73.8733091513174, 45.472560469451103 ], [ -73.872907999137993, 45.472700377467099 ], [ -73.872440839561335, 45.472871087574191 ], [ -73.871531351687281, 45.47281105448792 ], [ -73.87028436958343, 45.472901555221434 ], [ -73.869086433057319, 45.473161464866614 ], [ -73.867983568830866, 45.473580797486783 ], [ -73.867018153209386, 45.474143441675309 ], [ -73.866227284519852, 45.474827779204098 ], [ -73.865641357756076, 45.475607515210605 ], [ -73.865282896158334, 45.476452688109482 ], [ -73.865165684683731, 45.477330820507291 ], [ -73.865294238815395, 45.478208166966652 ], [ -73.86555749384398, 45.478808839801935 ], [ -73.865314942612756, 45.478950180524052 ], [ -73.864523986352822, 45.479634505955211 ], [ -73.863937986636202, 45.48041423279362 ], [ -73.863579469507712, 45.481259399806945 ], [ -73.863462222060491, 45.482137529828599 ], [ -73.863590761162726, 45.483014877512964 ], [ -73.863651877931517, 45.483154326874086 ], [ -73.863552704021004, 45.483222473768002 ], [ -73.86343242593, 45.483315319249002 ], [ -73.862887445698604, 45.483713476397 ], [ -73.862449675603898, 45.4840270971577 ], [ -73.862207823613602, 45.484276859860103 ], [ -73.861437256323597, 45.4850691266154 ], [ -73.861344774844198, 45.485165142095497 ], [ -73.861104126172904, 45.4853505736681 ], [ -73.860822935385499, 45.485588603315001 ], [ -73.860683508344295, 45.485704863679899 ], [ -73.860049443766201, 45.486229671035602 ], [ -73.859866999012198, 45.486383000081403 ], [ -73.859083736048802, 45.487042932476797 ], [ -73.858918785739803, 45.487181986722597 ], [ -73.858763054323404, 45.487313129334801 ], [ -73.8590460868229, 45.4877516442195 ], [ -73.859156287047497, 45.487922233314897 ], [ -73.859348250907601, 45.488219606795603 ], [ -73.859507755034997, 45.488469242655 ], [ -73.859586412421805, 45.488579015256001 ], [ -73.860184158698502, 45.489865861873497 ], [ -73.860199140533297, 45.4898569831619 ], [ -73.860330432187098, 45.489795478015402 ], [ -73.860397885433699, 45.489769965851799 ], [ -73.860436070827504, 45.4897589400152 ], [ -73.8605384694213, 45.489743308944099 ], [ -73.860628630152206, 45.4897364512453 ], [ -73.860742008035103, 45.489741945755902 ], [ -73.860862448548204, 45.4897421453107 ], [ -73.860972643367205, 45.4897695921672 ], [ -73.861112578241702, 45.4898564629977 ], [ -73.861189807332394, 45.4899335405008 ], [ -73.861308095248404, 45.490089426670302 ], [ -73.861323889731594, 45.490124966297401 ], [ -73.861314997567902, 45.4901606718864 ], [ -73.861308754702605, 45.490212107600399 ], [ -73.861290526266501, 45.4902805060483 ], [ -73.861278037193003, 45.490296881608103 ], [ -73.861094827085495, 45.490629151444203 ], [ -73.861076426359503, 45.490662826388302 ], [ -73.861024031750105, 45.490745713610103 ], [ -73.860876986342305, 45.490942606388401 ], [ -73.860839636833603, 45.490986815915498 ], [ -73.860822168501102, 45.491006107044299 ], [ -73.860782541653805, 45.4910341370772 ], [ -73.860760237824906, 45.491047511871997 ], [ -73.8607364684717, 45.491054835870401 ], [ -73.8610742448205, 45.491781950983203 ], [ -73.861074685980597, 45.491782900634703 ], [ -73.860387979434293, 45.492162046529003 ], [ -73.859925758406504, 45.492669433630802 ], [ -73.859843216292902, 45.492997059965298 ], [ -73.859339615823103, 45.4936533769013 ], [ -73.859003938729302, 45.494100840859403 ], [ -73.858456870889, 45.494578727909598 ], [ -73.857748260353404, 45.495492920245702 ], [ -73.857544037421988, 45.495738468688245 ], [ -73.856852095118498, 45.495342708886838 ], [ -73.85574347180895, 45.494930394040509 ], [ -73.855125185581031, 45.494800583799893 ], [ -73.855091858641302, 45.494572929830852 ], [ -73.854722522689642, 45.49373005401894 ], [ -73.854126492153654, 45.492954046890567 ], [ -73.85367353748228, 45.492569330774195 ], [ -73.854542504230551, 45.492380991589975 ], [ -73.855645834993808, 45.491961788718193 ], [ -73.85661166770096, 45.491399241140371 ], [ -73.857402883882983, 45.4907149711199 ], [ -73.857989079898857, 45.489935278618184 ], [ -73.858347734971645, 45.489090130016002 ], [ -73.858465075673251, 45.48821200602972 ], [ -73.858336603785006, 45.487334653171516 ], [ -73.857967267468766, 45.486491786783567 ], [ -73.857371269428413, 45.485715795503843 ], [ -73.856571519689979, 45.485036496930704 ], [ -73.855598754245833, 45.484479992253611 ], [ -73.854490353574818, 45.48406766378853 ], [ -73.853288906489738, 45.483815353853046 ], [ -73.852040574448012, 45.483732756447061 ], [ -73.850793319035517, 45.483823045041902 ], [ -73.849595060521324, 45.484082750732114 ], [ -73.848950208642535, 45.484327747756652 ], [ -73.8489349216959, 45.484304019319602 ], [ -73.848902707955702, 45.484254054772997 ], [ -73.848856189640898, 45.484181866308703 ], [ -73.8488096713955, 45.484109669725697 ], [ -73.848777483461603, 45.484059705063302 ], [ -73.848745294361095, 45.484009749393302 ], [ -73.848711465229002, 45.483957285449797 ], [ -73.8486776617994, 45.483904830415803 ], [ -73.848645474099598, 45.483854865713703 ], [ -73.848613285233299, 45.483804910004103 ], [ -73.848576656066498, 45.483748078611399 ], [ -73.848540330347205, 45.483691694404101 ], [ -73.848428932287604, 45.483526880386499 ], [ -73.848196660607996, 45.483273083265502 ], [ -73.848244323418399, 45.483251566242103 ], [ -73.848033206909193, 45.483020754842798 ], [ -73.848081344014702, 45.482999060444101 ], [ -73.848004999607397, 45.482870599717998 ], [ -73.847795923467601, 45.482642118481401 ], [ -73.847844034543797, 45.482620389166499 ], [ -73.847634633976199, 45.4823915216788 ], [ -73.8476826935253, 45.482369758393503 ], [ -73.847601218645096, 45.482243561715798 ], [ -73.847662558721296, 45.482215791141698 ], [ -73.847455087917297, 45.481983561007603 ], [ -73.847438269985602, 45.481991169074497 ], [ -73.847278224516501, 45.481743240500997 ], [ -73.847134538956297, 45.481527054459796 ], [ -73.846945714164406, 45.4812385613806 ], [ -73.846688422346602, 45.481033142685597 ], [ -73.846720113745405, 45.481017129106597 ], [ -73.846752657260694, 45.481001984883498 ], [ -73.846786004413403, 45.480987730859397 ], [ -73.846708950481897, 45.480860703032498 ], [ -73.846396131699294, 45.480375497240402 ], [ -73.846313756052993, 45.480248108235699 ], [ -73.8461493054388, 45.479993160856999 ], [ -73.8459849556086, 45.479738344302604 ], [ -73.845902333148103, 45.479611078113898 ], [ -73.845839146504105, 45.479512322262103 ], [ -73.847077799988099, 45.478886159157497 ], [ -73.847236499796594, 45.478806527190699 ], [ -73.849372625760907, 45.477717727866199 ], [ -73.849582974693206, 45.477608715696697 ], [ -73.849817385033205, 45.477488161798902 ], [ -73.850006247084195, 45.477391043139299 ], [ -73.850030481418685, 45.477378579340133 ], [ -73.850211240450719, 45.477614020204221 ], [ -73.851010808476445, 45.478293364733823 ], [ -73.851983422158838, 45.478849909539576 ], [ -73.853091702151275, 45.479262263069799 ], [ -73.854293051474244, 45.479514575574946 ], [ -73.855541293467923, 45.479597148697223 ], [ -73.856788447778854, 45.479506808497483 ], [ -73.857986575910573, 45.479247027534605 ], [ -73.85908962515694, 45.478827791289682 ], [ -73.860055199800073, 45.478265214087735 ], [ -73.860846191291046, 45.477580919328943 ], [ -73.861432204623412, 45.476801207923465 ], [ -73.861790726037427, 45.475956046976677 ], [ -73.861907987235654, 45.475077917677787 ], [ -73.861779493047308, 45.474200566742162 ], [ -73.861410192483291, 45.473357709437778 ], [ -73.860814286866287, 45.472581734053989 ], [ -73.860014682665124, 45.471902457579496 ], [ -73.859042110276391, 45.471345980356105 ], [ -73.857933942760098, 45.470933683646706 ], [ -73.856732759972317, 45.470681408550391 ], [ -73.855484713219383, 45.470598847729761 ], [ -73.854624044966073, 45.470661191592626 ], [ -73.854561499121203, 45.4705984684729 ], [ -73.854821272696796, 45.470394211343702 ], [ -73.854999491239397, 45.470254084812503 ], [ -73.855173408789796, 45.470117353903703 ], [ -73.855329380216702, 45.4699947215896 ], [ -73.855485325389793, 45.469872089141496 ], [ -73.855650392057598, 45.469742301277499 ], [ -73.855819359807896, 45.4696094514332 ], [ -73.855988326764702, 45.4694766013383 ], [ -73.856157268635101, 45.469343751968403 ], [ -73.856326235283802, 45.4692109013682 ], [ -73.856495199860206, 45.469078050521503 ], [ -73.856677164287802, 45.468934983341001 ], [ -73.856807129298701, 45.468832782063998 ], [ -73.857067060577506, 45.468628396154003 ], [ -73.857326989984102, 45.468424010550699 ], [ -73.857456953977405, 45.468321816626798 ], [ -73.857638887907299, 45.468178738991902 ], [ -73.857794847424202, 45.468056112304403 ], [ -73.857950807487001, 45.467933476401001 ], [ -73.858106766868005, 45.467810839384299 ], [ -73.858262700002001, 45.467688203134102 ], [ -73.858418656814806, 45.467565575592602 ], [ -73.858574614173406, 45.467442938835198 ], [ -73.858730569571406, 45.467320300968503 ], [ -73.858886525577802, 45.467197663784098 ], [ -73.8590424809083, 45.467075026386198 ], [ -73.859198410043604, 45.466952397853497 ], [ -73.859354362743105, 45.466829760032702 ], [ -73.859510316039803, 45.466707121094501 ], [ -73.859666267387396, 45.466584482846599 ], [ -73.859822219337801, 45.4664618443813 ], [ -73.859978170669393, 45.466339214700703 ], [ -73.860134095686107, 45.466216574989197 ], [ -73.860290044329702, 45.4660939358875 ], [ -73.860412740906, 45.465997447626997 ], [ -73.860306912847406, 45.465907190077601 ], [ -73.860127153202995, 45.4657538863461 ], [ -73.859979714139399, 45.465628152638203 ], [ -73.859927227000696, 45.465583387666101 ], [ -73.860228277993201, 45.4654079695921 ], [ -73.860365206759397, 45.465328820674699 ], [ -73.860543038705003, 45.465224572575799 ], [ -73.860721308477594, 45.4651207025519 ], [ -73.860828708020193, 45.4650581207637 ], [ -73.860894178133904, 45.465019978085301 ], [ -73.861072446615594, 45.464916107513602 ], [ -73.861128931754806, 45.46488319513 ], [ -73.861245087500606, 45.464815198766303 ], [ -73.861423003680301, 45.464711030007798 ], [ -73.861537993864388, 45.464643704823416 ], [ -73.862485303720959, 45.465185759121098 ], [ -73.863593391254852, 45.465598012336777 ], [ -73.864794496086176, 45.465850215752809 ], [ -73.866042450955177, 45.465932675206361 ], [ -73.867289286549621, 45.465842221128867 ], [ -73.868487076629989, 45.465582330457053 ], [ -73.869589781490404, 45.4651629928887 ], [ -73.870555018655679, 45.464600326642156 ], [ -73.871345692551756, 45.46391595853806 ], [ -73.871931420379781, 45.463136192302954 ], [ -73.872289699350816, 45.462290997146553 ], [ -73.872406770479984, 45.461412855569989 ], [ -73.872278145893546, 45.460535514758078 ], [ -73.871908779604709, 45.459692689588181 ], [ -73.871312875452759, 45.458916767114104 ], [ -73.870513339842134, 45.458237562291707 ], [ -73.870129245746128, 45.458017799526097 ], [ -73.870262425365993, 45.457953512104503 ], [ -73.870314456136398, 45.4579283950819 ], [ -73.870431137558796, 45.457872092842003 ], [ -73.870514807683804, 45.457831706138599 ], [ -73.870599847927494, 45.4577906643365 ], [ -73.870707765847499, 45.457738581748401 ], [ -73.870768557809697, 45.4577092355822 ], [ -73.870900723315899, 45.457645448034299 ], [ -73.870947823449299, 45.457622719637698 ], [ -73.871101720306498, 45.457548439213397 ], [ -73.871116708653105, 45.457541466168003 ], [ -73.871287327859605, 45.457462068601799 ], [ -73.871457973383599, 45.4573826625954 ], [ -73.871491385264093, 45.457367114301 ], [ -73.871639272531397, 45.457298292289998 ], [ -73.871809891493697, 45.457218885841897 ], [ -73.871889188022095, 45.457181992085196 ], [ -73.8719853144203, 45.457137248961097 ], [ -73.872160762411497, 45.457055611728002 ], [ -73.872297619198704, 45.456991912553903 ], [ -73.872332449401398, 45.4569757087977 ], [ -73.872524402435701, 45.4568863720717 ], [ -73.872737200827999, 45.456784735332199 ], [ -73.872959359078706, 45.456678628670701 ], [ -73.873117363810294, 45.456603155100403 ], [ -73.873205017283198, 45.456561285748997 ], [ -73.873370936188095, 45.456481979600099 ], [ -73.873487591166807, 45.456426262811902 ], [ -73.873536806629403, 45.456402762452797 ], [ -73.873702651027997, 45.456323544248797 ], [ -73.873750771383996, 45.456300556695403 ], [ -73.8738684949613, 45.456244325804398 ], [ -73.873951765371402, 45.456204553377603 ], [ -73.874034339713901, 45.456165108015199 ], [ -73.874145340604201, 45.456112079823299 ], [ -73.874200207009395, 45.456085889010403 ], [ -73.874366050771897, 45.456006661742101 ], [ -73.874531892844004, 45.455927442335998 ], [ -73.874697734451004, 45.455848222689497 ], [ -73.874740925350693, 45.455827597697898 ], [ -73.874863601169807, 45.455769003618499 ], [ -73.874934472606895, 45.455735149887097 ], [ -73.875029865044596, 45.455689588633803 ], [ -73.875135261540095, 45.455638907589403 ], [ -73.875200705633702, 45.455607452521299 ], [ -73.875333807339501, 45.455543463276598 ], [ -73.875393774532398, 45.455514627562501 ], [ -73.875586868367407, 45.455421802193797 ], [ -73.875756017180905, 45.4553408388159 ], [ -73.875925189807802, 45.455259876007801 ], [ -73.876083757862006, 45.455183973530801 ], [ -73.876113928300896, 45.455169541366999 ], [ -73.876252930827803, 45.455103010233898 ], [ -73.876307296532303, 45.455076995524301 ], [ -73.876422077731704, 45.455022045871303 ], [ -73.876500664064096, 45.454984439456702 ], [ -73.876580668748701, 45.454946143525298 ], [ -73.876694029689602, 45.454891883966397 ], [ -73.876749840283694, 45.454865178593799 ], [ -73.876920253871802, 45.454783603712301 ], [ -73.876958663506002, 45.454765225285499 ], [ -73.877078844822094, 45.454707699771802 ], [ -73.877243782344394, 45.454628761048902 ], [ -73.877274126707107, 45.454614231718701 ], [ -73.877412926413498, 45.454547796121197 ], [ -73.877582094283696, 45.454466829963302 ], [ -73.877593122381199, 45.4544615473772 ], [ -73.877740657890598, 45.4543909260898 ], [ -73.877811775287199, 45.4543568933804 ], [ -73.877910253562902, 45.454310406154598 ], [ -73.877986177544898, 45.454274565830303 ], [ -73.878075917397496, 45.454232210697803 ], [ -73.878245813406593, 45.454152006015597 ], [ -73.878346655221904, 45.454104403768298 ], [ -73.878415708993401, 45.454071810079398 ], [ -73.878574974482305, 45.453996614499097 ], [ -73.878738894213896, 45.4539192409215 ], [ -73.878744869013701, 45.453916400077503 ], [ -73.878914284225303, 45.453835704671803 ], [ -73.879083700225195, 45.453755008111301 ], [ -73.879138512773295, 45.453728902379403 ], [ -73.879253115740994, 45.4536743112998 ], [ -73.879338644116601, 45.453633578087398 ], [ -73.879450185442195, 45.453580446636899 ], [ -73.879459992683806, 45.453575809519201 ], [ -73.879538977097297, 45.453538489434003 ], [ -73.879619105912994, 45.453500630079198 ], [ -73.879739609420795, 45.453443716179997 ], [ -73.879788971784507, 45.4534203970954 ], [ -73.879958837227605, 45.453340171957898 ], [ -73.880128702133803, 45.453259938469799 ], [ -73.880298567835894, 45.453179704725301 ], [ -73.880341581678607, 45.453159403041603 ], [ -73.880468431837301, 45.453099479731101 ], [ -73.880542211308594, 45.453064628380297 ], [ -73.880670506417502, 45.453004040439502 ], [ -73.880742288988699, 45.452969248705003 ], [ -73.880877938811594, 45.452903504163103 ], [ -73.880934862005304, 45.4528759057728 ], [ -73.881065210081601, 45.452812736065603 ], [ -73.881189733938598, 45.452752371584999 ], [ -73.881239762642494, 45.4527281263994 ], [ -73.881398484732898, 45.452651197363501 ], [ -73.881775055887104, 45.452630308215802 ], [ -73.882092768013706, 45.452612672424401 ], [ -73.882181282233006, 45.452607762765503 ], [ -73.882379077372505, 45.4525967840055 ], [ -73.882414123651998, 45.452594839081698 ], [ -73.882610255292803, 45.4525851747742 ], [ -73.882648223430806, 45.452583299178301 ], [ -73.882801544169993, 45.452575745923099 ], [ -73.882881450198099, 45.452571804914299 ], [ -73.883015149648102, 45.452565214292697 ], [ -73.883091111490799, 45.452561470832102 ], [ -73.883099073952295, 45.4525610751882 ], [ -73.883114701225693, 45.4525603199911 ], [ -73.883168245693298, 45.452557723388402 ], [ -73.883342660743907, 45.452549264481902 ], [ -73.883497304882994, 45.452541758942601 ], [ -73.883581205299393, 45.452537689752397 ], [ -73.883671944790194, 45.452533290679703 ], [ -73.883814481516296, 45.452526378786501 ], [ -73.883885575416997, 45.452522932807902 ], [ -73.884076890440795, 45.452513651108397 ], [ -73.884095262971698, 45.452512754268199 ], [ -73.8842998113021, 45.452507162978698 ], [ -73.884472433965797, 45.452499517343597 ], [ -73.884501433252794, 45.452497081917201 ], [ -73.884668743796695, 45.452483064922397 ], [ -73.884679430429301, 45.4524756645501 ], [ -73.884696828232094, 45.452463601941197 ], [ -73.884858104268602, 45.452351869440299 ], [ -73.884920487843502, 45.452308643641402 ], [ -73.885007923227406, 45.452248066123602 ], [ -73.885021243844704, 45.4522388382413 ], [ -73.885145187198404, 45.452145271382598 ], [ -73.885287488407997, 45.452037846845798 ], [ -73.885452992161305, 45.451912908314199 ], [ -73.8855273469417, 45.4518567766074 ], [ -73.885620283485594, 45.4517866101287 ], [ -73.885659510471001, 45.451756995860798 ], [ -73.885696550871501, 45.451729023092803 ], [ -73.886007953436504, 45.451493938710598 ], [ -73.886071724303306, 45.451445752106103 ], [ -73.886198147757298, 45.451350233829302 ], [ -73.886245521818196, 45.451314422430201 ], [ -73.8863808635829, 45.4512123795636 ], [ -73.886458286646601, 45.451156131582103 ], [ -73.886598698406303, 45.451054133390798 ], [ -73.886619320259996, 45.4510391602524 ], [ -73.8867749871401, 45.450926072627702 ], [ -73.886838942411899, 45.450879615380103 ], [ -73.886932005976007, 45.450806433788699 ], [ -73.887077027121506, 45.450692423467103 ], [ -73.887120390982503, 45.450658321510602 ], [ -73.887231410566798, 45.450571035731897 ], [ -73.887308031089702, 45.450510791847897 ], [ -73.887380677630802, 45.450453672176302 ], [ -73.887449895711896, 45.450399243845503 ], [ -73.887507962152995, 45.450346013213398 ], [ -73.887649129878497, 45.450216646662 ], [ -73.8877762517305, 45.450100139706002 ], [ -73.887783671381897, 45.450093347632397 ], [ -73.887907047823404, 45.449965798565202 ], [ -73.887953164658896, 45.449918118074798 ], [ -73.888032951272507, 45.4498356483045 ], [ -73.888097118370595, 45.449769329895702 ], [ -73.888163194556398, 45.4497010360869 ], [ -73.888241939609301, 45.449619641430303 ], [ -73.888311281746198, 45.449565115863599 ], [ -73.888363039105997, 45.449524428574001 ], [ -73.888454030731495, 45.449466631236497 ], [ -73.888504250150504, 45.449434728066599 ], [ -73.888703388566299, 45.449308229700499 ], [ -73.888723898615794, 45.449295206536704 ], [ -73.888886729497699, 45.449208674141502 ], [ -73.889000002159705, 45.449148488786903 ], [ -73.889063824596093, 45.449119527450499 ], [ -73.889258303127804, 45.449031287685997 ], [ -73.889452807954001, 45.448943055598001 ], [ -73.889474711937098, 45.448933113137997 ], [ -73.889581820659501, 45.448884521215703 ], [ -73.889649022047294, 45.4488567691253 ], [ -73.889688261799094, 45.448840562107797 ], [ -73.889848657416195, 45.448774310305701 ], [ -73.889904828969193, 45.448751112964999 ], [ -73.890003277866796, 45.448710450005699 ], [ -73.890040815227195, 45.448693598986097 ], [ -73.890112828628205, 45.448661278739301 ], [ -73.890235894998099, 45.448606032185801 ], [ -73.890324087736701, 45.448566458613797 ], [ -73.890430974219896, 45.448518473151601 ], [ -73.890565964027701, 45.4484578871567 ], [ -73.890627840894197, 45.448432885544598 ], [ -73.890808686664599, 45.448359821660802 ], [ -73.890956914711197, 45.448299936785197 ], [ -73.891009502651698, 45.448278693045502 ], [ -73.891168385491994, 45.448214499823699 ], [ -73.891211411811696, 45.448197111305802 ], [ -73.891228916836496, 45.448190038804498 ], [ -73.891374791918906, 45.448122234647499 ], [ -73.891401944983997, 45.448109602170497 ], [ -73.891405205972504, 45.4481080882436 ], [ -73.891555933142897, 45.448038017597803 ], [ -73.891585633750395, 45.448018143333599 ], [ -73.891756753028204, 45.447903660502597 ], [ -73.891775293588395, 45.447891259041199 ], [ -73.8919212595967, 45.447793593180002 ], [ -73.892100156231905, 45.447673890098102 ], [ -73.892268166017402, 45.447561490427098 ], [ -73.892278705728799, 45.447554749433401 ], [ -73.892345352483204, 45.447512137497 ], [ -73.892366953621107, 45.447498310858499 ], [ -73.8924259179567, 45.447460620459502 ], [ -73.892537831102501, 45.447389047719497 ], [ -73.892541858115905, 45.447386476500697 ], [ -73.892704497183203, 45.447270245971097 ], [ -73.892724236557697, 45.447257858229797 ], [ -73.892748648481103, 45.447242527199997 ], [ -73.892987481734096, 45.447092658737297 ], [ -73.893171770042002, 45.446977012642101 ], [ -73.8932431927376, 45.446932187199003 ], [ -73.893575521360702, 45.4467236194686 ], [ -73.893642493681099, 45.4466815950504 ], [ -73.893594676232297, 45.446531285635999 ], [ -73.893752939618594, 45.446510742766897 ], [ -73.894000112423896, 45.446541209809098 ], [ -73.894898707630105, 45.446796682855101 ], [ -73.895019443823898, 45.446831011374996 ], [ -73.895110902593601, 45.446852339195203 ], [ -73.895528481097898, 45.446949728368203 ], [ -73.895757191953805, 45.447003076684702 ], [ -73.895985901896907, 45.447056415547401 ], [ -73.896034019737499, 45.447067637255202 ], [ -73.896218264178302, 45.447110602441199 ], [ -73.896450551421793, 45.447164781023602 ], [ -73.896690792188707, 45.447220811302799 ], [ -73.896931058995506, 45.447276840985801 ], [ -73.897175202363101, 45.447333779931903 ], [ -73.897476042591705, 45.447403930674 ], [ -73.897802770155494, 45.447480124761903 ], [ -73.897871746763599, 45.447496211437901 ], [ -73.898075626625996, 45.447543753864501 ], [ -73.898137249358598, 45.447533214188297 ], [ -73.898385739675504, 45.4474907206315 ], [ -73.898620936200501, 45.447450496461599 ], [ -73.898770867627803, 45.447424858260497 ], [ -73.898869374713101, 45.4474080110312 ], [ -73.8991364421897, 45.447362340178898 ], [ -73.899338919536504, 45.447327712554902 ], [ -73.899587331393704, 45.447285225655001 ], [ -73.8997739471138, 45.447253306410197 ], [ -73.899885472373896, 45.447234233299199 ], [ -73.900296881983706, 45.4471638707913 ], [ -73.900374814310396, 45.447150538998699 ], [ -73.900130644831194, 45.446712524067301 ], [ -73.900361721084195, 45.446640938291303 ], [ -73.900581584348998, 45.446572819808097 ], [ -73.900818884267494, 45.446513021840303 ], [ -73.901041304474305, 45.446456984813402 ], [ -73.901269108034498, 45.446399584061901 ], [ -73.901467276440798, 45.446349650509802 ], [ -73.901601082967304, 45.446511856336699 ], [ -73.901800417272995, 45.446763342520903 ], [ -73.901920472277695, 45.446915385710902 ], [ -73.902034334773901, 45.447070938393701 ], [ -73.902212915446896, 45.447328147049802 ], [ -73.902335840046305, 45.4475044423966 ], [ -73.902595904821794, 45.447408294718798 ], [ -73.902920342973303, 45.447288359463101 ], [ -73.9031273132872, 45.447211835553198 ], [ -73.903334281831604, 45.4471353211718 ], [ -73.903541474234302, 45.4470587255366 ], [ -73.903749374553001, 45.4469834192099 ], [ -73.903955987626802, 45.446906411836302 ], [ -73.904168223823802, 45.4468369330516 ], [ -73.904350801353502, 45.446782173366302 ], [ -73.904537334427303, 45.447046916208002 ] ], [ [ -73.945678304322001, 45.463409842024042 ], [ -73.946035481265184, 45.462564419777529 ], [ -73.946151407490348, 45.461686207012349 ], [ -73.946021639127522, 45.460808953635038 ], [ -73.945651174138348, 45.45996637114888 ], [ -73.945054258567211, 45.459190837269666 ], [ -73.944253837661094, 45.458512152011977 ], [ -73.9432806731661, 45.45795639299633 ], [ -73.942172160863805, 45.457544913890445 ], [ -73.940970893835697, 45.457293524384163 ], [ -73.939723026612967, 45.457211883122064 ], [ -73.938476502927585, 45.457303126848764 ], [ -73.93727921495173, 45.457563749969545 ], [ -73.93617716450764, 45.457983739138918 ], [ -73.93521269665635, 45.458546957724863 ], [ -73.934422873332238, 45.45923176542582 ], [ -73.933838049382203, 45.460011849305971 ], [ -73.933480705684261, 45.46085723440207 ], [ -73.933364584242995, 45.461735435153834 ], [ -73.933494158648244, 45.462612703483678 ], [ -73.933864460466651, 45.463455325611925 ], [ -73.934461268495085, 45.464230917787624 ], [ -73.935261653858973, 45.464909671121113 ], [ -73.936234860223209, 45.465465497627925 ], [ -73.93734348543201, 45.465877033365437 ], [ -73.938544919214863, 45.466128460022141 ], [ -73.939792981653696, 45.466210113297649 ], [ -73.941039699296667, 45.466118854618408 ], [ -73.942237150443304, 45.465858191855553 ], [ -73.943339308430083, 45.465438144389665 ], [ -73.944303811823588, 45.464874857727928 ], [ -73.945093593278457, 45.464189982535807 ], [ -73.945678304322001, 45.463409842024042 ] ], [ [ -73.876548236071514, 45.455158609925554 ], [ -73.875757747057591, 45.45584301450117 ], [ -73.875172146962043, 45.456622800945588 ], [ -73.874813946468421, 45.457468005731911 ], [ -73.874696920492426, 45.458346150238334 ], [ -73.87482557737826, 45.459223488559836 ], [ -73.875194983955438, 45.460066304238246 ], [ -73.875790953436677, 45.46084220609422 ], [ -73.876590589191736, 45.461521373343835 ], [ -73.877563163716289, 45.462077702098618 ], [ -73.878671299160132, 45.462489809112917 ], [ -73.879872404095522, 45.462741854115336 ], [ -73.881120311256794, 45.46282414903353 ], [ -73.882367053165765, 45.462733530624874 ], [ -73.883564707186295, 45.462473482144013 ], [ -73.884667238846333, 45.462053999355419 ], [ -73.885632272332927, 45.461491206059414 ], [ -73.886422719905795, 45.460806733959174 ], [ -73.887008207469364, 45.460026890776746 ], [ -73.887366241472037, 45.459181648676889 ], [ -73.88748307234485, 45.458303491962042 ], [ -73.887354221446301, 45.457426168395848 ], [ -73.886984651483544, 45.456583392190119 ], [ -73.886388574117845, 45.455807548514862 ], [ -73.885588902403867, 45.455128449296467 ], [ -73.884616369320355, 45.454572188066301 ], [ -73.88350834640849, 45.454160137790012 ], [ -73.882307407964063, 45.453908130101127 ], [ -73.881059695905961, 45.453825847391357 ], [ -73.879813148009703, 45.453916451044698 ], [ -73.878615657374738, 45.454176460052878 ], [ -73.877513233599188, 45.454595884660769 ], [ -73.876548236071514, 45.455158609925554 ] ] ], [ [ [ -73.859769051523898, 45.499176879640999 ], [ -73.860721542081706, 45.499888128632797 ], [ -73.861064201429002, 45.500529872828103 ], [ -73.861169116367705, 45.501053326657399 ], [ -73.861003793493197, 45.501672867846203 ], [ -73.860601472466598, 45.5022931571337 ], [ -73.859995241862606, 45.502795045665501 ], [ -73.859186159800501, 45.503345185971703 ], [ -73.858749041380406, 45.503822726958703 ], [ -73.858413941739201, 45.5043713721237 ], [ -73.858247674348306, 45.504848061845202 ], [ -73.858217137486307, 45.505371942712202 ], [ -73.858457319453805, 45.505871165375702 ], [ -73.858697656897206, 45.5063941950431 ], [ -73.858972614238795, 45.507036158256597 ], [ -73.858738623021395, 45.507513060375103 ], [ -73.858132320056697, 45.508014938781201 ], [ -73.857220812992296, 45.5084463437734 ], [ -73.8561395378848, 45.508806845887001 ], [ -73.855093457675196, 45.509381503292602 ], [ -73.854420128205405, 45.510002612088897 ], [ -73.853781836951796, 45.510814076111103 ], [ -73.853178477528203, 45.5114863866728 ], [ -73.852536249474994, 45.511441574233203 ], [ -73.851879925960205, 45.511708898287999 ], [ -73.851443301400494, 45.512047715557998 ], [ -73.8509331539789, 45.512362727659301 ], [ -73.8504957712791, 45.512581133968197 ], [ -73.850205639505106, 45.512967823773302 ], [ -73.849826131887994, 45.513668140214598 ], [ -73.848555707502598, 45.515190923821301 ], [ -73.847322019391697, 45.5166896418203 ], [ -73.846376651605198, 45.517560493620898 ], [ -73.845575606246797, 45.518141573304597 ], [ -73.844371472280898, 45.518555126857898 ], [ -73.843494502294703, 45.518654239223103 ], [ -73.842433872376205, 45.5186574236306 ], [ -73.840641165996701, 45.5184698397441 ], [ -73.838227281609505, 45.518428775664603 ], [ -73.835411037055195, 45.518316667378599 ], [ -73.833107351123303, 45.51832340835 ], [ -73.831646210322006, 45.518568660586197 ], [ -73.8302572378946, 45.518717393532903 ], [ -73.828500853206506, 45.518505397471003 ], [ -73.826779370072003, 45.518028152642501 ], [ -73.825020031181694, 45.517333928107803 ], [ -73.823004695863105, 45.5165440176674 ], [ -73.821465686224201, 45.5160179423005 ], [ -73.820148827978301, 45.5159010483573 ], [ -73.818870091158601, 45.516121689239597 ], [ -73.817300926663194, 45.516608240383199 ], [ -73.815000132922705, 45.5171209973117 ], [ -73.812881912069699, 45.517609090385299 ], [ -73.811566077232996, 45.517757215761002 ], [ -73.810652075366093, 45.517735585712998 ], [ -73.809443545192295, 45.517449629149098 ], [ -73.807905242801795, 45.5169956327926 ], [ -73.806660005997699, 45.516613274617299 ], [ -73.805085322958206, 45.5161593369832 ], [ -73.803877220617295, 45.5159213763311 ], [ -73.802963171897701, 45.5159238042243 ], [ -73.801829507967, 45.515902687753801 ], [ -73.800804615218098, 45.515688507872802 ], [ -73.799632427619102, 45.515329908185301 ], [ -73.798459212879095, 45.514754325784601 ], [ -73.797688071395896, 45.514105329722298 ], [ -73.797062801743806, 45.513407711320902 ], [ -73.7958524100668, 45.512735637521502 ], [ -73.794954996918804, 45.512376366758502 ], [ -73.793564594091293, 45.512259447942199 ], [ -73.791334476959804, 45.5122169222875 ], [ -73.788482525207897, 45.512248276965501 ], [ -73.787917516342688, 45.512213177012548 ], [ -73.788646252700559, 45.511584275354423 ], [ -73.789233614665804, 45.51080493570268 ], [ -73.789593430434039, 45.509960003232507 ], [ -73.78971188196698, 45.509081950367197 ], [ -73.789584428364222, 45.50820452089944 ], [ -73.789215978673525, 45.507361433127961 ], [ -73.788620701552702, 45.506585084207728 ], [ -73.78782147935415, 45.505905305485975 ], [ -73.787682606008715, 45.505825749030258 ], [ -73.78801515983227, 45.50504482211317 ], [ -73.788124377283751, 45.504235319939852 ], [ -73.788128330452494, 45.504236211237099 ], [ -73.788246036746997, 45.5042627520981 ], [ -73.788363743147102, 45.504289291937603 ], [ -73.788481438140195, 45.5043158316846 ], [ -73.788598531081902, 45.504342232455699 ], [ -73.788715625412095, 45.504368633103098 ], [ -73.788832718571697, 45.504395033633401 ], [ -73.788976649689303, 45.504427486884701 ], [ -73.789174766638297, 45.504472157639597 ], [ -73.789461954639805, 45.504536910033501 ], [ -73.789564635319607, 45.504560060106897 ], [ -73.789713608672201, 45.504593646046899 ], [ -73.789845729653905, 45.504623434924703 ], [ -73.789943232152496, 45.504645419901898 ], [ -73.790040746243704, 45.504667404766401 ], [ -73.790138260410501, 45.504689389547302 ], [ -73.790235775932501, 45.504711374241502 ], [ -73.790333290273495, 45.504733363354603 ], [ -73.790430804666997, 45.504755347885101 ], [ -73.790528320415604, 45.5047773323287 ], [ -73.790670763464405, 45.504809448887102 ], [ -73.790777450087106, 45.504833496517001 ], [ -73.792261990826802, 45.505168040747499 ], [ -73.7922493029577, 45.505140664894903 ], [ -73.792136117242904, 45.5050563349903 ], [ -73.791056884182794, 45.504377736077601 ], [ -73.790733555511906, 45.504179464690502 ], [ -73.790621128815602, 45.504110517755301 ], [ -73.790543966419705, 45.5040632005311 ], [ -73.790466805451203, 45.504015886850198 ], [ -73.790389656105702, 45.503968568588 ], [ -73.790357713232694, 45.503948983716803 ], [ -73.790557161679004, 45.503853839175399 ], [ -73.792023786559596, 45.503152768493898 ], [ -73.792998010954705, 45.502687043482901 ], [ -73.793179546893896, 45.502600262935402 ], [ -73.793361457564103, 45.5025133038665 ], [ -73.793543367654607, 45.502426340908698 ], [ -73.793725264388101, 45.502339377694099 ], [ -73.793907197786694, 45.502252436590297 ], [ -73.794020845652, 45.502198236309297 ], [ -73.794089407340095, 45.502165801330896 ], [ -73.794217106125799, 45.502105382754401 ], [ -73.794271905756901, 45.502079454784997 ], [ -73.794413503832899, 45.502012467317698 ], [ -73.794454416439294, 45.501993113313503 ], [ -73.794609899589901, 45.501919547047599 ], [ -73.794636849391907, 45.501906696162798 ], [ -73.794805792899595, 45.501826100426698 ], [ -73.794818868827804, 45.501819857759997 ], [ -73.795000887731504, 45.501733024466198 ], [ -73.795001672740597, 45.501732649003898 ], [ -73.795182917562997, 45.501646185453801 ], [ -73.795197551956207, 45.501639201744403 ], [ -73.795364935345802, 45.501559351580099 ], [ -73.795393443318702, 45.501545754116002 ], [ -73.795546964056498, 45.5014725119877 ], [ -73.795589321212603, 45.501452301685802 ], [ -73.795728980718494, 45.501385677534003 ], [ -73.795785211272303, 45.501358852486 ], [ -73.795911008308096, 45.501298837361603 ], [ -73.795981087891803, 45.501265403883302 ], [ -73.796093023849295, 45.501212002328103 ], [ -73.796176976634499, 45.501171950412399 ], [ -73.796275050318101, 45.5011251615758 ], [ -73.796372851955894, 45.501078501138103 ], [ -73.796460878636594, 45.501036501079803 ], [ -73.796568726628195, 45.500985051527998 ], [ -73.796764612167905, 45.500891601552297 ], [ -73.796960485518596, 45.500798146771402 ], [ -73.797156358243896, 45.500704696154003 ], [ -73.797352243116094, 45.500611245167498 ], [ -73.797548114519699, 45.500517789379401 ], [ -73.797905353547407, 45.500347351133101 ], [ -73.798162523734405, 45.500224646960099 ], [ -73.798372590885705, 45.500124426365502 ], [ -73.798756922146097, 45.499941054108398 ], [ -73.798950570591401, 45.499848656334798 ], [ -73.799144217141802, 45.499756261835699 ], [ -73.799337864342206, 45.4996638679049 ], [ -73.799531510908196, 45.499571473645901 ], [ -73.799880897374095, 45.499404767037397 ], [ -73.799984105777895, 45.499354033703 ], [ -73.800123894256203, 45.4992876233757 ], [ -73.800152150049897, 45.499274196351301 ], [ -73.800705551745907, 45.499011276856898 ], [ -73.802060647584398, 45.500309521740597 ], [ -73.802141914115197, 45.500270677428098 ], [ -73.802354825923999, 45.500168898754197 ], [ -73.802567749765103, 45.500067120549502 ], [ -73.802780672832995, 45.499965341048203 ], [ -73.802993583645303, 45.499863566579798 ], [ -73.803206293314801, 45.499761888529797 ], [ -73.803418777556004, 45.499660311463103 ], [ -73.803631275107094, 45.499558733963902 ], [ -73.803843770613398, 45.499457156072999 ], [ -73.804056252558794, 45.499355577820999 ], [ -73.804268746534504, 45.499253999139803 ], [ -73.804481239744902, 45.499152420063503 ], [ -73.804693720678998, 45.499050841522603 ], [ -73.804906212358901, 45.498949261656101 ], [ -73.805118703273394, 45.498847681394402 ], [ -73.805331180627306, 45.498746100771903 ], [ -73.805557218744198, 45.498638042396003 ], [ -73.805743883641895, 45.498548806616597 ], [ -73.805950226386898, 45.498450158550703 ], [ -73.806156569689804, 45.498351510108797 ], [ -73.806363721423196, 45.498252477590299 ], [ -73.806765187642995, 45.498060543239397 ], [ -73.806965919088597, 45.497964575536798 ], [ -73.807166662651397, 45.497868608347098 ], [ -73.807367392731095, 45.497772639939299 ], [ -73.808194296138694, 45.497365552268903 ], [ -73.808878419032197, 45.497050204133203 ], [ -73.809062364469597, 45.497258437145099 ], [ -73.810029086077506, 45.496797195679903 ], [ -73.810111340048294, 45.496887945755702 ], [ -73.810890905678903, 45.497695919511401 ], [ -73.811241280082498, 45.498059063882799 ], [ -73.811471173841198, 45.498297335044903 ], [ -73.811623678537401, 45.498446109638202 ], [ -73.811759738322806, 45.498583364112903 ], [ -73.811895811570594, 45.4987206192855 ], [ -73.812031873959597, 45.498857873422502 ], [ -73.812167948501695, 45.4989951228618 ], [ -73.812304010940395, 45.499132377567904 ], [ -73.8124400868316, 45.499269631172098 ], [ -73.812664665308503, 45.499496166059998 ], [ -73.812808369641004, 45.499647818332797 ], [ -73.813026109372203, 45.4998776223579 ], [ -73.813242392478102, 45.500105870524102 ], [ -73.813385032936395, 45.500256404667503 ], [ -73.813614680745701, 45.500498754690703 ], [ -73.813735337469197, 45.500626088682402 ], [ -73.813844606039297, 45.500741405827199 ], [ -73.813978287224202, 45.500882478577203 ], [ -73.814336053580703, 45.501260030927497 ], [ -73.814362174262598, 45.501287604038602 ], [ -73.813837865617103, 45.501601741355103 ], [ -73.814062470562305, 45.5018370261079 ], [ -73.814204142171306, 45.501985426518601 ], [ -73.8142824567459, 45.5020640526566 ], [ -73.814427903967697, 45.5022100704089 ], [ -73.814988230435105, 45.501934078948999 ], [ -73.815177156839695, 45.502125658198302 ], [ -73.814618100429797, 45.502401022586199 ], [ -73.814841124345705, 45.502624929811702 ], [ -73.814954449258295, 45.502740266169297 ], [ -73.815119291615503, 45.502903909666799 ], [ -73.815299579375605, 45.502818643339701 ], [ -73.815533967028003, 45.502713806883001 ], [ -73.815673539548598, 45.502653129959597 ], [ -73.815757810642694, 45.502616494784696 ], [ -73.816179254082996, 45.503033417823403 ], [ -73.819245273773404, 45.506176523704902 ], [ -73.819479487540804, 45.506057430690198 ], [ -73.820465192050406, 45.505556223282099 ], [ -73.820719512980105, 45.505426830188597 ], [ -73.822119971350901, 45.504782690938498 ], [ -73.822544058078805, 45.504594610366503 ], [ -73.823286725241601, 45.504214058543099 ], [ -73.824002576497193, 45.503844557814702 ], [ -73.824472330287506, 45.503617937905503 ], [ -73.8249419298172, 45.503391405578299 ], [ -73.8250918241352, 45.503319083413203 ], [ -73.825497842435595, 45.503115361676798 ], [ -73.825619084831004, 45.503054535867797 ], [ -73.825831389788107, 45.502939811459498 ], [ -73.825942749205495, 45.502881513259602 ], [ -73.8261095231139, 45.502802727503898 ], [ -73.826082059455899, 45.502748232208901 ], [ -73.826080571993501, 45.502744818850097 ], [ -73.826079511480202, 45.502741326886103 ], [ -73.826078885754796, 45.502737784189499 ], [ -73.826078698806597, 45.502734216844402 ], [ -73.826078952065998, 45.502730650942297 ], [ -73.826079644414193, 45.5027271143814 ], [ -73.826080770878093, 45.502723632371598 ], [ -73.826082321381506, 45.502720232836701 ], [ -73.826084285833005, 45.502716941001196 ], [ -73.826086649017, 45.5027137812042 ], [ -73.826089391874405, 45.502710776896002 ], [ -73.826092496625193, 45.502707951523298 ], [ -73.826095936516793, 45.502705325858898 ], [ -73.826099687350606, 45.502702919768304 ], [ -73.826103721083896, 45.5027007522283 ], [ -73.826108007088607, 45.502698837723699 ], [ -73.826112513467805, 45.502697192542897 ], [ -73.826117204475096, 45.5026958311852 ], [ -73.826428732216897, 45.502616121396898 ], [ -73.826593967803802, 45.502573851369299 ], [ -73.826992615543801, 45.502385501192101 ], [ -73.8272263599236, 45.502275067145099 ], [ -73.827539738310307, 45.502127004113298 ], [ -73.827872979297595, 45.501969550931797 ], [ -73.828228021550601, 45.501796603616199 ], [ -73.828863116190902, 45.5015054035009 ], [ -73.829178878355705, 45.501356366256097 ], [ -73.829329842970694, 45.5012851125312 ], [ -73.829496557364706, 45.501206294983803 ], [ -73.829807546528301, 45.501057820464901 ], [ -73.829828431660303, 45.501047842986701 ], [ -73.830712108812094, 45.500585985347399 ], [ -73.830877066127996, 45.500510655956603 ], [ -73.8310752982309, 45.500420144910599 ], [ -73.831304312303004, 45.500315568772599 ], [ -73.831489656230801, 45.500230938868498 ], [ -73.831680035338096, 45.500144004839797 ], [ -73.831704387143802, 45.5001328786486 ], [ -73.831850998073307, 45.500057622714898 ], [ -73.832007475169505, 45.499977302390803 ], [ -73.832043578934602, 45.499958621075301 ], [ -73.832239042806194, 45.499861275434903 ], [ -73.832412751655895, 45.4997747710973 ], [ -73.832509511475394, 45.499726579998203 ], [ -73.833058337377693, 45.4995029851409 ], [ -73.8331223528224, 45.499475135474498 ], [ -73.833326161280297, 45.4993864948149 ], [ -73.833642717912696, 45.499248792585398 ], [ -73.833810786134904, 45.4991601051684 ], [ -73.833997964702405, 45.499061340065701 ], [ -73.8341851413565, 45.498962578259501 ], [ -73.834372317334001, 45.498863812547299 ], [ -73.834542402577696, 45.498774072524803 ], [ -73.834526483113905, 45.498753033103696 ], [ -73.834879825204197, 45.4985824509778 ], [ -73.835327161705294, 45.498366507881798 ], [ -73.835523056994205, 45.498271936745098 ], [ -73.835820057719801, 45.498735555354003 ], [ -73.835938252080794, 45.498674064319303 ], [ -73.836210077876103, 45.498517857027302 ], [ -73.836402527029605, 45.4984072791042 ], [ -73.836587627725706, 45.498300905882601 ], [ -73.836775792066206, 45.498192786627698 ], [ -73.836962410075003, 45.498085538171999 ], [ -73.837149052991904, 45.497978293835097 ], [ -73.8373356964522, 45.497871044690299 ], [ -73.837517754915098, 45.497766413834697 ], [ -73.837638970072803, 45.497696761315702 ], [ -73.837339887923704, 45.497359281057101 ], [ -73.837160889494598, 45.4971223217538 ], [ -73.836755735845003, 45.4965848935217 ], [ -73.835817847292802, 45.495340815851101 ], [ -73.835342971258001, 45.494722922628199 ], [ -73.8351952925387, 45.494530755135997 ], [ -73.835202493053004, 45.494527253407597 ], [ -73.835250245633901, 45.494505768954397 ], [ -73.836104175794901, 45.494058446558 ], [ -73.837061892067098, 45.4935896345944 ], [ -73.837458763861306, 45.493396274884397 ], [ -73.8378297986538, 45.493212120029497 ], [ -73.838250418351393, 45.493004323995599 ], [ -73.838615315514403, 45.492826753618097 ], [ -73.842507623143106, 45.490936054896103 ], [ -73.844535833802396, 45.489901671634698 ], [ -73.844572119277203, 45.489803949659198 ], [ -73.845818166563447, 45.489169379375973 ], [ -73.846169567779341, 45.489971709147255 ], [ -73.846765457586557, 45.490747758614283 ], [ -73.847218353004223, 45.491132498950705 ], [ -73.846349378395743, 45.491320785951942 ], [ -73.845245990620512, 45.49173989924148 ], [ -73.844280038391091, 45.492302351032762 ], [ -73.843488640644679, 45.49298653049307 ], [ -73.843096772138196, 45.493507494541213 ], [ -73.842732394529406, 45.493822495676397 ], [ -73.842145947517778, 45.494602110079697 ], [ -73.841787015309365, 45.495447207797483 ], [ -73.841669400950636, 45.496325314330782 ], [ -73.841797635416611, 45.497202685241113 ], [ -73.84216680179513, 45.498045602823119 ], [ -73.84276272255596, 45.498821671983727 ], [ -73.843562502965057, 45.499501065508703 ], [ -73.844535409976814, 45.500057670809987 ], [ -73.845644052972602, 45.50047009400793 ], [ -73.846845821018306, 45.500722482672444 ], [ -73.847387858480957, 45.500758360726152 ], [ -73.847421224483114, 45.500834523754776 ], [ -73.848017246916783, 45.501610564823658 ], [ -73.848817129990081, 45.502289920922337 ], [ -73.849790136710183, 45.502846480900423 ], [ -73.850898872624228, 45.503258852619879 ], [ -73.852100723224595, 45.503511185629137 ], [ -73.853349492576186, 45.503593780780328 ], [ -73.854597180045644, 45.50350346328667 ], [ -73.855795826633383, 45.503243704834723 ], [ -73.856899359696968, 45.502824490042016 ], [ -73.857865364917188, 45.502261932411706 ], [ -73.858656717194748, 45.501577654594996 ], [ -73.859243007660396, 45.500797956854363 ], [ -73.859601711911651, 45.499952805772978 ], [ -73.859711709071476, 45.499129652028977 ], [ -73.859769051523898, 45.499176879640999 ] ], [ [ -73.811308262735992, 45.512774133179299 ], [ -73.812100327468087, 45.512090177283227 ], [ -73.812687370310044, 45.511310717946927 ], [ -73.813046837933456, 45.510465712598112 ], [ -73.813164925684617, 45.509587636456978 ], [ -73.813037106645183, 45.508710234206269 ], [ -73.812668303904744, 45.507867223094259 ], [ -73.812072699683299, 45.507090997326166 ], [ -73.811273188895527, 45.50641138351402 ], [ -73.810300498371944, 45.505854494960396 ], [ -73.809192005728178, 45.505441728728748 ], [ -73.80799030331994, 45.505188943952405 ], [ -73.806741562416278, 45.505105852870145 ], [ -73.805493760306447, 45.505195647915826 ], [ -73.804294838252403, 45.505454879142782 ], [ -73.803190860818248, 45.505873586677701 ], [ -73.802224247056046, 45.506435683132501 ], [ -73.801432141306549, 45.507119571330207 ], [ -73.800844986080477, 45.507898973682785 ], [ -73.800485351815738, 45.508743941437771 ], [ -73.800367068535664, 45.509622005098272 ], [ -73.80049469292608, 45.510499421881633 ], [ -73.800863331530977, 45.511342472327087 ], [ -73.801458827118452, 45.512118756241271 ], [ -73.802258301312435, 45.512798438159962 ], [ -73.803231032853418, 45.513355394411946 ], [ -73.804339637881299, 45.513768217627309 ], [ -73.805541506930851, 45.514021039997495 ], [ -73.80679044336344, 45.514104143560374 ], [ -73.808038440122303, 45.514014333982061 ], [ -73.80923752631189, 45.513755063421641 ], [ -73.810341612379986, 45.513336297740608 ], [ -73.811308262735992, 45.512774133179299 ] ] ], [ [ [ -73.782112679770506, 45.499668787535001 ], [ -73.782190827544099, 45.499630882956097 ], [ -73.782924525551607, 45.499287104961503 ], [ -73.7833064027636, 45.4995273769105 ], [ -73.783514240332394, 45.499658146657197 ], [ -73.783584326717701, 45.499702244995397 ], [ -73.783654411928396, 45.4997463423935 ], [ -73.783753054371999, 45.499808409780698 ], [ -73.783851708525802, 45.499870472553702 ], [ -73.783921832694602, 45.499914600284299 ], [ -73.783991969772998, 45.499958728839196 ], [ -73.784052297578484, 45.499996683254629 ], [ -73.782961446141471, 45.49976693361819 ], [ -73.782037516897461, 45.499705245013516 ], [ -73.782112679770506, 45.499668787535001 ] ] ], [ [ [ -73.780616666736407, 45.499740777769098 ], [ -73.780646978926299, 45.499760043242475 ], [ -73.780563814789076, 45.499766010094476 ], [ -73.780616666736407, 45.499740777769098 ] ] ], [ [ [ -73.776427515824366, 45.506695327110464 ], [ -73.777226612483773, 45.507375185752878 ], [ -73.777365475160508, 45.507454752656727 ], [ -73.777032759719972, 45.50823565088578 ], [ -73.776914112695309, 45.509113691192127 ], [ -73.777041371618964, 45.509991135113985 ], [ -73.777409657081307, 45.510834262152152 ], [ -73.778004825426805, 45.511610669173621 ], [ -73.778108003185125, 45.511698439879758 ], [ -73.775023874035696, 45.511558110924902 ], [ -73.771494107957196, 45.511325463672101 ], [ -73.768496079248806, 45.511332549784697 ], [ -73.766120068674496, 45.5114345818562 ], [ -73.764804573394898, 45.5116063763897 ], [ -73.763709105252502, 45.511898237631598 ], [ -73.763690625838805, 45.511907256262603 ], [ -73.762759044060658, 45.511314310704535 ], [ -73.763488991364355, 45.511363162676766 ], [ -73.76473699857668, 45.511273826116998 ], [ -73.765936227520797, 45.511015009655431 ], [ -73.767040583149594, 45.510596661695672 ], [ -73.768007619499144, 45.510034862420291 ], [ -73.768800171806632, 45.509351205335172 ], [ -73.76938778505054, 45.508571966853026 ], [ -73.769747883966289, 45.507727095918703 ], [ -73.769866639628731, 45.506849062593759 ], [ -73.769739499447084, 45.505971609923691 ], [ -73.769371360424927, 45.505128457102678 ], [ -73.768776379284816, 45.504352003788888 ], [ -73.76797742701099, 45.503672085343702 ], [ -73.76700520898811, 45.50311482677855 ], [ -73.766558174837058, 45.502948140711958 ], [ -73.767240648452898, 45.502701734987802 ], [ -73.768090854765006, 45.503239433394803 ], [ -73.768759615059196, 45.503662369922203 ], [ -73.769252010199907, 45.5039737564354 ], [ -73.770874021242193, 45.503417836313403 ], [ -73.771070034765401, 45.503350647618902 ], [ -73.771141552086803, 45.503303512926998 ], [ -73.771652970230093, 45.502966429637397 ], [ -73.771627031715099, 45.502964760175701 ], [ -73.772526551420995, 45.502506421757502 ], [ -73.770909570915293, 45.501465540253598 ], [ -73.773881841241803, 45.500510119440101 ], [ -73.771677761598397, 45.499110114851099 ], [ -73.772377223409606, 45.498892139291797 ], [ -73.773620912666203, 45.4982013317086 ], [ -73.774177987673397, 45.498530438444703 ], [ -73.774763561136993, 45.498960037748397 ], [ -73.775425582921997, 45.499405702693799 ], [ -73.775859276788495, 45.499669398297101 ], [ -73.776064981295406, 45.499791544645397 ], [ -73.776311266292097, 45.499937784765102 ], [ -73.776771017813502, 45.500210781221099 ], [ -73.776982325471295, 45.500111563392799 ], [ -73.777448184119507, 45.500507545528301 ], [ -73.777488298660899, 45.500530814327298 ], [ -73.777756433971305, 45.50068632963908 ], [ -73.777195384329588, 45.501012410579385 ], [ -73.776403050447229, 45.501696126401029 ], [ -73.775815605247061, 45.502475401517856 ], [ -73.775455630300016, 45.503320292069098 ], [ -73.775336968713233, 45.504198331528436 ], [ -73.775464191705566, 45.505075778047861 ], [ -73.77583242124544, 45.505918911028786 ], [ -73.776427515824366, 45.506695327110464 ] ] ], [ [ [ -73.762199201072647, 45.502454155929428 ], [ -73.761000136419725, 45.502712933183304 ], [ -73.759895889675477, 45.503131223083471 ], [ -73.758928890227139, 45.503692954286372 ], [ -73.758136297219636, 45.504376543649563 ], [ -73.757548571870757, 45.505155725070374 ], [ -73.757188306511978, 45.506000558291028 ], [ -73.757069355407936, 45.506878578991532 ], [ -73.757196300903601, 45.507756046048364 ], [ -73.757206702369928, 45.507779880384682 ], [ -73.755481979581702, 45.506681945987303 ], [ -73.7551729663152, 45.506485220538003 ], [ -73.754341904033396, 45.505963992095801 ], [ -73.753235620486393, 45.505270174648999 ], [ -73.752999498504494, 45.505122039255298 ], [ -73.752195007999305, 45.504623315771397 ], [ -73.752199241983206, 45.5046199583754 ], [ -73.751908159981994, 45.5044373323556 ], [ -73.751735040407198, 45.504314095436598 ], [ -73.752434751965794, 45.503879932451703 ], [ -73.752916258377297, 45.503545890286198 ], [ -73.753100805089005, 45.503664636047702 ], [ -73.753112811611601, 45.503672360045599 ], [ -73.754527198413498, 45.503337176053201 ], [ -73.754743222931907, 45.503285977272299 ], [ -73.755497983956602, 45.5029181854879 ], [ -73.755677134728501, 45.502835225786598 ], [ -73.756024348488793, 45.502674431551199 ], [ -73.756203485216005, 45.502591471052298 ], [ -73.756696429815406, 45.502367350002203 ], [ -73.758309489676193, 45.501993143532196 ], [ -73.759053585873701, 45.502442717553201 ], [ -73.759485754401098, 45.502703823070497 ], [ -73.759975813443901, 45.5023332326315 ], [ -73.760242478291502, 45.502133051774599 ], [ -73.760802370529802, 45.501708540901099 ], [ -73.760967008722204, 45.5015460085421 ], [ -73.7610456305014, 45.501596308882803 ], [ -73.761062352390297, 45.501588590363703 ], [ -73.762397240963963, 45.502439979638467 ], [ -73.762199201072647, 45.502454155929428 ] ] ] ] } },
{ "type": "Feature", "properties": { "arrondissement": "Rivière-des-Prairies-Pointe-aux-Trembles", "pct_couverture": 33.3, "nb_bornes": 70 }, "geometry": { "type": "MultiPolygon", "coordinates": [ [ [ [ -73.611515102006507, 45.621183249209501 ], [ -73.616528395055894, 45.625936724000901 ], [ -73.616941430567195, 45.626325791999903 ], [ -73.617862856091605, 45.627196843470401 ], [ -73.618403148794499, 45.627707409062502 ], [ -73.618532038442197, 45.627827762980303 ], [ -73.619059847469799, 45.628320605517501 ], [ -73.619258231777295, 45.6285058421456 ], [ -73.619668484459993, 45.628888910053099 ], [ -73.619785231833404, 45.628998233963699 ], [ -73.620458615772506, 45.629648676222999 ], [ -73.620679381987003, 45.6298619183341 ], [ -73.624635357947, 45.633682719419802 ], [ -73.623738637520205, 45.634419913119501 ], [ -73.621196251163497, 45.636387769971797 ], [ -73.618745813355403, 45.638439704527002 ], [ -73.616312924598802, 45.640214396841401 ], [ -73.613605335452903, 45.642266392179501 ], [ -73.611117015609494, 45.644053086242401 ], [ -73.608774463763197, 45.645405473842203 ], [ -73.606651236942199, 45.6465165205814 ], [ -73.604417014584797, 45.647338309051499 ], [ -73.602439156582903, 45.647822360980904 ], [ -73.600973603504997, 45.648161220614 ], [ -73.599289223266894, 45.648934276397704 ], [ -73.596945997075906, 45.650117597579602 ], [ -73.593686878603194, 45.651832206501702 ], [ -73.590720798042497, 45.6534017896698 ], [ -73.587681401059896, 45.655164198192999 ], [ -73.584788007217497, 45.656733567892601 ], [ -73.580941812460793, 45.6581106937981 ], [ -73.577919648142597, 45.659499008433698 ], [ -73.574292990721304, 45.661237430941298 ], [ -73.572022073106297, 45.662661455835 ], [ -73.568944479208398, 45.663941128039802 ], [ -73.565903171216902, 45.6650520559458 ], [ -73.563448326018502, 45.6662831647809 ], [ -73.561506809918896, 45.667634351705203 ], [ -73.558759358898598, 45.6694681812466 ], [ -73.556964016288902, 45.670698717808399 ], [ -73.555718085830506, 45.671543173802597 ], [ -73.554179377454403, 45.672701279166702 ], [ -73.552090706407995, 45.673739027703597 ], [ -73.550368081810404, 45.674439024638701 ], [ -73.548681878214197, 45.674825454470302 ], [ -73.5462989932347, 45.675453316966603 ], [ -73.544374485746403, 45.676068804163997 ], [ -73.542431488053893, 45.6767929742606 ], [ -73.540415841035198, 45.677709895400596 ], [ -73.538656578046997, 45.6787955159039 ], [ -73.537337155156195, 45.679832641644403 ], [ -73.536036088448796, 45.681002483261601 ], [ -73.534203718610897, 45.682666604233198 ], [ -73.532517504737697, 45.684017307864302 ], [ -73.531014892546096, 45.6852954961509 ], [ -73.530171713415498, 45.686356525388398 ], [ -73.529548898632399, 45.687465905007699 ], [ -73.528962792309898, 45.6889608787545 ], [ -73.528340381785597, 45.690769295496601 ], [ -73.527644527522895, 45.692553608378098 ], [ -73.526654909245394, 45.694265633230202 ], [ -73.525151862580401, 45.696194819545497 ], [ -73.523098485392197, 45.697883193104097 ], [ -73.521484914152794, 45.698871866969 ], [ -73.519101391227395, 45.699957297988902 ], [ -73.516662045824305, 45.700644752689598 ], [ -73.514154334644402, 45.700962125157503 ], [ -73.512872647163206, 45.701272832362697 ], [ -73.507674995546793, 45.702550433800297 ], [ -73.503456500687804, 45.703659675720502 ], [ -73.5003934787768, 45.704378858263198 ], [ -73.499601720212894, 45.704504937987103 ], [ -73.497341433982299, 45.704864832199199 ], [ -73.496827728058406, 45.704954800199502 ], [ -73.494413301587798, 45.705242647188101 ], [ -73.493450114445807, 45.705170611146201 ], [ -73.492936435744795, 45.704972622108798 ], [ -73.492281545176894, 45.704396700623398 ], [ -73.491844972455596, 45.703919770355498 ], [ -73.491434086051896, 45.703478832760702 ], [ -73.491177305675706, 45.7030738981138 ], [ -73.490779268288605, 45.702659953433397 ], [ -73.490073013152994, 45.7023449602368 ], [ -73.489199769643406, 45.702299890450298 ], [ -73.488921161023796, 45.7023404272758 ], [ -73.486424504555501, 45.702840904771598 ], [ -73.484731376014494, 45.703344138209602 ], [ -73.483548902074602, 45.703720918516602 ], [ -73.480941602605697, 45.704665315101103 ], [ -73.478372663614806, 45.705816615818101 ], [ -73.476355894780198, 45.706904987391702 ], [ -73.475353845228497, 45.707579633665702 ], [ -73.474557921526397, 45.7068056219696 ], [ -73.473967579557296, 45.705869685683901 ], [ -73.473865277820096, 45.704924860763803 ], [ -73.474225402171896, 45.703764186151602 ], [ -73.4746368877544, 45.702585525352099 ], [ -73.474778582647502, 45.701622758377802 ], [ -73.4746809798242, 45.700885042036546 ], [ -73.475180738929367, 45.701540676631836 ], [ -73.475978965701614, 45.702222618943104 ], [ -73.476951745520012, 45.702782334837906 ], [ -73.478061692780912, 45.703198310856465 ], [ -73.479266146488087, 45.703454557972499 ], [ -73.480518810656974, 45.70354122654544 ], [ -73.481771534890754, 45.703454985172748 ], [ -73.482976166481123, 45.703199148832454 ], [ -73.484086402598422, 45.702783551372939 ], [ -73.485059571132183, 45.702224167268461 ], [ -73.485858271524449, 45.701542497226782 ], [ -73.48631408242791, 45.700945218026831 ], [ -73.486720053228481, 45.70109733028567 ], [ -73.487924501397245, 45.701353486217414 ], [ -73.489177132040851, 45.701440059887496 ], [ -73.490429796051359, 45.701353723542162 ], [ -73.49163434303675, 45.701097795810753 ], [ -73.492744473421808, 45.700682114055049 ], [ -73.493717519162971, 45.700122655989418 ], [ -73.49451608442503, 45.699440925163998 ], [ -73.495109483021693, 45.698663124002842 ], [ -73.495474917328664, 45.697819146267022 ], [ -73.49551302073192, 45.697548203925415 ], [ -73.496065418341914, 45.697230564310217 ], [ -73.496863913904022, 45.696548816725425 ], [ -73.497457249358874, 45.695771002973181 ], [ -73.497822629508477, 45.694927017297807 ], [ -73.497946022503271, 45.69404929579926 ], [ -73.497822697630539, 45.693171569596565 ], [ -73.497457405406294, 45.692327568442288 ], [ -73.49686419330898, 45.691549724624906 ], [ -73.496065864496586, 45.69086792694965 ], [ -73.495093100527995, 45.690308372630341 ], [ -73.493983281948886, 45.689892561137086 ], [ -73.492779052117911, 45.689636468575394 ], [ -73.491526679412445, 45.689549934235217 ], [ -73.490274280606698, 45.689636282807847 ], [ -73.489069973476504, 45.689892196737709 ], [ -73.487960029365865, 45.69030784359682 ], [ -73.486987096451557, 45.690867253604623 ], [ -73.486188561764763, 45.691548932836184 ], [ -73.485595114768969, 45.692326688630061 ], [ -73.485229567643231, 45.693170635565558 ], [ -73.485191417384883, 45.693441569994896 ], [ -73.484638995708934, 45.69375916192795 ], [ -73.483840391333302, 45.694440824391656 ], [ -73.483384606679394, 45.695038090365458 ], [ -73.482978689047599, 45.694885970143957 ], [ -73.481774402315096, 45.694629761805885 ], [ -73.480521935172732, 45.694543106895864 ], [ -73.479269408021878, 45.694629334736376 ], [ -73.478753547435133, 45.694738890429115 ], [ -73.479316659210298, 45.693444722169303 ], [ -73.480233612154294, 45.691932152130001 ], [ -73.482433930043797, 45.689094497561904 ], [ -73.484389066665997, 45.687113648913403 ], [ -73.485611308795001, 45.685079132720901 ], [ -73.486181929764498, 45.682616084457202 ], [ -73.486427431924994, 45.678011135260398 ], [ -73.486591601607699, 45.672442377414399 ], [ -73.4865926500039, 45.6680514796195 ], [ -73.486430313592507, 45.665641876204901 ], [ -73.485779774223005, 45.662536048026503 ], [ -73.484803808757803, 45.659537348080001 ], [ -73.484346503627506, 45.658178194183201 ], [ -73.483824369695299, 45.656830577286101 ], [ -73.483238000646395, 45.6554960177073 ], [ -73.482908082200595, 45.654859635818902 ], [ -73.4825412111351, 45.654233283015401 ], [ -73.482138006518895, 45.653618014135503 ], [ -73.4815131212398, 45.6528288685831 ], [ -73.480894765344303, 45.652037200718901 ], [ -73.480282959280999, 45.651243037076298 ], [ -73.479778959658802, 45.650544204076603 ], [ -73.479272623932303, 45.649846204347099 ], [ -73.478763954982199, 45.649149041739697 ], [ -73.478598552400399, 45.648839202232203 ], [ -73.478441891976999, 45.648527135975101 ], [ -73.478294034462607, 45.648212964273903 ], [ -73.478138538326604, 45.647854924301697 ], [ -73.478006104105305, 45.647492351614098 ], [ -73.477896998096995, 45.647125976498799 ], [ -73.477728940300096, 45.646591308908903 ], [ -73.477591160787895, 45.646052398206002 ], [ -73.477483874927998, 45.6455100876085 ], [ -73.477466067851296, 45.645404221087801 ], [ -73.477449177398498, 45.645298232197199 ], [ -73.477433205737896, 45.6451921267684 ], [ -73.477418154937396, 45.645085910656803 ], [ -73.477404026964294, 45.644979589739698 ], [ -73.477390823684402, 45.644873169915499 ], [ -73.477378546861601, 45.644766657102998 ], [ -73.477367198157197, 45.644660057239598 ], [ -73.477356779129806, 45.644553376281202 ], [ -73.477347291234295, 45.644446620199901 ], [ -73.477338735822002, 45.6443397949839 ], [ -73.477331114139602, 45.644232906635899 ], [ -73.477324427329606, 45.644125961172101 ], [ -73.477318676429107, 45.644018964621203 ], [ -73.477313862370096, 45.643911923022998 ], [ -73.477309985979105, 45.6438048424274 ], [ -73.477307047976396, 45.643697728893301 ], [ -73.477305048976604, 45.643590588487797 ], [ -73.477303989487694, 45.643483427284004 ], [ -73.477303869911495, 45.643376251361303 ], [ -73.477304690542894, 45.6432690668031 ], [ -73.477306451570399, 45.643161879695903 ], [ -73.477309153075495, 45.6430546961288 ], [ -73.477312795032901, 45.642947522191498 ], [ -73.477317377310499, 45.642840363973797 ], [ -73.477322899669304, 45.642733227563703 ], [ -73.477329361763395, 45.642626119047101 ], [ -73.477336763140499, 45.642519044506003 ], [ -73.477345103241205, 45.6424120100178 ], [ -73.477354381399905, 45.642305021654003 ], [ -73.477364596844595, 45.642198085478697 ], [ -73.477375748697, 45.6420912075478 ], [ -73.477387835973303, 45.641984393907997 ], [ -73.477400857583405, 45.641877650595397 ], [ -73.477414812332299, 45.641770983634601 ], [ -73.477429698919806, 45.641664399036998 ], [ -73.477445515940801, 45.6415579028005 ], [ -73.477462261886103, 45.6414515009076 ], [ -73.477479935142199, 45.641345199325002 ], [ -73.477498533992303, 45.641239004001903 ], [ -73.477518056616503, 45.641132920869303 ], [ -73.477538501092297, 45.641026955838598 ], [ -73.477559865395094, 45.640921114800797 ], [ -73.477582147398493, 45.640815403624998 ], [ -73.477605344875698, 45.640709828158002 ], [ -73.477629455498899, 45.640604394222699 ], [ -73.477654476840996, 45.640499107616797 ], [ -73.477680406375597, 45.640393974112897 ], [ -73.477707241478001, 45.640288999456097 ], [ -73.477734979425605, 45.640184189363701 ], [ -73.477771482227197, 45.640052183799 ], [ -73.477809905393798, 45.6399202805135 ], [ -73.477850249929205, 45.639788499867002 ], [ -73.477892516259004, 45.639656862277 ], [ -73.477936704226593, 45.639525388208199 ], [ -73.477982813090406, 45.639394098162903 ], [ -73.478030841521203, 45.639263012670199 ], [ -73.478080787599694, 45.639132152276098 ], [ -73.478132648814906, 45.639001537533197 ], [ -73.478186422062905, 45.638871188989903 ], [ -73.478242103645599, 45.638741127180403 ], [ -73.4782996892706, 45.638611372613902 ], [ -73.478359174050794, 45.638481945763701 ], [ -73.478420552505398, 45.638352867057698 ], [ -73.478483818560406, 45.638224156866499 ], [ -73.478548965550203, 45.6380958354938 ], [ -73.478615986218998, 45.637967923165803 ], [ -73.478684872723804, 45.637840440019801 ], [ -73.478755616636406, 45.637713406094903 ], [ -73.478828208946993, 45.637586841320697 ], [ -73.478902640068, 45.637460765507299 ], [ -73.478978899837401, 45.637335198335002 ], [ -73.479056977524294, 45.637210159343901 ], [ -73.479136861833098, 45.637085667923998 ], [ -73.479218540909301, 45.636961743305001 ], [ -73.479302002345193, 45.636838404546602 ], [ -73.479387233186401, 45.636715670528403 ], [ -73.479474219938297, 45.6365935599407 ], [ -73.479562948573005, 45.636472091274797 ], [ -73.479653404537601, 45.636351282813401 ], [ -73.479745572761203, 45.636231152622102 ], [ -73.479839437663699, 45.636111718539603 ], [ -73.479934983164398, 45.635992998169897 ], [ -73.480032192690999, 45.635875008872603 ], [ -73.480131049188898, 45.635757767755301 ], [ -73.480231535131395, 45.635641291665401 ], [ -73.480333632529096, 45.635525597181498 ], [ -73.480437322940702, 45.635410700606499 ], [ -73.480542587483896, 45.635296617959497 ], [ -73.480649406845998, 45.635183364968697 ], [ -73.480757761295195, 45.635070957064599 ], [ -73.4808676306926, 45.634959409373302 ], [ -73.480978994503701, 45.6348487367096 ], [ -73.481091831810502, 45.634738953571102 ], [ -73.481206121323694, 45.634630074132303 ], [ -73.481321841395498, 45.634522112238898 ], [ -73.481438970032002, 45.634415081402402 ], [ -73.481557484906205, 45.6343089947948 ], [ -73.481677363371304, 45.634203865244203 ], [ -73.481798582473402, 45.634099705230099 ], [ -73.481885127863606, 45.634025530490902 ], [ -73.481970917605196, 45.633950877217401 ], [ -73.482055943707707, 45.633875751088503 ], [ -73.482140198296307, 45.633800157870397 ], [ -73.482223673614598, 45.633724103414401 ], [ -73.482306362026307, 45.6336475936561 ], [ -73.482388256017998, 45.633570634613697 ], [ -73.482469348201406, 45.633493232385902 ], [ -73.482549631315507, 45.633415393150898 ], [ -73.482629098228301, 45.6333371231648 ], [ -73.482707741939507, 45.633258428759603 ], [ -73.482785555582396, 45.633179316341199 ], [ -73.4828625324256, 45.633099792388897 ], [ -73.482938665875196, 45.633019863451999 ], [ -73.4830139494766, 45.632939536149301 ], [ -73.483088376916498, 45.632858817166699 ], [ -73.483161942024196, 45.632777713255301 ], [ -73.483234638773993, 45.632696231229801 ], [ -73.483306461286105, 45.632614377966298 ], [ -73.483377403828698, 45.6325321604007 ], [ -73.483447460819306, 45.632449585526501 ], [ -73.4835166268264, 45.632366660392499 ], [ -73.483584896570406, 45.632283392101797 ], [ -73.483652264925496, 45.632199787808702 ], [ -73.4837187269206, 45.632115854717298 ], [ -73.483784277740597, 45.632031600079102 ], [ -73.483848912727396, 45.631947031191402 ], [ -73.483912627381301, 45.631862155394302 ], [ -73.483975417361606, 45.631776980069901 ], [ -73.484037278488003, 45.631691512638902 ], [ -73.488980829983419, 45.632434778284207 ], [ -73.489026009823746, 45.632539320646529 ], [ -73.489618490637227, 45.63331721316851 ], [ -73.489683480014634, 45.633372782690572 ], [ -73.489857474322989, 45.633601224198117 ], [ -73.490654914380514, 45.634283072050557 ], [ -73.491626664437121, 45.634842669599358 ], [ -73.492271096472464, 45.635084372638453 ], [ -73.492428707369811, 45.635448996237614 ], [ -73.492759099382141, 45.635882714585584 ], [ -73.492320886713557, 45.635789431739276 ], [ -73.491069714710235, 45.635702891647718 ], [ -73.489818515250633, 45.635789236131174 ], [ -73.489207477365554, 45.635919204167543 ], [ -73.488913887251869, 45.635898891832376 ], [ -73.487662680124515, 45.635985212701321 ], [ -73.48645951092422, 45.63624110164524 ], [ -73.485350607291181, 45.63665672719177 ], [ -73.484378577434228, 45.637216120372933 ], [ -73.483580773685773, 45.637897787903022 ], [ -73.482987857412411, 45.638675537563053 ], [ -73.482622620379018, 45.639519484162165 ], [ -73.482499107911721, 45.640397197507376 ], [ -73.482622077702416, 45.641274948342549 ], [ -73.482986815271929, 45.642119004426434 ], [ -73.483579313442334, 45.642896926960624 ], [ -73.484376809181001, 45.643578817528663 ], [ -73.485348657405254, 45.644138467576198 ], [ -73.486428935975596, 45.64454364950587 ], [ -73.487305729907334, 45.645048528042643 ], [ -73.48841461325614, 45.645464407589969 ], [ -73.489617876410094, 45.64572054805982 ], [ -73.490869269163383, 45.645807103916063 ], [ -73.492120690012158, 45.645720748091392 ], [ -73.493324036371405, 45.645464799962532 ], [ -73.494433054833479, 45.645049097671098 ], [ -73.495405120104593, 45.644489619714392 ], [ -73.496032835059637, 45.643953183322296 ], [ -73.496392738053572, 45.644425524499148 ], [ -73.497190410935985, 45.645107325441984 ], [ -73.498162413181248, 45.645666866338956 ], [ -73.499271389065271, 45.646082640463845 ], [ -73.500474714932949, 45.646338666558002 ], [ -73.501726138165523, 45.646425103482393 ], [ -73.50297755608662, 45.646338628742221 ], [ -73.504180866224232, 45.646082566286182 ], [ -73.505289816564925, 45.645666758651224 ], [ -73.506261784436418, 45.645107188384159 ], [ -73.507059415437027, 45.644425363340019 ], [ -73.50765205928235, 45.643647489555583 ], [ -73.508016947338746, 45.642803463575127 ], [ -73.508140066643804, 45.64192572304183 ], [ -73.508016696972717, 45.641047999802836 ], [ -73.507651590531438, 45.640204023496295 ], [ -73.507058787630484, 45.639426225458166 ], [ -73.506261075681692, 45.638744492739328 ], [ -73.505289112527848, 45.638185020064086 ], [ -73.504180247941747, 45.637769303772444 ], [ -73.502977088634381, 45.637513316318525 ], [ -73.501960823950924, 45.637443122001493 ], [ -73.50288883213878, 45.636908826872038 ], [ -73.503686387736892, 45.636227024396781 ], [ -73.504278991840962, 45.635449166990263 ], [ -73.504371783516348, 45.635234530623379 ], [ -73.50537959772123, 45.635612379294052 ], [ -73.506582727283543, 45.635868341533062 ], [ -73.507833926823309, 45.635954711724587 ], [ -73.509085102266141, 45.635868169939791 ], [ -73.50959006267351, 45.635760665487332 ], [ -73.511218166031696, 45.636027080929502 ], [ -73.511446618725003, 45.636064461168502 ], [ -73.516067318565504, 45.636820392240303 ], [ -73.516447249178, 45.636884991274798 ], [ -73.517879366623404, 45.63711947665 ], [ -73.518002765269699, 45.637139470208197 ], [ -73.518146503631996, 45.637162761850199 ], [ -73.519404817471894, 45.637366639130498 ], [ -73.520208204566998, 45.637496794038 ], [ -73.520349148277404, 45.637519628991598 ], [ -73.521414178846399, 45.637692825472797 ], [ -73.521386099010599, 45.637720107028599 ], [ -73.522836652486305, 45.638396458879399 ], [ -73.527684112649197, 45.640587264803898 ], [ -73.532989701768003, 45.642986392303101 ], [ -73.5330754452403, 45.643025453031001 ], [ -73.533306988929695, 45.643129928749602 ], [ -73.538670107340494, 45.645549732311501 ], [ -73.543125707557493, 45.647629059941202 ], [ -73.544408590156095, 45.648201394850602 ], [ -73.544418595925507, 45.648196513936 ], [ -73.544596241385705, 45.648276858048398 ], [ -73.544773886653005, 45.648357200879701 ], [ -73.5448480173212, 45.648390581161699 ], [ -73.544932498921995, 45.648350120018399 ], [ -73.545016893687801, 45.648309569678297 ], [ -73.545101201331903, 45.648268930278903 ], [ -73.545185421568107, 45.648228201958297 ], [ -73.545269554110703, 45.648187384855099 ], [ -73.545379035852093, 45.648131727434098 ], [ -73.545488957492296, 45.648076494535403 ], [ -73.545599314000398, 45.648021688715602 ], [ -73.545710100305399, 45.647967312492803 ], [ -73.545821311297104, 45.647913368345002 ], [ -73.545913571272393, 45.647867804339903 ], [ -73.546006015163599, 45.647822423323703 ], [ -73.5460986418624, 45.647777225843697 ], [ -73.546191450256103, 45.647732212442399 ], [ -73.546284439227804, 45.647687383658102 ], [ -73.546372739367897, 45.647643815576103 ], [ -73.546460722421202, 45.647599930572198 ], [ -73.546548384926297, 45.647555730355002 ], [ -73.546635723446599, 45.6475112166572 ], [ -73.546722734571304, 45.647466391236698 ], [ -73.546825343734895, 45.647412735305103 ], [ -73.546927186651502, 45.647358354840698 ], [ -73.547028247781796, 45.647303257970698 ], [ -73.547128511821697, 45.647247453039697 ], [ -73.547227963709901, 45.647190948606401 ], [ -73.547303267653405, 45.647147648005898 ], [ -73.547378024878498, 45.6471038776074 ], [ -73.547452226481795, 45.647059642531303 ], [ -73.547525863690794, 45.647014948008 ], [ -73.547598927867099, 45.646969799376301 ], [ -73.547682742954095, 45.646917830260897 ], [ -73.547766336756794, 45.646865685378998 ], [ -73.547849708153393, 45.646813365426702 ], [ -73.547932856028098, 45.646760871104597 ], [ -73.548015779270997, 45.646708203117903 ], [ -73.548110629095106, 45.646649075014601 ], [ -73.548206155972196, 45.6465904791255 ], [ -73.548302350761503, 45.646532421147398 ], [ -73.548399204193501, 45.646474906673703 ], [ -73.548496706872101, 45.646417941192901 ], [ -73.548589339595793, 45.646364054096402 ], [ -73.548682656190707, 45.646310742788899 ], [ -73.548776645701693, 45.646258013642303 ], [ -73.548871297013605, 45.646205872891102 ], [ -73.548966598855898, 45.646154326630302 ], [ -73.549058664910604, 45.646105611985902 ], [ -73.549151262858004, 45.646057389973699 ], [ -73.549244384636097, 45.646009664858802 ], [ -73.549338022090495, 45.645962440819503 ], [ -73.549432166977397, 45.645915721946302 ], [ -73.551225010614601, 45.645040339905698 ], [ -73.551504181239494, 45.644902684012798 ], [ -73.551781614516699, 45.6447633680528 ], [ -73.552057277021305, 45.644622329066102 ], [ -73.552331158487704, 45.644479576967903 ], [ -73.552463184836, 45.6444118193074 ], [ -73.552462162720303, 45.644410800279999 ], [ -73.553504327423994, 45.643837581069398 ], [ -73.554517712363506, 45.643239521977499 ], [ -73.555501113238407, 45.642617331606502 ], [ -73.555555780255304, 45.642581532653502 ], [ -73.557755934183405, 45.641140253631903 ], [ -73.561340093964603, 45.638792505226903 ], [ -73.564159016766695, 45.636945913885697 ], [ -73.568341166766501, 45.634205423665001 ], [ -73.574006179124595, 45.630493087904398 ], [ -73.576987785437197, 45.628455588625101 ], [ -73.577623802342202, 45.628021670158702 ], [ -73.579239968760803, 45.626916484368301 ], [ -73.580941607869093, 45.625753376699301 ], [ -73.582992655699897, 45.624351448957199 ], [ -73.587081006041004, 45.621556640062899 ], [ -73.590055807753103, 45.619522813109597 ], [ -73.594725390956597, 45.616329834124798 ], [ -73.595472089985805, 45.6158192032389 ], [ -73.595604861125395, 45.615729152147502 ], [ -73.595738725460905, 45.615639844287202 ], [ -73.595873670284504, 45.615551289409503 ], [ -73.596009682654596, 45.615463497122697 ], [ -73.596146749399296, 45.615376476888699 ], [ -73.596284857121006, 45.615290238019703 ], [ -73.596423992200599, 45.6152047896745 ], [ -73.596564140802002, 45.615120140855502 ], [ -73.596705288876606, 45.615036300405599 ], [ -73.596847422168196, 45.614953277005 ], [ -73.596990526217496, 45.614871079168402 ], [ -73.597134586367204, 45.614789715241798 ], [ -73.597279587767005, 45.614709193399598 ], [ -73.597425515378703, 45.614629521642598 ], [ -73.597572353981107, 45.614550707794301 ], [ -73.597720088176004, 45.6144727594994 ], [ -73.597868702392802, 45.614395684220497 ], [ -73.598018180894201, 45.614319489236003 ], [ -73.598168507781907, 45.614244181638099 ], [ -73.598319667002301, 45.614169768330299 ], [ -73.5984604243083, 45.6141016427392 ], [ -73.598601906243601, 45.614034271060497 ], [ -73.598744115412899, 45.613967663077297 ], [ -73.598887043993699, 45.6139018187937 ], [ -73.599030684163296, 45.613836738213799 ], [ -73.599175026549901, 45.613772430130602 ], [ -73.599320064896304, 45.613708894546797 ], [ -73.599465788257902, 45.613646135863 ], [ -73.599612188828402, 45.613584162870801 ], [ -73.599759257212895, 45.613522971182 ], [ -73.599906987960694, 45.613462573980001 ], [ -73.600055369321893, 45.613402962485097 ], [ -73.600204395063599, 45.613344149881399 ], [ -73.600354054234003, 45.613286136175901 ], [ -73.600504339802399, 45.613228925766101 ], [ -73.600655241599895, 45.613172518658502 ], [ -73.600806752603802, 45.613116923644199 ], [ -73.600958863428104, 45.613062140729198 ], [ -73.601111563912099, 45.613008174313499 ], [ -73.601264846235196, 45.612955024402098 ], [ -73.601418701802103, 45.6129026953937 ], [ -73.602323764008403, 45.612597858843102 ], [ -73.602446616044801, 45.6127085749266 ], [ -73.602788852709494, 45.613029581727197 ], [ -73.602797191143296, 45.613037403762 ], [ -73.603082677029604, 45.613305174168197 ], [ -73.6031100239518, 45.613330826149998 ], [ -73.603350856609595, 45.613556707285902 ], [ -73.603854216504217, 45.614028981371362 ], [ -73.603690973427362, 45.614090408472606 ], [ -73.603287262414042, 45.614323534693746 ], [ -73.602524888067251, 45.614486585275529 ], [ -73.601417272689901, 45.614903337889828 ], [ -73.600446774507006, 45.615463719440683 ], [ -73.599650687040011, 45.616146198661319 ], [ -73.599059605745069, 45.616924552132559 ], [ -73.598696251903192, 45.617768871444326 ], [ -73.598574598486749, 45.61864671206007 ], [ -73.598699331741997, 45.619524339809992 ], [ -73.599065669398414, 45.620368027161376 ], [ -73.599659542749663, 45.621145349468918 ], [ -73.600458135867783, 45.62182643137254 ], [ -73.601430761447972, 45.622385095393 ], [ -73.602540039771881, 45.622799868509126 ], [ -73.603743335533494, 45.623054807944278 ], [ -73.604994397258565, 45.623140114337666 ], [ -73.606245136168511, 45.623052508660486 ], [ -73.607447475907634, 45.622795358341762 ], [ -73.608555201790196, 45.622378547739288 ], [ -73.608958945264618, 45.622145400448659 ], [ -73.609721408057752, 45.621982309821448 ], [ -73.610829101048779, 45.621565477141253 ], [ -73.611505726525309, 45.621174722061248 ], [ -73.611515102006507, 45.621183249209501 ] ], [ [ -73.607114984432769, 45.634979866063162 ], [ -73.606520861647837, 45.634202584625491 ], [ -73.606142406970349, 45.633879940362675 ], [ -73.606253823345611, 45.633815620601041 ], [ -73.607050080345758, 45.633133097333641 ], [ -73.607641220936543, 45.63235470468382 ], [ -73.608004534284746, 45.631510359123389 ], [ -73.608126067960768, 45.630632510559735 ], [ -73.608001162676089, 45.629754894972208 ], [ -73.60763462963456, 45.62891123784317 ], [ -73.607040563941027, 45.628133958227536 ], [ -73.60624180149695, 45.627452923243979 ], [ -73.605269040472535, 45.626894300801027 ], [ -73.604159661262315, 45.626479554570111 ], [ -73.602956290322894, 45.626224619738579 ], [ -73.601705163030942, 45.626139291128183 ], [ -73.600582936508957, 45.626217846051688 ], [ -73.600570574977809, 45.626130903614339 ], [ -73.600204177074403, 45.625287221994093 ], [ -73.599610252372216, 45.624509903126665 ], [ -73.598811631355872, 45.623828815640429 ], [ -73.597839006763252, 45.623270129462298 ], [ -73.596729753749386, 45.622855310713234 ], [ -73.595526493924993, 45.622600297367001 ], [ -73.594275458400247, 45.622514887261737 ], [ -73.593024712593305, 45.622602361906367 ], [ -73.59182231080419, 45.622859360488832 ], [ -73.590714451213231, 45.623276008909954 ], [ -73.589743701948649, 45.623836298903086 ], [ -73.588947366175447, 45.624518702720692 ], [ -73.588356048888656, 45.625296999842845 ], [ -73.58799248043735, 45.626141284027042 ], [ -73.587870642042915, 45.627019112089073 ], [ -73.587995227064269, 45.627896750343794 ], [ -73.58836145893325, 45.628740470856627 ], [ -73.588955273015557, 45.629517847708989 ], [ -73.589753855667425, 45.630199003444837 ], [ -73.590726519991634, 45.630757757746878 ], [ -73.591835884784359, 45.631172634122898 ], [ -73.59303931141757, 45.631427685825933 ], [ -73.594290543385995, 45.631513109178393 ], [ -73.595412884629198, 45.63143461474759 ], [ -73.59542523919832, 45.631521558967549 ], [ -73.595791606204429, 45.632365255015145 ], [ -73.596385561302739, 45.633142592637135 ], [ -73.596763957561961, 45.633465265900973 ], [ -73.596652528523379, 45.633529579831659 ], [ -73.595856139583944, 45.634212030687962 ], [ -73.59526481625727, 45.634990362248544 ], [ -73.594901289130206, 45.635834666947837 ], [ -73.594779537842498, 45.636712500812855 ], [ -73.594904252411894, 45.637590129934416 ], [ -73.595270651296872, 45.638433826727329 ], [ -73.595864663447998, 45.639211166182655 ], [ -73.596663467610639, 45.639892272279688 ], [ -73.597636368373315, 45.640450966607112 ], [ -73.598745975442, 45.640865774976476 ], [ -73.599949640872453, 45.641120753253908 ], [ -73.601201098976105, 45.641206100583879 ], [ -73.602452245731484, 45.641118536363258 ], [ -73.603654989098644, 45.640861426427676 ], [ -73.604763098870762, 45.640444653583799 ], [ -73.605733984714718, 45.63988423748102 ], [ -73.60653033385222, 45.63920171848234 ], [ -73.607121545300615, 45.638423329288379 ], [ -73.607484905505501, 45.637578986238879 ], [ -73.607606460239495, 45.636701139145288 ], [ -73.607481549408391, 45.635823523930725 ], [ -73.607114984432769, 45.634979866063162 ] ], [ [ -73.582522677091106, 45.65401083337327 ], [ -73.583114376727721, 45.653232570105928 ], [ -73.583478193135107, 45.652388305292632 ], [ -73.583600154556123, 45.651510485743316 ], [ -73.583475585274584, 45.650632846327532 ], [ -73.583109283596201, 45.649789113447468 ], [ -73.582515335750855, 45.649011709071431 ], [ -73.581716573126698, 45.648330505112838 ], [ -73.580743693913362, 45.647771675971867 ], [ -73.57963408305497, 45.647356693259489 ], [ -73.578430375911822, 45.6471015012458 ], [ -73.577178820775956, 45.647015904630379 ], [ -73.575927503020893, 45.647103192085716 ], [ -73.574724498910484, 45.647360009990734 ], [ -73.573616029755726, 45.647776491188743 ], [ -73.57264468709586, 45.648336633840344 ], [ -73.571847796889884, 45.649018915862982 ], [ -73.571255985435215, 45.649797121421209 ], [ -73.570892002073748, 45.650641347795933 ], [ -73.570769843979889, 45.651519154029188 ], [ -73.570894216811482, 45.652396807278627 ], [ -73.571260352170498, 45.653240579036058 ], [ -73.5718541891477, 45.65401804141441 ], [ -73.572652913233597, 45.654699313669951 ], [ -73.573625832105662, 45.655258211004913 ], [ -73.574735554782094, 45.655673251426421 ], [ -73.575939428879309, 45.655928481878654 ], [ -73.577191180688033, 45.65601409181015 ], [ -73.578442694893056, 45.655926790521136 ], [ -73.579645865322831, 45.655669933738764 ], [ -73.580754445345747, 45.655253394538434 ], [ -73.58172582654386, 45.654693183589892 ], [ -73.582522677091106, 45.65401083337327 ] ], [ [ -73.579537555654809, 45.63217976682246 ], [ -73.578946027655178, 45.632958014330931 ], [ -73.578582268506239, 45.633802267557094 ], [ -73.578572321740239, 45.633873835711078 ], [ -73.577764654909743, 45.633930201990587 ], [ -73.576561941018326, 45.634187039649206 ], [ -73.575453745105548, 45.634603539466582 ], [ -73.574482648215167, 45.635163698886466 ], [ -73.573685966863664, 45.635845995180183 ], [ -73.573094319321498, 45.636624211962015 ], [ -73.572730448627738, 45.637468446079815 ], [ -73.572608347620843, 45.638346256276755 ], [ -73.572732719757255, 45.639223909557472 ], [ -73.573098796657789, 45.640067677412524 ], [ -73.573692519652681, 45.640845132105589 ], [ -73.574491078607736, 45.641526393189601 ], [ -73.57546378754401, 45.642085276297777 ], [ -73.576573263548212, 45.642500299985905 ], [ -73.577776863720018, 45.642755511842857 ], [ -73.579028324883097, 45.642841102033145 ], [ -73.580279542899206, 45.642753780616324 ], [ -73.581482422987094, 45.642496904093058 ], [ -73.582590729679808, 45.642080346296609 ], [ -73.583561865068333, 45.641520118610075 ], [ -73.584358506775231, 45.640837754155072 ], [ -73.58495004256558, 45.640059479694308 ], [ -73.585313746413476, 45.639215207160959 ], [ -73.585323685691094, 45.639143635284832 ], [ -73.586131419596597, 45.639087218775934 ], [ -73.587334194419171, 45.638830280549563 ], [ -73.588442385415135, 45.638413665801146 ], [ -73.589413399124922, 45.637853388102606 ], [ -73.590209917849961, 45.637170982497224 ], [ -73.590801334083409, 45.636392677328381 ], [ -73.59116492639474, 45.635548385708283 ], [ -73.591286731632053, 45.634670555474472 ], [ -73.591162080071911, 45.633792921905226 ], [ -73.590795773171408, 45.632949211177028 ], [ -73.590201897350937, 45.632171844406969 ], [ -73.589403281222459, 45.631490692064389 ], [ -73.588430617340762, 45.630931926567925 ], [ -73.587321282373736, 45.630517017085268 ], [ -73.586117901082233, 45.63026190507518 ], [ -73.584866709242661, 45.630176392165204 ], [ -73.583615778276581, 45.630263763813048 ], [ -73.582413169594233, 45.630520663163132 ], [ -73.581305089320765, 45.630937219928853 ], [ -73.580334114059227, 45.631497429365666 ], [ -73.579537555654809, 45.63217976682246 ] ], [ [ -73.56223102925064, 45.642514650251016 ], [ -73.561866957336122, 45.643358848998759 ], [ -73.561744673974275, 45.644236646770295 ], [ -73.561868889631882, 45.645114311050001 ], [ -73.562040886554939, 45.645510896389105 ], [ -73.561895044713182, 45.645500901972987 ], [ -73.560643736776754, 45.645588022043363 ], [ -73.55944069508854, 45.645844679095781 ], [ -73.558332142400801, 45.646261012152472 ], [ -73.557360673458078, 45.646821025065201 ], [ -73.556563619066196, 45.647503200736388 ], [ -73.555971611825655, 45.648281327418026 ], [ -73.555607408596416, 45.64912550542369 ], [ -73.555485014997998, 45.65000329565656 ], [ -73.555609145736398, 45.65088096589205 ], [ -73.555975041717474, 45.651724786972125 ], [ -73.55656865123396, 45.652502329116935 ], [ -73.557367168522447, 45.653183708519144 ], [ -73.558339909213629, 45.653742736264171 ], [ -73.559449489179585, 45.654157925347192 ], [ -73.560653261526909, 45.654413316997918 ], [ -73.561904956460793, 45.654499094467781 ], [ -73.563156460853833, 45.654411960615683 ], [ -73.564359668911223, 45.654155264731344 ], [ -73.565468332552442, 45.653738873704356 ], [ -73.566439840141328, 45.653178792508392 ], [ -73.567236854988522, 45.65249654863652 ], [ -73.56782875051384, 45.651718364219711 ], [ -73.568192786864927, 45.650874147734029 ], [ -73.568314983828003, 45.649996344134536 ], [ -73.568190656633007, 45.649118687680755 ], [ -73.568018607579774, 45.648722110603529 ], [ -73.568164456534603, 45.648732098470745 ], [ -73.569415822714177, 45.648644896040778 ], [ -73.570618878649157, 45.648388134063943 ], [ -73.57172738210943, 45.64797168197024 ], [ -73.572698727618516, 45.647411547080196 ], [ -73.573495584719012, 45.646729258949705 ], [ -73.57408733289472, 45.645951041409567 ], [ -73.574451237956126, 45.645106804207401 ], [ -73.574573324733393, 45.644228993092938 ], [ -73.574448912687942, 45.643351342613173 ], [ -73.574082794079487, 45.642507579597357 ], [ -73.573489048101095, 45.641730127173929 ], [ -73.572690498384063, 45.641048859104529 ], [ -73.57171783493898, 45.640489952254455 ], [ -73.570608434422738, 45.640074881221572 ], [ -73.569404924117848, 45.639819593670019 ], [ -73.568153544757749, 45.639733897969883 ], [ -73.56690237496602, 45.639821086599923 ], [ -73.565699485323847, 45.640077809734926 ], [ -73.56459109274482, 45.640494203858161 ], [ -73.563619785824713, 45.641054270474626 ], [ -73.562822889146133, 45.641736490422446 ], [ -73.56223102925064, 45.642514650251016 ] ], [ [ -73.526032678361943, 45.650573093091346 ], [ -73.527141555521936, 45.650157073690394 ], [ -73.528113383370169, 45.649597317988949 ], [ -73.528910812894509, 45.648915340969538 ], [ -73.529503201562704, 45.648137354509146 ], [ -73.529867790556594, 45.6472932594802 ], [ -73.529990578413887, 45.646415496176182 ], [ -73.529866857651584, 45.645537797315306 ], [ -73.529501393968715, 45.644693891594557 ], [ -73.528908241401524, 45.643916207633453 ], [ -73.528110200793122, 45.643234628096081 ], [ -73.527137942608078, 45.642675341818631 ], [ -73.526028827947457, 45.642259837978159 ], [ -73.524825473123371, 45.642004080866258 ], [ -73.523574112903532, 45.641917896890611 ], [ -73.522322825178307, 45.642004597285535 ], [ -73.52111968505605, 45.642260850979987 ], [ -73.520010919064603, 45.642676812490535 ], [ -73.519039130133407, 45.643236499942695 ], [ -73.518241661349862, 45.643918408744263 ], [ -73.517649161223034, 45.644696337403822 ], [ -73.517284405539712, 45.645540393848563 ], [ -73.517161421139065, 45.646418143659133 ], [ -73.517284945426113, 45.647295856171546 ], [ -73.517650242613342, 45.648139800610508 ], [ -73.518243284012001, 45.648917542462002 ], [ -73.519041285703338, 45.649599190248658 ], [ -73.520013583147602, 45.650158544743967 ], [ -73.521122809266842, 45.650574106385285 ], [ -73.522326330780373, 45.650829902081369 ], [ -73.523577887543553, 45.650916099550486 ], [ -73.524829371744048, 45.650829385504011 ], [ -73.526032678361943, 45.650573093091346 ] ], [ [ -73.524518737381754, 45.693584623245066 ], [ -73.524883696207922, 45.69274055079017 ], [ -73.525006661082543, 45.691862799819226 ], [ -73.524882917746297, 45.690985102578679 ], [ -73.524517232792945, 45.690141187702956 ], [ -73.523923668785883, 45.689363484160673 ], [ -73.523125042396543, 45.688681875363734 ], [ -73.522152046608099, 45.688122551266723 ], [ -73.52104207086397, 45.687707002493745 ], [ -73.519837764553827, 45.687451195057321 ], [ -73.518585398988861, 45.687364957294761 ], [ -73.517333090667947, 45.687451602505234 ], [ -73.516128953893116, 45.687707801738661 ], [ -73.515019253469177, 45.688123711607204 ], [ -73.514046628218367, 45.688683352225688 ], [ -73.513248453359992, 45.689365220807687 ], [ -73.512655404540496, 45.690143117413768 ], [ -73.512290278645978, 45.690987151208724 ], [ -73.51216711676426, 45.691864888647906 ], [ -73.512290663147169, 45.692742599544957 ], [ -73.512656181185307, 45.693586553186364 ], [ -73.51324963372663, 45.694364314701772 ], [ -73.514048221069316, 45.695045991853441 ], [ -73.515021256174748, 45.695605384280356 ], [ -73.516131343613793, 45.696020990955823 ], [ -73.517335816992272, 45.696276837052174 ], [ -73.518588379564349, 45.696363088346502 ], [ -73.519840884838629, 45.696276429479546 ], [ -73.52104518852866, 45.696020191480443 ], [ -73.522155000418337, 45.695604223638746 ], [ -73.523127664715787, 45.69504451466554 ], [ -73.523925800257175, 45.694362577753637 ], [ -73.524518737381754, 45.693584623245066 ] ], [ [ -73.510460162429951, 45.650105903061039 ], [ -73.509208672144425, 45.650192459712898 ], [ -73.508005296921681, 45.650448574944932 ], [ -73.506896272317164, 45.65086440859325 ], [ -73.506729253742733, 45.650960554230153 ], [ -73.50671681698816, 45.650872072892732 ], [ -73.50635166622574, 45.650028093892082 ], [ -73.505758777674998, 45.649250290456301 ], [ -73.504960942042985, 45.64856854984275 ], [ -73.50398882192728, 45.648009067077787 ], [ -73.503980823882699, 45.648006069001767 ], [ -73.50384182644973, 45.647926071608659 ], [ -73.502732780379603, 45.64751034198558 ], [ -73.501529419138635, 45.647254339728597 ], [ -73.500277977743949, 45.647167900662019 ], [ -73.49902653720423, 45.647254345818581 ], [ -73.497823178495423, 45.647510353931601 ], [ -73.496714136537435, 45.647926088951849 ], [ -73.495742024855076, 45.648485577706822 ], [ -73.495518447453023, 45.648676625515748 ], [ -73.495448840691139, 45.648515659054702 ], [ -73.494856119001284, 45.647737798837937 ], [ -73.494058437106503, 45.647055981911564 ], [ -73.493086451700705, 45.646496406235229 ], [ -73.491977513415804, 45.646080572105689 ], [ -73.490774231796536, 45.645824456503178 ], [ -73.489522838803438, 45.645737899606161 ], [ -73.488271413586901, 45.645824226973552 ], [ -73.487068036533927, 45.646080121863157 ], [ -73.485958943267605, 45.646495752574957 ], [ -73.484986749281191, 45.647055149943697 ], [ -73.484188813213592, 45.647736820524088 ], [ -73.483595801517751, 45.648514571981266 ], [ -73.483230509629095, 45.649358519056342 ], [ -73.483106984986847, 45.650236231538727 ], [ -73.483229985756594, 45.651113980205594 ], [ -73.483594796274389, 45.651958032898619 ], [ -73.484091959229232, 45.652610657470646 ], [ -73.484070420313884, 45.652763715514638 ], [ -73.484193441655776, 45.653641462756923 ], [ -73.484558283047292, 45.654485512002324 ], [ -73.485150933326537, 45.655263424714086 ], [ -73.485948623618981, 45.655945302851599 ], [ -73.486920701366145, 45.656504938336475 ], [ -73.488029807945864, 45.656920820805674 ], [ -73.48923331468076, 45.657176964834477 ], [ -73.490484961998717, 45.657263524748998 ], [ -73.491736638606369, 45.657177173325586 ], [ -73.492940232083242, 45.656921229772081 ], [ -73.494049479519333, 45.656505532055093 ], [ -73.495021746817528, 45.655946058497399 ], [ -73.495819668063461, 45.65526431323854 ], [ -73.496016276015084, 45.655006393070067 ], [ -73.496713699005554, 45.655407814745161 ], [ -73.496721708999047, 45.655410817434365 ], [ -73.49686070352702, 45.655490819276885 ], [ -73.497969863669837, 45.655906605322507 ], [ -73.499173393998618, 45.656162644684642 ], [ -73.500425034032716, 45.656249095713434 ], [ -73.501676672758506, 45.656162635371565 ], [ -73.502132970122204, 45.656065558841426 ], [ -73.501963421941639, 45.65645755185529 ], [ -73.501840174324741, 45.657335283491456 ], [ -73.50196348329338, 45.658213010887813 ], [ -73.502328621342301, 45.659057002699704 ], [ -73.502616656004449, 45.659434844244636 ], [ -73.502616656004449, 45.659434844244643 ], [ -73.502646583927941, 45.659504019063867 ], [ -73.50323953761422, 45.660281837246757 ], [ -73.50403751871626, 45.660963588472931 ], [ -73.505009863493015, 45.661523069539761 ], [ -73.506119203052492, 45.661938776018445 ], [ -73.507322899755991, 45.662194729248768 ], [ -73.508574686724259, 45.66228109089176 ], [ -73.509826447292852, 45.662194541346487 ], [ -73.51103006581323, 45.661938407438114 ], [ -73.512139278414679, 45.661522534451777 ], [ -73.513111452343466, 45.660962907448344 ], [ -73.51390922528023, 45.660281036465477 ], [ -73.514501941490749, 45.659503129307396 ], [ -73.514866829568106, 45.658659083801908 ], [ -73.514988451238764, 45.65779150574307 ], [ -73.514998302533755, 45.657785834298792 ], [ -73.515796007458562, 45.65710394976832 ], [ -73.516388664033187, 45.656326032395143 ], [ -73.516753503142084, 45.655481980399109 ], [ -73.516876513712262, 45.654604232422699 ], [ -73.516752979705672, 45.653726520597829 ], [ -73.516387659650391, 45.652882574121953 ], [ -73.515794602070244, 45.652104823182277 ], [ -73.514996604165418, 45.651423153017305 ], [ -73.514024334765722, 45.650863755945366 ], [ -73.512915155407683, 45.65044812539972 ], [ -73.511711684891537, 45.650192230538764 ], [ -73.510460162429951, 45.650105903061039 ] ], [ [ -73.500949979066746, 45.667946964711746 ], [ -73.500913791540043, 45.667689395169241 ], [ -73.500548618628159, 45.666845400116536 ], [ -73.499955632912091, 45.666067568864953 ], [ -73.499196422390369, 45.665418933220018 ], [ -73.498755569744304, 45.664840624368502 ], [ -73.49795759767234, 45.664158836714094 ], [ -73.496985277515776, 45.663599295885618 ], [ -73.495875972767223, 45.663183500838393 ], [ -73.494672307047338, 45.662927427049247 ], [ -73.493420527067968, 45.662840913089092 ], [ -73.492168726840774, 45.662927282867066 ], [ -73.49096500115445, 45.663183218012335 ], [ -73.489855599022249, 45.663598885279903 ], [ -73.488883147802625, 45.664158314102018 ], [ -73.488085016019411, 45.664840009827181 ], [ -73.487491877650399, 45.665617779156378 ], [ -73.487126533006048, 45.666461736145472 ], [ -73.487003031562409, 45.667339450203571 ], [ -73.487126130603983, 45.668217192047003 ], [ -73.487491110700049, 45.669061229778485 ], [ -73.488083955364957, 45.669839125302069 ], [ -73.488843105336244, 45.670487840146428 ], [ -73.489283892157744, 45.671066180804765 ], [ -73.490081857056438, 45.671748028213266 ], [ -73.491054249503136, 45.672307626998553 ], [ -73.49216369877837, 45.67272346820598 ], [ -73.493367563028457, 45.672979567995021 ], [ -73.494619568933302, 45.673066082391422 ], [ -73.49587159140961, 45.672979685921113 ], [ -73.497075504736358, 45.672723699524283 ], [ -73.497602607772095, 45.672526195820211 ], [ -73.497638783024982, 45.672783770497681 ], [ -73.498003950817974, 45.673627773969969 ], [ -73.498596989337017, 45.674405614318282 ], [ -73.499101341165087, 45.674836446310081 ], [ -73.498655178169685, 45.674931321860363 ], [ -73.497545600840198, 45.675347062941917 ], [ -73.496573022754603, 45.675906556061051 ], [ -73.495774817313915, 45.676588304097244 ], [ -73.495181661331159, 45.677366111742508 ], [ -73.494816355800225, 45.678210091580759 ], [ -73.494692948701768, 45.679087812142711 ], [ -73.494816193702192, 45.67996554389358 ], [ -73.495181365767991, 45.680809555322163 ], [ -73.495774441040282, 45.681587409341169 ], [ -73.496572634317374, 45.682269210161344 ], [ -73.497545273710088, 45.682828752671576 ], [ -73.498654979005039, 45.68324453007866 ], [ -73.499859098504047, 45.683500560993359 ], [ -73.501111349071167, 45.683587004088466 ], [ -73.502363596214138, 45.683500536630937 ], [ -73.503567705572451, 45.683244482290469 ], [ -73.504677394400389, 45.6828286832949 ], [ -73.505650011633364, 45.682269121863285 ], [ -73.506448177910499, 45.681587305516082 ], [ -73.507041222381133, 45.680809439961038 ], [ -73.507406361028018, 45.679965421430452 ], [ -73.507529571277132, 45.679087687284174 ], [ -73.507406129430549, 45.678209969125085 ], [ -73.507040790489896, 45.677365996395153 ], [ -73.506447603719153, 45.676588200290169 ], [ -73.506195162894358, 45.676372602537867 ], [ -73.506480519263206, 45.676392289751455 ], [ -73.507732597644079, 45.676305763345361 ], [ -73.508936528192592, 45.676049652108311 ], [ -73.510046035039423, 45.675633800454975 ], [ -73.511018474117705, 45.675074192627761 ], [ -73.51181647291601, 45.674392337929298 ], [ -73.512409367021178, 45.673614443539968 ], [ -73.512774378193882, 45.672770406798769 ], [ -73.512897488756522, 45.671892665763927 ], [ -73.512773978838283, 45.671014952301796 ], [ -73.51240860605202, 45.670170995673082 ], [ -73.511815420957575, 45.669393226454467 ], [ -73.51101722566257, 45.668711530585313 ], [ -73.510044696586121, 45.668152101369564 ], [ -73.50893520524356, 45.667736433473216 ], [ -73.507731382420147, 45.667480497487652 ], [ -73.506479480859809, 45.667394126689786 ], [ -73.505227599242744, 45.667480639489526 ], [ -73.50517207074968, 45.667492451875269 ], [ -73.503932684910609, 45.667406916681692 ], [ -73.502680799083961, 45.667493401574276 ], [ -73.501477023438184, 45.667749447272293 ], [ -73.500949979066746, 45.667946964711746 ] ] ], [ [ [ -73.49719072894591, 45.638744629766911 ], [ -73.49713098567787, 45.638795691453929 ], [ -73.496994735218706, 45.638480575734903 ], [ -73.496664297643122, 45.638046866862844 ], [ -73.497102532735425, 45.638140135982688 ], [ -73.498118805955869, 45.638210371516266 ], [ -73.49719072894591, 45.638744629766911 ] ] ] ] } },
{ "type": "Feature", "properties": { "arrondissement": "Côte-Saint-Luc", "pct_couverture": 40.2, "nb_bornes": 12 }, "geometry": { "type": "MultiPolygon", "coordinates": [ [ [ [ -73.681623986900505, 45.467491754934002 ], [ -73.681647429412607, 45.467507649479103 ], [ -73.679999207434605, 45.473521965631903 ], [ -73.679974133496103, 45.473512110414298 ], [ -73.679226435791605, 45.476239912269399 ], [ -73.678415315041306, 45.479198884078798 ], [ -73.677937300250505, 45.480942547318698 ], [ -73.677960740893496, 45.480958433587602 ], [ -73.677590135062601, 45.4823102207368 ], [ -73.677211996575906, 45.483689462455999 ], [ -73.676300639337995, 45.483078169197299 ], [ -73.674635417256397, 45.481961138344502 ], [ -73.669756107571999, 45.483714187018201 ], [ -73.669455309522306, 45.483582688423802 ], [ -73.669257165310199, 45.483496055646498 ], [ -73.669058471336697, 45.483409186073601 ], [ -73.668859777973296, 45.483322316153 ], [ -73.668661085246299, 45.483235454672098 ], [ -73.668461530016401, 45.4831482074636 ], [ -73.668262838486001, 45.483061336497997 ], [ -73.668064147565701, 45.482974465184697 ], [ -73.667865457255502, 45.4828875935235 ], [ -73.667666767555502, 45.482800721514501 ], [ -73.667162581658999, 45.482580277527198 ], [ -73.666857042520803, 45.482446687563296 ], [ -73.666657793077306, 45.482359577346202 ], [ -73.666459113331697, 45.4822727032142 ], [ -73.666260427950107, 45.482185828743503 ], [ -73.666061743178602, 45.482098953925103 ], [ -73.665907242865288, 45.482031398261363 ], [ -73.666422121604938, 45.4818368390385 ], [ -73.66738966956737, 45.481275888022637 ], [ -73.668183039042219, 45.48059292444875 ], [ -73.668771743560001, 45.47981419807833 ], [ -73.669133165874698, 45.478969638183713 ], [ -73.669253426166293, 45.478091702887504 ], [ -73.669218148120251, 45.477845041511721 ], [ -73.669943523126648, 45.477894216981561 ], [ -73.671190942325111, 45.477805902778499 ], [ -73.672389892964731, 45.477548067294961 ], [ -73.673494290688026, 45.47713062121845 ], [ -73.67446168789165, 45.476569610058874 ], [ -73.675254905910691, 45.475886597027319 ], [ -73.675843464098364, 45.47510783378501 ], [ -73.676204750832952, 45.474263251019956 ], [ -73.676324891503953, 45.47338530773213 ], [ -73.676199280268634, 45.472507743523906 ], [ -73.675832755362435, 45.471664281894533 ], [ -73.675705824926411, 45.471498074254328 ], [ -73.676081497895368, 45.471174561148729 ], [ -73.6766699958375, 45.470395793093211 ], [ -73.677031240327224, 45.469551207078396 ], [ -73.677151358375355, 45.468673262228634 ], [ -73.677025745005821, 45.467795698206054 ], [ -73.676659238533318, 45.466952238502721 ], [ -73.67606593294542, 45.466175294587941 ], [ -73.675268634855755, 45.465494720690913 ], [ -73.674297986113402, 45.464936667020247 ], [ -73.673191285930031, 45.464522575414357 ], [ -73.671991057838795, 45.464268355929832 ], [ -73.670743416503058, 45.464183775921562 ], [ -73.669496296990815, 45.464272085017107 ], [ -73.668297614344453, 45.464529890347116 ], [ -73.667193423915961, 45.464947286809689 ], [ -73.666226152908507, 45.465508237381293 ], [ -73.665432970869134, 45.466191188910138 ], [ -73.664844361609227, 45.466969899803644 ], [ -73.664482951383732, 45.467814447891861 ], [ -73.664362638413579, 45.46869237982439 ], [ -73.664488057349928, 45.469569957905634 ], [ -73.664854399478813, 45.470413456503238 ], [ -73.664981294983093, 45.470579671323861 ], [ -73.664605562975908, 45.470903152997657 ], [ -73.664016893447993, 45.471681859066919 ], [ -73.663655440939962, 45.472526403896708 ], [ -73.663535105299815, 45.473404334262355 ], [ -73.663570356054962, 45.473650994265192 ], [ -73.662845040603528, 45.473601781563588 ], [ -73.661597700850564, 45.473690004581918 ], [ -73.660398782445611, 45.473947726920088 ], [ -73.659294349794251, 45.474365046664957 ], [ -73.658326839402321, 45.474925929741488 ], [ -73.657533430011966, 45.47560882559263 ], [ -73.656944614169419, 45.476387494767067 ], [ -73.656583026068901, 45.477232016700007 ], [ -73.656462570769818, 45.47810993904821 ], [ -73.656587888397809, 45.478987524486129 ], [ -73.656721495094104, 45.479295208507743 ], [ -73.656486482726507, 45.479192338651004 ], [ -73.656349627178798, 45.479132427882398 ], [ -73.655962847197202, 45.478961150904397 ], [ -73.655636099115696, 45.478821496377897 ], [ -73.655402709504997, 45.478721741312398 ], [ -73.655256771459094, 45.478659363491403 ], [ -73.655226293976099, 45.478646135684301 ], [ -73.655186455633299, 45.478628834367598 ], [ -73.655035474640101, 45.478561867216001 ], [ -73.655011690535005, 45.4785513192625 ], [ -73.654837697912299, 45.4784729065099 ], [ -73.654803283695102, 45.478457733085499 ], [ -73.654662641145094, 45.478395725191596 ], [ -73.654611659369394, 45.478373254095899 ], [ -73.654489226308399, 45.478319270751399 ], [ -73.654420035591798, 45.478288765995202 ], [ -73.654325566781495, 45.478247117563903 ], [ -73.654226674038298, 45.478203515399599 ], [ -73.654161838875098, 45.478174929083004 ], [ -73.654022098165797, 45.478113314620799 ], [ -73.653996663797002, 45.478102100825097 ], [ -73.653840180904098, 45.478033109576302 ], [ -73.653831486045306, 45.478029281118502 ], [ -73.653666311817503, 45.4779564523799 ], [ -73.6536386952762, 45.477944274807001 ], [ -73.653501138015002, 45.477883623400899 ], [ -73.653437213403706, 45.477855439675999 ], [ -73.653335964661494, 45.477810802969202 ], [ -73.6532220725055, 45.477760585450802 ], [ -73.6531707917093, 45.477737973509498 ], [ -73.653008670643899, 45.477666493007803 ], [ -73.653005616059502, 45.477665143813702 ], [ -73.652840443981503, 45.477592322661003 ], [ -73.652793965765696, 45.477571830715597 ], [ -73.652675272304805, 45.477519492480397 ], [ -73.652577964105802, 45.477476589771001 ], [ -73.652510101053295, 45.477446662059499 ], [ -73.652363263767796, 45.4773819178724 ], [ -73.652344927127899, 45.477373840189998 ], [ -73.652148561049103, 45.477287254359602 ], [ -73.652098194033499, 45.477265044946101 ], [ -73.651933862171603, 45.477192590436601 ], [ -73.651690801084598, 45.4770854151257 ], [ -73.651470512317303, 45.476988929936802 ], [ -73.651339076015901, 45.476931369812696 ], [ -73.651250156048505, 45.476892611374801 ], [ -73.651061289855804, 45.476810293284203 ], [ -73.650872424212594, 45.476727974879402 ], [ -73.6508418361, 45.4767146407113 ], [ -73.650684323341906, 45.476645374096101 ], [ -73.650657486679094, 45.4766335729038 ], [ -73.6505190136523, 45.476572672922003 ], [ -73.650445882468603, 45.4765405187376 ], [ -73.650353704409099, 45.476499979605698 ], [ -73.650231027620904, 45.4764460277976 ], [ -73.650188399430107, 45.476427286943498 ], [ -73.650023091014802, 45.476354585047197 ], [ -73.650014544652194, 45.476350825911197 ], [ -73.649838060135593, 45.476273217158102 ], [ -73.649804676409502, 45.476258533143003 ], [ -73.649645003374005, 45.476188318583397 ], [ -73.649593075003907, 45.476165477387298 ], [ -73.649447826430006, 45.476101606480398 ], [ -73.649378220469899, 45.4760709938353 ], [ -73.649243817156204, 45.4760118794755 ], [ -73.649166619187795, 45.475977937286402 ], [ -73.649039051762202, 45.475921828246499 ], [ -73.648953394887101, 45.475884162582602 ], [ -73.648859012619894, 45.475842649679599 ], [ -73.648731909655993, 45.475793666481401 ], [ -73.648537745406898, 45.475717308821899 ], [ -73.648529615125597, 45.475714112337698 ], [ -73.648362447713694, 45.475643975911403 ], [ -73.648345613227903, 45.475636730607498 ], [ -73.648196106893195, 45.475572345320401 ], [ -73.648121290729605, 45.475539980364097 ], [ -73.6480299756536, 45.475500484753503 ], [ -73.648013500612606, 45.4754932209377 ], [ -73.647902746838696, 45.475444382999697 ], [ -73.647848300930505, 45.475420366366798 ], [ -73.647683097860295, 45.475347520558998 ], [ -73.647621076252705, 45.475321466458603 ], [ -73.647331660829806, 45.4751999125805 ], [ -73.6472523064282, 45.475166577471597 ], [ -73.647108274140805, 45.475106085437403 ], [ -73.646917120044904, 45.475021812377697 ], [ -73.646885354994097, 45.475007811108199 ], [ -73.646582730482706, 45.4748744087209 ], [ -73.6465215507165, 45.474848054191803 ], [ -73.646358343946901, 45.474777760366997 ], [ -73.646157121329097, 45.474691091838601 ], [ -73.646133956921901, 45.474681120569699 ], [ -73.645909570642303, 45.474584472230497 ], [ -73.645685188987102, 45.474487831541701 ], [ -73.6455986844596, 45.4744505684654 ], [ -73.645460801680002, 45.474391181419101 ], [ -73.64515695739, 45.474260317063397 ], [ -73.644904180010002, 45.474156944961202 ], [ -73.644459731427304, 45.473966957961103 ], [ -73.6443901201106, 45.473937168332 ], [ -73.645922199115603, 45.473276425819897 ], [ -73.645887344776696, 45.473091210575703 ], [ -73.647033952311105, 45.472172097152097 ], [ -73.647206961509099, 45.4720334084193 ], [ -73.647668450399294, 45.471673542147599 ], [ -73.647874439945099, 45.471502875043797 ], [ -73.648315197763793, 45.471153269633 ], [ -73.648488971281196, 45.4710128826272 ], [ -73.648935624828496, 45.470652045121 ], [ -73.649110341693799, 45.470513122680003 ], [ -73.649334537420501, 45.4703348731151 ], [ -73.649453414293603, 45.470381976771101 ], [ -73.649833773792693, 45.469680968183603 ], [ -73.650348348865606, 45.468732577090798 ], [ -73.6508859627166, 45.468371172927199 ], [ -73.651767284399497, 45.467876784858497 ], [ -73.652213823539995, 45.467626289228399 ], [ -73.653231821362397, 45.466292203526102 ], [ -73.653307647205907, 45.466314580008998 ], [ -73.653567498324506, 45.465959150580701 ], [ -73.654160698414998, 45.465147758561699 ], [ -73.655759125631704, 45.462954641715903 ], [ -73.655861397792805, 45.462898182437598 ], [ -73.655871188344307, 45.462892782579502 ], [ -73.655990087438084, 45.46282715147489 ], [ -73.656323901614215, 45.463596141050047 ], [ -73.65691690913377, 45.46437318825572 ], [ -73.657713970897348, 45.465053890697206 ], [ -73.658684458407791, 45.465612085496893 ], [ -73.659791074106749, 45.46602631768895 ], [ -73.660991285043707, 45.466280665308368 ], [ -73.662238958357278, 45.466365351758718 ], [ -73.663486135570821, 45.466277121850368 ], [ -73.664684877299024, 45.46601936700776 ], [ -73.665789107216597, 45.465601994817334 ], [ -73.666756384169972, 45.465041047947416 ], [ -73.667549534113519, 45.464358087136638 ], [ -73.668138079012039, 45.463579362038161 ], [ -73.668499407747987, 45.462734801873658 ], [ -73.668619644089333, 45.461856864774958 ], [ -73.66849417850942, 45.460979290107751 ], [ -73.668127843640207, 45.460135801774967 ], [ -73.667534726873328, 45.459358812348071 ], [ -73.666737627566832, 45.458678177806917 ], [ -73.665767179933425, 45.458120050691868 ], [ -73.664660675460567, 45.457705875664388 ], [ -73.663460630165588, 45.457451565986716 ], [ -73.662213151692413, 45.457366892478987 ], [ -73.660977252567847, 45.457454324260233 ], [ -73.661324031587895, 45.457221904759102 ], [ -73.661153131674894, 45.457156009694998 ], [ -73.660982237302093, 45.4570901242651 ], [ -73.660811342048206, 45.457024238579997 ], [ -73.660640445887793, 45.456958343641197 ], [ -73.660469550147894, 45.456892456544097 ], [ -73.660298654808102, 45.456826570089802 ], [ -73.660127763676201, 45.456760674374699 ], [ -73.659956869131506, 45.456694787406498 ], [ -73.659785455327395, 45.456626896941302 ], [ -73.659614229058306, 45.456561431052897 ], [ -73.659577032729203, 45.4565472122949 ], [ -73.659443003187505, 45.456495965806504 ], [ -73.659416078800106, 45.456485677601698 ], [ -73.659271777735299, 45.4564305084007 ], [ -73.659255125220696, 45.456424142680603 ], [ -73.6591005552106, 45.456365041734898 ], [ -73.659094168132398, 45.4563625994383 ], [ -73.658933215252404, 45.4563010640613 ], [ -73.658929330549796, 45.456299583813198 ], [ -73.658772262721996, 45.4562395284564 ], [ -73.658758110097807, 45.456234117529597 ], [ -73.658609595384107, 45.456177336314603 ], [ -73.658569761551206, 45.4561621094579 ], [ -73.658452067448394, 45.456117104784397 ], [ -73.658398540651604, 45.4560966426344 ], [ -73.658289400813501, 45.456054912184399 ], [ -73.6582273175881, 45.456031174656701 ], [ -73.658128449681897, 45.455993375667703 ], [ -73.658101863031305, 45.455983211529357 ], [ -73.658242780178156, 45.455901494683573 ], [ -73.659035905234447, 45.455218591925274 ], [ -73.659447624705962, 45.454673881651885 ], [ -73.659524825767505, 45.454604873141598 ], [ -73.6595563484493, 45.454576690781202 ], [ -73.659670970132794, 45.454623412839403 ], [ -73.659752390487697, 45.454656604273097 ], [ -73.659798672682399, 45.454675467895697 ], [ -73.659904297381402, 45.454718520115897 ], [ -73.660056099640698, 45.454780391809997 ], [ -73.660122010189596, 45.454807259863401 ], [ -73.660208172356803, 45.454842386201904 ], [ -73.660333562819503, 45.454890778809101 ], [ -73.6603619498527, 45.454901715339098 ], [ -73.6605156244798, 45.454961175791503 ], [ -73.660524855620494, 45.454964739725703 ], [ -73.660669470133499, 45.455020416232401 ], [ -73.660713659761697, 45.455036075358699 ], [ -73.660825419328802, 45.455076947652898 ], [ -73.660907344542593, 45.455106911585297 ], [ -73.660996959682294, 45.4551419973686 ], [ -73.661094674515496, 45.455180165345197 ], [ -73.661167168509394, 45.455208517260999 ], [ -73.661285471216203, 45.455254774476302 ], [ -73.661337477787896, 45.455275150138199 ], [ -73.661469449828104, 45.455326714070502 ], [ -73.661527778367002, 45.455349522903298 ], [ -73.661657528987107, 45.4553989895077 ], [ -73.661719183925399, 45.4554224792209 ], [ -73.661849334775397, 45.455472287883197 ], [ -73.661907486843106, 45.455494534365002 ], [ -73.662040288837105, 45.455546684961703 ], [ -73.662094674363004, 45.455568041339603 ], [ -73.662228560279402, 45.455621745120503 ], [ -73.662280926039003, 45.455642743437899 ], [ -73.662418771623393, 45.455696732021302 ], [ -73.662493766961006, 45.4557261080652 ], [ -73.662606034177401, 45.455770079675098 ], [ -73.662706605949595, 45.455809471397501 ], [ -73.662791738955093, 45.455842655369501 ], [ -73.662877065354294, 45.455875918189001 ], [ -73.663044252509593, 45.455940777560599 ], [ -73.663047711121607, 45.4559421179003 ], [ -73.663217608290594, 45.456009292963799 ], [ -73.663248340066502, 45.456021103678097 ], [ -73.663422835184306, 45.456088158482899 ], [ -73.663444730128603, 45.456096677535498 ], [ -73.663627499620901, 45.456167753316798 ], [ -73.663641375139704, 45.456173129843002 ], [ -73.663815252064495, 45.456240526875398 ], [ -73.663838739273501, 45.456249588878201 ], [ -73.664003187143194, 45.456313063201598 ], [ -73.664035731287697, 45.456325406512399 ], [ -73.664191873011504, 45.456384638897902 ], [ -73.664233372186501, 45.456400379712903 ], [ -73.664380558054503, 45.4564562061842 ], [ -73.664431190488898, 45.456475501690399 ], [ -73.664569057616106, 45.456528019984098 ], [ -73.664628862813899, 45.456550808004103 ], [ -73.664757558931598, 45.456599832569701 ], [ -73.6648265618728, 45.456625893472697 ], [ -73.664946432693895, 45.456671170084398 ], [ -73.665024856874894, 45.456700399133503 ], [ -73.665135863553701, 45.4567417776017 ], [ -73.665223419875105, 45.456774551320002 ], [ -73.665325115294095, 45.456812621723898 ], [ -73.665424002044006, 45.456849483106097 ], [ -73.665514547122498, 45.456883236708599 ], [ -73.665623145347595, 45.456924961034801 ], [ -73.665702678856704, 45.456955523386704 ], [ -73.665840184879698, 45.457008365511697 ], [ -73.665890805983096, 45.4570278187593 ], [ -73.666055623064295, 45.4570900675863 ], [ -73.666079686408693, 45.4570991453866 ], [ -73.6662685596648, 45.457170480709799 ], [ -73.666271266951995, 45.457171505298 ], [ -73.666457441041601, 45.457241806709398 ], [ -73.666486910178406, 45.4572529417024 ], [ -73.666646316503801, 45.457313133304297 ], [ -73.666703292435699, 45.457334597083403 ], [ -73.666818127608494, 45.457377840013599 ], [ -73.666926569416802, 45.457418772357002 ], [ -73.667192485921504, 45.457519142385102 ], [ -73.667316434868695, 45.457565930380703 ], [ -73.667461226897004, 45.457358278413501 ], [ -73.667628447561299, 45.457173132794502 ], [ -73.6678208753398, 45.456960085126902 ], [ -73.6679055112089, 45.456859922583199 ], [ -73.668067857159997, 45.456667788932698 ], [ -73.668167460575901, 45.456549923904802 ], [ -73.668506827182497, 45.456157865544498 ], [ -73.669419601910505, 45.455633556438102 ], [ -73.670056192996597, 45.455019736614297 ], [ -73.670554830899107, 45.454307961717099 ], [ -73.671208810369095, 45.453528278537703 ], [ -73.671267092949407, 45.4535550724123 ], [ -73.671594355001304, 45.453013440589899 ], [ -73.671718847293903, 45.452807394589698 ], [ -73.671789069985394, 45.452691178522002 ], [ -73.672989021217106, 45.4528119632811 ], [ -73.673919947871596, 45.452789046818403 ], [ -73.674663574941107, 45.452777383904603 ], [ -73.677505359029993, 45.452732509896798 ], [ -73.681897318091899, 45.454051888078901 ], [ -73.685084957038598, 45.454858610205903 ], [ -73.68538184434, 45.454933719824098 ], [ -73.687233622064198, 45.455402313048197 ], [ -73.686497776823899, 45.456756165839799 ], [ -73.685658144257602, 45.457427114073298 ], [ -73.684356548021, 45.458676868115901 ], [ -73.683922263227103, 45.459103282775999 ], [ -73.683022597287007, 45.460029323670597 ], [ -73.683193336503393, 45.460095457995301 ], [ -73.682799706599795, 45.4610123183867 ], [ -73.681831552163402, 45.461364356899502 ], [ -73.681287954525303, 45.462153037471403 ], [ -73.682805722089398, 45.463178881290297 ], [ -73.681623986900505, 45.467491754934002 ] ] ], [ [ [ -73.653463896156197, 45.486427073322801 ], [ -73.653464434876099, 45.486426483832901 ], [ -73.653530359003199, 45.486353599134503 ], [ -73.653579577002802, 45.486299181939202 ], [ -73.653593327883698, 45.486283978553899 ], [ -73.653656296609299, 45.486214357938103 ], [ -73.653695185683603, 45.486171360833097 ], [ -73.653719268303107, 45.4861447372827 ], [ -73.653782236718698, 45.486075116596098 ], [ -73.653810793865901, 45.486043548395401 ], [ -73.653845208102396, 45.486005495870003 ], [ -73.653908179331196, 45.485935875108503 ], [ -73.653926404624997, 45.485915727046702 ], [ -73.653971147281794, 45.485866254315901 ], [ -73.654034115101297, 45.485796642275403 ], [ -73.654041572685401, 45.485788389490601 ], [ -73.654097085865104, 45.485727021407797 ], [ -73.654157076548699, 45.485660691072702 ], [ -73.654160053350694, 45.485657400508998 ], [ -73.654225975685193, 45.485584515401598 ], [ -73.654354083291096, 45.485442871484103 ], [ -73.654392560294198, 45.4854003316457 ], [ -73.654448296883999, 45.4853387082468 ], [ -73.654555584785697, 45.4852200804959 ], [ -73.654636651388898, 45.485130451931902 ], [ -73.654443101416405, 45.485044376028902 ], [ -73.654304011104898, 45.484982523841801 ], [ -73.654116260641104, 45.484897151340697 ], [ -73.653992861798699, 45.484841042239502 ], [ -73.654105429021897, 45.484714832908701 ], [ -73.654219300352906, 45.484587162968701 ], [ -73.654333105776402, 45.484459563301797 ], [ -73.654446976079797, 45.484331893130502 ], [ -73.654561126107794, 45.484203914899702 ], [ -73.654606783461404, 45.484152718305701 ], [ -73.654713695889996, 45.484034776319398 ], [ -73.654820576738302, 45.483916869423602 ], [ -73.654829998828404, 45.483906496120198 ], [ -73.655029683713096, 45.483995331139901 ], [ -73.655239681828704, 45.484088747687402 ], [ -73.655266464004498, 45.484100662367503 ], [ -73.655385106216698, 45.4841534460856 ], [ -73.655530534036203, 45.484218135505699 ], [ -73.655715167967003, 45.4843002761191 ], [ -73.6559936665724, 45.484424164892502 ], [ -73.655993276948806, 45.484445891247503 ], [ -73.655992800424698, 45.484467616746599 ], [ -73.655992236998102, 45.484489341216502 ], [ -73.655991586673196, 45.484511064485098 ], [ -73.655990849455307, 45.484532786380399 ], [ -73.655990025349993, 45.484554506730397 ], [ -73.655989114363805, 45.484576225363398 ], [ -73.655988116503707, 45.484597942107101 ], [ -73.655987031777599, 45.484619656789803 ], [ -73.655985860193894, 45.484641369239398 ], [ -73.6559846017675, 45.484663079285397 ], [ -73.655983574291994, 45.484679783353599 ], [ -73.655982495404601, 45.4846964858178 ], [ -73.655981365104296, 45.4847131865994 ], [ -73.655980183396494, 45.484729885620297 ], [ -73.655978950292507, 45.484746582802003 ], [ -73.655977666906296, 45.484763263902998 ], [ -73.655976332223304, 45.484779943009102 ], [ -73.655974946244996, 45.484796620045103 ], [ -73.655973508977596, 45.4848132949327 ], [ -73.655972020432898, 45.484829967591303 ], [ -73.655970480760004, 45.484846636418901 ], [ -73.655968889829097, 45.484863302869002 ], [ -73.655967247648405, 45.484879966859197 ], [ -73.655965554225503, 45.484896628311603 ], [ -73.655963809567496, 45.484913287152501 ], [ -73.655962013601297, 45.484929944068597 ], [ -73.655960166415099, 45.484946598208602 ], [ -73.655958268014004, 45.484963249498598 ], [ -73.655956318406695, 45.484979897860804 ], [ -73.655954317606003, 45.4849965432131 ], [ -73.655952265626297, 45.485013185372203 ], [ -73.655950162473303, 45.485029824368098 ], [ -73.655948008154994, 45.4850464601247 ], [ -73.655945802681202, 45.485063092564303 ], [ -73.655943546064293, 45.4850797216071 ], [ -73.655941238359503, 45.485096346930298 ], [ -73.655938879520505, 45.485112968701401 ], [ -73.655936469564594, 45.485129586843797 ], [ -73.655934008502996, 45.485146201279797 ], [ -73.655931496340898, 45.485162811930103 ], [ -73.655928933004304, 45.485179419485704 ], [ -73.655926318593103, 45.4851960231058 ], [ -73.655923653123907, 45.485212622708602 ], [ -73.655920936609107, 45.485229218216404 ], [ -73.655918169057102, 45.4852458095556 ], [ -73.655915350458898, 45.485262396794603 ], [ -73.655912480852393, 45.485278979706997 ], [ -73.655909560253207, 45.485295558213998 ], [ -73.655906588674995, 45.485312132238001 ], [ -73.655903566129197, 45.485328701702798 ], [ -73.655900492701704, 45.485345266120198 ], [ -73.655897368342806, 45.485361825820597 ], [ -73.655894193061002, 45.485378380727703 ], [ -73.655890966871098, 45.485394930764301 ], [ -73.655887689794298, 45.485411475851201 ], [ -73.655884354946195, 45.485428049895603 ], [ -73.655880969025304, 45.485444618817901 ], [ -73.655877532051804, 45.4854611825386 ], [ -73.655874044041695, 45.485477740979697 ], [ -73.655870505007201, 45.485494294065397 ], [ -73.655866914886602, 45.485510842070603 ], [ -73.6558632737746, 45.485527384565202 ], [ -73.655859581687807, 45.485543921468398 ], [ -73.655855838643504, 45.485560452702899 ], [ -73.655852044659696, 45.4855769781934 ], [ -73.655848199565696, 45.485593498692303 ], [ -73.655844303564706, 45.485610013290596 ], [ -73.655840356676606, 45.485626521909197 ], [ -73.655836358920098, 45.485643024470697 ], [ -73.655832310312107, 45.4856595208988 ], [ -73.655828211180705, 45.485676009807499 ], [ -73.655824061246904, 45.485692492428299 ], [ -73.655819860527899, 45.485708968682701 ], [ -73.655815609043302, 45.485725438493297 ], [ -73.655811306815394, 45.485741901783697 ], [ -73.6558069536554, 45.485758359237103 ], [ -73.655802549780702, 45.485774810018199 ], [ -73.655798095214607, 45.485791254044997 ], [ -73.655793589977904, 45.485807691240403 ], [ -73.655789034089096, 45.4858241215316 ], [ -73.655784427646793, 45.485840544588903 ], [ -73.655779770598301, 45.485856960582304 ], [ -73.655775062968999, 45.485873369436099 ], [ -73.6557703047811, 45.485889771072998 ], [ -73.655765496053107, 45.485906165414697 ], [ -73.655760636777501, 45.485922552511198 ], [ -73.655755727007502, 45.485938932163599 ], [ -73.655750766765294, 45.4859553042904 ], [ -73.655745756073699, 45.4859716688145 ], [ -73.655740694957899, 45.485988025663602 ], [ -73.655735583455595, 45.486004374660503 ], [ -73.655730421586796, 45.486020715828197 ], [ -73.655725209371795, 45.486037049087003 ], [ -73.655719946835006, 45.486053374360203 ], [ -73.655714634005193, 45.486069691573903 ], [ -73.655709277178104, 45.4860859815564 ], [ -73.655703870224499, 45.486102263345998 ], [ -73.655698413165297, 45.486118536863103 ], [ -73.655692906026204, 45.486134802030797 ], [ -73.655687348837006, 45.486151058777203 ], [ -73.655681740675405, 45.486167309708598 ], [ -73.655676082487105, 45.486183552058101 ], [ -73.655670374302503, 45.486199785750102 ], [ -73.655664616148599, 45.486216010708297 ], [ -73.655658808048102, 45.486232226856302 ], [ -73.655652950375497, 45.486248433175298 ], [ -73.655647042826601, 45.486264630534201 ], [ -73.655641085427106, 45.486280818857097 ], [ -73.655635078204796, 45.4862969980679 ], [ -73.655629021189796, 45.486313168090902 ], [ -73.655622914522098, 45.486329328504397 ], [ -73.655616758112501, 45.486345479581999 ], [ -73.655610551994897, 45.486361621244399 ], [ -73.655604296198206, 45.4863777534162 ], [ -73.655597990746799, 45.486393876024799 ], [ -73.655591635962097, 45.486409988267098 ], [ -73.655585231591502, 45.486426090792897 ], [ -73.655578777661901, 45.486442183526002 ], [ -73.655572274203493, 45.486458266390798 ], [ -73.655565721249999, 45.486474339312799 ], [ -73.655556957556001, 45.486495632194902 ], [ -73.655548106992697, 45.486516907288902 ], [ -73.655539169633897, 45.4865381644235 ], [ -73.6555301455533, 45.486559403423399 ], [ -73.655521034825099, 45.4865806241136 ], [ -73.655511837524301, 45.486601826319301 ], [ -73.655502553726606, 45.486623009865703 ], [ -73.655493183508398, 45.486644174578203 ], [ -73.655483726946798, 45.486665320282398 ], [ -73.655474184119697, 45.486686446803901 ], [ -73.655464555105695, 45.486707553968799 ], [ -73.655456318802393, 45.486725431681997 ], [ -73.655792051467202, 45.4868762787764 ], [ -73.655194086115628, 45.48753469405969 ], [ -73.65484952108234, 45.487240535681316 ], [ -73.653878699454438, 45.486682310857731 ], [ -73.653396323587899, 45.486501781148462 ], [ -73.653463896156197, 45.486427073322801 ] ] ] ] } },
{ "type": "Feature", "properties": { "arrondissement": "Lachine", "pct_couverture": 41.7, "nb_bornes": 76 }, "geometry": { "type": "MultiPolygon", "coordinates": [ [ [ [ -73.723996288562702, 45.459231595988001 ], [ -73.724065388226293, 45.459435135003503 ], [ -73.724165059301498, 45.459730686061697 ], [ -73.724197770699803, 45.459828436838499 ], [ -73.724231315570094, 45.4599288945506 ], [ -73.724268322648996, 45.460024361415897 ], [ -73.724307309161205, 45.460121486015296 ], [ -73.724351022172101, 45.460219274978897 ], [ -73.724396016268599, 45.460309218798699 ], [ -73.724447422398498, 45.460405304312999 ], [ -73.724505568027695, 45.460504225862898 ], [ -73.724559252468595, 45.460593446714398 ], [ -73.724626309106, 45.460691728185999 ], [ -73.724681481700102, 45.460770386002899 ], [ -73.724811674597802, 45.460940194011101 ], [ -73.724282685414806, 45.461320259715698 ], [ -73.723386036582198, 45.4619645769409 ], [ -73.722491319359406, 45.462607949813702 ], [ -73.721649861888494, 45.463210792654102 ], [ -73.721095914552095, 45.463609075316199 ], [ -73.720441595830593, 45.464084808001502 ], [ -73.719722940318306, 45.464618064557598 ], [ -73.718986020117299, 45.465164767984902 ], [ -73.718293485680903, 45.4656799089354 ], [ -73.717527381952607, 45.466248813858797 ], [ -73.716632987303996, 45.466913745462698 ], [ -73.715990832361499, 45.467398549618203 ], [ -73.715201937102293, 45.4679925985563 ], [ -73.714459334550995, 45.468552527320597 ], [ -73.713702273253205, 45.469122702833999 ], [ -73.712919988215205, 45.469711022601601 ], [ -73.712244276984094, 45.470218842391198 ], [ -73.711521742750406, 45.470762857755197 ], [ -73.710817814717203, 45.471292572903003 ], [ -73.710122355352794, 45.471815030759998 ], [ -73.709465217138401, 45.472308733518801 ], [ -73.708862393417306, 45.4727615398617 ], [ -73.708263206490898, 45.473211914552103 ], [ -73.708048409422503, 45.473373314054797 ], [ -73.707933718376097, 45.473459492889603 ], [ -73.707799000938905, 45.473370819363097 ], [ -73.707855776452803, 45.473327971225203 ], [ -73.707764773821594, 45.473267671538402 ], [ -73.705993073304441, 45.472093655433966 ], [ -73.705967866350036, 45.472035726275635 ], [ -73.705374105060329, 45.471258936083352 ], [ -73.704576383102989, 45.470578568101956 ], [ -73.703605358604648, 45.470020764625104 ], [ -73.702498345204503, 45.469606957876877 ], [ -73.702156532636195, 45.469534661047483 ], [ -73.702008356871502, 45.469435924112901 ], [ -73.698525146527999, 45.467114667008801 ], [ -73.697463259563094, 45.466406953407599 ], [ -73.697277837251306, 45.466283371716202 ], [ -73.696090616485094, 45.465485353998801 ], [ -73.695869652669003, 45.465336824284599 ], [ -73.695447080939701, 45.465051724534298 ], [ -73.694858045792699, 45.464663059301103 ], [ -73.6944161057706, 45.4662764732102 ], [ -73.694065221052199, 45.467555206140901 ], [ -73.693966715826903, 45.467914181817498 ], [ -73.693818612496798, 45.468453827668 ], [ -73.693668207467994, 45.469001848468103 ], [ -73.693523210867895, 45.469530153174397 ], [ -73.693451487778006, 45.469791479953201 ], [ -73.693304721208193, 45.470326214022798 ], [ -73.683073628778004, 45.463359951145499 ], [ -73.682805722089398, 45.463178881290297 ], [ -73.681287954525303, 45.462153037471403 ], [ -73.681831552163402, 45.461364356899502 ], [ -73.682799706599795, 45.4610123183867 ], [ -73.683193336503393, 45.460095457995301 ], [ -73.683022597287007, 45.460029323670597 ], [ -73.683922263227103, 45.459103282775999 ], [ -73.684356548021, 45.458676868115901 ], [ -73.685658144257602, 45.457427114073298 ], [ -73.686497776823899, 45.456756165839799 ], [ -73.687233622064198, 45.455402313048197 ], [ -73.68538184434, 45.454933719824098 ], [ -73.685084957038598, 45.454858610205903 ], [ -73.681897318091899, 45.454051888078901 ], [ -73.677505359029993, 45.452732509896798 ], [ -73.674663574941107, 45.452777383904603 ], [ -73.673919947871596, 45.452789046818403 ], [ -73.672989021217106, 45.4528119632811 ], [ -73.671789069985394, 45.452691178522002 ], [ -73.671718847293903, 45.452807394589698 ], [ -73.671594355001304, 45.453013440589899 ], [ -73.671267092949407, 45.4535550724123 ], [ -73.671208810369095, 45.453528278537703 ], [ -73.670554830899107, 45.454307961717099 ], [ -73.670056192996597, 45.455019736614297 ], [ -73.669419601910505, 45.455633556438102 ], [ -73.668506827182497, 45.456157865544498 ], [ -73.668167460575901, 45.456549923904802 ], [ -73.6678519496609, 45.456430059069497 ], [ -73.667603866137497, 45.4563358157707 ], [ -73.667324608169295, 45.4562297197783 ], [ -73.667097476651705, 45.4561434326559 ], [ -73.666874572465105, 45.456058747837801 ], [ -73.666651661270905, 45.455974061693802 ], [ -73.666428752021602, 45.455889375110701 ], [ -73.666205842162796, 45.455804688992103 ], [ -73.665982934246301, 45.455720001534601 ], [ -73.665760025717802, 45.4556353136418 ], [ -73.665537125529696, 45.455550626200498 ], [ -73.665314218334004, 45.455465937433303 ], [ -73.665091313083295, 45.455381248227098 ], [ -73.664885551438104, 45.455303072154003 ], [ -73.664628356585496, 45.455205355803798 ], [ -73.664165405519597, 45.455029461491002 ], [ -73.663829950033801, 45.454897039663699 ], [ -73.663659054271406, 45.454831158214603 ], [ -73.663488158903903, 45.454765275608601 ], [ -73.663248861542101, 45.4546730322133 ], [ -73.663009561095393, 45.454580778421203 ], [ -73.662770265266303, 45.454488525019698 ], [ -73.662524130048496, 45.454393635285498 ], [ -73.662343030859702, 45.454323820533197 ], [ -73.6621619321173, 45.454254005492302 ], [ -73.661980837656898, 45.454184190157399 ], [ -73.661789983969399, 45.454110617982899 ], [ -73.661605420459694, 45.454039462587403 ], [ -73.661383285696004, 45.453953825590098 ], [ -73.661161150322798, 45.453868187260497 ], [ -73.660939015598103, 45.453782540398102 ], [ -73.660716879011105, 45.453696901203699 ], [ -73.660494745652599, 45.453611261571602 ], [ -73.660272612968299, 45.453525622405103 ], [ -73.660050353548201, 45.453440140456799 ], [ -73.660009314225661, 45.453424357479051 ], [ -73.660106220075178, 45.452717445026835 ], [ -73.659980907179573, 45.451839859391733 ], [ -73.659614758700016, 45.45099634214872 ], [ -73.6590218548628, 45.450219306982326 ], [ -73.658224986843194, 45.4495386116321 ], [ -73.657254779968127, 45.448980410976837 ], [ -73.656660356674422, 45.448757819444765 ], [ -73.656779867019864, 45.448478556041096 ], [ -73.656900255547797, 45.447600628876607 ], [ -73.656874794258073, 45.44742223142768 ], [ -73.657099424496266, 45.446897308955954 ], [ -73.657219804768928, 45.446019381221788 ], [ -73.657094551736094, 45.445141791307279 ], [ -73.656728489853407, 45.444298263703907 ], [ -73.656135696016662, 45.443521212495291 ], [ -73.656028821946421, 45.443429901598428 ], [ -73.656050018715007, 45.443380367626759 ], [ -73.656170407934496, 45.442502440444144 ], [ -73.656045179097461, 45.441624848804466 ], [ -73.655679155727768, 45.440781317265817 ], [ -73.655086413239687, 45.440004260063496 ], [ -73.654289736605975, 45.439323535785491 ], [ -73.653319743799173, 45.438765300423796 ], [ -73.652213708835404, 45.438351002801852 ], [ -73.651708465887879, 45.438243836066718 ], [ -73.651845330228994, 45.4381669713718 ], [ -73.652389689671097, 45.437859325769601 ], [ -73.653022867769707, 45.437503614154103 ], [ -73.6533032756073, 45.437349667891397 ], [ -73.653770742246905, 45.437108326016698 ], [ -73.654052315761604, 45.436981252714503 ], [ -73.654382966536701, 45.436840655066703 ], [ -73.654776620883595, 45.436673015257902 ], [ -73.655141193115696, 45.436532931116901 ], [ -73.655826080921798, 45.436270665053499 ], [ -73.656391946567496, 45.436065883238001 ], [ -73.656938441885501, 45.435840734150297 ], [ -73.657547123692197, 45.435611301696099 ], [ -73.6584520455106, 45.435257105562698 ], [ -73.658623351116802, 45.435188783765497 ], [ -73.659146012971604, 45.434954114236298 ], [ -73.660001800874198, 45.434545757920802 ], [ -73.660847657706896, 45.4341134038661 ], [ -73.661848799019651, 45.43359944949944 ], [ -73.662290647689517, 45.43397696110862 ], [ -73.663260646569228, 45.434535120751008 ], [ -73.664366687446218, 45.434949311675446 ], [ -73.665566259468847, 45.435203613506793 ], [ -73.666813254343126, 45.435288251411386 ], [ -73.666825715856746, 45.435287368854475 ], [ -73.666866498767874, 45.435572822746181 ], [ -73.666619430249114, 45.436150555287732 ], [ -73.666499216335026, 45.437028494214196 ], [ -73.666624596831952, 45.43790607488603 ], [ -73.666625063916129, 45.437907150852055 ], [ -73.665930221521563, 45.437859993983992 ], [ -73.664683674242525, 45.43794825013569 ], [ -73.663485526678684, 45.438206005410294 ], [ -73.662381813630901, 45.438623356626685 ], [ -73.661414943963791, 45.439184268496597 ], [ -73.660622071802109, 45.439867189351773 ], [ -73.660033669043713, 45.440645878775051 ], [ -73.659672353997422, 45.441490415419068 ], [ -73.659552021212363, 45.442368346372007 ], [ -73.659677306085456, 45.443245933976137 ], [ -73.660043405039801, 45.444089452234792 ], [ -73.660636258440903, 45.444866483004567 ], [ -73.661433089477597, 45.445547162142759 ], [ -73.662403278515768, 45.446105327669827 ], [ -73.663509539467924, 45.446519525747647 ], [ -73.664709353021522, 45.446773835724819 ], [ -73.665956601595155, 45.446858482453557 ], [ -73.667203343045756, 45.446770212271957 ], [ -73.668401654745793, 45.446512418152302 ], [ -73.669505476906181, 45.446095009189506 ], [ -73.670472384050896, 45.445534029463246 ], [ -73.671265216349553, 45.444851040972225 ], [ -73.671853507973054, 45.444072294430605 ], [ -73.672214657531896, 45.443227719881492 ], [ -73.67233479567092, 45.442349776007383 ], [ -73.672209316626265, 45.441472202433154 ], [ -73.672208847890175, 45.441471122965268 ], [ -73.672585986569999, 45.441496697487288 ], [ -73.672505647653026, 45.442083831127277 ], [ -73.672631132674866, 45.442961404272893 ], [ -73.672997422698558, 45.443804880774174 ], [ -73.673590450743745, 45.444581844090358 ], [ -73.674306095291485, 45.445192973546668 ], [ -73.674077555677016, 45.445727467980113 ], [ -73.673957437563089, 45.446605413136574 ], [ -73.674082955324835, 45.447482983941669 ], [ -73.674449296436819, 45.448326455041446 ], [ -73.675042391957277, 45.449103410102161 ], [ -73.675839455766919, 45.449783987888566 ], [ -73.676809859280837, 45.450342030314857 ], [ -73.677916308163006, 45.45075608827365 ], [ -73.679116275872403, 45.451010246499258 ], [ -73.680363638898115, 45.4510947356777 ], [ -73.681610450695175, 45.451006308204214 ], [ -73.682808785931371, 45.450748363098619 ], [ -73.683912583914477, 45.450330815260742 ], [ -73.684879420101169, 45.449769714109173 ], [ -73.685672137393411, 45.449086626310049 ], [ -73.686260274388104, 45.448307806393913 ], [ -73.686621235644409, 45.447463187222468 ], [ -73.686741159048978, 45.446585229191079 ], [ -73.686615447093658, 45.445707672466 ], [ -73.686248941868087, 45.444864240257672 ], [ -73.685655737298845, 45.444087342978932 ], [ -73.685461983329304, 45.443921929229916 ], [ -73.685846997401853, 45.443776259661583 ], [ -73.686813702600759, 45.44321514169895 ], [ -73.687092357553496, 45.442974983812874 ], [ -73.687591326696946, 45.443400953533853 ], [ -73.68856173612005, 45.443958896738188 ], [ -73.6896681456723, 45.444372841389786 ], [ -73.69045855255284, 45.444540183443692 ], [ -73.69101139179638, 45.445012087519295 ], [ -73.691981862512804, 45.445570001410076 ], [ -73.693088328502029, 45.445983912723662 ], [ -73.694288262561969, 45.446237911832135 ], [ -73.695535542473706, 45.446322235539064 ], [ -73.696782224887869, 45.446233642601676 ], [ -73.697980389448432, 45.445975538401257 ], [ -73.699083982028, 45.44555784395363 ], [ -73.700050585983647, 45.444996614312544 ], [ -73.700496527724965, 45.444612163836325 ], [ -73.701336843696012, 45.444789987959716 ], [ -73.70258410192551, 45.444874234758615 ], [ -73.703830741150497, 45.444785564943913 ], [ -73.705028842676128, 45.444527386852506 ], [ -73.70613235479972, 45.444109624340861 ], [ -73.707098863973201, 45.443548335078965 ], [ -73.70789122567524, 45.442865092961938 ], [ -73.708478992176211, 45.44208615844893 ], [ -73.708839582278785, 45.441241468802467 ], [ -73.708941553674336, 45.440492684657819 ], [ -73.708945721884021, 45.440490263772546 ], [ -73.709678743829599, 45.43985812552701 ], [ -73.70978993900242, 45.440113779393265 ], [ -73.710383432524324, 45.44089055135936 ], [ -73.711180804391404, 45.441570882962182 ], [ -73.712151414164907, 45.442128625576437 ], [ -73.713257959568892, 45.442542341618818 ], [ -73.714457910343583, 45.442796128968098 ], [ -73.715705143624817, 45.442880232569209 ], [ -73.716951717855608, 45.442791419641821 ], [ -73.718149716841069, 45.442533104025046 ], [ -73.719253092823152, 45.442115214862291 ], [ -73.719999448985803, 45.441681617522811 ], [ -73.720026572679501, 45.441771549096401 ], [ -73.720027204602602, 45.441773640036899 ], [ -73.720073337523502, 45.4419265693329 ], [ -73.720075133607097, 45.441932515699001 ], [ -73.720105711667102, 45.442033891785698 ], [ -73.720128500485302, 45.442109422005203 ], [ -73.720137353003096, 45.442138790536497 ], [ -73.720138174068296, 45.442141196960101 ], [ -73.720179922906098, 45.442264503401603 ], [ -73.720192386113197, 45.442301299550998 ], [ -73.720230511786298, 45.442413901108203 ], [ -73.720246586962006, 45.442461402133297 ], [ -73.720282730373697, 45.442568128754402 ], [ -73.720284712781805, 45.442573985671899 ], [ -73.720285078775404, 45.442575074687703 ], [ -73.720314783244106, 45.442679414706703 ], [ -73.720330704774796, 45.4427353521328 ], [ -73.720345095818203, 45.442785932086302 ], [ -73.720375420116795, 45.442892476428803 ], [ -73.720376635709002, 45.442896727687 ], [ -73.720421819133406, 45.443055485189603 ], [ -73.720422552810604, 45.443058094246297 ], [ -73.720425765452106, 45.443065715197498 ], [ -73.720490352767101, 45.443218961418999 ], [ -73.720521118754505, 45.443326532493799 ], [ -73.720552421436096, 45.443434023335001 ], [ -73.720583725484005, 45.4435415060642 ], [ -73.720615028408403, 45.443648997783598 ], [ -73.720658857792799, 45.443799480043701 ], [ -73.720700862556996, 45.443933392325697 ], [ -73.720742867521196, 45.4440673045887 ], [ -73.720811089902895, 45.444284789440601 ], [ -73.720824678898396, 45.444328138756603 ], [ -73.720889169450999, 45.444532590105602 ], [ -73.720925278199303, 45.444540701730901 ], [ -73.721208802480305, 45.445443230386601 ], [ -73.721259904986098, 45.445604208557299 ], [ -73.721380980660101, 45.4459856111718 ], [ -73.721489316533905, 45.446326861740097 ], [ -73.721597640938, 45.446668112207497 ], [ -73.721720334168396, 45.447056278140003 ], [ -73.721808327625396, 45.447334683473599 ], [ -73.721828211660394, 45.447397599401199 ], [ -73.721842168455794, 45.447441764923703 ], [ -73.721876008104999, 45.447548838265497 ], [ -73.721934385723699, 45.447733545435099 ], [ -73.7219770002704, 45.447868537592697 ], [ -73.722062609301801, 45.448139732312697 ], [ -73.722227956628601, 45.448661905176401 ], [ -73.722280406462502, 45.448827545909801 ], [ -73.722297888533106, 45.4488827600834 ], [ -73.720792161361601, 45.448853201479899 ], [ -73.720850134542601, 45.449036238421598 ], [ -73.720887295829101, 45.449154374486099 ], [ -73.720917882159895, 45.449250134335898 ], [ -73.720949851658204, 45.449348496240901 ], [ -73.720981068227303, 45.449447207948801 ], [ -73.721010631300402, 45.449541066483803 ], [ -73.721042576544903, 45.449641448916999 ], [ -73.721072895795402, 45.449740479259802 ], [ -73.721105143936796, 45.449839947336798 ], [ -73.721136443188698, 45.449939633957797 ], [ -73.721165511135595, 45.4500288190603 ], [ -73.721193295767506, 45.450118187121397 ], [ -73.721222269663997, 45.450210258550001 ], [ -73.721252728957793, 45.450306742986498 ], [ -73.721283522081706, 45.4504046338606 ], [ -73.721314651292204, 45.450503998372199 ], [ -73.721346577074698, 45.450604324592099 ], [ -73.721376879199596, 45.450703232157899 ], [ -73.721431430515096, 45.450900004744298 ], [ -73.721481849883702, 45.4510917694857 ], [ -73.721506037702397, 45.451186374494497 ], [ -73.721530417518693, 45.451285279514103 ], [ -73.721556038184403, 45.451385575909597 ], [ -73.721581632605407, 45.451486511491701 ], [ -73.721606864090205, 45.451585167017797 ], [ -73.721632133963297, 45.451684964938998 ], [ -73.7216572460664, 45.451784328430499 ], [ -73.721683373160303, 45.451884044865203 ], [ -73.721709730028195, 45.4519834885268 ], [ -73.721737959919807, 45.452087506846702 ], [ -73.721763285221556, 45.452169535854637 ], [ -73.721591591419369, 45.45210537253373 ], [ -73.720391411385535, 45.451851660969908 ], [ -73.719143973555049, 45.45176760905273 ], [ -73.717897205178758, 45.451856446125078 ], [ -73.716699007816359, 45.452114759036576 ], [ -73.715595418188059, 45.452532623186066 ], [ -73.714628840429569, 45.453093983580807 ], [ -73.713836417467931, 45.453777271319844 ], [ -73.713248603961944, 45.454556231886656 ], [ -73.712887995598763, 45.455400933509807 ], [ -73.712768459789174, 45.456278916929868 ], [ -73.712894601315099, 45.457156442463081 ], [ -73.713261583682566, 45.457999786487598 ], [ -73.713855313302346, 45.458776537546164 ], [ -73.714652979676728, 45.459456842237906 ], [ -73.715623931049777, 45.460014552969227 ], [ -73.716730852014493, 45.46042823337973 ], [ -73.717931197871394, 45.460681982715904 ], [ -73.719178830563848, 45.460766047382627 ], [ -73.720425793175067, 45.46067719609605 ], [ -73.721624154574783, 45.460418844170533 ], [ -73.722727853069657, 45.460000922146754 ], [ -73.723694467950011, 45.459439493828278 ], [ -73.723983545337958, 45.459190191831944 ], [ -73.723996288562702, 45.459231595988001 ] ] ], [ [ [ -73.719224118144169, 45.434633263332316 ], [ -73.71811768415364, 45.434219604305348 ], [ -73.71691789903241, 45.433965854714423 ], [ -73.715670860425448, 45.433881763866282 ], [ -73.714424480252291, 45.433970562599697 ], [ -73.71322664516434, 45.434228839236482 ], [ -73.712123377967728, 45.434646670567574 ], [ -73.7111570704119, 45.435208002859007 ], [ -73.710424126317349, 45.435840148332176 ], [ -73.710312935455022, 45.435584497519685 ], [ -73.7097194987835, 45.434807724361946 ], [ -73.708922239981973, 45.434127381548954 ], [ -73.707951799372424, 45.433569610411837 ], [ -73.706845468158065, 45.433155841937023 ], [ -73.70564575569162, 45.432901973770527 ], [ -73.704398756829036, 45.432817759774139 ], [ -73.703679877027611, 45.432868905863671 ], [ -73.703396047627592, 45.4327057504834 ], [ -73.702289766450662, 45.432291937734306 ], [ -73.70109009256096, 45.432038021614005 ], [ -73.699843119333437, 45.431953757826442 ], [ -73.698990491899139, 45.432014386208806 ], [ -73.698703076967433, 45.431953546965168 ], [ -73.697456109064248, 45.431869257108595 ], [ -73.697047440590595, 45.431898308002488 ], [ -73.696923299717, 45.43161269218313 ], [ -73.696330088302872, 45.430835848542941 ], [ -73.695533046142671, 45.430155411439578 ], [ -73.694562805238021, 45.429597525828783 ], [ -73.693456649123519, 45.429183627096116 ], [ -73.692257080428845, 45.428929617892322 ], [ -73.691010188489912, 45.428845257497343 ], [ -73.689763879594764, 45.42893378710388 ], [ -73.688566037656486, 45.429191805371353 ], [ -73.687674476463442, 45.429529241036498 ], [ -73.6874918974395, 45.429424239478266 ], [ -73.686385796173866, 45.429010272170586 ], [ -73.685186262632342, 45.428756188646254 ], [ -73.68393938480169, 45.428671751040149 ], [ -73.682693068428421, 45.428760203510862 ], [ -73.682080574987097, 45.428892095133364 ], [ -73.681609642383251, 45.428792326829253 ], [ -73.68036276896845, 45.428707850174291 ], [ -73.680116372066934, 45.428725329434151 ], [ -73.679932255670678, 45.428656408610905 ], [ -73.67873275837546, 45.428402257243228 ], [ -73.677485897746166, 45.428317749158985 ], [ -73.676239578868987, 45.428406131223987 ], [ -73.675041686039791, 45.428664007765008 ], [ -73.673938244277451, 45.429081470941853 ], [ -73.672971652028409, 45.429642481163818 ], [ -73.672957334850295, 45.429654818619959 ], [ -73.672698412766636, 45.429058437071475 ], [ -73.67210556015668, 45.428281466747919 ], [ -73.67130884460444, 45.427600859827372 ], [ -73.670338885569791, 45.427042767792784 ], [ -73.669232955765423, 45.426628633961855 ], [ -73.668033549133213, 45.426374370017719 ], [ -73.667010694345677, 45.426304945046688 ], [ -73.666926594904467, 45.426194706336567 ], [ -73.66612997091255, 45.425514062913471 ], [ -73.66605141692682, 45.42546885713476 ], [ -73.666104070174001, 45.421798438509001 ], [ -73.666200957370705, 45.421819615726797 ], [ -73.669867605266006, 45.422430772415801 ], [ -73.671812230532694, 45.4225696956102 ], [ -73.676923522670606, 45.422847354285103 ], [ -73.682007088205907, 45.423041854513599 ], [ -73.6869794269397, 45.423152974979097 ], [ -73.6920630155129, 45.423180718085803 ], [ -73.697201986704698, 45.423069548961202 ], [ -73.701785487659706, 45.422930691315401 ], [ -73.707313677158297, 45.422708494916797 ], [ -73.711952669832002, 45.4224861555386 ], [ -73.715842975131196, 45.422270151632297 ], [ -73.71974457409155, 45.434932309679219 ], [ -73.719224118144169, 45.434633263332316 ] ] ], [ [ [ -73.643968860671194, 45.447736967361799 ], [ -73.643922217906294, 45.447745406531098 ], [ -73.643875599508902, 45.4477539121673 ], [ -73.643829005670099, 45.447762484235398 ], [ -73.643782436580906, 45.447771122700402 ], [ -73.643735892432304, 45.447779827526901 ], [ -73.643689373415, 45.447788598679097 ], [ -73.643642879719806, 45.4477974361211 ], [ -73.643596411537402, 45.4478063398169 ], [ -73.6435499690581, 45.447815309729599 ], [ -73.643503552472495, 45.447824345822603 ], [ -73.643457161970801, 45.447833448058901 ], [ -73.6434107977433, 45.447842616401097 ], [ -73.643364459979907, 45.447851850811702 ], [ -73.643318148870804, 45.447861151252702 ], [ -73.643271864605694, 45.447870517686198 ], [ -73.643225607374404, 45.447879950073599 ], [ -73.643179377366593, 45.447889448376401 ], [ -73.643133173684305, 45.447899014485301 ], [ -73.643142058713906, 45.4483120915488 ], [ -73.643001758197997, 45.448258056485102 ], [ -73.642512179927294, 45.4480694797887 ], [ -73.642433291984403, 45.448039093948303 ], [ -73.641851498401607, 45.447818282150898 ], [ -73.641379580178295, 45.447643237944099 ], [ -73.640050316718003, 45.447150167832604 ], [ -73.639924378316906, 45.4471034490279 ], [ -73.6391980264235, 45.446834011820599 ], [ -73.639057553062301, 45.446782819296999 ], [ -73.638807101990594, 45.446691539374598 ], [ -73.637731415988995, 45.447291186287899 ], [ -73.637705293595005, 45.447305702909702 ], [ -73.6376791091012, 45.447320163993098 ], [ -73.6376528627422, 45.447334569408603 ], [ -73.637626554756693, 45.447348919025202 ], [ -73.637600185384201, 45.447363212712098 ], [ -73.637573754864704, 45.447377450339197 ], [ -73.637547263438606, 45.447391631777101 ], [ -73.637520711346994, 45.4474057568966 ], [ -73.637494098831695, 45.447419825569099 ], [ -73.637467426134606, 45.447433837666502 ], [ -73.637440693498704, 45.4474477930615 ], [ -73.637413901167093, 45.447461691626899 ], [ -73.637387049383705, 45.447475533236201 ], [ -73.637360138392793, 45.447489317763399 ], [ -73.637333168439298, 45.447503045083103 ], [ -73.637306139768597, 45.4475167150704 ], [ -73.637279052626894, 45.447530327600802 ], [ -73.637251907260406, 45.447543882550399 ], [ -73.637224703916303, 45.447557379795803 ], [ -73.637197442842094, 45.447570819214199 ], [ -73.637170124286001, 45.447584200683302 ], [ -73.637142748496501, 45.447597524081203 ], [ -73.637115315722696, 45.447610789286699 ], [ -73.637087826214398, 45.447623996179203 ], [ -73.637060280221604, 45.4476371446382 ], [ -73.637032677995094, 45.447650234544199 ], [ -73.637005019786102, 45.447663265778097 ], [ -73.636977305846202, 45.447676238221099 ], [ -73.636949536427807, 45.447689151755299 ], [ -73.636921711783401, 45.4477020062631 ], [ -73.636893832166393, 45.447714801627399 ], [ -73.636865897830404, 45.447727537732 ], [ -73.636837909029694, 45.447740214460701 ], [ -73.636809866018993, 45.447752831698203 ], [ -73.636781769053499, 45.447765389329803 ], [ -73.636753618388894, 45.447777887241102 ], [ -73.636725414281401, 45.447790325318202 ], [ -73.636697156987694, 45.447802703448097 ], [ -73.636668846765005, 45.447815021517997 ], [ -73.636640483870806, 45.447827279415897 ], [ -73.636612068563394, 45.447839477030101 ], [ -73.636583601101194, 45.447851614249601 ], [ -73.636555081743495, 45.447863690964098 ], [ -73.636526510749803, 45.447875707063503 ], [ -73.636497888380106, 45.447887662438298 ], [ -73.636469214894802, 45.447899556979998 ], [ -73.636440490554904, 45.447911390580202 ], [ -73.636411715622003, 45.447923163131101 ], [ -73.636382890357694, 45.4479348745257 ], [ -73.636354015024494, 45.447946524657198 ], [ -73.636325089885204, 45.447958113419801 ], [ -73.636296115203095, 45.447969640707797 ], [ -73.636267091241706, 45.447981106416499 ], [ -73.636238018265303, 45.447992510441303 ], [ -73.636208896538506, 45.448003852678497 ], [ -73.636179726326404, 45.448015133024903 ], [ -73.6361505078943, 45.448026351377699 ], [ -73.636121241508206, 45.448037507635 ], [ -73.636091927434506, 45.448048601695099 ], [ -73.636062565939994, 45.448059633457099 ], [ -73.636033157291905, 45.448070602820501 ], [ -73.6360037017579, 45.448081509685501 ], [ -73.635974199605897, 45.448092353952902 ], [ -73.635944651104694, 45.448103135523802 ], [ -73.635915056523004, 45.448113854300203 ], [ -73.635885416130293, 45.448124510184599 ], [ -73.635855730196198, 45.4481351030798 ], [ -73.635825998778003, 45.448145633323499 ], [ -73.635380191232798, 45.448302924817298 ], [ -73.634887297920883, 45.448476826987068 ], [ -73.634580635177542, 45.448411744885838 ], [ -73.633333398512733, 45.448326755568146 ], [ -73.632086569114577, 45.448414656143839 ], [ -73.63088805088266, 45.448672069435197 ], [ -73.630333788165856, 45.448881412191724 ], [ -73.629580745870697, 45.448592478522897 ], [ -73.629395537954395, 45.448521413924198 ], [ -73.629372786347403, 45.448512684022752 ], [ -73.62989091588571, 45.448212399183191 ], [ -73.630684275984038, 45.447529692101647 ], [ -73.630902277152245, 45.447241479443164 ], [ -73.631011777422898, 45.4471819516069 ], [ -73.6312037447357, 45.447082086616298 ], [ -73.631494778237396, 45.446937885717297 ], [ -73.6317267608989, 45.446823860109198 ], [ -73.631976941141204, 45.446706902664403 ], [ -73.632435261249398, 45.446495445484999 ], [ -73.632959786033695, 45.446267889899701 ], [ -73.633346202428001, 45.4461080473083 ], [ -73.6338985868327, 45.445888811384201 ], [ -73.633911571460004, 45.445883862815798 ], [ -73.634372600749799, 45.445700190979601 ], [ -73.634843225688201, 45.4455135230248 ], [ -73.635208254859805, 45.445368154282299 ], [ -73.635730866429, 45.445163587336303 ], [ -73.636318015288396, 45.444939928460897 ], [ -73.636751534635493, 45.444785811487399 ], [ -73.637158653682803, 45.4446376271015 ], [ -73.637524183354401, 45.444513711747298 ], [ -73.637908912458101, 45.444376470154999 ], [ -73.638214971478405, 45.444264698139897 ], [ -73.638393966229998, 45.444200111797997 ], [ -73.638637550593202, 45.444103558436403 ], [ -73.638836322942794, 45.444026135292297 ], [ -73.639050251510596, 45.443941210029003 ], [ -73.639390822088899, 45.443805711147398 ], [ -73.639727586074699, 45.443669343487997 ], [ -73.640139565471102, 45.443499047780399 ], [ -73.640558527885801, 45.443322888624799 ], [ -73.641087902310701, 45.443107853266298 ], [ -73.641522902244105, 45.442928614321801 ], [ -73.642052118202102, 45.442711433672699 ], [ -73.642395353021101, 45.442576401440853 ], [ -73.642326112234954, 45.442667982432589 ], [ -73.641964520024302, 45.443512463098969 ], [ -73.641843908318165, 45.444390375421705 ], [ -73.641968923231985, 45.445267982462433 ], [ -73.642334771565928, 45.446111557480855 ], [ -73.642927403321806, 45.446888680155013 ], [ -73.643724050213009, 45.447569482812042 ], [ -73.644004071330343, 45.447730650102834 ], [ -73.643968860671194, 45.447736967361799 ] ] ] ] } },
{ "type": "Feature", "properties": { "arrondissement": "Saint-Laurent", "pct_couverture": 45.0, "nb_bornes": 150 }, "geometry": { "type": "MultiPolygon", "coordinates": [ [ [ [ -73.707764773821594, 45.473267671538402 ], [ -73.707855776452803, 45.473327971225203 ], [ -73.707799000938905, 45.473370819363097 ], [ -73.707933718376097, 45.473459492889603 ], [ -73.708078975951395, 45.473555103639399 ], [ -73.708148761338705, 45.473600179356701 ], [ -73.712519751, 45.476423100721497 ], [ -73.713827532219895, 45.477255251374402 ], [ -73.716479779332204, 45.478942750221499 ], [ -73.719855288050894, 45.481090206187602 ], [ -73.722355891420506, 45.482680879208701 ], [ -73.722467679098401, 45.482752746441001 ], [ -73.723048734792897, 45.482308315702603 ], [ -73.723086902106303, 45.482331712762502 ], [ -73.723154011040194, 45.482278311672502 ], [ -73.724030027071194, 45.481581272088199 ], [ -73.725341500594894, 45.480537699494498 ], [ -73.726468157239097, 45.479567099455103 ], [ -73.7300098629579, 45.476866975810204 ], [ -73.730576338223599, 45.476417562215801 ], [ -73.732234545398001, 45.475106225228402 ], [ -73.734019669596904, 45.473693837164099 ], [ -73.739977267359805, 45.4690698509337 ], [ -73.740474049423497, 45.468679735963001 ], [ -73.742570330305, 45.467033457635601 ], [ -73.745431997107502, 45.464788522264101 ], [ -73.750752884244307, 45.460604766560202 ], [ -73.762756731481701, 45.468248972850098 ], [ -73.762359324783503, 45.468564947617601 ], [ -73.768387712603598, 45.474962246041102 ], [ -73.766160209229994, 45.476759103828002 ], [ -73.766299568478402, 45.476846373763102 ], [ -73.772222975545105, 45.480555519053702 ], [ -73.772464080353302, 45.480706476599998 ], [ -73.7735083643922, 45.481360298501698 ], [ -73.774200807592194, 45.481812683003596 ], [ -73.773816808426403, 45.481970637250299 ], [ -73.773617212601195, 45.482068842456897 ], [ -73.773350904238399, 45.482199869604301 ], [ -73.771680048283699, 45.483024324034297 ], [ -73.770445271836493, 45.483641214769499 ], [ -73.768096371156105, 45.484757508425602 ], [ -73.768001699681804, 45.4854182301561 ], [ -73.766935215816304, 45.4857560603322 ], [ -73.766707385186194, 45.485978609687699 ], [ -73.766803438663501, 45.4861286443385 ], [ -73.766643965233598, 45.486284433582099 ], [ -73.766165823842798, 45.486610854659901 ], [ -73.766118315856602, 45.486643348098603 ], [ -73.766171875704501, 45.4867579887365 ], [ -73.766163113448698, 45.486910833554902 ], [ -73.766083860350307, 45.486945931308199 ], [ -73.766079801124903, 45.487036408552299 ], [ -73.766176135279096, 45.487046904876898 ], [ -73.7662260634539, 45.486981708082098 ], [ -73.766295968379495, 45.486998935556102 ], [ -73.766358689538393, 45.487146059867499 ], [ -73.766469556041699, 45.487321376484402 ], [ -73.766509014279904, 45.487399405431198 ], [ -73.766544045632898, 45.487635173233897 ], [ -73.766544207661397, 45.487636977946103 ], [ -73.766544136858499, 45.487638783201703 ], [ -73.766543839570005, 45.487640578187502 ], [ -73.766543320840697, 45.487642347594601 ], [ -73.766542580606995, 45.487644077925196 ], [ -73.766541627760205, 45.487645755661198 ], [ -73.766540468637501, 45.487647368189599 ], [ -73.7665391134136, 45.487648902889099 ], [ -73.766537569704994, 45.487650347143997 ], [ -73.766535852812197, 45.487651690120401 ], [ -73.766533974206297, 45.487652922793103 ], [ -73.766531947904596, 45.487654033431298 ], [ -73.766529790503796, 45.487655014797703 ], [ -73.766527519875794, 45.487655858751801 ], [ -73.7665251513383, 45.4876565580592 ], [ -73.766522705342894, 45.4876571090727 ], [ -73.766520199774305, 45.487657506351603 ], [ -73.766517653809302, 45.487657747151601 ], [ -73.766514895583299, 45.487658010042999 ], [ -73.766512180346396, 45.487658436605997 ], [ -73.766509527287795, 45.487659026795697 ], [ -73.766506956863395, 45.487659777864899 ], [ -73.766504489508094, 45.487660682567203 ], [ -73.766502144381406, 45.487661734558998 ], [ -73.766499936800997, 45.4876629266058 ], [ -73.766497884630198, 45.487664248767501 ], [ -73.766496004453202, 45.487665691107203 ], [ -73.766342207383204, 45.487794628749597 ], [ -73.766700128008694, 45.487903400233201 ], [ -73.766758035848895, 45.4879090384253 ], [ -73.766796877860997, 45.487906496531998 ], [ -73.766800105501304, 45.487906753547897 ], [ -73.766803289275302, 45.487907203233199 ], [ -73.766806407426401, 45.487907843838997 ], [ -73.766809435622605, 45.487908670022897 ], [ -73.766812352085907, 45.487909675536997 ], [ -73.766815136313696, 45.487910853230503 ], [ -73.766817765240305, 45.487912195058499 ], [ -73.766820222179604, 45.487913689362003 ], [ -73.766822487899802, 45.4879153271877 ], [ -73.766824544422605, 45.487917094179799 ], [ -73.766826378904, 45.487918979570402 ], [ -73.766827977203803, 45.487920968994899 ], [ -73.766829327736104, 45.487923047183003 ], [ -73.766830418914907, 45.487925198864403 ], [ -73.766831244271302, 45.487927408756804 ], [ -73.766831798607697, 45.487929659775297 ], [ -73.766832075450793, 45.487931935737898 ], [ -73.766832073444903, 45.487934220450498 ], [ -73.766831793788597, 45.487936496813198 ], [ -73.766831237680293, 45.487938747726197 ], [ -73.766830410160907, 45.487940956980403 ], [ -73.766829316270901, 45.4879431083668 ], [ -73.7668279636097, 45.487945185670497 ], [ -73.766826362339401, 45.487947173570397 ], [ -73.766824526464305, 45.4879490576362 ], [ -73.766822466155105, 45.487950824346399 ], [ -73.766820199258206, 45.487952460161701 ], [ -73.766817741070099, 45.487953953348303 ], [ -73.766815109449894, 45.487955293066399 ], [ -73.766750574853006, 45.488019612674101 ], [ -73.766700297679407, 45.488103633469997 ], [ -73.766654294627202, 45.488166519491699 ], [ -73.766639771433304, 45.488188946949201 ], [ -73.766628368781198, 45.488212249869598 ], [ -73.766620186724694, 45.488236212956899 ], [ -73.766618877559495, 45.488242631911199 ], [ -73.766618377191705, 45.488249107467603 ], [ -73.766618695609793, 45.4882555874118 ], [ -73.766619831305405, 45.488262023155599 ], [ -73.766621775073304, 45.4882683616297 ], [ -73.766624511332793, 45.488274554278703 ], [ -73.766628018102395, 45.488280551662399 ], [ -73.766632267012497, 45.488286306154997 ], [ -73.766637227143406, 45.488291771936701 ], [ -73.766642856082797, 45.488296907713298 ], [ -73.766655702170098, 45.488306757129997 ], [ -73.766669685659494, 45.488315810226197 ], [ -73.766684702617297, 45.488324001555497 ], [ -73.766700647867907, 45.488331273772801 ], [ -73.766780423956803, 45.4883643574723 ], [ -73.766833300951504, 45.488346747268999 ], [ -73.766839945826106, 45.488346220634398 ], [ -73.766846631055699, 45.488346112333403 ], [ -73.766853305446602, 45.4883464179862 ], [ -73.766859913988895, 45.488347137721398 ], [ -73.766866406751305, 45.4883482635571 ], [ -73.766872733811198, 45.488349789310803 ], [ -73.766878843928296, 45.488351700705003 ], [ -73.766884690984, 45.4883539843497 ], [ -73.766890228833901, 45.4883566214559 ], [ -73.766895413888093, 45.488359592328997 ], [ -73.766900206373293, 45.488362872766103 ], [ -73.766904567795507, 45.4883664385614 ], [ -73.7669084660359, 45.488370260994898 ], [ -73.766911870250993, 45.488374310443902 ], [ -73.766914752142696, 45.488378554580102 ], [ -73.766917089814001, 45.488382961959999 ], [ -73.766918866463698, 45.488387496629201 ], [ -73.766920067857896, 45.488392124426802 ], [ -73.766920683583393, 45.488396807583698 ], [ -73.766920709640502, 45.4884015119151 ], [ -73.766920144567294, 45.4884061987309 ], [ -73.766918994594207, 45.488410832922803 ], [ -73.766917268501999, 45.488415377576501 ], [ -73.766914978913803, 45.488419796668701 ], [ -73.766912143582502, 45.488424056863501 ], [ -73.766908784099002, 45.488428124816203 ], [ -73.766904928455105, 45.488431968066898 ], [ -73.766824727754297, 45.488470750706597 ], [ -73.766788797330705, 45.488465482349 ], [ -73.766786654237606, 45.488463809142502 ], [ -73.766784307121696, 45.4884622776881 ], [ -73.766781776494497, 45.488460896936502 ], [ -73.766779082884497, 45.488459679437597 ], [ -73.766776245523701, 45.488458634144799 ], [ -73.766773288757406, 45.488457769099803 ], [ -73.766770235642696, 45.488457090547797 ], [ -73.766767107961996, 45.488456605636699 ], [ -73.766763932589299, 45.488456316103303 ], [ -73.766760732568997, 45.488456225493302 ], [ -73.766757534766796, 45.488456333743798 ], [ -73.766754362210094, 45.488456640801097 ], [ -73.766751240472502, 45.488457143905997 ], [ -73.766748193839504, 45.488457838502498 ], [ -73.766745247876202, 45.488458720031701 ], [ -73.766742423017405, 45.488459781247101 ], [ -73.766739742252696, 45.488461013996499 ], [ -73.7667372272835, 45.488462408330797 ], [ -73.766734897248497, 45.488463953407297 ], [ -73.766732771282093, 45.488465637483301 ], [ -73.766730864672596, 45.4884674470254 ], [ -73.766771044996304, 45.488566212018597 ], [ -73.766812284138695, 45.488616073321502 ], [ -73.766820062069698, 45.488625474736097 ], [ -73.767094932067295, 45.488710414855802 ], [ -73.767106037615704, 45.4887138649908 ], [ -73.767116665345, 45.488717993825702 ], [ -73.767126729392203, 45.488722770066701 ], [ -73.767136151540598, 45.488728156103598 ], [ -73.767144857385702, 45.488734108917797 ], [ -73.767152776343806, 45.488740581882702 ], [ -73.767159848040393, 45.488747522948501 ], [ -73.767166014654904, 45.4887548791597 ], [ -73.767171229850902, 45.488762591235201 ], [ -73.767175449842, 45.488770598088003 ], [ -73.767178643626394, 45.488778836801401 ], [ -73.767180784031794, 45.488787242650297 ], [ -73.767181856670206, 45.488795749079799 ], [ -73.767181849708507, 45.488804288629197 ], [ -73.767180766664794, 45.488812793801898 ], [ -73.767178613620501, 45.488821197995101 ], [ -73.767175408175206, 45.488829435478699 ], [ -73.767171175595607, 45.488837438705303 ], [ -73.767165950138093, 45.488845147305 ], [ -73.767159772442596, 45.488852498193303 ], [ -73.767152690859604, 45.488859435466701 ], [ -73.767144762690094, 45.488865902300702 ], [ -73.767136049107506, 45.488871849060502 ], [ -73.767126618969797, 45.488877227893198 ], [ -73.767116547561301, 45.488881997229697 ], [ -73.766970667496693, 45.488923688862997 ], [ -73.766968191895003, 45.488924482913397 ], [ -73.766965827037495, 45.488925429678702 ], [ -73.766963589500094, 45.488926517422001 ], [ -73.766961495880096, 45.488927738906 ], [ -73.766959561486701, 45.488929085096302 ], [ -73.766957801616599, 45.488930544259198 ], [ -73.766956230295605, 45.4889321064637 ], [ -73.766954858978096, 45.4889337590851 ], [ -73.766953699118403, 45.4889354894989 ], [ -73.766952758332906, 45.488937285089399 ], [ -73.766952044229797, 45.488939131441398 ], [ -73.766951561858093, 45.488941014145396 ], [ -73.766951314992298, 45.488942919695099 ], [ -73.766951307402195, 45.488944833684002 ], [ -73.766951536452694, 45.488946739921097 ], [ -73.766972313051596, 45.489060516408401 ], [ -73.767008560433595, 45.489153904925203 ], [ -73.767009394289701, 45.489155742260003 ], [ -73.767010460706999, 45.4891575205612 ], [ -73.7670117455407, 45.489159224564602 ], [ -73.767013239784404, 45.489160843493003 ], [ -73.767014929297602, 45.489162362981901 ], [ -73.767016803790497, 45.489163771357497 ], [ -73.767018847859902, 45.489165057857399 ], [ -73.767021044832106, 45.489166213522402 ], [ -73.767023378025002, 45.4891672275931 ], [ -73.767025829497996, 45.489168093812602 ], [ -73.767028378748094, 45.489168805030097 ], [ -73.767031009109701, 45.489169354085803 ], [ -73.767033696267305, 45.4891697392368 ], [ -73.767036422284704, 45.489169955126002 ], [ -73.767044807715095, 45.489170358450103 ], [ -73.765705177219701, 45.489793171661901 ], [ -73.764985122556396, 45.490127918409001 ], [ -73.764415283832804, 45.490392830534397 ], [ -73.764472317073, 45.490451381903704 ], [ -73.764535106707299, 45.490453169378398 ], [ -73.7648104914893, 45.490742621580601 ], [ -73.765046459698894, 45.490984000361699 ], [ -73.765876283436995, 45.4918257593948 ], [ -73.765860253458499, 45.491833569565202 ], [ -73.768337674845597, 45.4943605058236 ], [ -73.768426744054807, 45.494448364630202 ], [ -73.769707913462497, 45.495712085465797 ], [ -73.773620912666203, 45.4982013317086 ], [ -73.772377223409606, 45.498892139291797 ], [ -73.771677761598397, 45.499110114851099 ], [ -73.773881841241803, 45.500510119440101 ], [ -73.770909570915293, 45.501465540253598 ], [ -73.772526551420995, 45.502506421757502 ], [ -73.771627031715099, 45.502964760175701 ], [ -73.771652970230093, 45.502966429637397 ], [ -73.771141552086803, 45.503303512926998 ], [ -73.771070034765401, 45.503350647618902 ], [ -73.770874021242193, 45.503417836313403 ], [ -73.769252010199907, 45.5039737564354 ], [ -73.768759615059196, 45.503662369922203 ], [ -73.768090854765006, 45.503239433394803 ], [ -73.767240648452898, 45.502701734987802 ], [ -73.766558174837058, 45.502948140711958 ], [ -73.765897084691886, 45.502701639374855 ], [ -73.764695632338572, 45.502448398446923 ], [ -73.763447013598977, 45.50236483375641 ], [ -73.762397240963963, 45.502439979638467 ], [ -73.761062352390297, 45.501588590363703 ], [ -73.7610456305014, 45.501596308882803 ], [ -73.760967008722204, 45.5015460085421 ], [ -73.760802370529802, 45.501708540901099 ], [ -73.760242478291502, 45.502133051774599 ], [ -73.759975813443901, 45.5023332326315 ], [ -73.759485754401098, 45.502703823070497 ], [ -73.759053585873701, 45.502442717553201 ], [ -73.758309489676193, 45.501993143532196 ], [ -73.756696429815406, 45.502367350002203 ], [ -73.756203485216005, 45.502591471052298 ], [ -73.756024348488793, 45.502674431551199 ], [ -73.755677134728501, 45.502835225786598 ], [ -73.755497983956602, 45.5029181854879 ], [ -73.754743222931907, 45.503285977272299 ], [ -73.754527198413498, 45.503337176053201 ], [ -73.753112811611601, 45.503672360045599 ], [ -73.753100805089005, 45.503664636047702 ], [ -73.752916258377297, 45.503545890286198 ], [ -73.752434751965794, 45.503879932451703 ], [ -73.751735040407198, 45.504314095436598 ], [ -73.751908159981994, 45.5044373323556 ], [ -73.752199241983206, 45.5046199583754 ], [ -73.752195007999305, 45.504623315771397 ], [ -73.752999498504494, 45.505122039255298 ], [ -73.753235620486393, 45.505270174648999 ], [ -73.754341904033396, 45.505963992095801 ], [ -73.7551729663152, 45.506485220538003 ], [ -73.754107793424694, 45.506869729324599 ], [ -73.748834118849402, 45.508773218072598 ], [ -73.7487784417238, 45.5087933133806 ], [ -73.748722752060701, 45.508813408688603 ], [ -73.747340430666398, 45.509312281204203 ], [ -73.745851493209003, 45.5098496053538 ], [ -73.742399230517407, 45.511095619258398 ], [ -73.741858258854506, 45.511290521913203 ], [ -73.740924349130907, 45.511627480008997 ], [ -73.740406218302397, 45.511814423220599 ], [ -73.738786474395397, 45.512398864375498 ], [ -73.735547086372193, 45.513567822384701 ], [ -73.734981245487106, 45.5137720013077 ], [ -73.734210248040299, 45.514050193667998 ], [ -73.7327660909705, 45.514571261695203 ], [ -73.732543373911497, 45.5146516157631 ], [ -73.732238946997597, 45.514761449344562 ], [ -73.731479327378082, 45.514114526459736 ], [ -73.730507288084127, 45.513556957928841 ], [ -73.729399224218852, 45.513143417103969 ], [ -73.728197711685254, 45.512889792876024 ], [ -73.726948914470086, 45.512805829729935 ], [ -73.725700812028293, 45.512894753597045 ], [ -73.724501357152207, 45.513153147994664 ], [ -73.72339663485937, 45.513571085196176 ], [ -73.722429092795934, 45.5141325074093 ], [ -73.721635910943064, 45.514815843366016 ], [ -73.721047573133845, 45.51559483670475 ], [ -73.720686695227144, 45.51643955440079 ], [ -73.720567155024227, 45.517317536580407 ], [ -73.720693557512092, 45.518195043607626 ], [ -73.721061056202984, 45.519038352568614 ], [ -73.721655537693891, 45.5198150533476 ], [ -73.722454162610262, 45.520495294468091 ], [ -73.723426242363587, 45.521052930770935 ], [ -73.724534418173334, 45.52146652874805 ], [ -73.725736097093915, 45.521720190807642 ], [ -73.726985089807741, 45.521804166705216 ], [ -73.727583009121403, 45.52176156641255 ], [ -73.727477844090998, 45.521851362789697 ], [ -73.727440644661996, 45.521883120198403 ], [ -73.727304267244094, 45.521999566813498 ], [ -73.727291859046005, 45.522010154079901 ], [ -73.727130676985396, 45.522147770596199 ], [ -73.726996765035395, 45.5222621205113 ], [ -73.7269806317411, 45.522275887433601 ], [ -73.726860335889796, 45.522378593053801 ], [ -73.726831719471207, 45.522403026408497 ], [ -73.726726970976102, 45.5224924670364 ], [ -73.726695264784297, 45.522519533951602 ], [ -73.726593555679997, 45.522606380504698 ], [ -73.726546438453497, 45.522646602078602 ], [ -73.726460314223601, 45.522720135295302 ], [ -73.726397524246394, 45.522773744876801 ], [ -73.726326860472298, 45.522834079280003 ], [ -73.726261067750301, 45.522890247503298 ], [ -73.726230768927806, 45.522916116400097 ], [ -73.726134689587397, 45.522998149020196 ], [ -73.726112152258196, 45.523017389926501 ], [ -73.726041251165398, 45.523077926732597 ], [ -73.725963236078002, 45.523144527760202 ], [ -73.725947812461797, 45.523157699974398 ], [ -73.725854373511794, 45.523237477532703 ], [ -73.725826777790203, 45.523261029863903 ], [ -73.725760884434294, 45.523317290262497 ], [ -73.725677860342699, 45.523388171716299 ], [ -73.7256362859506, 45.523423671859 ], [ -73.725528954708196, 45.5235153089546 ], [ -73.7255116869799, 45.523530048924698 ], [ -73.725329303921598, 45.523685754236503 ], [ -73.725166849957901, 45.523826573492897 ], [ -73.724944893170502, 45.524015454293298 ], [ -73.724938065619, 45.524021263092898 ], [ -73.724876430774799, 45.524073718388998 ], [ -73.724845183462307, 45.524100309354701 ], [ -73.724814783332405, 45.5241261780698 ], [ -73.724745473436997, 45.524185159934802 ], [ -73.724624557662196, 45.524288057710201 ], [ -73.724590195307997, 45.524317295373599 ], [ -73.724500090540104, 45.524393967659499 ], [ -73.724452795418202, 45.5244342150691 ], [ -73.724405500228798, 45.524474462458898 ], [ -73.724365842484602, 45.524508209655103 ], [ -73.724358217455901, 45.524514705410802 ], [ -73.724310922131806, 45.5245549527611 ], [ -73.724274291844196, 45.524586114849697 ], [ -73.724263626740196, 45.524595200091703 ], [ -73.724190440836296, 45.524657475748498 ], [ -73.724117254771002, 45.5247197513579 ], [ -73.724069959103304, 45.524759998607699 ], [ -73.724025828057094, 45.524797555051101 ], [ -73.724022663350894, 45.524800241443998 ], [ -73.723975367548405, 45.524840488654398 ], [ -73.723930301928604, 45.524878842161201 ], [ -73.7239280716785, 45.524880735845002 ], [ -73.723880775741307, 45.524920983015797 ], [ -73.723839734350705, 45.524955901475501 ], [ -73.723833479719104, 45.524961225773303 ], [ -73.723760292866501, 45.525023501152099 ], [ -73.723749179044404, 45.525032965086801 ], [ -73.723687118353794, 45.525085776459399 ], [ -73.723658610989602, 45.525110028650097 ], [ -73.723639822073096, 45.525126023529602 ], [ -73.723592525724897, 45.5251662705802 ], [ -73.723568055189006, 45.525187092116603 ], [ -73.723545229309295, 45.525206517610997 ], [ -73.723497932826305, 45.525246764621997 ], [ -73.723482458037694, 45.525259932204797 ], [ -73.723450636258505, 45.525287007219703 ], [ -73.723403339640697, 45.525327254191303 ], [ -73.7233968481641, 45.525332772252803 ], [ -73.723330151839306, 45.525389529292397 ], [ -73.723306291648996, 45.525409835510096 ], [ -73.723256963876494, 45.525451804346197 ], [ -73.723215722385305, 45.5254868987194 ], [ -73.723209666982598, 45.525492051237102 ], [ -73.723162370021299, 45.525532298107997 ], [ -73.723115072975204, 45.525572540565598 ], [ -73.723067775879002, 45.525612787397201 ], [ -73.723044526044006, 45.525632578299003 ], [ -73.723020478715497, 45.525653034208901 ], [ -73.722973181484505, 45.525693281000997 ], [ -73.722953956048499, 45.525709636905503 ], [ -73.722866887054593, 45.525783727222702 ], [ -73.722859074764798, 45.525790377023199 ], [ -73.722713695394802, 45.525908250425204 ], [ -73.722698255943797, 45.5259209608815 ], [ -73.722475680163399, 45.526109222895698 ], [ -73.722168550979902, 45.526360404840602 ], [ -73.722040840940906, 45.526464209379498 ], [ -73.721691978607396, 45.526747721242202 ], [ -73.721540821321696, 45.526652938201998 ], [ -73.721494538054799, 45.526623919379198 ], [ -73.721409804544706, 45.526570783098002 ], [ -73.721307901498903, 45.526506888975 ], [ -73.721305294694304, 45.526505250763798 ], [ -73.721191536034794, 45.526433923314698 ], [ -73.7210750706341, 45.526360900609703 ], [ -73.721072363588505, 45.526359201074598 ], [ -73.720958605517495, 45.526287873390601 ], [ -73.720842153203904, 45.526214846027202 ], [ -73.720803089371003, 45.5261903517058 ], [ -73.720726100007298, 45.526141501423197 ], [ -73.720701798818993, 45.526126082385503 ], [ -73.720610246520195, 45.526067998139602 ], [ -73.720494405819295, 45.525994490319299 ], [ -73.7203785529356, 45.5259209867978 ], [ -73.720256922717098, 45.525843803549499 ], [ -73.720214862961697, 45.525817122321797 ], [ -73.720141070451803, 45.525770299784 ], [ -73.720070060298497, 45.5257252381246 ], [ -73.720025230972595, 45.525696791481799 ], [ -73.719925258106699, 45.525633353741497 ], [ -73.719793540434793, 45.525549778938199 ], [ -73.719786973364293, 45.525545613119299 ], [ -73.7196777018777, 45.525476274672599 ], [ -73.719652235749393, 45.525460119500501 ], [ -73.719561851103705, 45.5254027659184 ], [ -73.719446013149906, 45.525329261415003 ], [ -73.719443719708195, 45.525327807096403 ], [ -73.719330162979205, 45.5252557524229 ], [ -73.719233174392301, 45.525194206441299 ], [ -73.719214325628798, 45.525182247681499 ], [ -73.719098488562906, 45.525108738427299 ], [ -73.719088374941705, 45.525102325377397 ], [ -73.718897231370505, 45.524981037712003 ], [ -73.718866802851693, 45.524961723979899 ], [ -73.718750954206399, 45.524888218786501 ], [ -73.718715450233603, 45.524865689721601 ], [ -73.718635118347095, 45.5248147090565 ], [ -73.7185344468284, 45.524750832051602 ], [ -73.718517327782394, 45.5247399639102 ], [ -73.718366393791797, 45.524858457550998 ], [ -73.718106127771904, 45.525062785159399 ], [ -73.717929765972798, 45.525194758451597 ], [ -73.7175104227492, 45.525527830498099 ], [ -73.717514270148101, 45.525530270489703 ], [ -73.717512679242077, 45.525531491503479 ], [ -73.716820639506579, 45.525385367498622 ], [ -73.716579581022799, 45.5252322566201 ], [ -73.7158008874449, 45.524737649784299 ], [ -73.715609814377103, 45.524616281783899 ], [ -73.714625457124001, 45.523991020103402 ], [ -73.713091276275193, 45.5251600107635 ], [ -73.712878921038794, 45.525081002879602 ], [ -73.712850124571602, 45.5250702547361 ], [ -73.712821371783406, 45.525059444903498 ], [ -73.712792664631493, 45.525048575314898 ], [ -73.712764003367298, 45.525037646065599 ], [ -73.712735388241498, 45.525026657251402 ], [ -73.712706819504902, 45.525015608968097 ], [ -73.712678297407507, 45.525004501312999 ], [ -73.712649822199197, 45.524993334382899 ], [ -73.712621394129101, 45.5249821082759 ], [ -73.712593013446195, 45.5249708230902 ], [ -73.712564680398998, 45.5249594789246 ], [ -73.712536395235603, 45.524948075878399 ], [ -73.712508158203505, 45.524936614051498 ], [ -73.712479969550202, 45.524925093544198 ], [ -73.712451829522294, 45.524913514457403 ], [ -73.712423738366198, 45.524901876892699 ], [ -73.712395696325899, 45.524890180948603 ], [ -73.712368693962503, 45.524878843920199 ], [ -73.712341737750805, 45.524867452761498 ], [ -73.712314827908102, 45.524856007567998 ], [ -73.712287964653797, 45.524844508432601 ], [ -73.712261148206593, 45.524832955449199 ], [ -73.712234378784999, 45.524821348712003 ], [ -73.712207656607106, 45.5248096883155 ], [ -73.712180981890498, 45.524797974354499 ], [ -73.712154354852601, 45.524786206924801 ], [ -73.712127775710201, 45.524774386121997 ], [ -73.712101244679999, 45.5247625120425 ], [ -73.712074761980205, 45.524750584780598 ], [ -73.712062299202898, 45.524744945828402 ], [ -73.712049847228002, 45.524739295095699 ], [ -73.712037406078693, 45.524733632594902 ], [ -73.712024975776799, 45.524727958334097 ], [ -73.712016801634704, 45.524724217846199 ], [ -73.712008632211294, 45.524720472270197 ], [ -73.712000467509498, 45.524716721611398 ], [ -73.711992307539106, 45.524712965870101 ], [ -73.711965285899694, 45.524700476900797 ], [ -73.711938316528105, 45.524687932247801 ], [ -73.711911399652806, 45.524675332014802 ], [ -73.711884535505405, 45.524662676310498 ], [ -73.711857724317497, 45.524649965243803 ], [ -73.711830966319695, 45.524637198924196 ], [ -73.711804261742699, 45.524624377461599 ], [ -73.711777610816299, 45.5246115009666 ], [ -73.711751013770098, 45.524598569549902 ], [ -73.711724470833204, 45.524585583323002 ], [ -73.711697982234099, 45.524572542397799 ], [ -73.711671548200997, 45.524559446886499 ], [ -73.711645168961397, 45.524546296902002 ], [ -73.711618844742702, 45.524533092557498 ], [ -73.711592575771405, 45.524519833966899 ], [ -73.7115663622738, 45.524506521244099 ], [ -73.711540204475696, 45.524493154504 ], [ -73.711514102602393, 45.524479733861703 ], [ -73.711488056878494, 45.5244662594327 ], [ -73.711462067528402, 45.524452731333099 ], [ -73.711436134775994, 45.524439149679502 ], [ -73.711410258844495, 45.524425514588799 ], [ -73.711384439956703, 45.5244118261785 ], [ -73.711358678335202, 45.5243980845664 ], [ -73.711332974201596, 45.524384289871001 ], [ -73.711307327777305, 45.524370442211001 ], [ -73.711281739283194, 45.5243565417057 ], [ -73.711256208939702, 45.524342588474902 ], [ -73.711230736970705, 45.524328582643101 ], [ -73.711205686715104, 45.524314725792102 ], [ -73.711180693589796, 45.524300818062201 ], [ -73.7111557578082, 45.524286859571497 ], [ -73.711130879578803, 45.524272850436702 ], [ -73.711106059109696, 45.524258790774802 ], [ -73.711081296608697, 45.524244680703703 ], [ -73.711056592282901, 45.524230520341398 ], [ -73.711031946338906, 45.524216309806398 ], [ -73.711007358983096, 45.524202049217799 ], [ -73.710982830421102, 45.5241877386946 ], [ -73.7109583608581, 45.5241733783567 ], [ -73.710933950498898, 45.5241589683244 ], [ -73.710909599547705, 45.524144508718102 ], [ -73.710885308208205, 45.524129999659003 ], [ -73.710861076683699, 45.5241154412683 ], [ -73.710836905176805, 45.524100833667902 ], [ -73.710812793885793, 45.524086176978798 ], [ -73.710793124072097, 45.524074213584903 ], [ -73.710773494481799, 45.524062217591798 ], [ -73.710753905227904, 45.524050189066401 ], [ -73.710734356419493, 45.524038128075901 ], [ -73.710714848165395, 45.524026034687303 ], [ -73.710695380570598, 45.524013908968001 ], [ -73.710677510160806, 45.524002727153501 ], [ -73.710659674284997, 45.523991518129598 ], [ -73.710641873027299, 45.523980281950003 ], [ -73.710624106470604, 45.5239690186676 ], [ -73.709206684167796, 45.5230645669224 ], [ -73.708909779378899, 45.523171456611401 ], [ -73.708893143819793, 45.523177440564503 ], [ -73.707218737123597, 45.523780759888503 ], [ -73.707089200773297, 45.523827129162299 ], [ -73.706976456331503, 45.523867483578499 ], [ -73.706758844939998, 45.523945374606399 ], [ -73.705669058226405, 45.524337761649797 ], [ -73.704583925804599, 45.524728464702299 ], [ -73.703788849129097, 45.525014719399501 ], [ -73.703720629580104, 45.5250392791095 ], [ -73.702783279018206, 45.525376743515402 ], [ -73.701703224013201, 45.525765112185802 ], [ -73.699638835605199, 45.526505328453901 ], [ -73.6995292280006, 45.526546614673698 ], [ -73.699231874022004, 45.526653501894302 ], [ -73.699046069535797, 45.526720342737903 ], [ -73.698748838865697, 45.526827263633002 ], [ -73.698496912987395, 45.5269178877179 ], [ -73.698408355003707, 45.526949716087202 ], [ -73.698371208756299, 45.526963084864903 ], [ -73.698222380081603, 45.527016639364703 ], [ -73.697849486035295, 45.527150776631601 ], [ -73.697752983220994, 45.527186432023598 ], [ -73.697649987079501, 45.527222537943601 ], [ -73.697524200411294, 45.527267787023597 ], [ -73.697278076717097, 45.527356315744598 ], [ -73.697040374315506, 45.5274418196921 ], [ -73.696904884745905, 45.5274905558841 ], [ -73.696779877259104, 45.527535517205699 ], [ -73.696751027316196, 45.527545861447202 ], [ -73.696617909135398, 45.527593591439199 ], [ -73.696526501845597, 45.527626363511601 ], [ -73.69644181223839, 45.527656731079567 ], [ -73.695939757830274, 45.527000389917781 ], [ -73.695141359526815, 45.526319963830765 ], [ -73.694169467526194, 45.525762087038608 ], [ -73.693061428802366, 45.525348194574931 ], [ -73.691859818300742, 45.525094188838565 ], [ -73.690610803775144, 45.525009828968791 ], [ -73.690184982916861, 45.525040024247303 ], [ -73.690045536459635, 45.524921164197366 ], [ -73.689073718818833, 45.524363243793509 ], [ -73.687965744797964, 45.523949301696845 ], [ -73.686764186858127, 45.523695242213151 ], [ -73.685515210735133, 45.523610826546459 ], [ -73.684266802756255, 45.523699298010058 ], [ -73.683066927445594, 45.523957257499298 ], [ -73.681975621248142, 45.524369529543435 ], [ -73.681892881318475, 45.523792430692566 ], [ -73.681525936207024, 45.522948995577913 ], [ -73.680931973086118, 45.522172085592842 ], [ -73.680645980118982, 45.521928237274416 ], [ -73.680833607199162, 45.52185735787144 ], [ -73.681801696162239, 45.521296287896632 ], [ -73.682595451837045, 45.520613228428708 ], [ -73.683184372923321, 45.519834432919218 ], [ -73.683545833870795, 45.518989833300495 ], [ -73.683611373823624, 45.518510806993923 ], [ -73.684134190155774, 45.517819384590631 ], [ -73.684183324718006, 45.517704566389256 ], [ -73.684235046337676, 45.517823450588068 ], [ -73.68432397677563, 45.517939770155586 ], [ -73.683988997151289, 45.518722536658693 ], [ -73.683868881379695, 45.519600480976457 ], [ -73.683994718775523, 45.520478029138168 ], [ -73.68436168457167, 45.521321456656139 ], [ -73.684955685853652, 45.522098348864226 ], [ -73.685753901714719, 45.522778846933122 ], [ -73.68672565930143, 45.523336795830275 ], [ -73.687833612228701, 45.523750750033066 ], [ -73.689035176128172, 45.524004798255881 ], [ -73.690284166109763, 45.524089175408086 ], [ -73.691532573062105, 45.52400063819001 ], [ -73.692732410310441, 45.523742589842776 ], [ -73.693734713531441, 45.523363815140314 ], [ -73.693775124800538, 45.523387013685955 ], [ -73.694883130186568, 45.523800899424408 ], [ -73.696084726634638, 45.524054873439376 ], [ -73.697333728002178, 45.524139173493133 ], [ -73.698582124739715, 45.524050559250185 ], [ -73.699781930565578, 45.523792436913048 ], [ -73.70088702824161, 45.523374728200849 ], [ -73.701854943260116, 45.522813488724644 ], [ -73.70264847706288, 45.522130290476895 ], [ -73.703237136884482, 45.521351392241755 ], [ -73.703598307222364, 45.520506729897235 ], [ -73.703718117968407, 45.519628765500613 ], [ -73.703591975987791, 45.518751239461452 ], [ -73.703224739936871, 45.51790787380569 ], [ -73.702630531859384, 45.517131076380252 ], [ -73.701832193058493, 45.516450695776079 ], [ -73.70086040537204, 45.515892874765818 ], [ -73.699752511763734, 45.51547904624104 ], [ -73.698551081603185, 45.515225110145288 ], [ -73.697446758586963, 45.51515057470462 ], [ -73.698142562383168, 45.514551505548702 ], [ -73.698199934770102, 45.514475592056257 ], [ -73.698523122597052, 45.514543906469214 ], [ -73.699771917054235, 45.514628180352595 ], [ -73.701020099613729, 45.514539539680179 ], [ -73.701176323897116, 45.514505920777161 ], [ -73.701180062896256, 45.514531942348405 ], [ -73.701547246293401, 45.515375315167411 ], [ -73.702141420922871, 45.516152118524715 ], [ -73.702939759208292, 45.516832497004295 ], [ -73.703911583583789, 45.517390300169581 ], [ -73.704535975461255, 45.517623490421094 ], [ -73.704449041272923, 45.518260633754437 ], [ -73.704575195449877, 45.519138158901626 ], [ -73.704942459728358, 45.519981519984647 ], [ -73.705536729717892, 45.520758304887238 ], [ -73.706335174177823, 45.521438658901687 ], [ -73.707307111461148, 45.521996432530848 ], [ -73.708415188268901, 45.522410186988502 ], [ -73.709616815465353, 45.522664018667534 ], [ -73.710865805723898, 45.522748170802409 ], [ -73.712114149921661, 45.522659408744694 ], [ -73.713313863798064, 45.52240114437987 ], [ -73.714418833652331, 45.521983304887144 ], [ -73.715386589894081, 45.521421950904745 ], [ -73.716179940072564, 45.520738658825785 ], [ -73.716768398484263, 45.519959691039631 ], [ -73.717129357370951, 45.519114986095467 ], [ -73.717248954752847, 45.518237007685322 ], [ -73.717122605694868, 45.517359496754672 ], [ -73.716755176809286, 45.516516174746336 ], [ -73.716160797546493, 45.515739447827812 ], [ -73.715387456766464, 45.515080581351235 ], [ -73.715847083297717, 45.514813937200728 ], [ -73.716640335332727, 45.514130641310906 ], [ -73.717228718850251, 45.51335167038706 ], [ -73.717589628968156, 45.512506963098147 ], [ -73.717633272793023, 45.512186512468517 ], [ -73.718633796448344, 45.511971037313913 ], [ -73.719738522908159, 45.511553146048755 ], [ -73.72070604770974, 45.510991746403072 ], [ -73.721499187299855, 45.510308416523614 ], [ -73.722087464068721, 45.509529420250715 ], [ -73.72244827723685, 45.508684697226563 ], [ -73.722567770420397, 45.507806711836317 ], [ -73.7224413626829, 45.506929205292444 ], [ -73.722227927301702, 45.506439352453512 ], [ -73.722514907605827, 45.506546495709365 ], [ -73.723716259779835, 45.506800180297617 ], [ -73.724964919488599, 45.506884179134801 ], [ -73.726212890320298, 45.506795263466756 ], [ -73.727412202373003, 45.506536851084341 ], [ -73.728516757398992, 45.506118874856057 ], [ -73.729484101759553, 45.505557400674455 ], [ -73.730277058839889, 45.504874009550228 ], [ -73.73086515804691, 45.504094967676274 ], [ -73.731207242062112, 45.503293697766608 ], [ -73.731955891328539, 45.503723203271235 ], [ -73.733063788722106, 45.504136720308459 ], [ -73.733882057517775, 45.504309435899053 ], [ -73.733862366416204, 45.504326408464763 ], [ -73.733274306214412, 45.505105465660748 ], [ -73.732913677763833, 45.505950223046511 ], [ -73.732794349276872, 45.506828219220274 ], [ -73.73292091759923, 45.507705714005667 ], [ -73.73328852986306, 45.508548984957265 ], [ -73.733883068292769, 45.509325623418853 ], [ -73.734681691318002, 45.510005780308639 ], [ -73.735653710416699, 45.510563313705397 ], [ -73.736761769135512, 45.510976794057562 ], [ -73.737963279027881, 45.511230328296115 ], [ -73.739212057274258, 45.511314171091477 ], [ -73.740460102903782, 45.511225099688666 ], [ -73.74165944313873, 45.510966537866153 ], [ -73.742763978649478, 45.510548424238017 ], [ -73.743731256550845, 45.509986829978999 ], [ -73.744524102787352, 45.509303340715427 ], [ -73.745112051031981, 45.50852422641168 ], [ -73.745472513137869, 45.507679431243147 ], [ -73.745591646217079, 45.506801422363665 ], [ -73.745464883172986, 45.50592394188395 ], [ -73.745097106518031, 45.505080710071482 ], [ -73.744502459054885, 45.504304129623947 ], [ -73.743703798953234, 45.503624040791003 ], [ -73.742731820379703, 45.503066575132834 ], [ -73.741623873618067, 45.502653151888431 ], [ -73.740805607917778, 45.502480488993363 ], [ -73.740825293762583, 45.502463517941635 ], [ -73.741413222302029, 45.501684421780979 ], [ -73.741773696554858, 45.50083963724542 ], [ -73.741892873162058, 45.499961631080218 ], [ -73.741865970658253, 45.499775297511945 ], [ -73.741875830621368, 45.499777378154974 ], [ -73.74312436122365, 45.499861178856676 ], [ -73.74437214752443, 45.499772065067212 ], [ -73.745571226718823, 45.499513462194408 ], [ -73.745890580924225, 45.499392534362336 ], [ -73.746183954450004, 45.499502000479232 ], [ -73.747385261917032, 45.499755436546828 ], [ -73.748633799950255, 45.499839177014586 ], [ -73.749881576816051, 45.499750003062012 ], [ -73.751080630072622, 45.49949134241001 ], [ -73.752184871426593, 45.499073137471179 ], [ -73.75315185930414, 45.498511462929024 ], [ -73.753944430800374, 45.497827907493871 ], [ -73.754532130148846, 45.497048743671122 ], [ -73.754892378767067, 45.496203917536789 ], [ -73.755011341967773, 45.495325897432338 ], [ -73.754884459176694, 45.494448425897744 ], [ -73.754516617500599, 45.49360522285528 ], [ -73.753921962233036, 45.492828689896356 ], [ -73.75371327856594, 45.492650993742345 ], [ -73.75443956887554, 45.49249427510599 ], [ -73.755543648705128, 45.49207603753316 ], [ -73.756510483625888, 45.491514334200858 ], [ -73.757302916613142, 45.490830754925014 ], [ -73.757890497223755, 45.490051573126117 ], [ -73.758250651437123, 45.48920673556983 ], [ -73.758369548191183, 45.488328711035493 ], [ -73.758242629461364, 45.487451242232474 ], [ -73.757874783731154, 45.486608048977651 ], [ -73.757280156445702, 45.485831532486301 ], [ -73.756481604988778, 45.485151530551065 ], [ -73.755509819344553, 45.484594171394725 ], [ -73.754402142379604, 45.484180870166497 ], [ -73.753201135129657, 45.483927506555681 ], [ -73.751952942172309, 45.483843815038149 ], [ -73.750705519756195, 45.483933011112185 ], [ -73.749506794559608, 45.484191667838353 ], [ -73.748402823579028, 45.484609847410574 ], [ -73.747436025606333, 45.485171482721846 ], [ -73.746643552041149, 45.485854994311794 ], [ -73.746055859504239, 45.486634119064512 ], [ -73.745695539055959, 45.487478918899072 ], [ -73.745576447066156, 45.488356930778977 ], [ -73.745703171282273, 45.489234413921331 ], [ -73.746070852833725, 45.490077646326235 ], [ -73.74666537127014, 45.490854220818164 ], [ -73.746874026817565, 45.491031926254252 ], [ -73.746147733451707, 45.491188600542316 ], [ -73.745828425842532, 45.491309525796623 ], [ -73.745535095856056, 45.491200061892172 ], [ -73.74433397866035, 45.490946605591944 ], [ -73.743085643353638, 45.490862817577607 ], [ -73.741838051651584, 45.490951917053927 ], [ -73.740639136733165, 45.491210480792091 ], [ -73.739534962880285, 45.49162857455871 ], [ -73.738567956675652, 45.492190134544025 ], [ -73.737775277516747, 45.492873584183087 ], [ -73.737187389922369, 45.493652662741994 ], [ -73.73682689244815, 45.494497433916806 ], [ -73.736707648268336, 45.495375435774335 ], [ -73.73673453228686, 45.495561770761235 ], [ -73.73672467257046, 45.495559689649639 ], [ -73.735476246263161, 45.495475818727186 ], [ -73.73422854039913, 45.495564835248977 ], [ -73.733029492541235, 45.495823319172835 ], [ -73.73192517207606, 45.496241339331675 ], [ -73.730958011216401, 45.496802834744194 ], [ -73.730165175299433, 45.497486231327244 ], [ -73.72957713486548, 45.498265270386817 ], [ -73.729235058610641, 45.499066533103324 ], [ -73.728486491081483, 45.498637012260751 ], [ -73.727378735039835, 45.498223450156999 ], [ -73.726177549114325, 45.497969803386205 ], [ -73.724929084748197, 45.497885817300407 ], [ -73.723681308614118, 45.49797471871252 ], [ -73.722482160973044, 45.498233092002003 ], [ -73.721377715042578, 45.498651010251898 ], [ -73.720410407852583, 45.49921241639634 ], [ -73.719617410358993, 45.499895739782687 ], [ -73.719029199307428, 45.500674724530512 ], [ -73.718668385679877, 45.501519437943742 ], [ -73.718548844799528, 45.502397420312469 ], [ -73.718675181670491, 45.503274931993424 ], [ -73.71888857589056, 45.503764789217904 ], [ -73.718601614897111, 45.503657639364668 ], [ -73.717400352388836, 45.503403900680524 ], [ -73.716249980247525, 45.50332643193623 ], [ -73.715882326122909, 45.503013136358547 ], [ -73.714910631792947, 45.502455433390359 ], [ -73.713802899674036, 45.50204173986647 ], [ -73.712601692929496, 45.50178795054547 ], [ -73.711353163803821, 45.501703816255059 ], [ -73.710105281457203, 45.501792569500886 ], [ -73.709260879011495, 45.501974385859299 ], [ -73.708852613601977, 45.501626412773469 ], [ -73.707881012367878, 45.501068649707101 ], [ -73.70677335872054, 45.500654887775667 ], [ -73.705572212810523, 45.500401024366049 ], [ -73.704323724546839, 45.500316813152061 ], [ -73.703075861520702, 45.500405489594179 ], [ -73.70187656732918, 45.500663646713484 ], [ -73.700771920815612, 45.501081365897207 ], [ -73.699804366710211, 45.501642597727546 ], [ -73.69901108544903, 45.502325778250231 ], [ -73.698541539573398, 45.502947199542689 ], [ -73.698059970002831, 45.503129282445848 ], [ -73.697092353863269, 45.503690491207088 ], [ -73.696299011058471, 45.504373652752598 ], [ -73.695710431595145, 45.505152517422943 ], [ -73.695349240606546, 45.505997157139625 ], [ -73.695251953162995, 45.506709461043002 ], [ -73.695251953162995, 45.506709461043009 ], [ -73.695251953162995, 45.506709461043016 ], [ -73.695232279970455, 45.506735493387303 ], [ -73.69509045709151, 45.507067127597686 ], [ -73.694426784744209, 45.507638567222045 ], [ -73.694369414700304, 45.507714476076863 ], [ -73.694046270465137, 45.507646152588237 ], [ -73.692797638777719, 45.507561815741525 ], [ -73.691549597206745, 45.50765036644794 ], [ -73.690350096205478, 45.50790840255852 ], [ -73.689245222558583, 45.508326010109506 ], [ -73.688934800251118, 45.508505995392909 ], [ -73.689014423820268, 45.507923522437416 ], [ -73.688888537035609, 45.507045977949389 ], [ -73.688715693068886, 45.506648694328831 ], [ -73.689361911011076, 45.506273997312967 ], [ -73.690155364498366, 45.50559088399622 ], [ -73.690744025207238, 45.504812047877458 ], [ -73.69110527759112, 45.503967422447062 ], [ -73.691225248377833, 45.503089468344456 ], [ -73.691099338271655, 45.502211925585577 ], [ -73.690732397009555, 45.501368516841737 ], [ -73.690138535301472, 45.500591651618961 ], [ -73.689340581138737, 45.499911181116886 ], [ -73.68836920158104, 45.499353251565545 ], [ -73.687261723915029, 45.498939300029448 ], [ -73.686060701535737, 45.498685231179913 ], [ -73.685684022612378, 45.498659758248259 ], [ -73.685735705828222, 45.498281776641008 ], [ -73.68560989193233, 45.497404226938833 ], [ -73.685243064024789, 45.496560799670924 ], [ -73.684649328458335, 45.495783905056427 ], [ -73.683851508377089, 45.495103395425623 ], [ -73.682880265689789, 45.494545418513106 ], [ -73.681772922426049, 45.494131413203874 ], [ -73.680572026819405, 45.493877286235673 ], [ -73.679323719168792, 45.493792801407224 ], [ -73.678075960130386, 45.49388120468921 ], [ -73.677897702632308, 45.493919537732758 ], [ -73.678543626608203, 45.493405341080397 ], [ -73.678490191915202, 45.493371636321697 ], [ -73.680350219112199, 45.491882991030501 ], [ -73.6808957600539, 45.491470080432002 ], [ -73.681189360424895, 45.491262216143099 ], [ -73.681212149530893, 45.491246854733497 ], [ -73.6813266721486, 45.491171726711599 ], [ -73.681443999451602, 45.491098770843898 ], [ -73.681564048453595, 45.491028040344702 ], [ -73.6817663817518, 45.4909170997174 ], [ -73.681975407838294, 45.490812476677803 ], [ -73.682190726947297, 45.490714371592702 ], [ -73.6827415411028, 45.490490586622698 ], [ -73.682843080050205, 45.490440880467403 ], [ -73.683681497767495, 45.490135187052203 ], [ -73.683767703772801, 45.490106454021202 ], [ -73.683854187380703, 45.490078135306703 ], [ -73.683940943486803, 45.490050234515799 ], [ -73.684150687639402, 45.489984839572401 ], [ -73.684361934837895, 45.489921884896901 ], [ -73.6845746275838, 45.489861385871301 ], [ -73.684742879505293, 45.4898155520209 ], [ -73.684911962658703, 45.489771258911397 ], [ -73.685081850216207, 45.489728514681197 ], [ -73.6856203608166, 45.489553963557299 ], [ -73.685835412803499, 45.489456819299797 ], [ -73.683647227848695, 45.487972687105803 ], [ -73.683455476123797, 45.487844292714698 ], [ -73.679337808847507, 45.485072089215997 ], [ -73.677433591784705, 45.483837388116399 ], [ -73.677211996575906, 45.483689462455999 ], [ -73.677590135062601, 45.4823102207368 ], [ -73.677960740893496, 45.480958433587602 ], [ -73.677937300250505, 45.480942547318698 ], [ -73.678415315041306, 45.479198884078798 ], [ -73.679226435791605, 45.476239912269399 ], [ -73.679974133496103, 45.473512110414298 ], [ -73.679999207434605, 45.473521965631903 ], [ -73.681647429412607, 45.467507649479103 ], [ -73.681623986900505, 45.467491754934002 ], [ -73.682805722089398, 45.463178881290297 ], [ -73.683073628778004, 45.463359951145499 ], [ -73.693304721208193, 45.470326214022798 ], [ -73.693451487778006, 45.469791479953201 ], [ -73.693523210867895, 45.469530153174397 ], [ -73.693668207467994, 45.469001848468103 ], [ -73.693818612496798, 45.468453827668 ], [ -73.693966715826903, 45.467914181817498 ], [ -73.694065221052199, 45.467555206140901 ], [ -73.6944161057706, 45.4662764732102 ], [ -73.694858045792699, 45.464663059301103 ], [ -73.695447080939701, 45.465051724534298 ], [ -73.695869652669003, 45.465336824284599 ], [ -73.696090616485094, 45.465485353998801 ], [ -73.697277837251306, 45.466283371716202 ], [ -73.697463259563094, 45.466406953407599 ], [ -73.698525146527999, 45.467114667008801 ], [ -73.702008356871502, 45.469435924112901 ], [ -73.702156532636195, 45.469534661047483 ], [ -73.701297878460593, 45.469353046969488 ], [ -73.700050082198331, 45.46926878740377 ], [ -73.698802897434177, 45.469357416498312 ], [ -73.697604241717642, 45.469615529092067 ], [ -73.69650016937014, 45.470033208280256 ], [ -73.695533103065614, 45.470594406178115 ], [ -73.694740204495929, 45.471277560130972 ], [ -73.694151946591489, 45.472056420766748 ], [ -73.693790942116664, 45.472901060158406 ], [ -73.693671073708899, 45.473779021442439 ], [ -73.693796958940325, 45.474656565789836 ], [ -73.694163771178012, 45.475499968858919 ], [ -73.69475742338382, 45.476276816925072 ], [ -73.695555108047358, 45.476957252859499 ], [ -73.696526172719658, 45.477515124023377 ], [ -73.697633297645396, 45.477928987887857 ], [ -73.698833930287748, 45.478182936645297 ], [ -73.700081921564788, 45.478267209032524 ], [ -73.701329300770823, 45.478178565779018 ], [ -73.702528120754337, 45.477920414201364 ], [ -73.703632302185738, 45.477502677139306 ], [ -73.704599405784066, 45.476941411288387 ], [ -73.705392264179778, 45.476258189648526 ], [ -73.705980410558624, 45.475479271896482 ], [ -73.706341249134994, 45.474634594654788 ], [ -73.706460922527995, 45.473756620549253 ], [ -73.706334842854673, 45.472879090360827 ], [ -73.705993073304441, 45.472093655433966 ], [ -73.707764773821594, 45.473267671538402 ] ], [ [ -73.704540095892995, 45.485011493465869 ], [ -73.703341134887978, 45.485269666081223 ], [ -73.702236799765558, 45.485687400022883 ], [ -73.701269523294883, 45.4862486453043 ], [ -73.700476475244969, 45.486931837452268 ], [ -73.699888134294881, 45.487710725628745 ], [ -73.699527116407594, 45.48855538084949 ], [ -73.699407304745023, 45.489433345642965 ], [ -73.699533314708262, 45.490310881044621 ], [ -73.699900314879599, 45.491154263055009 ], [ -73.700494211005051, 45.491931078756672 ], [ -73.701292186203673, 45.492611472262176 ], [ -73.702263576860759, 45.493169292560843 ], [ -73.703371050689398, 45.49358309907668 ], [ -73.704572041737379, 45.493836986204727 ], [ -73.70582038714042, 45.493921195049985 ], [ -73.707068102574311, 45.493832488784456 ], [ -73.708267227957904, 45.493574277147786 ], [ -73.709371672218879, 45.493156485289866 ], [ -73.710338985972754, 45.492595172014454 ], [ -73.711131993774515, 45.491911912146257 ], [ -73.711720223072476, 45.491132966833042 ], [ -73.712081074901704, 45.490288273757677 ], [ -73.712200691381099, 45.489410296154681 ], [ -73.712074486824449, 45.488532774938747 ], [ -73.711707322274563, 45.487689431949669 ], [ -73.711113317010529, 45.486912674164273 ], [ -73.710315304528706, 45.486232348652756 ], [ -73.709343954119774, 45.485674596074347 ], [ -73.708236591943262, 45.485260846695219 ], [ -73.707035766953339, 45.485006997421792 ], [ -73.705787616733488, 45.48492280138607 ], [ -73.704540095892995, 45.485011493465869 ] ] ], [ [ [ -73.733069985977806, 45.5189561189896 ], [ -73.733318055532806, 45.519111314003503 ], [ -73.733725141182006, 45.519365982929699 ], [ -73.733973527625594, 45.519521364792098 ], [ -73.734115123197199, 45.519609947117701 ], [ -73.734196686834395, 45.519660967143302 ], [ -73.734552270014305, 45.519883413839899 ], [ -73.734743021764999, 45.520002742973503 ], [ -73.734962938711604, 45.520140311777901 ], [ -73.735147475758595, 45.520255746967997 ], [ -73.735332189059605, 45.520371300125802 ], [ -73.735516915616998, 45.520486852955301 ], [ -73.735737049410304, 45.520624556017196 ], [ -73.735900608884194, 45.520726873983499 ], [ -73.735757651790806, 45.5208284494853 ], [ -73.735595550041296, 45.520943627803497 ], [ -73.735575246754905, 45.520958050424703 ], [ -73.735433447611896, 45.521058801497098 ], [ -73.735271332038906, 45.521173979379 ], [ -73.735217999669302, 45.521211875471202 ], [ -73.735109228304907, 45.521289157004098 ], [ -73.735066976034005, 45.521319178586303 ], [ -73.734947123909294, 45.521404334398198 ], [ -73.734915939342301, 45.521426485920102 ], [ -73.734785018852307, 45.521519511561202 ], [ -73.7347649145769, 45.5215337930278 ], [ -73.734618176804304, 45.521638046259397 ], [ -73.734468334966394, 45.521744506940998 ], [ -73.734448317761803, 45.521758722266298 ], [ -73.734306377508005, 45.521859573271001 ], [ -73.734292355440999, 45.521869531908401 ], [ -73.734144419407599, 45.521974643764104 ], [ -73.7341276053222, 45.5219865852917 ], [ -73.733982460628596, 45.522089709632901 ], [ -73.733968338714405, 45.522099734340799 ], [ -73.733807725351994, 45.522213843759701 ], [ -73.733586201454401, 45.522368921823201 ], [ -73.733461508411494, 45.522457438390703 ], [ -73.733458267700101, 45.522459742945401 ], [ -73.733339133378607, 45.522544315610702 ], [ -73.733336827496501, 45.522545959189799 ], [ -73.733178542081603, 45.522658327428303 ], [ -73.733172397119802, 45.522662689784397 ], [ -73.733021415228293, 45.522769871450599 ], [ -73.733013263474007, 45.522775661466802 ], [ -73.732848208561606, 45.522892841026398 ], [ -73.732834759337806, 45.522902389696597 ], [ -73.732683053227902, 45.523010086455898 ], [ -73.732648090051796, 45.523034903267799 ], [ -73.7324614324084, 45.523167420900997 ], [ -73.732435156916594, 45.523186073111297 ], [ -73.732315944758199, 45.523270701975697 ], [ -73.732176466512101, 45.523369715882801 ], [ -73.731991657879703, 45.523495972662502 ], [ -73.731743725657395, 45.523673064094602 ], [ -73.731612511908907, 45.523590432463699 ], [ -73.731596287875107, 45.523580191499001 ], [ -73.731467009810402, 45.523499118072699 ], [ -73.731427736851401, 45.523474068152701 ], [ -73.731321928991207, 45.523407435957701 ], [ -73.731267909682302, 45.523373419081302 ], [ -73.731176640972507, 45.523315935857703 ], [ -73.731128424848507, 45.523285580345302 ], [ -73.731031340941698, 45.523224439989498 ], [ -73.730988952949701, 45.523197741411501 ], [ -73.730886053864793, 45.523132939515101 ], [ -73.730834942817694, 45.523100753141698 ], [ -73.730740767276799, 45.523041443247301 ], [ -73.730651880978499, 45.522985461845003 ], [ -73.730477530525206, 45.522875662439198 ], [ -73.730471439378903, 45.522871830197403 ], [ -73.730303180749999, 45.522765862763997 ], [ -73.730295698424499, 45.5227611501737 ], [ -73.730128844171702, 45.522656067187697 ], [ -73.7301213618574, 45.522651350192 ], [ -73.729954495752693, 45.522546266973301 ], [ -73.7299470134854, 45.522541554359897 ], [ -73.729791841333096, 45.522443824467999 ], [ -73.729772665773595, 45.522431753864403 ], [ -73.728815889725396, 45.521829168979203 ], [ -73.728813784230198, 45.521827846283898 ], [ -73.7287513083118, 45.521788497952201 ], [ -73.728726618743593, 45.521772945181397 ], [ -73.728653226936601, 45.521726724856798 ], [ -73.728532624703405, 45.521650763933494 ], [ -73.729433006505374, 45.521456795051634 ], [ -73.73053783796702, 45.521038799837754 ], [ -73.731505417215715, 45.520477309550628 ], [ -73.732298558609202, 45.519793905821984 ], [ -73.732886784473976, 45.519014855331001 ], [ -73.73294519954014, 45.518878052242243 ], [ -73.733069985977806, 45.5189561189896 ] ] ], [ [ [ -73.673502423561217, 45.500462891435099 ], [ -73.673200147828695, 45.499767549064892 ], [ -73.673208732837537, 45.499704866237721 ], [ -73.673229238347588, 45.499555146724902 ], [ -73.673432573310492, 45.500022895075126 ], [ -73.674026199525059, 45.500799847574143 ], [ -73.67406014980331, 45.50082881010124 ], [ -73.673559879354357, 45.500864228227648 ], [ -73.673502423561217, 45.500462891435099 ] ] ], [ [ [ -73.672988867324761, 45.497947186021946 ], [ -73.672933932130334, 45.497820808572165 ], [ -73.673014827793395, 45.497757637002664 ], [ -73.672988867324761, 45.497947186021946 ] ] ], [ [ [ -73.669440451657508, 45.517204631334067 ], [ -73.668949396424239, 45.517310147055454 ], [ -73.66904040255983, 45.517097631614824 ], [ -73.66904595270853, 45.517057141418853 ], [ -73.669320779439758, 45.517159889908783 ], [ -73.669440451657508, 45.517204631334067 ] ] ], [ [ [ -73.656486655418007, 45.517115518838743 ], [ -73.656853188472496, 45.517959035797226 ], [ -73.657446776053263, 45.518736072057926 ], [ -73.658244613160321, 45.519416763259002 ], [ -73.659216041506497, 45.519974946947414 ], [ -73.660323727370894, 45.520389168577026 ], [ -73.661525096658934, 45.520643506582559 ], [ -73.662773971967297, 45.520728184732974 ], [ -73.664022348595608, 45.520639948156273 ], [ -73.664900578874125, 45.520451287658958 ], [ -73.664809552738788, 45.520663802433639 ], [ -73.664689134575994, 45.521541726705571 ], [ -73.664814678276016, 45.522419296105554 ], [ -73.664976022995361, 45.522790431830281 ], [ -73.664554626815601, 45.52294954754403 ], [ -73.663586337699613, 45.523510471467482 ], [ -73.662792310980251, 45.524193398873066 ], [ -73.662203062935347, 45.524972089103152 ], [ -73.661841244386366, 45.525816620788831 ], [ -73.661720769274041, 45.526694541214873 ], [ -73.661846278514204, 45.527572113129935 ], [ -73.662212959956577, 45.528415611137504 ], [ -73.662806731622965, 45.529192617865583 ], [ -73.663110207874695, 45.529451451061014 ], [ -73.662876840022861, 45.529759826201769 ], [ -73.662847515887577, 45.529828268815507 ], [ -73.661912999911394, 45.529555863715601 ], [ -73.661130564033684, 45.529327756028628 ], [ -73.661048563656564, 45.528754375311735 ], [ -73.660681897392237, 45.527910873596056 ], [ -73.660088168484435, 45.527133855590328 ], [ -73.659290199840257, 45.526453178365699 ], [ -73.658318659091222, 45.525894996093932 ], [ -73.657210879727614, 45.525480755546667 ], [ -73.656009426740113, 45.525226372495489 ], [ -73.654760461837611, 45.525141620573862 ], [ -73.65351197091772, 45.525229756011221 ], [ -73.652311921688408, 45.525487392610415 ], [ -73.651206421984952, 45.525904631755942 ], [ -73.650874204847455, 45.526097007787442 ], [ -73.651256945340293, 45.525441476815303 ], [ -73.651866662338904, 45.524375121869397 ], [ -73.651965294934996, 45.524207922858501 ], [ -73.652194206953595, 45.523819869952497 ], [ -73.652574390519703, 45.523175370814499 ], [ -73.652768198611994, 45.522846815094397 ], [ -73.654545455223797, 45.519999205426302 ], [ -73.654528101278601, 45.519993431231597 ], [ -73.654543121630894, 45.519971121864998 ], [ -73.654601266373504, 45.519869318928301 ], [ -73.654746610685194, 45.519614815521898 ], [ -73.654836880627698, 45.519522262487797 ], [ -73.654857105598296, 45.519492585328202 ], [ -73.655007939670696, 45.5192713925249 ], [ -73.655026862695905, 45.519243119952101 ], [ -73.655428143356801, 45.518654986871198 ], [ -73.65648424033742, 45.51709861782323 ], [ -73.656486655418007, 45.517115518838743 ] ] ], [ [ [ -73.660054179384943, 45.511517497633243 ], [ -73.661302850641391, 45.511602192279646 ], [ -73.662551027881946, 45.511513971913217 ], [ -73.663750733264379, 45.511256227592824 ], [ -73.664855853408255, 45.510838866503832 ], [ -73.665823912933917, 45.510277930893096 ], [ -73.666617707716483, 45.509594981072617 ], [ -73.667172643526598, 45.508861336338121 ], [ -73.667377655189028, 45.50868494609923 ], [ -73.667598288597617, 45.508393249561671 ], [ -73.667894457125939, 45.509074607660445 ], [ -73.668241728519391, 45.509529126189534 ], [ -73.668089503277074, 45.509617341242347 ], [ -73.667295726010082, 45.51030030126288 ], [ -73.667200375640149, 45.510426354825924 ], [ -73.666900707113442, 45.510684183032943 ], [ -73.666311656249846, 45.511462896025954 ], [ -73.665949985198438, 45.512307442522271 ], [ -73.665944433613021, 45.512347929021622 ], [ -73.665197914180368, 45.512068776881812 ], [ -73.663996711010157, 45.511814476889278 ], [ -73.66274803110025, 45.511729811704889 ], [ -73.661499849403384, 45.511818034226671 ], [ -73.660300121752755, 45.512075754912054 ], [ -73.659521735098139, 45.51236967494161 ], [ -73.659605746955293, 45.512234218443602 ], [ -73.659652442390694, 45.512158936328198 ], [ -73.6596991338495, 45.5120836496991 ], [ -73.659745825184004, 45.5120083630501 ], [ -73.659792518969297, 45.511933081776597 ], [ -73.659839210055196, 45.511857795087799 ], [ -73.659886715251105, 45.511772199552702 ], [ -73.659996128259394, 45.511608102396202 ], [ -73.660053534054271, 45.511517360980854 ], [ -73.660054179384943, 45.511517497633243 ] ] ] ] } },
{ "type": "Feature", "properties": { "arrondissement": "Verdun", "pct_couverture": 45.1, "nb_bornes": 135 }, "geometry": { "type": "MultiPolygon", "coordinates": [ [ [ [ -73.598986539977517, 45.437819365803797 ], [ -73.599044748223704, 45.43795385801608 ], [ -73.594545309428796, 45.443221763760299 ], [ -73.594439811553144, 45.443429387121682 ], [ -73.593344698072428, 45.443506223352202 ], [ -73.592146106899094, 45.443763230422995 ], [ -73.591980709922623, 45.443825633403712 ], [ -73.592025278322907, 45.443721783224404 ], [ -73.592146661393173, 45.442843922801565 ], [ -73.592022424284096, 45.441966260253878 ], [ -73.591998035669988, 45.441909894406578 ], [ -73.592038044283598, 45.441875496234694 ], [ -73.59262739568176, 45.441097156500241 ], [ -73.592989708805845, 45.440252831089943 ], [ -73.593111069565836, 45.439374969124621 ], [ -73.593036778324873, 45.438850175879395 ], [ -73.59316952192286, 45.438540821621118 ], [ -73.593290876266764, 45.43766295920566 ], [ -73.59316663291861, 45.436785297108081 ], [ -73.593028492990271, 45.43646602110725 ], [ -73.593130661850196, 45.436482198322103 ], [ -73.593161750854904, 45.436487120815201 ], [ -73.5933206855821, 45.436512285062499 ], [ -73.593328364160001, 45.436513500790099 ], [ -73.593494977621404, 45.436539881421602 ], [ -73.593512610625098, 45.436542673180803 ], [ -73.593661591236298, 45.436566260909999 ], [ -73.593704915199794, 45.436573120415403 ], [ -73.593828206285593, 45.436592641053899 ], [ -73.593894940691797, 45.436603206738504 ], [ -73.593998619880395, 45.436619621630499 ], [ -73.594086486509596, 45.436633533283697 ], [ -73.594164188670604, 45.4366458354922 ], [ -73.594278031510498, 45.4366638600481 ], [ -73.594412343338902, 45.436685125403599 ], [ -73.594468056204605, 45.436693945597902 ], [ -73.594581466209803, 45.436711900110602 ], [ -73.594658082376696, 45.436724029930403 ], [ -73.594750589241698, 45.436738675466799 ], [ -73.594848108879106, 45.436754114576203 ], [ -73.594919712433196, 45.436765450572402 ], [ -73.595038135711803, 45.436784199445398 ], [ -73.595088835785802, 45.436792226327199 ], [ -73.595228160188498, 45.436814283370303 ], [ -73.595257959296504, 45.436819000931401 ], [ -73.595418187295195, 45.4368443669768 ], [ -73.595427082966694, 45.436845775285001 ], [ -73.595596208074696, 45.436872549386798 ], [ -73.5956192607226, 45.436876198884399 ], [ -73.595765330785895, 45.436899323240198 ], [ -73.595816195864501, 45.436907375846403 ], [ -73.595934454936398, 45.436926097741598 ], [ -73.596015508088598, 45.436938928499004 ], [ -73.596103579243405, 45.436952870192698 ], [ -73.596213410472004, 45.436970258107699 ], [ -73.596272703714504, 45.436979645092698 ], [ -73.596412076085201, 45.437001707399503 ], [ -73.596441828340602, 45.437006417042397 ], [ -73.596610953127794, 45.437033189641298 ], [ -73.596615344930498, 45.437033884842897 ], [ -73.596780078074602, 45.437059961989597 ], [ -73.596819936752595, 45.437066271548701 ], [ -73.596949203180898, 45.437086734087202 ], [ -73.597022142339696, 45.437098280086701 ], [ -73.597118328446797, 45.4371135059341 ], [ -73.597287453873705, 45.437140278430199 ], [ -73.597302684924898, 45.437142689391997 ], [ -73.597456579458694, 45.437167049775802 ], [ -73.597713626741907, 45.437207336179597 ], [ -73.597742161758504, 45.437211748763303 ], [ -73.597979653712002, 45.4372484736624 ], [ -73.597983854298207, 45.437248778708899 ], [ -73.598930688471555, 45.437425111660417 ], [ -73.598986539977517, 45.437819365803797 ] ] ], [ [ [ -73.581582577350119, 45.435172262274449 ], [ -73.580993135584833, 45.435950545895665 ], [ -73.580630670932848, 45.436794833996409 ], [ -73.580511192761321, 45.437657728521337 ], [ -73.579822689959073, 45.438056333840372 ], [ -73.579028848541782, 45.438738689118544 ], [ -73.578439334585752, 45.439516959121939 ], [ -73.578076809073934, 45.440361238629976 ], [ -73.577955213053556, 45.441239084625536 ], [ -73.578079230459878, 45.442116762731274 ], [ -73.578444106430098, 45.442960543488056 ], [ -73.578663696656406, 45.443249060029871 ], [ -73.578006898153419, 45.443295053958437 ], [ -73.576890705363198, 45.443534229937534 ], [ -73.576241122033849, 45.44315968930087 ], [ -73.575135564330111, 45.442744645354104 ], [ -73.573936237494252, 45.442489394024427 ], [ -73.572689221588249, 45.442403742305757 ], [ -73.571442427665701, 45.442490980992844 ], [ -73.570243758261256, 45.442747758332281 ], [ -73.569139268205859, 45.443164208709874 ], [ -73.568171396190237, 45.443724331446553 ], [ -73.567377334820108, 45.444406605197209 ], [ -73.566787601656429, 45.445184814416699 ], [ -73.566424866103958, 45.446029056222272 ], [ -73.566303077281816, 45.44690688904798 ], [ -73.566426926536863, 45.447784579024948 ], [ -73.566791665472508, 45.448628396239933 ], [ -73.567372723553817, 45.449392028822245 ], [ -73.566501658070962, 45.449452932081378 ], [ -73.565302818772977, 45.449709657353417 ], [ -73.564198156494854, 45.450126059539855 ], [ -73.563230116541718, 45.450686139813882 ], [ -73.562435897970246, 45.451368378462931 ], [ -73.56184602438131, 45.45214656129194 ], [ -73.561516078397304, 45.452914222238547 ], [ -73.560627014716957, 45.453104559391072 ], [ -73.559522251734393, 45.453520916161267 ], [ -73.558554107413926, 45.454080956525999 ], [ -73.557759784820746, 45.454763162306676 ], [ -73.557559927338431, 45.455026768744304 ], [ -73.557491389122418, 45.455001030448237 ], [ -73.556291881865761, 45.454745594499052 ], [ -73.555044622371241, 45.454659750454645 ], [ -73.553797531047664, 45.454746796497027 ], [ -73.553348181919276, 45.454842958637499 ], [ -73.55348915427885, 45.454761424937416 ], [ -73.554283528366611, 45.454079248830269 ], [ -73.554873526118499, 45.45330110526092 ], [ -73.555183934150776, 45.452579119989394 ], [ -73.555569078706526, 45.452356343953838 ], [ -73.556363393968553, 45.451674153121949 ], [ -73.556953338063764, 45.450895998506766 ], [ -73.557316246061603, 45.45005178741723 ], [ -73.557438181007981, 45.449173964587388 ], [ -73.557314468083547, 45.448296265012466 ], [ -73.556949872568552, 45.447452417417033 ], [ -73.556358415031895, 45.446674848197617 ], [ -73.555562831102861, 45.445993435628573 ], [ -73.554593696803138, 45.445434362155268 ], [ -73.553488253196448, 45.445019108804651 ], [ -73.552288975574285, 45.444763630267694 ], [ -73.551041942111269, 45.444677742266165 ], [ -73.549795064536056, 45.444764744670806 ], [ -73.548596248595004, 45.445021294804398 ], [ -73.547491554744198, 45.445437535780755 ], [ -73.546523429497825, 45.445997474966013 ], [ -73.545729075184042, 45.446679598068258 ], [ -73.545139020612837, 45.447457695332858 ], [ -73.544828513221034, 45.448179648913879 ], [ -73.544443353989763, 45.448402393985646 ], [ -73.543648940860251, 45.449084502356051 ], [ -73.543058832631104, 45.449862588566056 ], [ -73.542695713113929, 45.450706754463177 ], [ -73.542573546180265, 45.45158456140279 ], [ -73.542697037708351, 45.452462276515412 ], [ -73.542821047329468, 45.45274945097038 ], [ -73.542481417976106, 45.452877384823488 ], [ -73.541513115893906, 45.453437280875391 ], [ -73.540978807104125, 45.453895980108612 ], [ -73.540273153128979, 45.454161766925736 ], [ -73.539304807211195, 45.45472164414641 ], [ -73.538510243445131, 45.455403716071196 ], [ -73.537919998687997, 45.456181774913638 ], [ -73.537556761998431, 45.457025923574221 ], [ -73.53743450175277, 45.457903724072033 ], [ -73.537557927418391, 45.458781443786314 ], [ -73.53789645858825, 45.45956548665194 ], [ -73.537836595414817, 45.459995296664999 ], [ -73.537848214231389, 45.460077914500658 ], [ -73.537060798403317, 45.460533108663512 ], [ -73.536266125992313, 45.461215164315547 ], [ -73.535675789776548, 45.461993210794724 ], [ -73.535312482330468, 45.462837351477553 ], [ -73.535190174751889, 45.463715148690468 ], [ -73.535313578330388, 45.464592869939565 ], [ -73.535677961808886, 45.46543678411529 ], [ -73.536269331517062, 45.466214457877761 ], [ -73.537064967711515, 45.46689600238529 ], [ -73.538034296728625, 45.467455222404453 ], [ -73.539140065579389, 45.467870623565886 ], [ -73.540339773898395, 45.468126238968502 ], [ -73.541587308166498, 45.468212243276 ], [ -73.542035286519749, 45.468181030543839 ], [ -73.542067260741419, 45.468408240216299 ], [ -73.542431769605287, 45.469252132236555 ], [ -73.543023272094359, 45.470029770463562 ], [ -73.543819043361424, 45.470711267420114 ], [ -73.544788504549729, 45.471270429699317 ], [ -73.54589439758783, 45.471685765150518 ], [ -73.547094217334248, 45.471941309398083 ], [ -73.547631828209333, 45.471978337355566 ], [ -73.546020994702403, 45.473117971633499 ], [ -73.542846968624204, 45.474898016986501 ], [ -73.542059974065893, 45.475346026773003 ], [ -73.540930990139998, 45.475865968273403 ], [ -73.539167037911099, 45.476469992813001 ], [ -73.538909028400695, 45.476534966272602 ], [ -73.538444972269104, 45.476593978805496 ], [ -73.538162972495101, 45.476600013258903 ], [ -73.537773988144593, 45.476594022692296 ], [ -73.5373840343171, 45.476558964253698 ], [ -73.536838032225504, 45.476503975606597 ], [ -73.536116043074202, 45.476426001338297 ], [ -73.535551042726496, 45.476354004530698 ], [ -73.535398050653299, 45.4763259741095 ], [ -73.534904993987894, 45.4762380217919 ], [ -73.534184017053093, 45.4760810212085 ], [ -73.529715200947393, 45.4750679649689 ], [ -73.521674100551493, 45.473244558563898 ], [ -73.521619167155293, 45.473129727226997 ], [ -73.521564358947202, 45.473014865968999 ], [ -73.521509675975807, 45.472899974890801 ], [ -73.521455118289396, 45.472785054093897 ], [ -73.521400685936101, 45.472670103679398 ], [ -73.521346378963798, 45.472555123748798 ], [ -73.521292197420095, 45.472440114403199 ], [ -73.521238141352597, 45.472325075744202 ], [ -73.5211842108084, 45.472210007873301 ], [ -73.521130405834597, 45.472094910892103 ], [ -73.521076726477801, 45.471979784901997 ], [ -73.521023172784794, 45.471864630004703 ], [ -73.520969744801803, 45.471749446301899 ], [ -73.520916442575, 45.471634233895401 ], [ -73.520863266150101, 45.471518992886899 ], [ -73.520810215573107, 45.471403723378302 ], [ -73.520757290889094, 45.4712884254714 ], [ -73.520704492143494, 45.471173099268199 ], [ -73.5206518193813, 45.471057744870599 ], [ -73.520599272647303, 45.470942362380697 ], [ -73.520482358048994, 45.470697537209297 ], [ -73.520368456453795, 45.470451916128297 ], [ -73.520257583906798, 45.470205526678697 ], [ -73.5201497557739, 45.469958396611801 ], [ -73.5200449867353, 45.4697105538798 ], [ -73.519943290778201, 45.469462026624797 ], [ -73.519844681191401, 45.469212843168002 ], [ -73.519749170559294, 45.4689630319995 ], [ -73.519656770756598, 45.468712621766898 ], [ -73.519567492943494, 45.468461641264803 ], [ -73.519481347560998, 45.468210119423503 ], [ -73.519398344327399, 45.467958085298001 ], [ -73.519318492233694, 45.467705568056601 ], [ -73.519241799541305, 45.467452596970098 ], [ -73.519168273778803, 45.467199201400199 ], [ -73.519097921739402, 45.466945410787901 ], [ -73.519030749479398, 45.466691254642498 ], [ -73.518966762316197, 45.466436762530499 ], [ -73.518905964827496, 45.466181964063097 ], [ -73.518848360850797, 45.465926888885797 ], [ -73.5188389999539, 45.465847013397799 ], [ -73.518830468870803, 45.465767072470797 ], [ -73.518822768854307, 45.465687072505602 ], [ -73.518815901024695, 45.465607019918203 ], [ -73.5188098663685, 45.465526921137503 ], [ -73.518804665738699, 45.465446782604602 ], [ -73.518800299853893, 45.465366610769799 ], [ -73.518796769298703, 45.465286412092098 ], [ -73.518794074522802, 45.465206193036501 ], [ -73.518792215841202, 45.465125960072598 ], [ -73.518791193433998, 45.465045719673498 ], [ -73.518791007346493, 45.464965478312799 ], [ -73.518791657488805, 45.464885242464 ], [ -73.518793143636302, 45.464805018598199 ], [ -73.518795465429704, 45.464724813182201 ], [ -73.518798622374902, 45.464644632677299 ], [ -73.518802613843405, 45.464564483537302 ], [ -73.518807439072603, 45.464484372206599 ], [ -73.518813097166301, 45.464404305118698 ], [ -73.518819587094498, 45.464324288694598 ], [ -73.518842887263503, 45.464143346394799 ], [ -73.518866760025105, 45.463962436989497 ], [ -73.518891205232606, 45.463781561824703 ], [ -73.518916222730695, 45.463600722245801 ], [ -73.518941812355806, 45.463419919598202 ], [ -73.518967973935801, 45.463239155226503 ], [ -73.518994707289806, 45.463058430474803 ], [ -73.519022012228703, 45.462877746686601 ], [ -73.519049888554704, 45.462697105205102 ], [ -73.519078336061796, 45.462516507372598 ], [ -73.519107354535194, 45.462335954531 ], [ -73.519136943751704, 45.4621554480212 ], [ -73.519167103479802, 45.461974989183702 ], [ -73.519197833479396, 45.461794579358198 ], [ -73.519229133501796, 45.461614219883401 ], [ -73.519261003290097, 45.461433912097597 ], [ -73.5192934425788, 45.461253657337799 ], [ -73.519326451093903, 45.461073456940298 ], [ -73.519360028553294, 45.4608933122407 ], [ -73.519394174666004, 45.460713224573396 ], [ -73.519413824717404, 45.460612257465499 ], [ -73.519433512318301, 45.460511294088299 ], [ -73.519453275088196, 45.460410338177802 ], [ -73.519473150646107, 45.460309393469799 ], [ -73.519493176610794, 45.460208463700098 ], [ -73.519513390601006, 45.460107552604597 ], [ -73.519533829635705, 45.460006663863197 ], [ -73.519554509966198, 45.459905799217701 ], [ -73.519575422244699, 45.459804958021699 ], [ -73.519596555544695, 45.459704139481303 ], [ -73.519617898939799, 45.459603342802303 ], [ -73.5196394415035, 45.459502567191002 ], [ -73.519661172279498, 45.459401811849197 ], [ -73.519683075201399, 45.459301075286398 ], [ -73.519705123371196, 45.4592003545431 ], [ -73.519727288509699, 45.459099646473099 ], [ -73.519749542337905, 45.4589989479298 ], [ -73.519771856576995, 45.458898255766798 ], [ -73.519794202948503, 45.458797566837902 ], [ -73.519816567309306, 45.458696879611402 ], [ -73.519838993033801, 45.458596199127598 ], [ -73.519861538123493, 45.458495532097899 ], [ -73.519884260579403, 45.458394885233503 ], [ -73.519907218402295, 45.458294265245698 ], [ -73.519930469592396, 45.458193678845703 ], [ -73.519954065503597, 45.458093132017197 ], [ -73.519978007088397, 45.457992625228798 ], [ -73.520002272196606, 45.457892156420399 ], [ -73.520026838558096, 45.457791723519001 ], [ -73.520051683902906, 45.457691324451602 ], [ -73.520076785960995, 45.4575909571452 ], [ -73.5201021221677, 45.457490619463101 ], [ -73.520127665117101, 45.457390308220297 ], [ -73.520153383444395, 45.4572900193753 ], [ -73.520179245669098, 45.457189748861097 ], [ -73.520205220310601, 45.457089492610798 ], [ -73.520231275888804, 45.456989246557796 ], [ -73.520257381514895, 45.456889006713801 ], [ -73.520283534552505, 45.456788772838799 ], [ -73.520309772442701, 45.456688550011201 ], [ -73.520336135673602, 45.456588343712902 ], [ -73.5203626647329, 45.4564881594263 ], [ -73.520389400108201, 45.456388002633503 ], [ -73.5204163822428, 45.456287878810699 ], [ -73.520443633553995, 45.456187791037998 ], [ -73.520471130780507, 45.456087736322601 ], [ -73.520498843534796, 45.4559877107246 ], [ -73.520526741429407, 45.455887710303998 ], [ -73.520554794077199, 45.455787731120701 ], [ -73.520582971091102, 45.455687769234899 ], [ -73.520611248537705, 45.4555878215767 ], [ -73.520639634264299, 45.455487889360803 ], [ -73.520668145885296, 45.455387975118903 ], [ -73.520696801017095, 45.455288081382903 ], [ -73.520725617276497, 45.455188210684703 ], [ -73.520754612279902, 45.455088365556001 ], [ -73.520783802931902, 45.454988548449002 ], [ -73.520813199311405, 45.45488876105 ], [ -73.5208428076958, 45.454789004618803 ], [ -73.520872634321094, 45.454689280410797 ], [ -73.520902685423394, 45.454589589681099 ], [ -73.520932967238707, 45.454489933684897 ], [ -73.520963485423493, 45.454390313584703 ], [ -73.520994233219, 45.454290728552003 ], [ -73.521025191938406, 45.4541911758458 ], [ -73.521056342413303, 45.454091652648103 ], [ -73.521087665475207, 45.453992156140401 ], [ -73.521119141955893, 45.453892683504797 ], [ -73.521150752828206, 45.453793231945198 ], [ -73.521182490356296, 45.453693800428503 ], [ -73.521214366165395, 45.453594390945497 ], [ -73.521246393784196, 45.453495005784099 ], [ -73.521278586741204, 45.453395647232099 ], [ -73.521310958564996, 45.453296317577397 ], [ -73.521343522781194, 45.453197019107201 ], [ -73.521376287652302, 45.453097753270697 ], [ -73.5214092451656, 45.452998518923899 ], [ -73.521442384171905, 45.452899314423703 ], [ -73.521475693522504, 45.452800138126499 ], [ -73.521509162068398, 45.452700988389203 ], [ -73.521542778661001, 45.452601863568397 ], [ -73.521576533461001, 45.452502762212703 ], [ -73.521610424129605, 45.452403683971198 ], [ -73.521644450993307, 45.452304628883603 ], [ -73.5216786143815, 45.452205596990098 ], [ -73.521712914623706, 45.452106588330899 ], [ -73.521747352049701, 45.452007602946502 ], [ -73.521781928458296, 45.451908641157999 ], [ -73.521816662809997, 45.451809706572 ], [ -73.521851585175597, 45.4517108049209 ], [ -73.521886725812493, 45.451611941973098 ], [ -73.521922114977798, 45.451513123496902 ], [ -73.521957782928695, 45.451414355260901 ], [ -73.521993758770606, 45.451315642819701 ], [ -73.522030038348007, 45.451216985563399 ], [ -73.522066579973, 45.451118375925503 ], [ -73.522103339948899, 45.451019805967199 ], [ -73.522140274578902, 45.450921267749798 ], [ -73.522177340166806, 45.450822753334499 ], [ -73.522214493016506, 45.4507242547826 ], [ -73.522251688379299, 45.450625765215001 ], [ -73.522613158638507, 45.449514629696999 ], [ -73.523224095159307, 45.447875718933503 ], [ -73.524168738266297, 45.445764626930497 ], [ -73.526029583741007, 45.442292432847502 ], [ -73.527390685317002, 45.440153497393702 ], [ -73.528363084651801, 45.438875703569302 ], [ -73.529696508817494, 45.4371535106648 ], [ -73.531252084796506, 45.435431240207997 ], [ -73.533474340673493, 45.4331534906812 ], [ -73.534807796572096, 45.4319590504142 ], [ -73.536307911783496, 45.430681295939102 ], [ -73.5388077624484, 45.428736780773299 ], [ -73.539335517385993, 45.428375722475899 ], [ -73.539797943820801, 45.428049341451697 ], [ -73.582090985227495, 45.43473519853039 ], [ -73.581582577350119, 45.435172262274449 ] ] ], [ [ [ -73.554610238870069, 45.468402932317204 ], [ -73.554732255099879, 45.467525115170382 ], [ -73.554621965748467, 45.466742641065935 ], [ -73.55500688127708, 45.466235093889807 ], [ -73.555369916518913, 45.46539089120111 ], [ -73.555491914503762, 45.464513072786559 ], [ -73.555368323390113, 45.463636263055939 ], [ -73.55630066449163, 45.463571186275502 ], [ -73.556705108590293, 45.46348463284086 ], [ -73.556774792856601, 45.463645875003948 ], [ -73.55736643377989, 45.46442343965775 ], [ -73.558162298836208, 45.465104837317682 ], [ -73.559131805558025, 45.465663878392952 ], [ -73.559825748544597, 45.465924413726938 ], [ -73.559503411424103, 45.466349515207305 ], [ -73.559140431755637, 45.467193730862675 ], [ -73.559018484662829, 45.468071552734628 ], [ -73.559142267586466, 45.468949247377196 ], [ -73.559278813562841, 45.469265127261153 ], [ -73.558982327912858, 45.469954652774234 ], [ -73.558896714565762, 45.470570887746952 ], [ -73.558785493898398, 45.470529220596298 ], [ -73.556289819745103, 45.469594181981499 ], [ -73.554402114400318, 45.468886862797717 ], [ -73.554610238870069, 45.468402932317204 ] ] ] ] } },
{ "type": "Feature", "properties": { "arrondissement": "Mont-Royal", "pct_couverture": 48.2, "nb_bornes": 44 }, "geometry": { "type": "MultiPolygon", "coordinates": [ [ [ [ -73.677433591784705, 45.483837388116399 ], [ -73.679337808847507, 45.485072089215997 ], [ -73.683455476123797, 45.487844292714698 ], [ -73.683647227848695, 45.487972687105803 ], [ -73.685835412803499, 45.489456819299797 ], [ -73.6856203608166, 45.489553963557299 ], [ -73.685081850216207, 45.489728514681197 ], [ -73.684911962658703, 45.489771258911397 ], [ -73.684742879505293, 45.4898155520209 ], [ -73.6845746275838, 45.489861385871301 ], [ -73.684361934837895, 45.489921884896901 ], [ -73.684150687639402, 45.489984839572401 ], [ -73.683940943486803, 45.490050234515799 ], [ -73.683854187380703, 45.490078135306703 ], [ -73.683767703772801, 45.490106454021202 ], [ -73.683681497767495, 45.490135187052203 ], [ -73.682843080050205, 45.490440880467403 ], [ -73.6827415411028, 45.490490586622698 ], [ -73.682190726947297, 45.490714371592702 ], [ -73.681975407838294, 45.490812476677803 ], [ -73.6817663817518, 45.4909170997174 ], [ -73.681564048453595, 45.491028040344702 ], [ -73.681443999451602, 45.491098770843898 ], [ -73.6813266721486, 45.491171726711599 ], [ -73.681212149530893, 45.491246854733497 ], [ -73.681189360424895, 45.491262216143099 ], [ -73.6808957600539, 45.491470080432002 ], [ -73.680350219112199, 45.491882991030501 ], [ -73.678490191915202, 45.493371636321697 ], [ -73.678543626608203, 45.493405341080397 ], [ -73.677897702632308, 45.493919537732758 ], [ -73.676876689306724, 45.494139099595209 ], [ -73.675771984640548, 45.494556577584625 ], [ -73.674804293090205, 45.49511759850521 ], [ -73.674010800364115, 45.49580060650603 ], [ -73.673422002220278, 45.496579357827962 ], [ -73.673060532185104, 45.497423928749889 ], [ -73.673014827793395, 45.497757637002664 ], [ -73.672933932130334, 45.497820808572165 ], [ -73.672785543554596, 45.497479443260303 ], [ -73.672191969408175, 45.496702483784645 ], [ -73.671394286111891, 45.496021887058205 ], [ -73.670423150323103, 45.495463804162988 ], [ -73.669315879968394, 45.495049678056198 ], [ -73.668115020483427, 45.49479542011634 ], [ -73.66686671078142, 45.494710799173184 ], [ -73.666114963840698, 45.494763976509773 ], [ -73.665555217343709, 45.494645447401574 ], [ -73.664306914710735, 45.494560798472577 ], [ -73.663059114762049, 45.494649037766401 ], [ -73.661859758670644, 45.494906775095743 ], [ -73.660754927652135, 45.495324107973239 ], [ -73.660337970538279, 45.495565744260439 ], [ -73.66048683925294, 45.495218108502144 ], [ -73.660607267764789, 45.494340184585816 ], [ -73.660481853035293, 45.493462606057051 ], [ -73.660115425761788, 45.492619096967807 ], [ -73.65952207690485, 45.491842070685969 ], [ -73.659445273289847, 45.491776513779321 ], [ -73.664739931581394, 45.487635043544998 ], [ -73.664765968943399, 45.487614672557903 ], [ -73.665429052079205, 45.487095885770898 ], [ -73.665860065817895, 45.486758659583003 ], [ -73.666184945859399, 45.4867664184574 ], [ -73.6680415376604, 45.486810740322099 ], [ -73.668216772528297, 45.486920627413099 ], [ -73.668327765590405, 45.4869871966009 ], [ -73.669505484352698, 45.487731351453199 ], [ -73.669698287739195, 45.487852447668303 ], [ -73.671217887896603, 45.488806828213697 ], [ -73.672344290558698, 45.489514272142699 ], [ -73.672537056348304, 45.489635433886001 ], [ -73.675073032616595, 45.491227890810499 ], [ -73.675134823375004, 45.491266694173902 ], [ -73.676455567850198, 45.486451341443903 ], [ -73.677002372752199, 45.484454867543299 ], [ -73.677211996575906, 45.483689462455999 ], [ -73.677433591784705, 45.483837388116399 ] ] ], [ [ [ -73.659996128259394, 45.511608102396202 ], [ -73.659886715251105, 45.511772199552702 ], [ -73.659839210055196, 45.511857795087799 ], [ -73.659792518969297, 45.511933081776597 ], [ -73.659745825184004, 45.5120083630501 ], [ -73.6596991338495, 45.5120836496991 ], [ -73.659652442390694, 45.512158936328198 ], [ -73.659605746955293, 45.512234218443602 ], [ -73.659521735098139, 45.51236967494161 ], [ -73.659194943634006, 45.512493071914349 ], [ -73.658226780188343, 45.513053951268276 ], [ -73.657432835250034, 45.513736842565017 ], [ -73.656843621950642, 45.514515506533421 ], [ -73.656481789771064, 45.515360022813141 ], [ -73.656361253169422, 45.516237939281083 ], [ -73.65648424033742, 45.51709861782323 ], [ -73.655428143356801, 45.518654986871198 ], [ -73.655026862695905, 45.519243119952101 ], [ -73.655007939670696, 45.5192713925249 ], [ -73.654857105598296, 45.519492585328202 ], [ -73.654836880627698, 45.519522262487797 ], [ -73.654746610685194, 45.519614815521898 ], [ -73.654601266373504, 45.519869318928301 ], [ -73.654543121630894, 45.519971121864998 ], [ -73.654528101278601, 45.519993431231597 ], [ -73.654545455223797, 45.519999205426302 ], [ -73.652768198611994, 45.522846815094397 ], [ -73.652574390519703, 45.523175370814499 ], [ -73.652194206953595, 45.523819869952497 ], [ -73.651965294934996, 45.524207922858501 ], [ -73.651866662338904, 45.524375121869397 ], [ -73.651256945340293, 45.525441476815303 ], [ -73.650874204847455, 45.526097007787442 ], [ -73.650237949299637, 45.52646544247515 ], [ -73.649443719345896, 45.527148276998354 ], [ -73.648854256206562, 45.527926898238327 ], [ -73.648492218965444, 45.528771387479125 ], [ -73.648371529965871, 45.529649293639082 ], [ -73.648457562958782, 45.530251818257689 ], [ -73.64820369691509, 45.530695975000434 ], [ -73.647593850759932, 45.530345530721419 ], [ -73.646978964564752, 45.530115545869833 ], [ -73.647131477576067, 45.529759832750798 ], [ -73.647252186101952, 45.528881927893693 ], [ -73.647126900792927, 45.528004339867373 ], [ -73.646760447394072, 45.527160793090374 ], [ -73.646166917890028, 45.526383702378389 ], [ -73.645369127529534, 45.525702927598196 ], [ -73.644397737098444, 45.525144626671164 ], [ -73.643290074316184, 45.5247302509284 ], [ -73.642088699698348, 45.524475721335506 ], [ -73.640839771945721, 45.524390817155279 ], [ -73.639591275529796, 45.524478800465722 ], [ -73.638647117998872, 45.52468137701792 ], [ -73.638387053066666, 45.524459412722713 ], [ -73.637415752990137, 45.523901052195569 ], [ -73.636308165733979, 45.523486608573734 ], [ -73.635106848914219, 45.523232005430728 ], [ -73.633857959012687, 45.523147024854822 ], [ -73.632609479047616, 45.523234931858575 ], [ -73.631451991668953, 45.523483208197113 ], [ -73.630974262293122, 45.522857407465416 ], [ -73.630298614486961, 45.522280601176824 ], [ -73.630417444150169, 45.522255114745228 ], [ -73.631523026564565, 45.521838076428935 ], [ -73.63249160626593, 45.52127742380118 ], [ -73.633285959124322, 45.520594706299313 ], [ -73.633875560869853, 45.519816164235237 ], [ -73.63423775977779, 45.518971719806849 ], [ -73.634358646195864, 45.518093826708174 ], [ -73.63430807446781, 45.517738942973672 ], [ -73.634830387315034, 45.518184839660975 ], [ -73.635801563384888, 45.518743222874633 ], [ -73.636909053784336, 45.519157671866253 ], [ -73.638110291938943, 45.519412256330746 ], [ -73.639359105490797, 45.519497190562141 ], [ -73.640607492115393, 45.519409209842927 ], [ -73.641807465917523, 45.519151696018483 ], [ -73.642912903192538, 45.518734547413445 ], [ -73.643148982068709, 45.518597848461042 ], [ -73.644215508710616, 45.518368944571854 ], [ -73.645320912821433, 45.517951772647287 ], [ -73.646289288615222, 45.517391002896396 ], [ -73.647083419804233, 45.516708189257571 ], [ -73.64767279064236, 45.515929575736067 ], [ -73.648034758282051, 45.515085087273988 ], [ -73.648155421959757, 45.514207179254925 ], [ -73.648084183800549, 45.513708099329641 ], [ -73.648118437159155, 45.513458881427603 ], [ -73.647993173219191, 45.512581291946262 ], [ -73.64762680757083, 45.511737745552473 ], [ -73.647033428818688, 45.510960657048223 ], [ -73.646235846412864, 45.510279886217148 ], [ -73.64526471314548, 45.509721590830935 ], [ -73.644157346854811, 45.509307222009852 ], [ -73.642956296667293, 45.509052700455385 ], [ -73.641707708823461, 45.508967805122701 ], [ -73.64045955474127, 45.509055797750399 ], [ -73.640330147556597, 45.509083571788466 ], [ -73.6408385241389, 45.5084973438967 ], [ -73.640968940038903, 45.508351261838399 ], [ -73.641300284734697, 45.5079677428567 ], [ -73.641324588034294, 45.507939614688901 ], [ -73.641429904110595, 45.507817715646098 ], [ -73.641535219721703, 45.5076958121102 ], [ -73.641665847223805, 45.507544614635002 ], [ -73.641730020657505, 45.507426826158998 ], [ -73.641867672427907, 45.507188025696003 ], [ -73.641859933391601, 45.507156958229899 ], [ -73.641722190483904, 45.507097958414597 ], [ -73.641630032944462, 45.507058387045006 ], [ -73.641658860698541, 45.506991140113854 ], [ -73.641676637203233, 45.506861893079304 ], [ -73.642269146875094, 45.506183362796101 ], [ -73.642289215897307, 45.506182691916301 ], [ -73.642271714349405, 45.505925094228999 ], [ -73.642266597539802, 45.505849760750998 ], [ -73.642244683771295, 45.505527290234397 ], [ -73.642239865578702, 45.505456367716398 ], [ -73.6422931800318, 45.505390008218598 ], [ -73.642421523124199, 45.505248935893903 ], [ -73.642589658363605, 45.505064122174097 ], [ -73.642713067961196, 45.504928468788499 ], [ -73.642801339268203, 45.504831440836803 ], [ -73.642902219042497, 45.504720547899602 ], [ -73.643003101556204, 45.504609659261597 ], [ -73.643111217995994, 45.504490813150902 ], [ -73.643206725366397, 45.504385831887497 ], [ -73.643269200398265, 45.504317155906683 ], [ -73.643554971332932, 45.504481471217254 ], [ -73.644662238513632, 45.504895846350777 ], [ -73.645863207899765, 45.505150350254404 ], [ -73.647111717467368, 45.505235200320413 ], [ -73.648359776581572, 45.505147135067574 ], [ -73.649559411942207, 45.504889539590927 ], [ -73.650664512859564, 45.504472315353112 ], [ -73.651237306431909, 45.504140495790431 ], [ -73.651300033894699, 45.504169388507499 ], [ -73.651460489332194, 45.504243417302199 ], [ -73.651493015143799, 45.504258374481701 ], [ -73.651598866449504, 45.5043070399838 ], [ -73.6516183442955, 45.5043063990056 ], [ -73.651837343400004, 45.504279684021803 ], [ -73.651888746634896, 45.5042716717589 ], [ -73.652145798699195, 45.504242695516098 ], [ -73.652178376780796, 45.504238719701398 ], [ -73.652366749285605, 45.5042157352608 ], [ -73.652564647371193, 45.504191586621403 ], [ -73.652774069853393, 45.5041660294035 ], [ -73.652983495281205, 45.504140476191402 ], [ -73.653181389712401, 45.504116326488003 ], [ -73.653379287097806, 45.504092176437901 ], [ -73.653523321962894, 45.504074601218299 ], [ -73.653588711975104, 45.504066622116497 ], [ -73.653776961518204, 45.504043648696303 ], [ -73.653798133525896, 45.504041063021802 ], [ -73.653833634467063, 45.504036730457671 ], [ -73.654729708830445, 45.504551816977205 ], [ -73.655725503787451, 45.504924350136882 ], [ -73.655373623351451, 45.50538942626762 ], [ -73.655011827283346, 45.506233939197777 ], [ -73.65489128692596, 45.507111855527263 ], [ -73.655016645690466, 45.507989438162937 ], [ -73.655383097198438, 45.508832961298147 ], [ -73.65597656829982, 45.509610006597896 ], [ -73.656774258468459, 45.510290709354109 ], [ -73.657745515063439, 45.510848906671065 ], [ -73.658853010965927, 45.511263143480008 ], [ -73.660053534054271, 45.511517360980854 ], [ -73.659996128259394, 45.511608102396202 ] ] ], [ [ [ -73.632998946987442, 45.515360507193954 ], [ -73.632679304793356, 45.515087606291267 ], [ -73.632859449135907, 45.5151396850232 ], [ -73.632972126496853, 45.515172258250352 ], [ -73.632998946987442, 45.515360507193954 ] ] ] ] } },
{ "type": "Feature", "properties": { "arrondissement": "LaSalle", "pct_couverture": 51.5, "nb_bornes": 94 }, "geometry": { "type": "MultiPolygon", "coordinates": [ [ [ [ -73.66605141692682, 45.42546885713476 ], [ -73.665764570656563, 45.42530378455573 ], [ -73.665762218483493, 45.42528731586512 ], [ -73.665396156732101, 45.424443813096744 ], [ -73.664803452672274, 45.423666804034056 ], [ -73.66400688979131, 45.422986145415962 ], [ -73.663037081684465, 45.422427990712983 ], [ -73.661931295267919, 45.422013785651501 ], [ -73.660732018977242, 45.42175944465172 ], [ -73.659485330922266, 45.4216747397397 ], [ -73.658904382436162, 45.421715849702991 ], [ -73.658479071678954, 45.421352362467822 ], [ -73.657509345927778, 45.420794160560568 ], [ -73.65640363171218, 45.420379901770602 ], [ -73.655204414695561, 45.420125502582472 ], [ -73.653957770711912, 45.420040737257644 ], [ -73.65271159652859, 45.42012886254328 ], [ -73.65151377088371, 45.420386492629298 ], [ -73.650410316212941, 45.420803729142257 ], [ -73.649443631453238, 45.421364541198542 ], [ -73.648650863620603, 45.422047380962844 ], [ -73.648062480596579, 45.422826011132315 ], [ -73.647701099921548, 45.423670512635965 ], [ -73.647630961193713, 45.424181598577817 ], [ -73.647449516626651, 45.424077133367668 ], [ -73.646343811589858, 45.423662777423822 ], [ -73.64514456995002, 45.423408272796678 ], [ -73.643897868488011, 45.423323397797787 ], [ -73.642651606178944, 45.423411413387008 ], [ -73.641453665144851, 45.423668937968067 ], [ -73.640350072251735, 45.424086077220615 ], [ -73.639383231743878, 45.424646803998009 ], [ -73.63859029661802, 45.425329573742218 ], [ -73.638001741181014, 45.426108151842072 ], [ -73.637640189596596, 45.426952621229042 ], [ -73.637519545491671, 45.427830531578415 ], [ -73.637644456216805, 45.428708146028086 ], [ -73.638010132566805, 45.429551737554227 ], [ -73.638602531145622, 45.430328885202549 ], [ -73.639398892623603, 45.43100972034275 ], [ -73.640355664101406, 45.431560617791028 ], [ -73.639967318732744, 45.431894981581195 ], [ -73.639378714224151, 45.432673565936334 ], [ -73.639017141498726, 45.433518038732522 ], [ -73.638896504999337, 45.434395949514318 ], [ -73.639021451788253, 45.435273561402887 ], [ -73.639387191278061, 45.436117147472451 ], [ -73.639979677649137, 45.436894286977598 ], [ -73.640776148199706, 45.437575111600133 ], [ -73.641745997156463, 45.438133453771457 ], [ -73.642851951510465, 45.438547852865369 ], [ -73.644051503741309, 45.438802380504235 ], [ -73.64529854631877, 45.438887253172915 ], [ -73.646124853550674, 45.438828892827495 ], [ -73.645251426796889, 45.439335386640167 ], [ -73.644458357254408, 45.440018195523827 ], [ -73.643869730382491, 45.440796801937353 ], [ -73.643686341884333, 45.441225140644782 ], [ -73.643686341884333, 45.441225140644789 ], [ -73.642914779752772, 45.441889384180193 ], [ -73.642395353021101, 45.442576401440853 ], [ -73.642052118202102, 45.442711433672699 ], [ -73.641522902244105, 45.442928614321801 ], [ -73.641087902310701, 45.443107853266298 ], [ -73.640558527885801, 45.443322888624799 ], [ -73.640139565471102, 45.443499047780399 ], [ -73.639727586074699, 45.443669343487997 ], [ -73.639390822088899, 45.443805711147398 ], [ -73.639050251510596, 45.443941210029003 ], [ -73.638836322942794, 45.444026135292297 ], [ -73.638637550593202, 45.444103558436403 ], [ -73.638393966229998, 45.444200111797997 ], [ -73.638214971478405, 45.444264698139897 ], [ -73.637908912458101, 45.444376470154999 ], [ -73.637524183354401, 45.444513711747298 ], [ -73.637158653682803, 45.4446376271015 ], [ -73.636751534635493, 45.444785811487399 ], [ -73.636318015288396, 45.444939928460897 ], [ -73.635730866429, 45.445163587336303 ], [ -73.635208254859805, 45.445368154282299 ], [ -73.634843225688201, 45.4455135230248 ], [ -73.634372600749799, 45.445700190979601 ], [ -73.633911571460004, 45.445883862815798 ], [ -73.6338985868327, 45.445888811384201 ], [ -73.633346202428001, 45.4461080473083 ], [ -73.632959786033695, 45.446267889899701 ], [ -73.632435261249398, 45.446495445484999 ], [ -73.631976941141204, 45.446706902664403 ], [ -73.6317267608989, 45.446823860109198 ], [ -73.631494778237396, 45.446937885717297 ], [ -73.6312037447357, 45.447082086616298 ], [ -73.631011777422898, 45.4471819516069 ], [ -73.630902277152245, 45.447241479443164 ], [ -73.631273154197771, 45.446751154275901 ], [ -73.631634926581881, 45.445906707732938 ], [ -73.631755699838436, 45.445028806242824 ], [ -73.631630843794682, 45.444151187809425 ], [ -73.631265167651733, 45.443307578025049 ], [ -73.631124823949449, 45.443123468345185 ], [ -73.63115519495615, 45.443134851362622 ], [ -73.632354792125639, 45.443389501580477 ], [ -73.633601918531767, 45.443474501782781 ], [ -73.634848636730894, 45.443386584717729 ], [ -73.63604702498823, 45.44312912978134 ], [ -73.63715102056679, 45.4427120330284 ], [ -73.638118191315982, 45.442151326536688 ], [ -73.638911367262438, 45.441468561803056 ], [ -73.639500069357211, 45.44068998094356 ], [ -73.639861680424346, 45.439845507637322 ], [ -73.639982313364015, 45.438967596681181 ], [ -73.639857343392976, 45.438089986440993 ], [ -73.639491584086301, 45.437246402192841 ], [ -73.638899100712507, 45.436469260200489 ], [ -73.638102668291211, 45.435788422312491 ], [ -73.637132895416229, 45.43523004888791 ], [ -73.636027047658857, 45.434815594055671 ], [ -73.634827615816704, 45.434560981830295 ], [ -73.633580683976945, 45.434475994655763 ], [ -73.633070730703665, 45.43451195585336 ], [ -73.632884156987416, 45.434081492674146 ], [ -73.632291797444381, 45.433304315837454 ], [ -73.63149548897232, 45.432623431362657 ], [ -73.630525835404086, 45.432065001399778 ], [ -73.629420097729181, 45.431650482250674 ], [ -73.628220762518097, 45.431395800401141 ], [ -73.62697391014764, 45.431310740969963 ], [ -73.625727445388904, 45.431398572001186 ], [ -73.624529258137954, 45.431655918988007 ], [ -73.623425384714864, 45.4320728944328 ], [ -73.622458240136041, 45.43263347748308 ], [ -73.621664989075683, 45.433316129104618 ], [ -73.621640950246984, 45.433347908539396 ], [ -73.6217393586344, 45.433118254492008 ], [ -73.621860258502835, 45.432240361360272 ], [ -73.621735584450036, 45.431362729949434 ], [ -73.62137013867671, 45.430519086352739 ], [ -73.620777974403396, 45.429741849118116 ], [ -73.619981854390957, 45.429060883756947 ], [ -73.619012375234163, 45.428502355528565 ], [ -73.617906791225096, 45.428087724511187 ], [ -73.616707583034128, 45.427832921488793 ], [ -73.61546082616114, 45.427747736235169 ], [ -73.614778407699433, 45.427795755783656 ], [ -73.615219668421247, 45.427212456598561 ], [ -73.615581556095563, 45.426368057886812 ], [ -73.615702537232863, 45.425490170151086 ], [ -73.615577973659057, 45.42461253086919 ], [ -73.615212663325806, 45.42376886643823 ], [ -73.614826234111561, 45.423261509482195 ], [ -73.615433580728194, 45.422909488950197 ], [ -73.616127322681592, 45.422312456231317 ], [ -73.616555951114989, 45.422875204509879 ], [ -73.617162901867616, 45.423394465476662 ], [ -73.617120706134386, 45.423700729981313 ], [ -73.617245291575927, 45.424578367699617 ], [ -73.617610637418039, 45.425422025474212 ], [ -73.618202712968653, 45.426199279808486 ], [ -73.618998771317592, 45.426880257974901 ], [ -73.619968222539981, 45.427438786506556 ], [ -73.621073808921693, 45.427853397616126 ], [ -73.622273037094416, 45.428108154777178 ], [ -73.623519811991571, 45.428193265651473 ], [ -73.624766209687465, 45.428105458732631 ], [ -73.625964320772127, 45.427848109181461 ], [ -73.627068093165292, 45.427431109000125 ], [ -73.628035103294764, 45.426870486552332 ], [ -73.628828187357286, 45.426187790102738 ], [ -73.628998604928896, 45.425962413329714 ], [ -73.629348274193646, 45.425986266385948 ], [ -73.630594614148407, 45.425898395898251 ], [ -73.631792651944295, 45.425640985195038 ], [ -73.631944353414795, 45.425583660853896 ], [ -73.632056787287354, 45.425591328012445 ], [ -73.633303114282867, 45.425503427979919 ], [ -73.634501131353019, 45.425245988874615 ], [ -73.635604790033682, 45.424828906141379 ], [ -73.636571671126418, 45.424268211316935 ], [ -73.637364615790545, 45.423585455447331 ], [ -73.637953153862441, 45.422806880305608 ], [ -73.63831467446299, 45.42196240934932 ], [ -73.638435293959787, 45.421084497283822 ], [ -73.638310388075638, 45.420206882517512 ], [ -73.637944767912558, 45.419363290501117 ], [ -73.637639689883514, 45.418962982530559 ], [ -73.637753663229319, 45.418133473978678 ], [ -73.637628774517481, 45.417255857991691 ], [ -73.637263183647178, 45.416412263321725 ], [ -73.636670949404348, 45.415635106635037 ], [ -73.635874837228613, 45.414954250347478 ], [ -73.635600490531246, 45.41479621986403 ], [ -73.635317007070711, 45.414142003321771 ], [ -73.63472482330036, 45.413364836176328 ], [ -73.633928766439212, 45.412683965989871 ], [ -73.632959430647645, 45.412125554365936 ], [ -73.631854064704498, 45.411711056904409 ], [ -73.630655140900615, 45.411456399260196 ], [ -73.62940872381192, 45.411371365623779 ], [ -73.628162701493238, 45.411459223048915 ], [ -73.626964946849682, 45.411716596014401 ], [ -73.625861479586831, 45.412133596023175 ], [ -73.62489469911992, 45.4126942012767 ], [ -73.624101756133783, 45.413376871884921 ], [ -73.623513125230033, 45.414155377045333 ], [ -73.62315143346359, 45.414999802492645 ], [ -73.623030589839232, 45.415877699592151 ], [ -73.623041120094669, 45.415951835067723 ], [ -73.621853322258644, 45.415870727880232 ], [ -73.620607189121216, 45.415958502930856 ], [ -73.619409304924417, 45.416215796597271 ], [ -73.618305694348564, 45.416632723428961 ], [ -73.617338762312215, 45.417193264439277 ], [ -73.616645096866407, 45.417790301578258 ], [ -73.616216504976421, 45.417227556493707 ], [ -73.615420615906928, 45.416546557615014 ], [ -73.614451396053639, 45.415987989191606 ], [ -73.613346089747097, 45.415573312847883 ], [ -73.61214716699142, 45.415318461110623 ], [ -73.61090069232462, 45.415233225625933 ], [ -73.609654556013453, 45.415320881200856 ], [ -73.608456635339905, 45.415578060067766 ], [ -73.607352956383821, 45.415994881186016 ], [ -73.606385926687977, 45.416555329630228 ], [ -73.605592706506968, 45.41723787153623 ], [ -73.605003781087731, 45.418016281048743 ], [ -73.604641788798119, 45.418860647580594 ], [ -73.6045206501895, 45.419738524764433 ], [ -73.604645031608626, 45.420616177018765 ], [ -73.605010164189295, 45.421459875873452 ], [ -73.60539649377634, 45.421967261454 ], [ -73.605019593143197, 45.422185665481457 ], [ -73.604333711875668, 45.42213873011886 ], [ -73.603087413389957, 45.422226314086963 ], [ -73.6018893168105, 45.422483423921861 ], [ -73.600785454972197, 45.422900181235264 ], [ -73.599818242441387, 45.423460573553868 ], [ -73.599024846495396, 45.424143069171045 ], [ -73.598435759133849, 45.424921444011567 ], [ -73.598073624947972, 45.425765788822169 ], [ -73.598062688771549, 45.425844965208128 ], [ -73.598051613660942, 45.425870787640399 ], [ -73.598040156374239, 45.425953736402754 ], [ -73.597926841671267, 45.425856752346888 ], [ -73.596957634605985, 45.425298036388376 ], [ -73.595852274296064, 45.424883191486749 ], [ -73.594653232823944, 45.424628156643365 ], [ -73.593406579289265, 45.424542730537496 ], [ -73.592160210828595, 45.424630195298072 ], [ -73.590962013638418, 45.42488719048729 ], [ -73.589858024416344, 45.425303842121032 ], [ -73.588890662619377, 45.425864141786299 ], [ -73.588097101256352, 45.426546561337034 ], [ -73.587507838679599, 45.427324879621892 ], [ -73.587145526210762, 45.428169189562524 ], [ -73.58702409670606, 45.429047046969877 ], [ -73.587148227695266, 45.42992471702599 ], [ -73.587498470345921, 45.430734507016055 ], [ -73.587615054253021, 45.431558742518945 ], [ -73.587980004021645, 45.432402494325736 ], [ -73.588571746254431, 45.43317990154469 ], [ -73.588830111002338, 45.433401054856795 ], [ -73.588139928417434, 45.433254233484938 ], [ -73.586893094678643, 45.433168736555643 ], [ -73.585646526214646, 45.433256130257462 ], [ -73.584448116902422, 45.433513056882305 ], [ -73.58334391158553, 45.433929645080568 ], [ -73.582376338020325, 45.43448988887733 ], [ -73.582090985227495, 45.43473519853039 ], [ -73.539797943820801, 45.428049341451697 ], [ -73.540280158671493, 45.427708987725502 ], [ -73.5408634042345, 45.427292376268603 ], [ -73.543530251274007, 45.425653495449801 ], [ -73.545863358895502, 45.4242923224039 ], [ -73.548446788989907, 45.422931260937098 ], [ -73.551363462206993, 45.421681227938599 ], [ -73.553946848431806, 45.420764615366998 ], [ -73.555308010038701, 45.420292393015401 ], [ -73.559641649045204, 45.4190701594801 ], [ -73.561697258161701, 45.418597858778199 ], [ -73.564919631252707, 45.418042336233199 ], [ -73.568336385533499, 45.417570031403102 ], [ -73.570836290538097, 45.417347934698597 ], [ -73.573336459614097, 45.4171811269849 ], [ -73.576502999229206, 45.417097785799598 ], [ -73.581614299936106, 45.417097757530698 ], [ -73.586420330904602, 45.417264491541502 ], [ -73.588809269597107, 45.417236648770903 ], [ -73.591503825921805, 45.417070011984698 ], [ -73.593781531932095, 45.416764435108902 ], [ -73.5963925983162, 45.416236694776899 ], [ -73.596670516618502, 45.416181022429797 ], [ -73.597416129715995, 45.415991851870103 ], [ -73.598948258037296, 45.415569991319202 ], [ -73.601254056416906, 45.414764500045997 ], [ -73.603254220327401, 45.4140422155278 ], [ -73.606559768945004, 45.412958796638797 ], [ -73.611365428207804, 45.411736585596799 ], [ -73.614615839699894, 45.411097650617798 ], [ -73.616282311096597, 45.410847672157601 ], [ -73.618532667741306, 45.410597604868698 ], [ -73.621282658244496, 45.410375490204601 ], [ -73.622865936817703, 45.410319891231502 ], [ -73.626421653786196, 45.410403217255798 ], [ -73.629227537252603, 45.410264276141397 ], [ -73.631699608385404, 45.4099587098558 ], [ -73.6341720963527, 45.409708797060297 ], [ -73.636255458718793, 45.409653054769699 ], [ -73.638727535124502, 45.409764281877301 ], [ -73.641311310100406, 45.410208657063301 ], [ -73.643588965658097, 45.410930901195897 ], [ -73.646172308742294, 45.4121530801944 ], [ -73.648255711465893, 45.413291972999502 ], [ -73.6510338104505, 45.415069774263998 ], [ -73.653533686427096, 45.416903045637198 ], [ -73.655394790134807, 45.417875258974597 ], [ -73.663617553788697, 45.4210974514409 ], [ -73.665311776734796, 45.421625258479601 ], [ -73.666104070174001, 45.421798438509001 ], [ -73.66605141692682, 45.42546885713476 ] ] ], [ [ [ -73.651014129699732, 45.438096560893989 ], [ -73.649767096134298, 45.438011750601326 ], [ -73.648940807419962, 45.438070133986109 ], [ -73.649814178831733, 45.437563615214096 ], [ -73.650607149373172, 45.436880768977353 ], [ -73.651195642918736, 45.43610212748051 ], [ -73.651557050309393, 45.435257616731185 ], [ -73.651677492272924, 45.434379692962857 ], [ -73.651552351363449, 45.433502095031422 ], [ -73.651186447721457, 45.432658547737837 ], [ -73.650593852157243, 45.431881465924192 ], [ -73.649797343996255, 45.431200709125697 ], [ -73.648840483304525, 45.430649888479167 ], [ -73.649228771336524, 45.4303154968838 ], [ -73.64981721585707, 45.429536861652771 ], [ -73.650178602169234, 45.428692354317533 ], [ -73.650248722915961, 45.428181264031387 ], [ -73.650430186271464, 45.428285727903635 ], [ -73.651536011445458, 45.428700043799019 ], [ -73.651954916392143, 45.428788910344039 ], [ -73.652126754368524, 45.429014253133069 ], [ -73.65292325966773, 45.429694993953447 ], [ -73.653893092962122, 45.430253233780952 ], [ -73.654998981840649, 45.430667515923957 ], [ -73.656076167743834, 45.430895986576807 ], [ -73.656314934926343, 45.43120904674592 ], [ -73.657111521436534, 45.431889757990156 ], [ -73.658081433571482, 45.432447961935331 ], [ -73.659187395888324, 45.432862203268634 ], [ -73.660386900556901, 45.433116559677458 ], [ -73.661409871212854, 45.43318604172994 ], [ -73.661493969585877, 45.433296286358612 ], [ -73.661848799019651, 45.43359944949944 ], [ -73.660847657706896, 45.4341134038661 ], [ -73.660001800874198, 45.434545757920802 ], [ -73.659146012971604, 45.434954114236298 ], [ -73.658623351116802, 45.435188783765497 ], [ -73.6584520455106, 45.435257105562698 ], [ -73.657547123692197, 45.435611301696099 ], [ -73.656938441885501, 45.435840734150297 ], [ -73.656391946567496, 45.436065883238001 ], [ -73.655826080921798, 45.436270665053499 ], [ -73.655141193115696, 45.436532931116901 ], [ -73.654776620883595, 45.436673015257902 ], [ -73.654382966536701, 45.436840655066703 ], [ -73.654052315761604, 45.436981252714503 ], [ -73.653770742246905, 45.437108326016698 ], [ -73.6533032756073, 45.437349667891397 ], [ -73.653022867769707, 45.437503614154103 ], [ -73.652389689671097, 45.437859325769601 ], [ -73.651845330228994, 45.4381669713718 ], [ -73.651708465887879, 45.438243836066718 ], [ -73.651014129699732, 45.438096560893989 ] ] ], [ [ [ -73.627926987621294, 45.4491864686197 ], [ -73.627853567880507, 45.449265206824499 ], [ -73.627781504457403, 45.449344559368903 ], [ -73.627710812767006, 45.449424508825601 ], [ -73.627622086330305, 45.449523392032702 ], [ -73.627533282702501, 45.449622241003198 ], [ -73.627444401923199, 45.4497210556925 ], [ -73.627355444032105, 45.449819836056001 ], [ -73.627266409068994, 45.4499185820492 ], [ -73.627223674788496, 45.449965877015998 ], [ -73.627180121635107, 45.450012807891198 ], [ -73.627135759089597, 45.4500593641799 ], [ -73.627090596993298, 45.450105535552296 ], [ -73.627044645540707, 45.450151311850703 ], [ -73.626978209831293, 45.450215674132401 ], [ -73.626910805311098, 45.450279543776098 ], [ -73.626842443118207, 45.450342909988201 ], [ -73.626773134713602, 45.450405762142204 ], [ -73.626702891874103, 45.450468089785801 ], [ -73.626590614879703, 45.450564341554099 ], [ -73.626475509401402, 45.450658975963499 ], [ -73.626357646862701, 45.450751931773397 ], [ -73.626237102225602, 45.450843149852098 ], [ -73.626113953831506, 45.450932573302701 ], [ -73.625617428465304, 45.4512850586026 ], [ -73.625151161325505, 45.451613683118701 ], [ -73.624556851554601, 45.452034237287499 ], [ -73.6239381900495, 45.452471565030798 ], [ -73.623489777023295, 45.452788080111503 ], [ -73.622901648578406, 45.4532016169711 ], [ -73.622808198899307, 45.453266240153397 ], [ -73.622714867808, 45.453330948414198 ], [ -73.622621655539206, 45.4533957415914 ], [ -73.622528562327304, 45.453460619522502 ], [ -73.622435588405594, 45.453525582044499 ], [ -73.622358206411903, 45.453579221215897 ], [ -73.622280294873903, 45.453632483327098 ], [ -73.622201859372794, 45.453685364508303 ], [ -73.622122905565803, 45.453737860944798 ], [ -73.622043439184395, 45.453789968876897 ], [ -73.6219745839783, 45.453834335131901 ], [ -73.621905354931002, 45.453878414882801 ], [ -73.621835755661195, 45.453922205797198 ], [ -73.621765789826995, 45.453965705573097 ], [ -73.621695461124801, 45.454008911938999 ], [ -73.621597959290696, 45.4540669417716 ], [ -73.621499719167204, 45.454124359996001 ], [ -73.621400752413805, 45.454181159671798 ], [ -73.621301070864604, 45.454237334005803 ], [ -73.621200686523906, 45.4542928763547 ], [ -73.621109801510698, 45.454343221509198 ], [ -73.621018390731905, 45.454393098359802 ], [ -73.620926461514699, 45.454442502846902 ], [ -73.6208340212698, 45.454491430987098 ], [ -73.620741077490493, 45.454539878873902 ], [ -73.620679079278801, 45.4545718824224 ], [ -73.620616891638903, 45.454603704628298 ], [ -73.620554516179098, 45.454635344661298 ], [ -73.620491954517803, 45.454666801700299 ], [ -73.620429208282502, 45.454698074934001 ], [ -73.620287348323899, 45.4547668219355 ], [ -73.620144355027406, 45.4548344178272 ], [ -73.620000256787904, 45.454900848846798 ], [ -73.619855082446506, 45.454966101696598 ], [ -73.619708861271405, 45.455030163551903 ], [ -73.619259516411503, 45.455224660879203 ], [ -73.618502000131897, 45.455556752853902 ], [ -73.617369088301103, 45.456055293630499 ], [ -73.615512534271502, 45.456870848295203 ], [ -73.614986981637799, 45.457103896148503 ], [ -73.613669908727701, 45.4576802687263 ], [ -73.613428301739901, 45.457572710211302 ], [ -73.613334917193001, 45.457531137066503 ], [ -73.613226276027504, 45.4574827717367 ], [ -73.613197361531107, 45.457469491806698 ], [ -73.613047523678503, 45.457400672701397 ], [ -73.612921214134303, 45.457343024918202 ], [ -73.611955083896305, 45.456902073670904 ], [ -73.611470138532695, 45.456680734194997 ], [ -73.607968439564004, 45.455081904221601 ], [ -73.607389882347832, 45.454817720677156 ], [ -73.60721106122881, 45.454404822453377 ], [ -73.606725489642074, 45.453767495078623 ], [ -73.606751104435233, 45.453581927914264 ], [ -73.607429074425966, 45.453436488977019 ], [ -73.608533482380722, 45.453019669192194 ], [ -73.609501113086026, 45.452459205598053 ], [ -73.610294778879734, 45.451776640357359 ], [ -73.61088398187789, 45.45099820792224 ], [ -73.611246085648617, 45.45015382627227 ], [ -73.611367184156265, 45.449275946687372 ], [ -73.611278492173568, 45.448650976623014 ], [ -73.612008195403206, 45.448494394093778 ], [ -73.613112473165231, 45.448077529798688 ], [ -73.61407997403704, 45.447517027054438 ], [ -73.614873515348364, 45.446834429527833 ], [ -73.615462604000314, 45.446055972910891 ], [ -73.615824607955204, 45.445211576111397 ], [ -73.615945625011918, 45.444333690990355 ], [ -73.615821015626963, 45.443456054925534 ], [ -73.615455579523399, 45.44261239418983 ], [ -73.614863369557526, 45.441835127989854 ], [ -73.614382575926143, 45.441423906000907 ], [ -73.615073000689875, 45.441821626488839 ], [ -73.616178832412231, 45.442236283688338 ], [ -73.617378343471387, 45.44249109131389 ], [ -73.618625427923618, 45.442576255086067 ], [ -73.619872149939255, 45.442488501464325 ], [ -73.620184339907468, 45.442421476015667 ], [ -73.620044192528539, 45.442542058525675 ], [ -73.619455203410823, 45.443320539150392 ], [ -73.619093265680036, 45.444164947669407 ], [ -73.618972297806721, 45.445042836101429 ], [ -73.619096959592184, 45.445920468430579 ], [ -73.619462471409406, 45.446764116949041 ], [ -73.620054796197991, 45.447541358513959 ], [ -73.620851177476084, 45.448222320885897 ], [ -73.621821012910402, 45.44878083120193 ], [ -73.622927030018587, 45.449195422372 ], [ -73.624126718871977, 45.449450158633645 ], [ -73.625373966689338, 45.449535248450474 ], [ -73.626620831358395, 45.449447421125136 ], [ -73.627819385511401, 45.449190052603562 ], [ -73.627982533820813, 45.449128435880091 ], [ -73.627926987621294, 45.4491864686197 ] ] ], [ [ [ -73.624425091254409, 45.439923555973195 ], [ -73.624547544857151, 45.439969463132655 ], [ -73.62574704534137, 45.440224182989191 ], [ -73.6269940922366, 45.440309255468762 ], [ -73.627504103017827, 45.440273317924337 ], [ -73.627690654980881, 45.44070379289635 ], [ -73.627830985764774, 45.440887908039542 ], [ -73.627800612372837, 45.440876522984766 ], [ -73.62660108886611, 45.440621824747083 ], [ -73.625354035665524, 45.440536747988347 ], [ -73.624107365254773, 45.440624561417948 ], [ -73.623795189347874, 45.440691594830568 ], [ -73.623935324665794, 45.440571010456232 ], [ -73.624425091254409, 45.439923555973195 ] ] ], [ [ [ -73.613787932348046, 45.440993272922796 ], [ -73.613787345868204, 45.440992935067314 ], [ -73.613787498934116, 45.440992902213651 ], [ -73.613787932348046, 45.440993272922796 ] ] ], [ [ [ -73.592801577532896, 45.43594156260621 ], [ -73.592209748337112, 45.435164177745591 ], [ -73.591951364194784, 45.434943028915434 ], [ -73.592641575369072, 45.435089830437491 ], [ -73.593888459995682, 45.435175264549272 ], [ -73.594954473808031, 45.43510045391838 ], [ -73.595976830442581, 45.435317866238975 ], [ -73.597223725063444, 45.43540326393142 ], [ -73.597792632714174, 45.43536332256032 ], [ -73.598030945635756, 45.435914012553845 ], [ -73.598622862564042, 45.436691367077223 ], [ -73.598867832966562, 45.436900988616806 ], [ -73.598862207997328, 45.436941710000241 ], [ -73.598930688471555, 45.437425111660417 ], [ -73.597983854298207, 45.437248778708899 ], [ -73.597979653712002, 45.4372484736624 ], [ -73.597742161758504, 45.437211748763303 ], [ -73.597713626741907, 45.437207336179597 ], [ -73.597456579458694, 45.437167049775802 ], [ -73.597302684924898, 45.437142689391997 ], [ -73.597287453873705, 45.437140278430199 ], [ -73.597118328446797, 45.4371135059341 ], [ -73.597022142339696, 45.437098280086701 ], [ -73.596949203180898, 45.437086734087202 ], [ -73.596819936752595, 45.437066271548701 ], [ -73.596780078074602, 45.437059961989597 ], [ -73.596615344930498, 45.437033884842897 ], [ -73.596610953127794, 45.437033189641298 ], [ -73.596441828340602, 45.437006417042397 ], [ -73.596412076085201, 45.437001707399503 ], [ -73.596272703714504, 45.436979645092698 ], [ -73.596213410472004, 45.436970258107699 ], [ -73.596103579243405, 45.436952870192698 ], [ -73.596015508088598, 45.436938928499004 ], [ -73.595934454936398, 45.436926097741598 ], [ -73.595816195864501, 45.436907375846403 ], [ -73.595765330785895, 45.436899323240198 ], [ -73.5956192607226, 45.436876198884399 ], [ -73.595596208074696, 45.436872549386798 ], [ -73.595427082966694, 45.436845775285001 ], [ -73.595418187295195, 45.4368443669768 ], [ -73.595257959296504, 45.436819000931401 ], [ -73.595228160188498, 45.436814283370303 ], [ -73.595088835785802, 45.436792226327199 ], [ -73.595038135711803, 45.436784199445398 ], [ -73.594919712433196, 45.436765450572402 ], [ -73.594848108879106, 45.436754114576203 ], [ -73.594750589241698, 45.436738675466799 ], [ -73.594658082376696, 45.436724029930403 ], [ -73.594581466209803, 45.436711900110602 ], [ -73.594468056204605, 45.436693945597902 ], [ -73.594412343338902, 45.436685125403599 ], [ -73.594278031510498, 45.4366638600481 ], [ -73.594164188670604, 45.4366458354922 ], [ -73.594086486509596, 45.436633533283697 ], [ -73.593998619880395, 45.436619621630499 ], [ -73.593894940691797, 45.436603206738504 ], [ -73.593828206285593, 45.436592641053899 ], [ -73.593704915199794, 45.436573120415403 ], [ -73.593661591236298, 45.436566260909999 ], [ -73.593512610625098, 45.436542673180803 ], [ -73.593494977621404, 45.436539881421602 ], [ -73.593328364160001, 45.436513500790099 ], [ -73.5933206855821, 45.436512285062499 ], [ -73.593161750854904, 45.436487120815201 ], [ -73.593130661850196, 45.436482198322103 ], [ -73.593028492990271, 45.43646602110725 ], [ -73.592801577532896, 45.43594156260621 ] ] ] ] } },
{ "type": "Feature", "properties": { "arrondissement": "Saint-Léonard", "pct_couverture": 57.3, "nb_bornes": 49 }, "geometry": { "type": "MultiPolygon", "coordinates": [ [ [ [ -73.616103865165101, 45.581205691467872 ], [ -73.616228787578109, 45.582083305667922 ], [ -73.616595143152239, 45.582926942340897 ], [ -73.617188862469888, 45.583704178789127 ], [ -73.617987135504009, 45.584385142954481 ], [ -73.618959287238908, 45.584943661886776 ], [ -73.620067956163098, 45.585358268146237 ], [ -73.621270530395819, 45.585613025374663 ], [ -73.622144847810731, 45.585672547805558 ], [ -73.622196751488715, 45.585716818270647 ], [ -73.623168967906594, 45.586275301181644 ], [ -73.624277693967613, 45.58668986642958 ], [ -73.625480315593336, 45.586944579232643 ], [ -73.62673060722922, 45.587029648945609 ], [ -73.626935483309026, 45.587015250228674 ], [ -73.6258519735389, 45.588310382869402 ], [ -73.625825535577704, 45.588342010922503 ], [ -73.625632706190103, 45.588572680678901 ], [ -73.625525576095399, 45.588700836879099 ], [ -73.625114136497601, 45.589193012380498 ], [ -73.624134503931302, 45.590364836881598 ], [ -73.624027032760395, 45.590493387232598 ], [ -73.623634074377094, 45.590963421135797 ], [ -73.623526619559598, 45.591091949123502 ], [ -73.6231353615659, 45.591559938503103 ], [ -73.623027913865698, 45.5916884549817 ], [ -73.622840995922303, 45.591912022852597 ], [ -73.622203386586406, 45.592664941567797 ], [ -73.621810911661896, 45.593133877568199 ], [ -73.621596832169899, 45.593389659672901 ], [ -73.621382930091102, 45.593645227075299 ], [ -73.621207982738497, 45.593854249867199 ], [ -73.621184608815796, 45.593829033128699 ], [ -73.621016482391326, 45.594029775305245 ], [ -73.620420207859539, 45.594071643077228 ], [ -73.619218540933161, 45.594328930551598 ], [ -73.61811144580092, 45.59474584597772 ], [ -73.61714146123235, 45.595306370827664 ], [ -73.616345861020221, 45.59598896832572 ], [ -73.61575522190023, 45.596767410503922 ], [ -73.615392248159935, 45.597611785539108 ], [ -73.615270898158386, 45.598489646749094 ], [ -73.61539584647133, 45.599367259168908 ], [ -73.615762302550451, 45.600210895852335 ], [ -73.615799376634627, 45.600259415558632 ], [ -73.615597205997503, 45.600501292253597 ], [ -73.615424738212397, 45.600707630728401 ], [ -73.615359346438296, 45.600785712552998 ], [ -73.615260340690398, 45.600903930937399 ], [ -73.614901144224007, 45.601332826647699 ], [ -73.6147472521005, 45.601518657684501 ], [ -73.614488399829597, 45.601827540899102 ], [ -73.614449645306905, 45.601873625481304 ], [ -73.614199855343699, 45.602170627315203 ], [ -73.614098581338197, 45.6022910417527 ], [ -73.613997306921704, 45.602411456072197 ], [ -73.613897982379498, 45.602529551206402 ], [ -73.613883974142695, 45.602546207624101 ], [ -73.613651974687102, 45.602822287539503 ], [ -73.613653538046194, 45.602823756149 ], [ -73.613601479388805, 45.602885709581301 ], [ -73.613501816747004, 45.603004315275498 ], [ -73.613402152870805, 45.6031229212279 ], [ -73.613097837705496, 45.603485072456998 ], [ -73.613049115543504, 45.603543769377502 ], [ -73.612423371729804, 45.604290947249297 ], [ -73.612149643757206, 45.604617787517498 ], [ -73.611862506047586, 45.604963570322973 ], [ -73.611303812905732, 45.604232351087916 ], [ -73.610505338723058, 45.603551342783575 ], [ -73.609532949037501, 45.602992753955597 ], [ -73.608424009974371, 45.602578046987013 ], [ -73.60722113108217, 45.602323155559553 ], [ -73.605970528839364, 45.602237872829498 ], [ -73.604720252024421, 45.602325475413629 ], [ -73.603518336927067, 45.602582597584878 ], [ -73.602410963037187, 45.602999360494977 ], [ -73.601440679828599, 45.603559751476411 ], [ -73.600644772563157, 45.604242238898436 ], [ -73.600053829771042, 45.605020599025039 ], [ -73.599690567406981, 45.605864923188882 ], [ -73.599568954922191, 45.60674276666591 ], [ -73.599693676983051, 45.607620395175829 ], [ -73.600059951742168, 45.608464081156853 ], [ -73.600653712904162, 45.60924140001714 ], [ -73.601452148848139, 45.609922476530329 ], [ -73.602424578307634, 45.610481133425886 ], [ -73.603533629102117, 45.610895897958123 ], [ -73.603561737093528, 45.610901854143535 ], [ -73.603381136344296, 45.611000067488199 ], [ -73.603173606777204, 45.611107597133802 ], [ -73.603140356055604, 45.611125588528203 ], [ -73.602299836373803, 45.6107623980715 ], [ -73.601956822876204, 45.610614180694803 ], [ -73.601496045467997, 45.610421409592298 ], [ -73.601244826314002, 45.610313077808101 ], [ -73.601046968405498, 45.610227760720903 ], [ -73.600214142586793, 45.609867970731202 ], [ -73.599445020288002, 45.609535179903901 ], [ -73.598946868015702, 45.609320216551502 ], [ -73.598698117504199, 45.609212869980603 ], [ -73.598307997567105, 45.609044326366998 ], [ -73.597967401246194, 45.6088970878643 ], [ -73.597917983164507, 45.608875728601703 ], [ -73.5975634394905, 45.608715587809002 ], [ -73.596412654129296, 45.608218233226701 ], [ -73.596109260712694, 45.608087104547501 ], [ -73.596076587734402, 45.608072984368597 ], [ -73.595740465123995, 45.607927708203299 ], [ -73.595404344285797, 45.6077824310007 ], [ -73.595097913719542, 45.607649988347767 ], [ -73.595019702489594, 45.60746979658218 ], [ -73.594426037828896, 45.606692448120604 ], [ -73.593627732723874, 45.606011322011639 ], [ -73.592655467772232, 45.605452589669078 ], [ -73.592021516309785, 45.605215402780736 ], [ -73.591840350935414, 45.604978157943087 ], [ -73.591467982934716, 45.60466041719944 ], [ -73.591440298749419, 45.604465404387071 ], [ -73.591074179274884, 45.603621690057999 ], [ -73.590480609745342, 45.602844320494739 ], [ -73.589682406992367, 45.602163166277307 ], [ -73.588710247681476, 45.601604399900374 ], [ -73.588417772600735, 45.601494952594734 ], [ -73.588201814831223, 45.601212095445533 ], [ -73.587403662804078, 45.600530925073237 ], [ -73.586431554296766, 45.599972139107308 ], [ -73.585322844638938, 45.599557207506244 ], [ -73.584120134572231, 45.599302072582098 ], [ -73.582869634094152, 45.599216536845077 ], [ -73.581619388075964, 45.599303886630572 ], [ -73.580417431623843, 45.599560765921922 ], [ -73.579309945812938, 45.599977305200646 ], [ -73.578554404572571, 45.600413438536506 ], [ -73.5782415504695, 45.600278469771901 ], [ -73.577367903228605, 45.599901387594002 ], [ -73.577148507949602, 45.599803481982697 ], [ -73.577103340903193, 45.599783923213003 ], [ -73.577160472660694, 45.599685149633899 ], [ -73.577282566066799, 45.599474264434697 ], [ -73.577329900237302, 45.599409371531102 ], [ -73.577330687592294, 45.5994081119646 ], [ -73.577331384059605, 45.599406826286398 ], [ -73.577331987888002, 45.599405517727398 ], [ -73.577332497560704, 45.5994041895744 ], [ -73.577332911797498, 45.599402845163603 ], [ -73.577333229557894, 45.599401487872001 ], [ -73.577333450043596, 45.599400121108999 ], [ -73.577333572700894, 45.599398748307898 ], [ -73.577333597221696, 45.599397372916897 ], [ -73.577333523544397, 45.599395998390897 ], [ -73.577333351853994, 45.599394628182502 ], [ -73.577333082581902, 45.599393265733603 ], [ -73.577332716404399, 45.5993919144667 ], [ -73.577332254241298, 45.599390577775701 ], [ -73.577331697253598, 45.599389259018501 ], [ -73.5773310468403, 45.599387961507702 ], [ -73.577330304635296, 45.599386688502399 ], [ -73.577329472502797, 45.599385443200198 ], [ -73.577328552533203, 45.599384228729299 ], [ -73.577327547037299, 45.599383048140403 ], [ -73.577326458540796, 45.599381904398903 ], [ -73.577325289777903, 45.599380800377801 ], [ -73.577324043684499, 45.599379738850303 ], [ -73.577322723390594, 45.599378722482697 ], [ -73.577321332212605, 45.599377753828399 ], [ -73.577319873645195, 45.5993768353202 ], [ -73.577318351351906, 45.599375969265402 ], [ -73.577316769156795, 45.599375157839503 ], [ -73.577315131033998, 45.599374403080603 ], [ -73.577313441098497, 45.599373706884798 ], [ -73.577307815447497, 45.5993716888851 ], [ -73.577302158816295, 45.599369714009597 ], [ -73.577296471883002, 45.599367782495101 ], [ -73.577290755321897, 45.599365894570603 ], [ -73.577285009811206, 45.599364050460302 ], [ -73.577279236032297, 45.599362250382597 ], [ -73.577273434668996, 45.599360494551199 ], [ -73.577266421425193, 45.599358437410899 ], [ -73.577259370755897, 45.5993564443121 ], [ -73.577252283848296, 45.599354515586697 ], [ -73.577245161895206, 45.5993526515593 ], [ -73.577238006094902, 45.599350852543402 ], [ -73.577230817651895, 45.5993491188419 ], [ -73.577223597775699, 45.599347450746599 ], [ -73.5772163476815, 45.599345848538199 ], [ -73.577209068589298, 45.599344312486103 ], [ -73.577201761723998, 45.599342842849197 ], [ -73.577194428315394, 45.5993414398745 ], [ -73.577187069597599, 45.599340103798298 ], [ -73.577179686809004, 45.599338834845298 ], [ -73.577172281191906, 45.599337633229197 ], [ -73.577164853992699, 45.599336499152002 ], [ -73.577157406461296, 45.5993354328048 ], [ -73.577149939850898, 45.599334434366902 ], [ -73.577142455418198, 45.599333504006303 ], [ -73.577134954422704, 45.599332641879599 ], [ -73.577127438126695, 45.599331848132103 ], [ -73.577119907794994, 45.599331122896999 ], [ -73.577112364694997, 45.5993304662966 ], [ -73.577104810096003, 45.599329878441402 ], [ -73.577097245269499, 45.5993293594302 ], [ -73.577089671488395, 45.599328909350398 ], [ -73.577082090027304, 45.599328528277802 ], [ -73.577074502162205, 45.599328216276398 ], [ -73.577066909169901, 45.5993279733988 ], [ -73.577059312328203, 45.599327799685902 ], [ -73.577051712915605, 45.599327695166799 ], [ -73.577044112211098, 45.599327659859298 ], [ -73.577036511493603, 45.599327693769197 ], [ -73.577028912042294, 45.599327796890798 ], [ -73.577021315135994, 45.599327969206698 ], [ -73.577013722053294, 45.5993282106881 ], [ -73.577006134071993, 45.599328521294098 ], [ -73.576998552468993, 45.599328900972601 ], [ -73.576984089585807, 45.599329655662103 ], [ -73.576969619690701, 45.599330340936802 ], [ -73.576955143460495, 45.599330956761598 ], [ -73.576940661571598, 45.599331503107599 ], [ -73.576926174700802, 45.599331979949397 ], [ -73.576911683524997, 45.599332387264703 ], [ -73.576897188721304, 45.599332725034401 ], [ -73.576882690967096, 45.599332993242903 ], [ -73.576868190939805, 45.599333191877299 ], [ -73.576853689317105, 45.5993333209287 ], [ -73.576839186776397, 45.599333380390803 ], [ -73.576824683995497, 45.5993333702611 ], [ -73.576810181652107, 45.599333290539803 ], [ -73.576795680423899, 45.599333141230801 ], [ -73.576781180988405, 45.599332922340899 ], [ -73.576766684023198, 45.599332633880501 ], [ -73.576752190205795, 45.599332275862999 ], [ -73.5767377002134, 45.599331848305198 ], [ -73.576723214723003, 45.599331351227001 ], [ -73.576708734411596, 45.599330784651599 ], [ -73.576704935714588, 45.599330617726771 ], [ -73.577128129425631, 45.598773547380631 ], [ -73.577491684690244, 45.597929293718941 ], [ -73.57761362264371, 45.597051472172524 ], [ -73.577489268439152, 45.596173817687372 ], [ -73.577123412085513, 45.595330057247438 ], [ -73.576530122673418, 45.594552613885291 ], [ -73.575732206271823, 45.593871361019488 ], [ -73.574760328546688, 45.593312474937328 ], [ -73.573651835964426, 45.592897429445131 ], [ -73.572449320930886, 45.592642171231255 ], [ -73.571198985954595, 45.592556507542483 ], [ -73.569948869551538, 45.592643729629259 ], [ -73.569816703843571, 45.592671964382276 ], [ -73.569304461734021, 45.592636860823319 ], [ -73.568648140636213, 45.592682642058378 ], [ -73.568626953282504, 45.592641390826302 ], [ -73.568495317455103, 45.592077817000998 ], [ -73.568453479465305, 45.5918109168122 ], [ -73.568261636923296, 45.5914815142187 ], [ -73.568025505715994, 45.591016776372399 ], [ -73.567985806477495, 45.590938638336702 ], [ -73.567957544837796, 45.590883012229 ], [ -73.567721770637206, 45.590503140885303 ], [ -73.567721220785799, 45.5905022549695 ], [ -73.567680376769303, 45.590436447580103 ], [ -73.567430558793305, 45.590155189726097 ], [ -73.567417782642195, 45.590140805586401 ], [ -73.567279902526593, 45.589876469411998 ], [ -73.567277446635501, 45.589871761079799 ], [ -73.567212484822903, 45.589747214351398 ], [ -73.567187076172502, 45.589698497241102 ], [ -73.567146817557898, 45.589621311235199 ], [ -73.567106175999598, 45.589543390818498 ], [ -73.567094992019506, 45.589525068583498 ], [ -73.567078712409199, 45.589498398383299 ], [ -73.567037288867496, 45.589430536980103 ], [ -73.566979585486195, 45.5893360051302 ], [ -73.566921882106101, 45.589241472907602 ], [ -73.566871811687093, 45.589159445074998 ], [ -73.566864103574304, 45.589146962573103 ], [ -73.566805830846903, 45.589052595569697 ], [ -73.566747559457795, 45.5889582303789 ], [ -73.566689288084206, 45.588863864859903 ], [ -73.566631015429493, 45.588769496943797 ], [ -73.566623225436302, 45.588756881639704 ], [ -73.566572745037107, 45.588675131919501 ], [ -73.5665144738131, 45.588580765451702 ], [ -73.566440620275301, 45.588461164459801 ], [ -73.566416482856695, 45.588422075494599 ], [ -73.566337356298305, 45.588352242175198 ], [ -73.566268445982004, 45.588291425231198 ], [ -73.566208492868299, 45.588255330055297 ], [ -73.566070822194305, 45.588172444494802 ], [ -73.565959277302497, 45.588105288138799 ], [ -73.5659168372012, 45.588079736787897 ], [ -73.565842286983695, 45.588042993234602 ], [ -73.565722407160493, 45.587983908097797 ], [ -73.565602527858402, 45.587924823212099 ], [ -73.565482649256793, 45.587865738667602 ], [ -73.565362770766001, 45.587806654185599 ], [ -73.565242891629296, 45.587747569370599 ], [ -73.565123013475301, 45.5876884850585 ], [ -73.565003135534496, 45.587629400844897 ], [ -73.564883259115007, 45.587570317376802 ], [ -73.564763379972305, 45.587511232569 ], [ -73.564728210312893, 45.587493898503702 ], [ -73.564643261017196, 45.587452471637299 ], [ -73.564519494698303, 45.587392115036003 ], [ -73.564399195685198, 45.5873334493211 ], [ -73.564278896897306, 45.587274783712701 ], [ -73.564215475461793, 45.587243855250399 ], [ -73.564208282156201, 45.587218408590999 ], [ -73.564197309040594, 45.587179590623798 ], [ -73.564186380644301, 45.5871409328808 ], [ -73.564177211578496, 45.586962792315802 ], [ -73.5641722457203, 45.586866302862198 ], [ -73.564167318245794, 45.586770533951899 ], [ -73.564167247875503, 45.586769185125597 ], [ -73.564171060502503, 45.586674610784399 ], [ -73.564174933892701, 45.586578456872097 ], [ -73.564178810398701, 45.586482302956398 ], [ -73.564179600020296, 45.586466854262198 ], [ -73.564185330710302, 45.586386149750403 ], [ -73.564187680240593, 45.586353046291002 ], [ -73.564192154500702, 45.5862900051591 ], [ -73.564198733886201, 45.5861935641285 ], [ -73.564200297090196, 45.586170571014897 ], [ -73.564205281961705, 45.586097123113397 ], [ -73.564211830012496, 45.586000679899499 ], [ -73.564218374912201, 45.585904236685401 ], [ -73.564224301333397, 45.585816932714799 ], [ -73.564224941385405, 45.585807525441297 ], [ -73.564231504707394, 45.585710814197 ], [ -73.564238126528394, 45.585613292280001 ], [ -73.564244760548405, 45.585515513322498 ], [ -73.564252256207496, 45.585405128349599 ], [ -73.564110174076902, 45.585209523703597 ], [ -73.563954421848607, 45.584987548940802 ], [ -73.564090848475999, 45.584943227908603 ], [ -73.564214946135493, 45.5849029119126 ], [ -73.564339043614694, 45.584862593584802 ], [ -73.564463140918704, 45.5848222773188 ], [ -73.564587238044894, 45.584781960917802 ], [ -73.564711334993206, 45.584741644381801 ], [ -73.56483543489, 45.584701325512199 ], [ -73.564959531482899, 45.584661008706199 ], [ -73.565083627897906, 45.584620691765203 ], [ -73.565207724132705, 45.584580372492397 ], [ -73.565436960336001, 45.584505895584101 ], [ -73.565731441508007, 45.584410220623496 ], [ -73.565911396699605, 45.584349086219902 ], [ -73.566032765607403, 45.584307853732398 ], [ -73.566130072019405, 45.584274796349099 ], [ -73.566161289859593, 45.584264191648302 ], [ -73.5660055272281, 45.584147464197102 ], [ -73.565991076544407, 45.584134598998197 ], [ -73.565883301095496, 45.584038656614801 ], [ -73.565841425914897, 45.584002705123098 ], [ -73.565758677876602, 45.583931656091202 ], [ -73.565624696139906, 45.583831646793001 ], [ -73.565579165276603, 45.583788812372099 ], [ -73.565530840680296, 45.583743345510698 ], [ -73.565506060861395, 45.583715536601602 ], [ -73.565466488355398, 45.583671099410402 ], [ -73.565396986298893, 45.583620253552603 ], [ -73.565342253668803, 45.5835632172655 ], [ -73.565232976719898, 45.583449370779398 ], [ -73.565195203043402, 45.583385558432703 ], [ -73.565145258631205, 45.583326693732701 ], [ -73.564843895319697, 45.5830494193277 ], [ -73.564780162816902, 45.583000514027603 ], [ -73.564894997332203, 45.582959434731897 ], [ -73.564902195366003, 45.582955983782597 ], [ -73.564919829031496, 45.582932371888297 ], [ -73.565069655298402, 45.582841484180001 ], [ -73.565114424084598, 45.582826899037101 ], [ -73.565145564688294, 45.5828393088726 ], [ -73.5651689578104, 45.582853449844798 ], [ -73.565289555713605, 45.582843032714699 ], [ -73.565491990715898, 45.582810846101303 ], [ -73.565603542172795, 45.582823254720097 ], [ -73.565780793030001, 45.582842966197198 ], [ -73.565901175830902, 45.5828333229354 ], [ -73.5660000809699, 45.582802392382803 ], [ -73.566022168160799, 45.582732498868303 ], [ -73.566018561414197, 45.582583444567497 ], [ -73.566027612124998, 45.582511182687298 ], [ -73.566071256606307, 45.582488049868402 ], [ -73.566138673116399, 45.582519279746201 ], [ -73.566228380827198, 45.582492052718401 ], [ -73.5662895179847, 45.582491027576701 ], [ -73.566309783552697, 45.582439464492502 ], [ -73.566391113999202, 45.582373460076198 ], [ -73.566483361532093, 45.582454732781599 ], [ -73.566528564992396, 45.582482933813502 ], [ -73.566625248668103, 45.582479107669499 ], [ -73.5666361643556, 45.582478511852798 ], [ -73.566647214929205, 45.582477991983701 ], [ -73.566658535275494, 45.582477624010998 ], [ -73.566670260280702, 45.582477483883501 ], [ -73.566681347643694, 45.582477617230403 ], [ -73.566695326137804, 45.582478108512099 ], [ -73.5667082464131, 45.582478611758397 ], [ -73.566720789238602, 45.582478855188597 ], [ -73.566732458282203, 45.582478536754898 ], [ -73.566742757211401, 45.582477354409598 ], [ -73.566751581109003, 45.582474840728601 ], [ -73.566757373625293, 45.582471255980103 ], [ -73.566761464058104, 45.582466179407497 ], [ -73.566763773795799, 45.5824599431647 ], [ -73.566764615663303, 45.5824527140405 ], [ -73.566764302485495, 45.582444658823903 ], [ -73.566763147087102, 45.582435944303498 ], [ -73.566761462293002, 45.582426737268499 ], [ -73.566759560927593, 45.582417204507401 ], [ -73.566757755815303, 45.582407512809397 ], [ -73.566756359780001, 45.582397828963202 ], [ -73.566755685645703, 45.582388319757897 ], [ -73.566756385485505, 45.582376603428003 ], [ -73.5667577262046, 45.582370479505798 ], [ -73.566760731807804, 45.582362328519501 ], [ -73.566764910541295, 45.582354652402898 ], [ -73.566770108051898, 45.582347403687699 ], [ -73.566776169986397, 45.582340534905398 ], [ -73.566782941991704, 45.5823339985876 ], [ -73.566790269714801, 45.582327747266099 ], [ -73.566797998802798, 45.582321733472398 ], [ -73.566804932846097, 45.582316655336101 ], [ -73.566814085027502, 45.582310237074701 ], [ -73.566822327912107, 45.582304699394399 ], [ -73.566830721468193, 45.582299284540902 ], [ -73.566839283544894, 45.582293980344701 ], [ -73.566848031991199, 45.582288774636702 ], [ -73.566857612323602, 45.582283303794298 ], [ -73.566866082467996, 45.5822785779133 ], [ -73.566874887449103, 45.582273340276899 ], [ -73.566884630690893, 45.582266191199103 ], [ -73.566889451198904, 45.5822614057303 ], [ -73.566894635978699, 45.582254478714198 ], [ -73.566898553155298, 45.582247019189197 ], [ -73.566901358222594, 45.582239136937197 ], [ -73.566903206674098, 45.582230941739802 ], [ -73.566904254003504, 45.582222543378698 ], [ -73.566904655704505, 45.582214051635397 ], [ -73.566904567270598, 45.582205576291599 ], [ -73.5669041552256, 45.582197396721902 ], [ -73.5669035251194, 45.582189080773702 ], [ -73.5669027853085, 45.5821810891631 ], [ -73.566901985130002, 45.582173174924399 ], [ -73.566900519960697, 45.582156519251797 ], [ -73.566935767797204, 45.582131591796298 ], [ -73.566992625140202, 45.582033603038902 ], [ -73.5670464464433, 45.582013486745304 ], [ -73.567062765224904, 45.582006511801602 ], [ -73.567071022486104, 45.582003379198902 ], [ -73.567079397192799, 45.582000672439797 ], [ -73.567089075152197, 45.581998299749699 ], [ -73.567096646404906, 45.581997087294297 ], [ -73.567105526306705, 45.581996357520197 ], [ -73.5671145233555, 45.581996330232002 ], [ -73.567123592674406, 45.581996991450602 ], [ -73.567132689386696, 45.581998327197198 ], [ -73.5671417686155, 45.582000323492998 ], [ -73.567150785484003, 45.582002966359198 ], [ -73.567159695115507, 45.582006241816998 ], [ -73.567168452632998, 45.5820101358876 ], [ -73.567177013159693, 45.582014634592298 ], [ -73.567187581774903, 45.582021232527197 ], [ -73.567193368906999, 45.582025380242499 ], [ -73.567201133941296, 45.582031487029703 ], [ -73.567215995131207, 45.582044380637598 ], [ -73.567230211395298, 45.582057059148802 ], [ -73.567237170271994, 45.5820628970651 ], [ -73.567244079027304, 45.582068176393499 ], [ -73.567250974697899, 45.582072728862798 ], [ -73.567257894320093, 45.582076386201798 ], [ -73.567264874930402, 45.582078980139102 ], [ -73.567271953565196, 45.5820803424036 ], [ -73.567279167260693, 45.582080304724002 ], [ -73.567282836329895, 45.5820797083203 ], [ -73.567287346785207, 45.582078430025099 ], [ -73.567294130166104, 45.582075486827598 ], [ -73.567301819732293, 45.582071348848999 ], [ -73.567383377727694, 45.582034830832797 ], [ -73.567444772382302, 45.581896553301199 ], [ -73.567431696331397, 45.5818818761635 ], [ -73.567436381102297, 45.581872792371797 ], [ -73.567441161766197, 45.581863957952599 ], [ -73.567446134217406, 45.5818556222791 ], [ -73.567451394350499, 45.581848034723997 ], [ -73.567457038059999, 45.5818414446601 ], [ -73.567463161240596, 45.581836101460297 ], [ -73.567469859786996, 45.581832254497499 ], [ -73.567473693431396, 45.581830902704397 ], [ -73.567485275834102, 45.581829810848497 ], [ -73.567493935349404, 45.581831063368298 ], [ -73.567503128913401, 45.581833704673102 ], [ -73.567512780233997, 45.581837536365001 ], [ -73.567522813019295, 45.581842360045599 ], [ -73.567533150977297, 45.581847977317203 ], [ -73.567543717815596, 45.581854189781701 ], [ -73.567554437241895, 45.581860799040903 ], [ -73.567565232963602, 45.581867606697003 ], [ -73.567616563308505, 45.581928044676701 ], [ -73.567623351325096, 45.581926735376499 ], [ -73.567630197994603, 45.581925555022899 ], [ -73.567637095839203, 45.581924505452903 ], [ -73.567644037232299, 45.5819235882173 ], [ -73.567651014426104, 45.581922804573303 ], [ -73.567658019580506, 45.5819221554789 ], [ -73.567665044792605, 45.581921641589297 ], [ -73.567672082125995, 45.581921263254401 ], [ -73.567679123641, 45.581921020518301 ], [ -73.567686161424106, 45.581920913121202 ], [ -73.567788421082597, 45.581887540521798 ], [ -73.567812648196295, 45.581874370294997 ], [ -73.567823053397106, 45.581876733422803 ], [ -73.567966951930401, 45.5819094084545 ], [ -73.567974708558694, 45.581907087821101 ], [ -73.567985590315203, 45.581903917404702 ], [ -73.5679910314756, 45.581902388979202 ], [ -73.567999758439001, 45.581899967035298 ], [ -73.568008674808198, 45.581897449541103 ], [ -73.5680175996727, 45.581894798633201 ], [ -73.5680263521227, 45.581891976448397 ], [ -73.568034751247694, 45.581888945123701 ], [ -73.568042616137703, 45.581885666795799 ], [ -73.568049765882506, 45.5818821036016 ], [ -73.568056019572197, 45.581878217678103 ], [ -73.568061196296597, 45.581873971162501 ], [ -73.568065115145799, 45.581869326191502 ], [ -73.568067376276602, 45.581864888042603 ], [ -73.5680685985228, 45.581858723246697 ], [ -73.568068482661204, 45.581852850749002 ], [ -73.568067674541794, 45.581846733336 ], [ -73.568066600898405, 45.5818404768915 ], [ -73.5680656884646, 45.581834187299599 ], [ -73.568065363973801, 45.581827970443904 ], [ -73.568066502199102, 45.581820238970501 ], [ -73.5680681352259, 45.581816167351903 ], [ -73.568071482367401, 45.581810660324003 ], [ -73.568075684331902, 45.581805332506597 ], [ -73.568080326503804, 45.581800104540903 ], [ -73.568084994267593, 45.581794897068399 ], [ -73.568089273008098, 45.581789630730299 ], [ -73.568092907300695, 45.5817839240691 ], [ -73.568095088442902, 45.581778619686503 ], [ -73.568096356673195, 45.581772821473898 ], [ -73.5680967314714, 45.581766863482798 ], [ -73.568096391524094, 45.581760777668997 ], [ -73.568095515517797, 45.581754595988102 ], [ -73.5680942821391, 45.581748350395799 ], [ -73.568092870074494, 45.581742072847803 ], [ -73.568081219192905, 45.581728906368703 ], [ -73.568060817465806, 45.581676584017998 ], [ -73.568142599242805, 45.581655245571497 ], [ -73.5681521183065, 45.581656099760401 ], [ -73.568161609292503, 45.581657043809102 ], [ -73.568171044123204, 45.581658167579 ], [ -73.568180394720699, 45.581659560931001 ], [ -73.568189633007407, 45.581661313725903 ], [ -73.568200223829294, 45.581663930630597 ], [ -73.568207667731997, 45.581666228842003 ], [ -73.568216471827796, 45.581669327120501 ], [ -73.568225191483904, 45.5816726087943 ], [ -73.568233875049202, 45.581675871775701 ], [ -73.568242570872499, 45.5816789139771 ], [ -73.568251327302505, 45.5816815333107 ], [ -73.568260192687703, 45.581683527688803 ], [ -73.568271176863902, 45.581684818309199 ], [ -73.568278435233594, 45.581684874123503 ], [ -73.568287826398205, 45.581684220629199 ], [ -73.568297332323795, 45.581683038105197 ], [ -73.568306896291006, 45.581681630949703 ], [ -73.568316700942006, 45.5816802739444 ], [ -73.568325981826007, 45.581679280113804 ], [ -73.568335455303099, 45.581678438807501 ], [ -73.568344892320297, 45.581677564596703 ], [ -73.568351641610107, 45.5816767976943 ], [ -73.568363678813199, 45.581674936966003 ], [ -73.568372978420598, 45.581673043063297 ], [ -73.568382157010205, 45.581670772924497 ], [ -73.568391169792207, 45.581668137892301 ], [ -73.568399971976604, 45.581665149309799 ], [ -73.568408518773794, 45.581661818519997 ], [ -73.568416765393707, 45.581658156865799 ], [ -73.568424667046898, 45.581654175690197 ], [ -73.568432178943297, 45.581649886336201 ], [ -73.568441456065003, 45.581643747132503 ], [ -73.568445858237496, 45.581640429123503 ], [ -73.568451988262296, 45.5816352926973 ], [ -73.568457677842702, 45.581629914988198 ], [ -73.568462958892496, 45.581624320189903 ], [ -73.568467863325694, 45.581618532495902 ], [ -73.568472423056207, 45.5816125760999 ], [ -73.568476669998205, 45.581606475195201 ], [ -73.568480636065402, 45.581600253975701 ], [ -73.568485922120303, 45.581591125384598 ], [ -73.568487851863296, 45.581587546887697 ], [ -73.5684911384635, 45.581581099979402 ], [ -73.568494198523695, 45.581574603891397 ], [ -73.568497016922294, 45.581568066369599 ], [ -73.568499578537697, 45.581561495160003 ], [ -73.568501868248205, 45.581554898008598 ], [ -73.568503870932204, 45.581548282661601 ], [ -73.568505571468094, 45.5815416568649 ], [ -73.568506954734403, 45.581535028364499 ], [ -73.568508005609303, 45.5815284049064 ], [ -73.568508708971294, 45.5815217942367 ], [ -73.568509073435493, 45.581513852046399 ], [ -73.5685090163377, 45.5815086398215 ], [ -73.568508625036401, 45.581502088467403 ], [ -73.568507904512401, 45.581495528798897 ], [ -73.568506883546902, 45.5814889395336 ], [ -73.568505590920793, 45.581482299389002 ], [ -73.568504055415204, 45.581475587082998 ], [ -73.568502305811293, 45.581468781333001 ], [ -73.5685005406296, 45.581462449839599 ], [ -73.568498345399604, 45.581454830467301 ], [ -73.568496528715599, 45.581447775926399 ], [ -73.568495646502697, 45.581442924101403 ], [ -73.568495260048294, 45.581440798753199 ], [ -73.568494878576502, 45.581434000454898 ], [ -73.568495723478804, 45.581427482538601 ], [ -73.568499258257503, 45.581419528687299 ], [ -73.5685024095458, 45.581415690388198 ], [ -73.568508424384703, 45.5814105746447 ], [ -73.568515793529201, 45.581406036906998 ], [ -73.568524128389498, 45.581402114477903 ], [ -73.568535304616702, 45.581398136089703 ], [ -73.568542168490694, 45.581396260780402 ], [ -73.568551391148802, 45.581394361664898 ], [ -73.568564847984206, 45.5813927913646 ], [ -73.568570125800804, 45.581392536551398 ], [ -73.568579626780206, 45.581392465159396 ], [ -73.568589187926094, 45.5813927107545 ], [ -73.568598784107905, 45.5813930671777 ], [ -73.568608390195195, 45.581393328269897 ], [ -73.568620770253602, 45.581393189705402 ], [ -73.568627533269094, 45.581392756929297 ], [ -73.568637040503503, 45.581391717816601 ], [ -73.568646506290705, 45.581390251744601 ], [ -73.568655934279704, 45.581388441114797 ], [ -73.568665328119707, 45.581386368329198 ], [ -73.568674691460103, 45.581384115789596 ], [ -73.5686840279498, 45.581381765897802 ], [ -73.568693341238401, 45.581379401055401 ], [ -73.568702634975097, 45.581377103664501 ], [ -73.568711912809505, 45.581374956126602 ], [ -73.568721178390902, 45.581373040843602 ], [ -73.568730435368906, 45.581371440217502 ], [ -73.568739687393105, 45.581370236649597 ], [ -73.568748938113103, 45.581369512542203 ], [ -73.568758191178603, 45.581369350296697 ], [ -73.568770336715403, 45.581370127089201 ], [ -73.568776714101105, 45.581371028303799 ], [ -73.568785929486296, 45.581372871467799 ], [ -73.568793177449606, 45.581374702473198 ], [ -73.568803864811201, 45.581377954060599 ], [ -73.568812373904905, 45.581381120532697 ], [ -73.568820419959195, 45.581384751177097 ], [ -73.568827139402799, 45.581388431428799 ], [ -73.568834722549099, 45.5813935174139 ], [ -73.568841107870995, 45.581398506732 ], [ -73.568847253383396, 45.581403688811697 ], [ -73.568855409289199, 45.581410586220002 ], [ -73.568859664679906, 45.581413982447501 ], [ -73.568866187637695, 45.581418896007698 ], [ -73.568872906304094, 45.581423667591999 ], [ -73.568879784480501, 45.581428326249899 ], [ -73.568887652523898, 45.581433458472503 ], [ -73.5688938843888, 45.581437411323897 ], [ -73.568901110324603, 45.5814418204912 ], [ -73.568908514844694, 45.581446071743102 ], [ -73.568918762089098, 45.581451400328099 ], [ -73.568924060622393, 45.581453875199898 ], [ -73.5689322576075, 45.581457340625199 ], [ -73.568940722365895, 45.581460487443699 ], [ -73.568953222975495, 45.581464391083998 ], [ -73.568958382159906, 45.581465757228003 ], [ -73.5689675265061, 45.5814678344261 ], [ -73.568976827309001, 45.581469493240398 ], [ -73.568986241686403, 45.581470696241396 ], [ -73.568991866576994, 45.581471179470199 ], [ -73.569005254756405, 45.581471656671098 ], [ -73.569014813189995, 45.581471554671602 ], [ -73.569024392155299, 45.581471218709297 ], [ -73.569033981386397, 45.581470765765097 ], [ -73.569050131040498, 45.581476121816102 ], [ -73.569313492892206, 45.5815634607481 ], [ -73.569599393227307, 45.581658266722101 ], [ -73.569682725515094, 45.581517561368997 ], [ -73.569704648091502, 45.581480543119099 ], [ -73.569742726873898, 45.581416246575401 ], [ -73.569800695616394, 45.581318362276797 ], [ -73.569802728015603, 45.581314930650301 ], [ -73.569862728943093, 45.581213615790404 ], [ -73.569863727969704, 45.581211930193703 ], [ -73.570170284140502, 45.581313654277601 ], [ -73.5701717958286, 45.581314155329899 ], [ -73.5703671575816, 45.581378980700599 ], [ -73.5703680620922, 45.581379280013799 ], [ -73.570651919261394, 45.581473215760298 ], [ -73.5706601849554, 45.581460890701301 ], [ -73.570722260322, 45.581368350533701 ], [ -73.570730079447401, 45.581356692490502 ], [ -73.5707888289691, 45.581269110442797 ], [ -73.570800004909302, 45.581252449180397 ], [ -73.570869892638399, 45.581148259671799 ], [ -73.570872037883404, 45.581145059724101 ], [ -73.570960351894598, 45.581013385988904 ], [ -73.570961622799501, 45.581011491512797 ], [ -73.571022431485602, 45.5809224965829 ], [ -73.573206710147801, 45.581665762740798 ], [ -73.573212081224298, 45.581667718890799 ], [ -73.573437068921194, 45.581749641183599 ], [ -73.573441078303304, 45.581750980882802 ], [ -73.573965038409696, 45.581926162525001 ], [ -73.574015478661906, 45.581870601126901 ], [ -73.574039058642796, 45.581844622351902 ], [ -73.574134071884203, 45.581739949935901 ], [ -73.574248465935298, 45.581613926820097 ], [ -73.574356492860801, 45.5814949354614 ], [ -73.574365008783701, 45.581485552654897 ], [ -73.574481541717006, 45.581357179472697 ], [ -73.574598070989396, 45.581228805072698 ], [ -73.574714599730996, 45.581100430551302 ], [ -73.574831131071505, 45.5809720570048 ], [ -73.574937524855997, 45.5808548554892 ], [ -73.574947658764401, 45.5808436921264 ], [ -73.575055361487784, 45.580725038877297 ], [ -73.574863347916789, 45.581171030616055 ], [ -73.57474140115329, 45.582048851682949 ], [ -73.574865681066726, 45.582926511385374 ], [ -73.575231422788733, 45.583770280968274 ], [ -73.57582458050183, 45.584547732632878 ], [ -73.576622365775847, 45.585228986054759 ], [ -73.577594122356572, 45.585787857169215 ], [ -73.578702503934991, 45.586202865000615 ], [ -73.579857948847234, 45.586448091013537 ], [ -73.579264483015805, 45.586790759298019 ], [ -73.578468543471374, 45.587473094250512 ], [ -73.577877469616212, 45.588251342042355 ], [ -73.577513982428428, 45.589095598323631 ], [ -73.577392059985556, 45.589973420981281 ], [ -73.577516398853888, 45.590851076538868 ], [ -73.577882231903871, 45.591694836399874 ], [ -73.578475509811653, 45.592472273138149 ], [ -73.579273439529729, 45.593153507001652 ], [ -73.580245359252814, 45.593712354676114 ], [ -73.581353916400417, 45.59412733608572 ], [ -73.582556503397868, 45.594382500450244 ], [ -73.583806896027568, 45.59446803976374 ], [ -73.585057031242471, 45.594380666043122 ], [ -73.586258855901576, 45.594123737798675 ], [ -73.586729696201957, 45.593946593450504 ], [ -73.586766932403862, 45.593949139827664 ], [ -73.588017051456703, 45.593861733718953 ], [ -73.589218851488425, 45.593604774329371 ], [ -73.590326138564137, 45.593188138674243 ], [ -73.591296353977071, 45.59262784112385 ], [ -73.59209221071275, 45.591945417478321 ], [ -73.592683126699612, 45.591167096768054 ], [ -73.592935151493577, 45.590581351200903 ], [ -73.593090082845208, 45.590491871141978 ], [ -73.593885887676578, 45.589809434785103 ], [ -73.594446332467356, 45.589071181014639 ], [ -73.594816407638092, 45.589283909969296 ], [ -73.595924984704638, 45.589698750290275 ], [ -73.597127542864882, 45.589953761487983 ], [ -73.598377859008281, 45.590039141445295 ], [ -73.599627873028524, 45.589951608306009 ], [ -73.600829536445858, 45.589694526709422 ], [ -73.601113821272065, 45.589587515014934 ], [ -73.601198646619594, 45.590184478899324 ], [ -73.601564830044325, 45.591028162718899 ], [ -73.602158427671981, 45.591805476280527 ], [ -73.602956634159938, 45.59248654456335 ], [ -73.603928777056964, 45.593045190615413 ], [ -73.605037495196413, 45.593459942110179 ], [ -73.606240174808789, 45.593714857105581 ], [ -73.607490588112142, 45.593800137182626 ], [ -73.608740671263476, 45.593712504325126 ], [ -73.609942373124909, 45.593455327006296 ], [ -73.611049503539164, 45.593038490619669 ], [ -73.612019509827149, 45.592478017251743 ], [ -73.612815113019494, 45.591795449459966 ], [ -73.613405740796708, 45.591017021813364 ], [ -73.613768702020892, 45.590172652123286 ], [ -73.613890057775052, 45.589294791220283 ], [ -73.613765155584318, 45.588417175555712 ], [ -73.61339880650884, 45.587573530614932 ], [ -73.612805098561907, 45.586796274986717 ], [ -73.612006853881269, 45.5861152748721 ], [ -73.61131758351091, 45.585719214758349 ], [ -73.611749883335747, 45.585149426641358 ], [ -73.612112831750608, 45.584305061353653 ], [ -73.612234200851134, 45.583427201291769 ], [ -73.612109337645975, 45.582549582874869 ], [ -73.611743051693821, 45.581705931694593 ], [ -73.611149428579623, 45.580928666580185 ], [ -73.610351287179697, 45.580247654098095 ], [ -73.609379301790781, 45.579689061298367 ], [ -73.608270823004105, 45.579274350719814 ], [ -73.607068442687819, 45.579019456185605 ], [ -73.605818358172101, 45.578934170973127 ], [ -73.604568598353083, 45.579021771795155 ], [ -73.603609256252042, 45.579227085056544 ], [ -73.603709831887429, 45.578500363260936 ], [ -73.603585112526275, 45.577622734641345 ], [ -73.603218986348026, 45.576779055259927 ], [ -73.602625532797177, 45.576001745031419 ], [ -73.60185654901592, 45.575345411007802 ], [ -73.602014825114153, 45.574977302798374 ], [ -73.60209800324813, 45.574376364429924 ], [ -73.6023381676101, 45.574272218911403 ], [ -73.602345965183204, 45.574280599823197 ], [ -73.602353722629502, 45.574288999353698 ], [ -73.602361439814104, 45.574297417360199 ], [ -73.602369116603697, 45.574305853699997 ], [ -73.602376752865993, 45.574314308229397 ], [ -73.602384348470295, 45.574322780804302 ], [ -73.602391903287199, 45.574331271279704 ], [ -73.602399417188806, 45.574339779510403 ], [ -73.602406890048499, 45.574348305350298 ], [ -73.602414321741193, 45.574356848652798 ], [ -73.602641743686604, 45.574615543886097 ], [ -73.602693783149704, 45.574674741897098 ], [ -73.602757851625896, 45.5747476157336 ], [ -73.603116577730901, 45.574909703500303 ], [ -73.603329556315501, 45.575023059883499 ], [ -73.603469724848296, 45.575097664515297 ], [ -73.603609868692701, 45.575172250323199 ], [ -73.603750051278396, 45.575246863383803 ], [ -73.603890221704404, 45.575321466396503 ], [ -73.604030405032404, 45.575396079110398 ], [ -73.604170576218905, 45.575470691662296 ], [ -73.604312068363896, 45.575545994844298 ], [ -73.604362267994006, 45.5755727099776 ], [ -73.6045753707551, 45.575646617194003 ], [ -73.604635364410399, 45.575669255764801 ], [ -73.6048340351511, 45.575761198708697 ], [ -73.605023395063625, 45.575848831221968 ], [ -73.60503929330568, 45.575960690804763 ], [ -73.605405441392492, 45.57680436445402 ], [ -73.605998941746506, 45.577581660089578 ], [ -73.606796992757168, 45.578262703380631 ], [ -73.60776892794496, 45.578821318337518 ], [ -73.608877394125514, 45.579236033830682 ], [ -73.610079787215327, 45.57949090930363 ], [ -73.611329890449611, 45.579576147857942 ], [ -73.612579651909172, 45.579488473074214 ], [ -73.613115331066894, 45.579373783104245 ], [ -73.613304316855405, 45.579458769665301 ], [ -73.613376731488302, 45.579491334229502 ], [ -73.613468773906007, 45.579532727714501 ], [ -73.613606962771001, 45.579594874007199 ], [ -73.614001657900403, 45.579772359388301 ], [ -73.614014893713104, 45.579778186081697 ], [ -73.614000741231493, 45.579794289182502 ], [ -73.614157171908204, 45.5798563562767 ], [ -73.614402385993998, 45.579966349255599 ], [ -73.614647613869096, 45.580076350690497 ], [ -73.614793924532407, 45.580170641010298 ], [ -73.615061864179395, 45.5802887054802 ], [ -73.615065211772404, 45.580290180557498 ], [ -73.615329138205894, 45.580406469501803 ], [ -73.615494858724702, 45.580479296353502 ], [ -73.615762000162505, 45.580598567338903 ], [ -73.6158211626325, 45.580624981536303 ], [ -73.616028754644702, 45.580717659437703 ], [ -73.616029802540197, 45.5807181272572 ], [ -73.616163107443171, 45.58077694808825 ], [ -73.616103865165101, 45.581205691467872 ] ] ], [ [ [ -73.589924582740466, 45.578948547657788 ], [ -73.589593696825958, 45.578758289486707 ], [ -73.589994326025177, 45.578908261787525 ], [ -73.589924582740466, 45.578948547657788 ] ] ], [ [ [ -73.589166182940176, 45.578551188880141 ], [ -73.588565631108366, 45.578326367466417 ], [ -73.588649745103865, 45.578254229372092 ], [ -73.589166182940176, 45.578551188880141 ] ] ], [ [ [ -73.577903569883119, 45.577054940858531 ], [ -73.57849669362561, 45.577832379588806 ], [ -73.578602534665606, 45.57792276527865 ], [ -73.578060798659124, 45.578126587456197 ], [ -73.578122050814898, 45.578065073588803 ], [ -73.5780323112172, 45.5780236886986 ], [ -73.577869090375998, 45.577948421214998 ], [ -73.5777804153566, 45.577907530307499 ], [ -73.577778188199801, 45.577906503343897 ], [ -73.577388790276899, 45.577726948203498 ], [ -73.577258163648196, 45.577666702936199 ], [ -73.577305491392593, 45.577612377603501 ], [ -73.57786621226515, 45.57696875637928 ], [ -73.577903569883119, 45.577054940858531 ] ] ] ] } },
{ "type": "Feature", "properties": { "arrondissement": "Anjou", "pct_couverture": 58.0, "nb_bornes": 67 }, "geometry": { "type": "MultiPolygon", "coordinates": [ [ [ [ -73.595404344285797, 45.6077824310007 ], [ -73.595740465123995, 45.607927708203299 ], [ -73.596076587734402, 45.608072984368597 ], [ -73.596109260712694, 45.608087104547501 ], [ -73.596412654129296, 45.608218233226701 ], [ -73.5975634394905, 45.608715587809002 ], [ -73.597917983164507, 45.608875728601703 ], [ -73.597967401246194, 45.6088970878643 ], [ -73.598307997567105, 45.609044326366998 ], [ -73.598698117504199, 45.609212869980603 ], [ -73.598946868015702, 45.609320216551502 ], [ -73.599445020288002, 45.609535179903901 ], [ -73.600214142586793, 45.609867970731202 ], [ -73.601046968405498, 45.610227760720903 ], [ -73.601244826314002, 45.610313077808101 ], [ -73.601496045467997, 45.610421409592298 ], [ -73.601956822876204, 45.610614180694803 ], [ -73.602299836373803, 45.6107623980715 ], [ -73.603140356055604, 45.611125588528203 ], [ -73.602710140632198, 45.6113583711196 ], [ -73.6022235477474, 45.611621655138599 ], [ -73.602249709476297, 45.611646451632197 ], [ -73.601693054734397, 45.611950292624897 ], [ -73.601656274377603, 45.611970369331303 ], [ -73.602197739131498, 45.612479364247498 ], [ -73.602204667973993, 45.612485873878001 ], [ -73.602323764008403, 45.612597858843102 ], [ -73.601418701802103, 45.6129026953937 ], [ -73.601264846235196, 45.612955024402098 ], [ -73.601111563912099, 45.613008174313499 ], [ -73.600958863428104, 45.613062140729198 ], [ -73.600806752603802, 45.613116923644199 ], [ -73.600655241599895, 45.613172518658502 ], [ -73.600504339802399, 45.613228925766101 ], [ -73.600354054234003, 45.613286136175901 ], [ -73.600204395063599, 45.613344149881399 ], [ -73.600055369321893, 45.613402962485097 ], [ -73.599906987960694, 45.613462573980001 ], [ -73.599759257212895, 45.613522971182 ], [ -73.599612188828402, 45.613584162870801 ], [ -73.599465788257902, 45.613646135863 ], [ -73.599320064896304, 45.613708894546797 ], [ -73.599175026549901, 45.613772430130602 ], [ -73.599030684163296, 45.613836738213799 ], [ -73.598887043993699, 45.6139018187937 ], [ -73.598744115412899, 45.613967663077297 ], [ -73.598601906243601, 45.614034271060497 ], [ -73.5984604243083, 45.6141016427392 ], [ -73.598319667002301, 45.614169768330299 ], [ -73.598168507781907, 45.614244181638099 ], [ -73.598018180894201, 45.614319489236003 ], [ -73.597868702392802, 45.614395684220497 ], [ -73.597720088176004, 45.6144727594994 ], [ -73.597572353981107, 45.614550707794301 ], [ -73.597425515378703, 45.614629521642598 ], [ -73.597279587767005, 45.614709193399598 ], [ -73.597134586367204, 45.614789715241798 ], [ -73.596990526217496, 45.614871079168402 ], [ -73.596847422168196, 45.614953277005 ], [ -73.596705288876606, 45.615036300405599 ], [ -73.596564140802002, 45.615120140855502 ], [ -73.596423992200599, 45.6152047896745 ], [ -73.596284857121006, 45.615290238019703 ], [ -73.596146749399296, 45.615376476888699 ], [ -73.596009682654596, 45.615463497122697 ], [ -73.595873670284504, 45.615551289409503 ], [ -73.595738725460905, 45.615639844287202 ], [ -73.595604861125395, 45.615729152147502 ], [ -73.595472089985805, 45.6158192032389 ], [ -73.594725390956597, 45.616329834124798 ], [ -73.590055807753103, 45.619522813109597 ], [ -73.587081006041004, 45.621556640062899 ], [ -73.582992655699897, 45.624351448957199 ], [ -73.580941607869093, 45.625753376699301 ], [ -73.579239968760803, 45.626916484368301 ], [ -73.577623802342202, 45.628021670158702 ], [ -73.576987785437197, 45.628455588625101 ], [ -73.574006179124595, 45.630493087904398 ], [ -73.568341166766501, 45.634205423665001 ], [ -73.568167614590095, 45.634131516069999 ], [ -73.567994084329499, 45.634057322953801 ], [ -73.567648645789802, 45.633908406771504 ], [ -73.563854786308397, 45.632272733452098 ], [ -73.562843370574299, 45.631836634669199 ], [ -73.561393836048595, 45.631211606945101 ], [ -73.559646401089907, 45.630458078006697 ], [ -73.556759991744997, 45.629238460875897 ], [ -73.553952145594195, 45.628015363645801 ], [ -73.552986808360302, 45.627594831329098 ], [ -73.551420486572795, 45.626912463244103 ], [ -73.551402319564801, 45.626904562871403 ], [ -73.551116356800406, 45.626781782495598 ], [ -73.551092346148195, 45.626771582939597 ], [ -73.550488134954094, 45.626514825983499 ], [ -73.548591486221497, 45.625694748404399 ], [ -73.548463708565507, 45.6256394995211 ], [ -73.548442253004893, 45.625630207143999 ], [ -73.548081526572801, 45.6254742257332 ], [ -73.5479260800509, 45.625406923052502 ], [ -73.546846545403497, 45.624937195845597 ], [ -73.543940530883305, 45.623672643916201 ], [ -73.535497377381503, 45.619898184694399 ], [ -73.536260814679395, 45.618458914744501 ], [ -73.536483068402717, 45.617829413660139 ], [ -73.537053055838939, 45.617707880304948 ], [ -73.538161203581751, 45.617291751768335 ], [ -73.539132354009254, 45.61673189931598 ], [ -73.53992918415058, 45.616049841644461 ], [ -73.540521074508149, 45.615271793725263 ], [ -73.54088277907853, 45.61443346772684 ], [ -73.541157741886593, 45.614481505238402 ], [ -73.541506838630895, 45.614542499399903 ], [ -73.541535722931997, 45.614547576781803 ], [ -73.541601586258054, 45.614559157465486 ], [ -73.541898991980247, 45.614730262804692 ], [ -73.542021379327366, 45.6150128730457 ], [ -73.542614408109714, 45.615790492919174 ], [ -73.543412234818007, 45.616471974504641 ], [ -73.544384201623089, 45.617031124966175 ], [ -73.545355844009137, 45.617395092499258 ], [ -73.545648386103096, 45.618070467910876 ], [ -73.546241497267175, 45.618848068506395 ], [ -73.547039411283592, 45.619529524360466 ], [ -73.548011466966898, 45.620088643625465 ], [ -73.549120306521814, 45.620503935783702 ], [ -73.5503233115234, 45.620759438106504 ], [ -73.551574241684705, 45.620845329593124 ], [ -73.552825013288825, 45.620758308719871 ], [ -73.55402541460036, 45.620502175794869 ], [ -73.554721602964065, 45.621096620296996 ], [ -73.555693762036839, 45.621655673993452 ], [ -73.556802689137001, 45.622070891430383 ], [ -73.558005762472021, 45.622326312751277 ], [ -73.559256739126425, 45.622412120069377 ], [ -73.560507533594986, 45.622325015096933 ], [ -73.561710067383515, 45.622068346012433 ], [ -73.562818118338697, 45.621651978672645 ], [ -73.563789098379232, 45.621091917136994 ], [ -73.564585691091764, 45.620409688138537 ], [ -73.565177286113652, 45.619631513232413 ], [ -73.565541155129054, 45.61878730052576 ], [ -73.565663324338146, 45.617909494826421 ], [ -73.565539110018335, 45.617031830474225 ], [ -73.565173296816099, 45.616188034833996 ], [ -73.564579952176928, 45.615410532291342 ], [ -73.563781884303225, 45.614729198538022 ], [ -73.562809764689291, 45.614170212967366 ], [ -73.561700949099631, 45.613755053205708 ], [ -73.560752914617566, 45.61355378093473 ], [ -73.560826210498092, 45.613526236504107 ], [ -73.56179707023864, 45.612966191160915 ], [ -73.562547453946181, 45.612323476097394 ], [ -73.562683479992145, 45.612313998975388 ], [ -73.563885789913698, 45.612057306655011 ], [ -73.564993627674156, 45.611640917596311 ], [ -73.565964413389253, 45.611080836692437 ], [ -73.566760838115513, 45.610398591419475 ], [ -73.566899458268651, 45.610216208001724 ], [ -73.567860405925927, 45.609661762200822 ], [ -73.568656787586917, 45.608979503564711 ], [ -73.569248206296336, 45.608201306115681 ], [ -73.569560719397813, 45.607475963055201 ], [ -73.570435977893723, 45.607414917286192 ], [ -73.571638147714282, 45.607158143239246 ], [ -73.572745831623081, 45.606741678738537 ], [ -73.573716455652672, 45.606181531576617 ], [ -73.5745127170768, 45.605499231775489 ], [ -73.575104018266359, 45.604721003608788 ], [ -73.575467642195832, 45.603876757227646 ], [ -73.575589624478766, 45.602998938731218 ], [ -73.575465288568068, 45.602121282948858 ], [ -73.575099423773324, 45.601277516914557 ], [ -73.574739463446164, 45.600805848606178 ], [ -73.574770264384298, 45.600794266203096 ], [ -73.57574076576762, 45.600234101333513 ], [ -73.576536918600027, 45.59955178677945 ], [ -73.576704935714588, 45.599330617726771 ], [ -73.576708734411596, 45.599330784651599 ], [ -73.576723214723003, 45.599331351227001 ], [ -73.5767377002134, 45.599331848305198 ], [ -73.576752190205795, 45.599332275862999 ], [ -73.576766684023198, 45.599332633880501 ], [ -73.576781180988405, 45.599332922340899 ], [ -73.576795680423899, 45.599333141230801 ], [ -73.576810181652107, 45.599333290539803 ], [ -73.576824683995497, 45.5993333702611 ], [ -73.576839186776397, 45.599333380390803 ], [ -73.576853689317105, 45.5993333209287 ], [ -73.576868190939805, 45.599333191877299 ], [ -73.576882690967096, 45.599332993242903 ], [ -73.576897188721304, 45.599332725034401 ], [ -73.576911683524997, 45.599332387264703 ], [ -73.576926174700802, 45.599331979949397 ], [ -73.576940661571598, 45.599331503107599 ], [ -73.576955143460495, 45.599330956761598 ], [ -73.576969619690701, 45.599330340936802 ], [ -73.576984089585807, 45.599329655662103 ], [ -73.576998552468993, 45.599328900972601 ], [ -73.577006134071993, 45.599328521294098 ], [ -73.577013722053294, 45.5993282106881 ], [ -73.577021315135994, 45.599327969206698 ], [ -73.577028912042294, 45.599327796890798 ], [ -73.577036511493603, 45.599327693769197 ], [ -73.577044112211098, 45.599327659859298 ], [ -73.577051712915605, 45.599327695166799 ], [ -73.577059312328203, 45.599327799685902 ], [ -73.577066909169901, 45.5993279733988 ], [ -73.577074502162205, 45.599328216276398 ], [ -73.577082090027304, 45.599328528277802 ], [ -73.577089671488395, 45.599328909350398 ], [ -73.577097245269499, 45.5993293594302 ], [ -73.577104810096003, 45.599329878441402 ], [ -73.577112364694997, 45.5993304662966 ], [ -73.577119907794994, 45.599331122896999 ], [ -73.577127438126695, 45.599331848132103 ], [ -73.577134954422704, 45.599332641879599 ], [ -73.577142455418198, 45.599333504006303 ], [ -73.577149939850898, 45.599334434366902 ], [ -73.577157406461296, 45.5993354328048 ], [ -73.577164853992699, 45.599336499152002 ], [ -73.577172281191906, 45.599337633229197 ], [ -73.577179686809004, 45.599338834845298 ], [ -73.577187069597599, 45.599340103798298 ], [ -73.577194428315394, 45.5993414398745 ], [ -73.577201761723998, 45.599342842849197 ], [ -73.577209068589298, 45.599344312486103 ], [ -73.5772163476815, 45.599345848538199 ], [ -73.577223597775699, 45.599347450746599 ], [ -73.577230817651895, 45.5993491188419 ], [ -73.577238006094902, 45.599350852543402 ], [ -73.577245161895206, 45.5993526515593 ], [ -73.577252283848296, 45.599354515586697 ], [ -73.577259370755897, 45.5993564443121 ], [ -73.577266421425193, 45.599358437410899 ], [ -73.577273434668996, 45.599360494551199 ], [ -73.577279236032297, 45.599362250382597 ], [ -73.577285009811206, 45.599364050460302 ], [ -73.577290755321897, 45.599365894570603 ], [ -73.577296471883002, 45.599367782495101 ], [ -73.577302158816295, 45.599369714009597 ], [ -73.577307815447497, 45.5993716888851 ], [ -73.577313441098497, 45.599373706884798 ], [ -73.577315131033998, 45.599374403080603 ], [ -73.577316769156795, 45.599375157839503 ], [ -73.577318351351906, 45.599375969265402 ], [ -73.577319873645195, 45.5993768353202 ], [ -73.577321332212605, 45.599377753828399 ], [ -73.577322723390594, 45.599378722482697 ], [ -73.577324043684499, 45.599379738850303 ], [ -73.577325289777903, 45.599380800377801 ], [ -73.577326458540796, 45.599381904398903 ], [ -73.577327547037299, 45.599383048140403 ], [ -73.577328552533203, 45.599384228729299 ], [ -73.577329472502797, 45.599385443200198 ], [ -73.577330304635296, 45.599386688502399 ], [ -73.5773310468403, 45.599387961507702 ], [ -73.577331697253598, 45.599389259018501 ], [ -73.577332254241298, 45.599390577775701 ], [ -73.577332716404399, 45.5993919144667 ], [ -73.577333082581902, 45.599393265733603 ], [ -73.577333351853994, 45.599394628182502 ], [ -73.577333523544397, 45.599395998390897 ], [ -73.577333597221696, 45.599397372916897 ], [ -73.577333572700894, 45.599398748307898 ], [ -73.577333450043596, 45.599400121108999 ], [ -73.577333229557894, 45.599401487872001 ], [ -73.577332911797498, 45.599402845163603 ], [ -73.577332497560704, 45.5994041895744 ], [ -73.577331987888002, 45.599405517727398 ], [ -73.577331384059605, 45.599406826286398 ], [ -73.577330687592294, 45.5994081119646 ], [ -73.577329900237302, 45.599409371531102 ], [ -73.577282566066799, 45.599474264434697 ], [ -73.577160472660694, 45.599685149633899 ], [ -73.577103340903193, 45.599783923213003 ], [ -73.577148507949602, 45.599803481982697 ], [ -73.577367903228605, 45.599901387594002 ], [ -73.5782415504695, 45.600278469771901 ], [ -73.578554404572571, 45.600413438536506 ], [ -73.578339484411032, 45.600537500390431 ], [ -73.577543339518741, 45.601219827383403 ], [ -73.576952108788149, 45.601998068609248 ], [ -73.576588519230299, 45.602842319972069 ], [ -73.576466552863394, 45.603720139549011 ], [ -73.576590907949637, 45.604597793982578 ], [ -73.576956816744428, 45.605441554719249 ], [ -73.577550227020083, 45.606218994298303 ], [ -73.57834834064721, 45.606900232857058 ], [ -73.579320488754931, 45.607459086898992 ], [ -73.57961297978359, 45.607568555058052 ], [ -73.579828916248886, 45.607851430453536 ], [ -73.580201239614226, 45.608169203371894 ], [ -73.580228886813927, 45.608364224420654 ], [ -73.580594874701248, 45.609207972892619 ], [ -73.581188374995804, 45.609985392997842 ], [ -73.581986586108698, 45.610666605621162 ], [ -73.582958835421763, 45.611225428262088 ], [ -73.583592817671118, 45.611462661464884 ], [ -73.58377396804093, 45.611699922826489 ], [ -73.584572234779941, 45.612381117139101 ], [ -73.585544539388465, 45.612939917566528 ], [ -73.586653514490649, 45.613354845846253 ], [ -73.587856536441763, 45.613609953238139 ], [ -73.589107364298371, 45.613695433925059 ], [ -73.590357918276197, 45.613608002177436 ], [ -73.591560129130556, 45.613351018737013 ], [ -73.592667787129642, 45.612934361545186 ], [ -73.593638319306592, 45.612374045802511 ], [ -73.594434426472546, 45.611691608010922 ], [ -73.59502551693538, 45.610913277747095 ], [ -73.595388881776671, 45.610068969084224 ], [ -73.595510566574319, 45.609191130512173 ], [ -73.595385906218709, 45.608313497628139 ], [ -73.595097913719542, 45.607649988347767 ], [ -73.595404344285797, 45.6077824310007 ] ], [ [ -73.577592202227066, 45.625111366022246 ], [ -73.578388684255543, 45.624429041331979 ], [ -73.578980130426672, 45.623650795596852 ], [ -73.579343818151017, 45.622806539644955 ], [ -73.579465780600898, 45.621928719944016 ], [ -73.579341342002849, 45.621051071369457 ], [ -73.578975295623451, 45.620207320677018 ], [ -73.578381717867813, 45.61942989052249 ], [ -73.577583425893366, 45.618748653813789 ], [ -73.576611099801283, 45.61818978621384 ], [ -73.57550210328472, 45.617774760815429 ], [ -73.574299048106496, 45.617519523532032 ], [ -73.57304815751975, 45.617433880804491 ], [ -73.571797491377524, 45.617521123077388 ], [ -73.570595100919562, 45.617777898464368 ], [ -73.569487183888299, 45.618194341439754 ], [ -73.568516310613589, 45.618754451629137 ], [ -73.567719789017914, 45.619436708193291 ], [ -73.567128231227997, 45.620214896271285 ], [ -73.566764376826242, 45.621059113812819 ], [ -73.566642218015403, 45.621936920197768 ], [ -73.566766460463171, 45.622814582577952 ], [ -73.567132340765056, 45.623658372095854 ], [ -73.567725807799718, 45.624435860184867 ], [ -73.568524061266004, 45.625117165117089 ], [ -73.569496426925284, 45.625676100843137 ], [ -73.570605535060622, 45.62609118389868 ], [ -73.571808756916269, 45.626346459592455 ], [ -73.573059843863973, 45.626432115635993 ], [ -73.574310706156481, 45.626344859557456 ], [ -73.57551326269197, 45.626088045345007 ], [ -73.576621290444209, 45.625671544435143 ], [ -73.577592202227066, 45.625111366022246 ] ] ], [ [ [ -73.544320431781898, 45.597327912709503 ], [ -73.544410141932403, 45.597181161509603 ], [ -73.544453860027602, 45.597110682865697 ], [ -73.544500828411103, 45.597034956869699 ], [ -73.544591070289798, 45.596889055492397 ], [ -73.544681305442296, 45.596743154042798 ], [ -73.544771546384297, 45.596597250319 ], [ -73.544907016302901, 45.596378213310103 ], [ -73.544908324816106, 45.596378779582103 ], [ -73.545175958562297, 45.595942734050801 ], [ -73.545248267026494, 45.595829203160299 ], [ -73.545478504536305, 45.595467706299203 ], [ -73.545506588917107, 45.5954239602912 ], [ -73.545578202952598, 45.595312408817001 ], [ -73.545812673250396, 45.594889386863002 ], [ -73.546285272944203, 45.595058608406497 ], [ -73.546631027329497, 45.595182409501902 ], [ -73.547312810065094, 45.595424309559803 ], [ -73.547348927137705, 45.595385808038202 ], [ -73.547351172024605, 45.595383507009203 ], [ -73.547414009975199, 45.595319040840501 ], [ -73.547506662698495, 45.595223979937799 ], [ -73.547599302601199, 45.595128929947997 ], [ -73.547665485382694, 45.595061026375802 ], [ -73.547731668006506, 45.594993124961498 ], [ -73.547824313400696, 45.594898065995601 ], [ -73.547916964740295, 45.594803013540002 ], [ -73.547983146760899, 45.594735111974998 ], [ -73.548049328621403, 45.594667210376301 ], [ -73.548141966694502, 45.5945721577447 ], [ -73.548147369268193, 45.594566612820898 ], [ -73.548037300806399, 45.5945289832284 ], [ -73.547931940225098, 45.594492961845397 ], [ -73.547826573520098, 45.594456940367401 ], [ -73.547721213210195, 45.594420920986302 ], [ -73.547615846769105, 45.594384899316701 ], [ -73.547510486732406, 45.594348877540497 ], [ -73.547405126824799, 45.594312855670097 ], [ -73.547264634641493, 45.5942648270955 ], [ -73.547124155228403, 45.594216807133002 ], [ -73.547018789554699, 45.5941807871002 ], [ -73.546913430273193, 45.594144764776303 ], [ -73.546808064870902, 45.594108742356298 ], [ -73.546702705861705, 45.594072719836198 ], [ -73.546597340722798, 45.594036697225 ], [ -73.546457031471604, 45.5939887312894 ], [ -73.546602647099505, 45.593771129169099 ], [ -73.546712715149198, 45.593607539909698 ], [ -73.546771495599302, 45.593519459629398 ], [ -73.546817899766197, 45.593449919179399 ], [ -73.546864303830603, 45.593380389704599 ], [ -73.546910707775794, 45.593310858009602 ], [ -73.546957111599099, 45.593241317507697 ], [ -73.547003515317002, 45.593171787970299 ], [ -73.547049918911199, 45.593102247429002 ], [ -73.547096309881496, 45.593032715660598 ], [ -73.547142713248405, 45.5929631772769 ], [ -73.547189116506303, 45.592893645464002 ], [ -73.547235519646705, 45.592824104846997 ], [ -73.547314643492001, 45.592705547774003 ], [ -73.547334532947104, 45.592676609245302 ], [ -73.547526744230694, 45.592396585120802 ], [ -73.547552177647503, 45.592359526889602 ], [ -73.547627934071699, 45.592249321214901 ], [ -73.547675106693305, 45.592180733521502 ], [ -73.5477456935634, 45.592078124415799 ], [ -73.547857657938806, 45.591915078031299 ], [ -73.547918379831899, 45.591825489278698 ], [ -73.5479841330109, 45.591728459852803 ], [ -73.548110683409604, 45.591543095893996 ], [ -73.548245920141099, 45.5913441757614 ], [ -73.548389349508597, 45.591132736547799 ], [ -73.548407037477304, 45.5911066612532 ], [ -73.548451851076607, 45.591040602789498 ], [ -73.548557784500005, 45.590884419011999 ], [ -73.548660292320406, 45.5907333134993 ], [ -73.548740905645005, 45.590614464772401 ], [ -73.548831374932703, 45.590481081826603 ], [ -73.548948012495302, 45.590309146075498 ], [ -73.549217797954398, 45.590398923010603 ], [ -73.549382713164505, 45.590453803816501 ], [ -73.549544542593594, 45.590507650999598 ], [ -73.549669113660798, 45.590549106359603 ], [ -73.5497937036873, 45.590590561575198 ], [ -73.549918275108297, 45.590632016662802 ], [ -73.550042853000406, 45.590673480402799 ], [ -73.5501674247881, 45.590714935217903 ], [ -73.550292015547996, 45.590756389888597 ], [ -73.5504165877053, 45.590797833453301 ], [ -73.550541166317998, 45.590839296639302 ], [ -73.550665738843904, 45.590880742127197 ], [ -73.550790311560903, 45.590922196261197 ], [ -73.550949019961905, 45.590975008124403 ], [ -73.551143153821101, 45.591039609778498 ], [ -73.551372732111901, 45.591115992242699 ], [ -73.551581615489994, 45.591185500860902 ], [ -73.551775331359394, 45.591249956637597 ], [ -73.551942818247397, 45.591305770627898 ], [ -73.552068438321797, 45.591347627110103 ], [ -73.552171065431907, 45.591381818162901 ], [ -73.5522369086097, 45.591403760955103 ], [ -73.552302758087095, 45.591425697110601 ], [ -73.552318746159372, 45.591431025638222 ], [ -73.551729846421111, 45.591652368247935 ], [ -73.550759253809773, 45.59221233002026 ], [ -73.549962892126899, 45.592894465892698 ], [ -73.549371367343397, 45.593672565639508 ], [ -73.549196963064162, 45.594077088650742 ], [ -73.548341400198012, 45.594570635389445 ], [ -73.547544975876932, 45.595252754149257 ], [ -73.546953392918326, 45.59603084107659 ], [ -73.546589391856671, 45.596874998007728 ], [ -73.546466970514075, 45.597752786653182 ], [ -73.546590844631282, 45.598630474849678 ], [ -73.546597314295042, 45.598645415116188 ], [ -73.546189258266438, 45.598296787040134 ], [ -73.545217597182557, 45.597737649978122 ], [ -73.544283852803943, 45.597387751887432 ], [ -73.544320431781898, 45.597327912709503 ] ] ], [ [ [ -73.538101329824826, 45.605222036903548 ], [ -73.539209803298306, 45.605637426456788 ], [ -73.540412445515727, 45.605893033932027 ], [ -73.541663030141493, 45.605979034287088 ], [ -73.54291348674694, 45.605892121813021 ], [ -73.544115749829899, 45.605635637286895 ], [ -73.545223607644246, 45.605219439468911 ], [ -73.545304469617648, 45.605172805390033 ], [ -73.545583555910568, 45.605817260005658 ], [ -73.54595919324467, 45.606309850144719 ], [ -73.545633442701288, 45.606379351930052 ], [ -73.544525565094972, 45.606795553645 ], [ -73.544142283398102, 45.607016578997275 ], [ -73.543543563560732, 45.607144307502708 ], [ -73.542435655430126, 45.607560488905399 ], [ -73.541471860412784, 45.608116239139868 ], [ -73.541316572769404, 45.608049186514997 ], [ -73.5412794769843, 45.608033167373499 ], [ -73.541141301009603, 45.607973502662801 ], [ -73.541047134120106, 45.607932842237297 ], [ -73.540962616978703, 45.6078963478802 ], [ -73.540930624854397, 45.607882532424 ], [ -73.540826069833898, 45.607837473065899 ], [ -73.540973124965305, 45.6076608075062 ], [ -73.541078323059693, 45.607558032214399 ], [ -73.541220272535298, 45.607386741639402 ], [ -73.541362246163999, 45.607215420118401 ], [ -73.541441863266002, 45.607101893609801 ], [ -73.541583591611698, 45.606930901420398 ], [ -73.541519952702998, 45.606903595849303 ], [ -73.5414368204993, 45.606867474796303 ], [ -73.541337533236899, 45.606824812939202 ], [ -73.541171025469396, 45.606752843001999 ], [ -73.541063460218197, 45.606706185635701 ], [ -73.540972194584796, 45.606666604943001 ], [ -73.540880910293893, 45.606627015396398 ], [ -73.540789763894793, 45.606587491632602 ], [ -73.540698486117194, 45.606547897543599 ], [ -73.540607208471101, 45.606508307775101 ], [ -73.540516056193496, 45.606468779400501 ], [ -73.540424778803995, 45.606429189485603 ], [ -73.540333633035999, 45.606389652175203 ], [ -73.540210790587196, 45.606336369325298 ], [ -73.540087935857599, 45.606283095134401 ], [ -73.539996634012496, 45.6062434785226 ], [ -73.539905351096905, 45.606203892586699 ], [ -73.539814212324501, 45.606164363645398 ], [ -73.539722835735205, 45.606124729265197 ], [ -73.539631697219093, 45.606085200177603 ], [ -73.539540408554004, 45.606045609557199 ], [ -73.539449264034303, 45.606006080325599 ], [ -73.539347888131601, 45.605962108135898 ], [ -73.539128330615497, 45.605866844969498 ], [ -73.539012728844497, 45.605816682256403 ], [ -73.538921253179794, 45.605776976967697 ], [ -73.538829771390496, 45.605737280394798 ], [ -73.538738283464497, 45.605697574963003 ], [ -73.538646801939294, 45.605657887030297 ], [ -73.538555301760994, 45.605618194636698 ], [ -73.538463820487706, 45.6055784977695 ], [ -73.538372339343496, 45.605538800828597 ], [ -73.538280864588003, 45.6054991038121 ], [ -73.538134921018397, 45.605435778101203 ], [ -73.538017993573604, 45.605385030460099 ], [ -73.537927809184495, 45.6053458907286 ], [ -73.537837618678793, 45.605306777289599 ], [ -73.5377474470598, 45.605267637410897 ], [ -73.537657244267805, 45.605228497471103 ], [ -73.537546140522494, 45.605179799276598 ], [ -73.537664727368465, 45.604970775968233 ], [ -73.538101329824826, 45.605222036903548 ] ] ] ] } },
{ "type": "Feature", "properties": { "arrondissement": "Ville-Marie", "pct_couverture": 58.2, "nb_bornes": 315 }, "geometry": { "type": "MultiPolygon", "coordinates": [ [ [ [ -73.593741780604105, 45.491995501851001 ], [ -73.594018286391005, 45.492083708081203 ], [ -73.594194462198701, 45.492142505410797 ], [ -73.594501756003993, 45.492240513947003 ], [ -73.594791565151596, 45.4923329384985 ], [ -73.595005303597802, 45.492401101679 ], [ -73.595299182564304, 45.492495208763998 ], [ -73.595585204581099, 45.492588060653297 ], [ -73.595695737527805, 45.492623316011603 ], [ -73.596190948533206, 45.492041524802403 ], [ -73.5964755998898, 45.491707103123403 ], [ -73.596507317135206, 45.491720433403302 ], [ -73.596874986055099, 45.491874976341499 ], [ -73.596881187626593, 45.491877580983498 ], [ -73.597082596898403, 45.491962236176498 ], [ -73.597092111067397, 45.491966692163899 ], [ -73.597254510182097, 45.492042737650998 ], [ -73.597273985598406, 45.492051855722998 ], [ -73.597434864390294, 45.4921208634224 ], [ -73.597720081604095, 45.492243206058603 ], [ -73.598220064942893, 45.492457667901398 ], [ -73.598453342034205, 45.492548668627698 ], [ -73.598537687623306, 45.492581575560202 ], [ -73.598602913689803, 45.492609907442997 ], [ -73.598890492447296, 45.492734811071102 ], [ -73.598902066338297, 45.492739840708403 ], [ -73.599182209717796, 45.492861516220003 ], [ -73.599361656787096, 45.492939455187297 ], [ -73.599370160571596, 45.492941996178203 ], [ -73.599411963800094, 45.492954473269997 ], [ -73.599468638517706, 45.492971388289398 ], [ -73.599506747846604, 45.492987695539 ], [ -73.599902467248796, 45.493157037636301 ], [ -73.599956741764501, 45.493180101399901 ], [ -73.6003231431079, 45.493323443371303 ], [ -73.600441006354302, 45.493372005219399 ], [ -73.600648072637895, 45.493457316982898 ], [ -73.600763462331201, 45.493497449027501 ], [ -73.601240877496593, 45.493698811411697 ], [ -73.601082590565795, 45.494000825167099 ], [ -73.601069645765804, 45.494029875059397 ], [ -73.600979097536893, 45.494199660180797 ], [ -73.600937268036503, 45.494278099612202 ], [ -73.6013533628348, 45.494327473069099 ], [ -73.602884471771702, 45.494509140031603 ], [ -73.602768031605706, 45.4949959912244 ], [ -73.602969126376493, 45.494942553231297 ], [ -73.603191032944196, 45.494875905009003 ], [ -73.6032064311201, 45.494871318761099 ], [ -73.603221868172497, 45.4948667976171 ], [ -73.603237343544393, 45.494862341742603 ], [ -73.603252856678097, 45.4948579512983 ], [ -73.603268407014198, 45.494853626442499 ], [ -73.603283993992207, 45.494849367331 ], [ -73.603299617049899, 45.494845174117401 ], [ -73.603315275624297, 45.494841046952999 ], [ -73.603330969150804, 45.494836985986502 ], [ -73.603346697063699, 45.494832991364198 ], [ -73.6033624587958, 45.494829063230199 ], [ -73.603378253778999, 45.494825201726201 ], [ -73.603394081443795, 45.494821406991299 ], [ -73.603409941219695, 45.494817679162303 ], [ -73.603425832534796, 45.494814018373603 ], [ -73.603441754816103, 45.494810424757297 ], [ -73.603457707489795, 45.494806898442803 ], [ -73.603473689980703, 45.494803439557401 ], [ -73.603489701712604, 45.4948000482255 ], [ -73.603505742108197, 45.494796724569703 ], [ -73.6035218105892, 45.494793468709602 ], [ -73.603537906576406, 45.494790280762601 ], [ -73.603554029489501, 45.494787160843799 ], [ -73.603570178747205, 45.494784109065399 ], [ -73.603586353767298, 45.494781125537799 ], [ -73.603602553966695, 45.494778210368104 ], [ -73.603618778761302, 45.494775363661802 ], [ -73.603635027566199, 45.494772585521297 ], [ -73.603651299795601, 45.494769876046703 ], [ -73.603667594862998, 45.4947672353359 ], [ -73.603683912180699, 45.494764663483998 ], [ -73.603700251160603, 45.494762160583697 ], [ -73.603716611213599, 45.494759726725299 ], [ -73.603732991749894, 45.494757361996399 ], [ -73.603749392178898, 45.494755066482398 ], [ -73.603765811909398, 45.494752840266003 ], [ -73.603782250349497, 45.494750683427398 ], [ -73.603798706906602, 45.494748596044502 ], [ -73.603815180987198, 45.494746578192299 ], [ -73.603831671997597, 45.494744629943902 ], [ -73.603848179343203, 45.494742751369301 ], [ -73.603864702428893, 45.494740942536303 ], [ -73.603881240659007, 45.494739203509901 ], [ -73.603897793437298, 45.494737534353099 ], [ -73.603914360167096, 45.494735935126002 ], [ -73.603930940251004, 45.494734405886099 ], [ -73.6039475330914, 45.4947329466887 ], [ -73.603964138090006, 45.494731557586398 ], [ -73.603980754648305, 45.494730238629202 ], [ -73.603997382167194, 45.494728989864598 ], [ -73.604014020047202, 45.494727811337697 ], [ -73.604030667688605, 45.494726703090997 ], [ -73.604047324491106, 45.494725665164502 ], [ -73.604063989854197, 45.494724697595402 ], [ -73.604080663177299, 45.494723800418903 ], [ -73.604097343859095, 45.494722973667102 ], [ -73.604114031298295, 45.494722217369898 ], [ -73.604130724893295, 45.494721531554497 ], [ -73.604147424042196, 45.494720916245697 ], [ -73.604164128143196, 45.494720371465597 ], [ -73.604180836593898, 45.494719897233999 ], [ -73.604197548791902, 45.4947194935678 ], [ -73.604214264134995, 45.494719160481701 ], [ -73.604230982020198, 45.494718897987703 ], [ -73.604247701845097, 45.494718706095199 ], [ -73.604264423006995, 45.494718584808403 ], [ -73.604280453426497, 45.4947185346292 ], [ -73.604296483986701, 45.494718549377502 ], [ -73.604312514160398, 45.494718629053303 ], [ -73.604328543415804, 45.494718773654199 ], [ -73.604344571221304, 45.494718983175197 ], [ -73.604360597045499, 45.494719257609297 ], [ -73.604376620356803, 45.494719596947597 ], [ -73.6043926406238, 45.494720001178699 ], [ -73.604408657315204, 45.494720470289202 ], [ -73.604424669899899, 45.494721004263603 ], [ -73.604440677846597, 45.494721603084201 ], [ -73.604456680624693, 45.494722266731102 ], [ -73.604472677703299, 45.4947229951823 ], [ -73.604488668551795, 45.494723788413602 ], [ -73.604504652640102, 45.494724646398801 ], [ -73.6045206294379, 45.4947255691092 ], [ -73.604536598415294, 45.4947265565145 ], [ -73.604552559042901, 45.494727608581897 ], [ -73.604568510791196, 45.494728725276303 ], [ -73.604584453131196, 45.494729906560899 ], [ -73.604600385534198, 45.494731152396398 ], [ -73.604616307471801, 45.494732462741403 ], [ -73.604632218416, 45.494733837552701 ], [ -73.604648117839005, 45.494735276784503 ], [ -73.604664005213607, 45.494736780389097 ], [ -73.604679880012796, 45.494738348316702 ], [ -73.604695741706195, 45.494739980513202 ], [ -73.604711907003704, 45.494741709993001 ], [ -73.604728057567598, 45.494743506248199 ], [ -73.604744192845004, 45.494745369217299 ], [ -73.604760312279097, 45.494747298836103 ], [ -73.604776415313196, 45.494749295037998 ], [ -73.604792501391103, 45.494751357754097 ], [ -73.604808569957697, 45.494753486912998 ], [ -73.604824620457904, 45.494755682441301 ], [ -73.6048406523377, 45.494757944263299 ], [ -73.6048566650434, 45.494760272300702 ], [ -73.604872658022202, 45.494762666473299 ], [ -73.604888630721902, 45.494765126698297 ], [ -73.604904582590905, 45.494767652890701 ], [ -73.604920513078397, 45.494770244963497 ], [ -73.604936421634406, 45.494772902826902 ], [ -73.604952307709695, 45.494775626389497 ], [ -73.604968170755498, 45.494778415556901 ], [ -73.604984010224399, 45.494781270232998 ], [ -73.604999825569195, 45.494784190319301 ], [ -73.605015616244003, 45.494787175714698 ], [ -73.605031381698197, 45.4947902263171 ], [ -73.605053129123405, 45.494795597806799 ], [ -73.605074871872702, 45.4948009786565 ], [ -73.605096609936695, 45.494806368865703 ], [ -73.605118343314501, 45.494811768433301 ], [ -73.605166653076694, 45.494823800997302 ], [ -73.6052149408453, 45.494835877181302 ], [ -73.605263206537501, 45.4948479969594 ], [ -73.605311450073899, 45.494860160311902 ], [ -73.605359671374799, 45.494872367218598 ], [ -73.605407870360807, 45.494884617659402 ], [ -73.6054560469438, 45.494896911615498 ], [ -73.605461441768597, 45.494898288598598 ], [ -73.605466835639106, 45.494899667413698 ], [ -73.605472228559805, 45.494901048062502 ], [ -73.604608957647798, 45.495765998155797 ], [ -73.603715158705199, 45.496681016143803 ], [ -73.602372762698295, 45.497989865547503 ], [ -73.602075329630097, 45.498268266063 ], [ -73.601468928188496, 45.498818537050099 ], [ -73.600155310277302, 45.4999905387862 ], [ -73.5995461701214, 45.500515071901098 ], [ -73.599542096478501, 45.500512456766003 ], [ -73.599415470728104, 45.500614142139803 ], [ -73.599420183714003, 45.5006170291365 ], [ -73.599120220773102, 45.500855666418801 ], [ -73.597983540436303, 45.501546576653404 ], [ -73.597902666747899, 45.501595732573897 ], [ -73.597882552357902, 45.501607721476802 ], [ -73.597862372786807, 45.501619656095997 ], [ -73.597842128329901, 45.5016315362545 ], [ -73.597821819284306, 45.501643361777603 ], [ -73.597801445948306, 45.501655132491898 ], [ -73.5977810086208, 45.501666848224502 ], [ -73.597760507602004, 45.501678508803302 ], [ -73.597739943192806, 45.501690114057297 ], [ -73.597719315695102, 45.501701663815901 ], [ -73.597698625411795, 45.501713157909499 ], [ -73.5976778726465, 45.501724596169502 ], [ -73.597657057703998, 45.501735978427902 ], [ -73.597636180889893, 45.501747304517401 ], [ -73.597615242510699, 45.501758574272003 ], [ -73.597594242873598, 45.501769787526101 ], [ -73.597573182287107, 45.501780944114998 ], [ -73.597552061060398, 45.5017920438749 ], [ -73.597530879503495, 45.501803086642802 ], [ -73.597509637927303, 45.5018140722567 ], [ -73.597488336643806, 45.501825000555201 ], [ -73.597466975965702, 45.5018358713778 ], [ -73.597445556206495, 45.501846684565002 ], [ -73.597424077680799, 45.501857439958002 ], [ -73.597402540703797, 45.501868137398802 ], [ -73.597380945591794, 45.5018787767304 ], [ -73.597359292661906, 45.5018893577966 ], [ -73.597337582231802, 45.501899880441897 ], [ -73.597315814620401, 45.501910344511998 ], [ -73.597293990147193, 45.501920749853099 ], [ -73.597272109132703, 45.501931096312603 ], [ -73.597250171897997, 45.501941383738298 ], [ -73.597228178765306, 45.501951611979401 ], [ -73.597206130057501, 45.501961780885601 ], [ -73.597184026098304, 45.501971890307701 ], [ -73.597161867212094, 45.501981940097103 ], [ -73.597139653724398, 45.5019919301063 ], [ -73.597117385961198, 45.502001860188798 ], [ -73.597095064249501, 45.502011730198497 ], [ -73.597072688916995, 45.5020215399907 ], [ -73.597050260292207, 45.502031289421197 ], [ -73.597027778704401, 45.502040978346997 ], [ -73.597005244483697, 45.502050606625701 ], [ -73.596982657960893, 45.502060174115996 ], [ -73.596960019467701, 45.5020696806776 ], [ -73.596937329336299, 45.502079126170599 ], [ -73.596914587900002, 45.502088510456403 ], [ -73.596891795492695, 45.502097833397301 ], [ -73.596868952448901, 45.502107094856299 ], [ -73.596846059103996, 45.502116294697601 ], [ -73.596823115794294, 45.502125432785903 ], [ -73.596800122856394, 45.502134508987098 ], [ -73.596777080628101, 45.502143523168002 ], [ -73.596753989447606, 45.502152475196198 ], [ -73.596730849653895, 45.502161364940299 ], [ -73.596707661586805, 45.502170192269702 ], [ -73.596684425586801, 45.502178957054802 ], [ -73.5966611419949, 45.5021876591669 ], [ -73.596637811153101, 45.502196298478196 ], [ -73.596614433404, 45.502204874861903 ], [ -73.596591009090602, 45.502213388192203 ], [ -73.596567538556997, 45.5022218383439 ], [ -73.596544022147697, 45.502230225192903 ], [ -73.596520460208097, 45.502238548616198 ], [ -73.596496853084105, 45.502246808491499 ], [ -73.596473201122294, 45.502255004697602 ], [ -73.596449504669806, 45.502263137114099 ], [ -73.596425764074795, 45.502271205621497 ], [ -73.596401979685695, 45.502279210101499 ], [ -73.596378151851795, 45.502287150436501 ], [ -73.596354280922895, 45.502295026509799 ], [ -73.596330367249493, 45.5023028382059 ], [ -73.596306411182695, 45.5023105854101 ], [ -73.596282413074206, 45.502318268008501 ], [ -73.596258373276399, 45.502325885888503 ], [ -73.596234292142299, 45.502333438938102 ], [ -73.596210170025401, 45.502340927046397 ], [ -73.596186007279897, 45.502348350103503 ], [ -73.596161805932795, 45.502355708360298 ], [ -73.595552429461407, 45.502539988273199 ], [ -73.595483428698003, 45.502561550165403 ], [ -73.595467327447196, 45.502566785206497 ], [ -73.5954512686491, 45.502572084331703 ], [ -73.5954352528138, 45.502577447368502 ], [ -73.595419280455701, 45.502582874144501 ], [ -73.5954033520878, 45.502588364485597 ], [ -73.595387468221702, 45.502593918215403 ], [ -73.595371629367506, 45.502599535155497 ], [ -73.595355836033903, 45.502605215125598 ], [ -73.595340088728094, 45.502610957943197 ], [ -73.595324387955898, 45.502616763424001 ], [ -73.595308734221604, 45.5026226313813 ], [ -73.595293128027805, 45.502628561626899 ], [ -73.595277569875904, 45.502634553970097 ], [ -73.595262060265497, 45.502640608218599 ], [ -73.595246599694704, 45.502646724178 ], [ -73.595231188660193, 45.502652901651899 ], [ -73.595215827656702, 45.5026591404417 ], [ -73.595200517177801, 45.502665440347101 ], [ -73.595185257715102, 45.502671801165903 ], [ -73.595170049758806, 45.502678222693802 ], [ -73.595154893797201, 45.502684704724501 ], [ -73.595139790317106, 45.502691247049697 ], [ -73.595124739803694, 45.502697849459601 ], [ -73.595109742740206, 45.502704511741797 ], [ -73.595094799608503, 45.502711233682497 ], [ -73.595079910888302, 45.502718015065902 ], [ -73.595065077057995, 45.502724855674103 ], [ -73.595050298593804, 45.5027317552874 ], [ -73.595035575970599, 45.502738713684302 ], [ -73.595020909661102, 45.502745730641102 ], [ -73.595006300136305, 45.502752805932801 ], [ -73.594991747865606, 45.502759939331902 ], [ -73.594977253316301, 45.5027671306093 ], [ -73.594962816953995, 45.502774379534202 ], [ -73.594948439242202, 45.5027816858736 ], [ -73.594934120642804, 45.502789049393002 ], [ -73.594919861615594, 45.502796469855902 ], [ -73.5949056626187, 45.502803947023899 ], [ -73.594891524108107, 45.502811480656803 ], [ -73.594877446537893, 45.502819070512899 ], [ -73.594863430360206, 45.502826716348203 ], [ -73.594849476025303, 45.502834417917299 ], [ -73.594835583981194, 45.502842174972699 ], [ -73.5948217546742, 45.5028499872654 ], [ -73.594807988548496, 45.502857854544402 ], [ -73.594794286046195, 45.502865776557101 ], [ -73.594780647607394, 45.502873753049101 ], [ -73.594767073670099, 45.502881783764103 ], [ -73.594753564670398, 45.502889868444299 ], [ -73.594740121042193, 45.502898006830002 ], [ -73.594726743217095, 45.502906198659801 ], [ -73.594713431624896, 45.502914443670598 ], [ -73.594700186693203, 45.502922741597601 ], [ -73.594687008847401, 45.5029310921744 ], [ -73.594673898510607, 45.5029394951328 ], [ -73.594660856104099, 45.502947950202703 ], [ -73.594647882046701, 45.502956457112802 ], [ -73.594634976755202, 45.502965015589801 ], [ -73.594622140644006, 45.502973625358798 ], [ -73.594609374125397, 45.5029822861433 ], [ -73.594596677609502, 45.502990997665101 ], [ -73.5945840515041, 45.502999759644503 ], [ -73.594571496214698, 45.503008571800102 ], [ -73.5945590121446, 45.503017433848797 ], [ -73.594546599694695, 45.5030263455061 ], [ -73.594534259263895, 45.503035306485501 ], [ -73.594521993619395, 45.5030443186821 ], [ -73.594384571022601, 45.503145816353403 ], [ -73.594374572301206, 45.503153164231698 ], [ -73.594364645696999, 45.503160560299001 ], [ -73.594354791678896, 45.503168004208902 ], [ -73.594345010713297, 45.503175495609 ], [ -73.594335303262994, 45.503183034144897 ], [ -73.594325669787594, 45.503190619459801 ], [ -73.594316110742596, 45.503198251194704 ], [ -73.594306626580703, 45.503205928988599 ], [ -73.594297217750494, 45.503213652478102 ], [ -73.594287884697493, 45.503221421297603 ], [ -73.594278627863204, 45.503229235079701 ], [ -73.594269447685804, 45.503237093454601 ], [ -73.594260344599604, 45.503244996050398 ], [ -73.594251319035394, 45.503252942493098 ], [ -73.594242371420506, 45.503260932406697 ], [ -73.594233502178199, 45.503268965413199 ], [ -73.594224711728302, 45.503277041132201 ], [ -73.594216000486696, 45.5032851591819 ], [ -73.594207368865796, 45.503293319177899 ], [ -73.594198817274005, 45.503301520734098 ], [ -73.594190346115994, 45.503309763462497 ], [ -73.594181955792806, 45.503318046973 ], [ -73.594173646701293, 45.503326370873602 ], [ -73.594165419234898, 45.503334734770398 ], [ -73.594157273782798, 45.503343138267603 ], [ -73.594149210730606, 45.503351580967603 ], [ -73.594141230459897, 45.503360062470897 ], [ -73.594133333348395, 45.503368582375899 ], [ -73.594125519769705, 45.503377140279802 ], [ -73.594117790093705, 45.5033857357774 ], [ -73.594110144686098, 45.503394368461997 ], [ -73.594102583908906, 45.503403037925104 ], [ -73.594095108119703, 45.503411743756502 ], [ -73.594087717672494, 45.503420485543998 ], [ -73.594080412917094, 45.503429262874199 ], [ -73.594073194198899, 45.503438075331701 ], [ -73.594066061859905, 45.5034469224994 ], [ -73.594059016237395, 45.503455803958801 ], [ -73.594052057664996, 45.503464719289397 ], [ -73.594045186472002, 45.503473668069397 ], [ -73.5940384029835, 45.503482649875302 ], [ -73.5940317075206, 45.503491664282102 ], [ -73.594025100400202, 45.5035007108633 ], [ -73.594018581935003, 45.503509789190801 ], [ -73.594012152433507, 45.503518898834898 ], [ -73.594005812199995, 45.503528039364497 ], [ -73.594002749357003, 45.503532454974703 ], [ -73.595745055463198, 45.504326797395301 ], [ -73.592844685848803, 45.506945642211598 ], [ -73.591531274098699, 45.508131462357198 ], [ -73.594198279802796, 45.510180453607397 ], [ -73.594150000344399, 45.510528222721199 ], [ -73.593938200951797, 45.510775582957599 ], [ -73.594945555251002, 45.510947329603297 ], [ -73.595685589175602, 45.511140894279798 ], [ -73.596713339048094, 45.5115793826428 ], [ -73.596900330665704, 45.5118113288449 ], [ -73.596881965966105, 45.512496322481198 ], [ -73.596816845781703, 45.512584560405998 ], [ -73.596793900076904, 45.512637674016801 ], [ -73.596778702663002, 45.512730368812299 ], [ -73.5967872206202, 45.512814247210997 ], [ -73.596821253904494, 45.512912102494901 ], [ -73.596940508701294, 45.513041582041197 ], [ -73.597032761521106, 45.5130999934104 ], [ -73.597063336802933, 45.513111858764113 ], [ -73.596904165522673, 45.513123017954811 ], [ -73.595922894579985, 45.513333199219275 ], [ -73.59530798455296, 45.513376300501683 ], [ -73.59474085091172, 45.513497767290225 ], [ -73.593795724080252, 45.513143596843683 ], [ -73.592594818427273, 45.512888545836439 ], [ -73.591346220616188, 45.512803100100086 ], [ -73.590097902449799, 45.512890542515223 ], [ -73.588897824999179, 45.513147513504776 ], [ -73.587792097175353, 45.513564140021082 ], [ -73.586823205219119, 45.514124414626224 ], [ -73.58605667310205, 45.514782519937107 ], [ -73.585498977564015, 45.514461446137233 ], [ -73.5843919560118, 45.514046498044898 ], [ -73.583191073486006, 45.513791348201032 ], [ -73.582790605727368, 45.513763910016699 ], [ -73.582241859617696, 45.513509266077897 ], [ -73.581332714787607, 45.513088322645501 ], [ -73.5792709156771, 45.512133626335398 ], [ -73.579225331949431, 45.512118178623901 ], [ -73.579572560945181, 45.512093891702676 ], [ -73.580772658583555, 45.51183701861973 ], [ -73.58187840449196, 45.511420459910504 ], [ -73.582847299213867, 45.510860226978004 ], [ -73.583642106494096, 45.510177853127729 ], [ -73.584232284577965, 45.509399565465699 ], [ -73.584595159571705, 45.508555276417511 ], [ -73.584716795824775, 45.507677433713198 ], [ -73.584592530032765, 45.506799773108099 ], [ -73.584227148754081, 45.505956021822428 ], [ -73.583634702776592, 45.505178602542721 ], [ -73.582837965724522, 45.504497387771551 ], [ -73.581867557928959, 45.503938552344131 ], [ -73.580780519242325, 45.5035309732353 ], [ -73.580847422962322, 45.503375319916081 ], [ -73.581346323193642, 45.502946963806934 ], [ -73.581621790130484, 45.502583674455451 ], [ -73.582090544600078, 45.502550871461217 ], [ -73.583290428042929, 45.502293971645045 ], [ -73.584395968623767, 45.50187738801224 ], [ -73.585364674780706, 45.501317132922736 ], [ -73.586159317507139, 45.500634740532348 ], [ -73.586749361372014, 45.499856438658178 ], [ -73.587112137637206, 45.499012140270615 ], [ -73.587157631279652, 45.498683652866625 ], [ -73.587535567929535, 45.498465048526107 ], [ -73.588330144344113, 45.497782640741505 ], [ -73.588920128556595, 45.497004327308979 ], [ -73.589282854121066, 45.496160021642538 ], [ -73.589309329372441, 45.495968793568657 ], [ -73.589682618972688, 45.495888838835086 ], [ -73.590787987056075, 45.495472193001561 ], [ -73.591756520013618, 45.494911883210058 ], [ -73.592550995498058, 45.494229445717913 ], [ -73.593140884507207, 45.493451110074382 ], [ -73.593503524254075, 45.492606790546141 ], [ -73.593594602357911, 45.491948542743515 ], [ -73.593741780604105, 45.491995501851001 ] ] ], [ [ [ -73.519682923065901, 45.496313917177602 ], [ -73.519234973373798, 45.495194077131302 ], [ -73.529612010771899, 45.491738225324497 ], [ -73.529544568460906, 45.4915684924487 ], [ -73.539871577878799, 45.488074454000603 ], [ -73.539941907015404, 45.488103337741897 ], [ -73.539986889682893, 45.488121818195502 ], [ -73.540013667566996, 45.4881328292863 ], [ -73.540029382383594, 45.4881393049209 ], [ -73.540041175863493, 45.488144178997203 ], [ -73.5400557678132, 45.488150065434297 ], [ -73.540076311370299, 45.488157842659199 ], [ -73.540101475208203, 45.488167186739702 ], [ -73.540129385958707, 45.488177660310797 ], [ -73.540158188698996, 45.488188825688702 ], [ -73.540186900795007, 45.488200230036 ], [ -73.540215771692303, 45.4882113991099 ], [ -73.540245134553302, 45.488221870280498 ], [ -73.540275042301403, 45.4882315758422 ], [ -73.5403052264286, 45.488240901065502 ], [ -73.540335400751502, 45.488250256130897 ], [ -73.540365287659895, 45.488260038668002 ], [ -73.540394853423294, 45.488270289229497 ], [ -73.540424337367398, 45.488280648572598 ], [ -73.540453993247695, 45.488290736324899 ], [ -73.540484027251694, 45.488300243857601 ], [ -73.540514387639405, 45.488309251555101 ], [ -73.540544935659398, 45.488317971036501 ], [ -73.540575532493406, 45.488326614022398 ], [ -73.540606062157195, 45.488335356976499 ], [ -73.540636536674199, 45.488344178712197 ], [ -73.540667012646495, 45.488352989209801 ], [ -73.5406975467167, 45.488361698387202 ], [ -73.540728182511202, 45.488370235613203 ], [ -73.540758922508402, 45.488378591748997 ], [ -73.540789761074905, 45.488386769778401 ], [ -73.540820692577199, 45.488394772685403 ], [ -73.540851711381094, 45.488402603456898 ], [ -73.540882810851301, 45.488410269213396 ], [ -73.540913981391896, 45.488417789298097 ], [ -73.540945212862297, 45.488425185302603 ], [ -73.540976495122194, 45.488432478818602 ], [ -73.541007819874096, 45.488439686879801 ], [ -73.5410391983133, 45.488446778307697 ], [ -73.541070653352094, 45.488453692943303 ], [ -73.541102208062796, 45.488460370231998 ], [ -73.541133881597005, 45.488466759446197 ], [ -73.541165649349296, 45.488472919539703 ], [ -73.541197459323499, 45.488478978123403 ], [ -73.541229259103901, 45.488485063861702 ], [ -73.541260996580505, 45.488491304662901 ], [ -73.541292649681097, 45.4884977541399 ], [ -73.541324251264697, 45.4885043300375 ], [ -73.541355840050699, 45.4885109356049 ], [ -73.541387454758294, 45.488517474091601 ], [ -73.541419133714399, 45.488523849730598 ], [ -73.541450894078295, 45.4885300199008 ], [ -73.541482721482694, 45.488536021135197 ], [ -73.541514598992705, 45.488541896412897 ], [ -73.541546509673907, 45.488547688713197 ], [ -73.541578436591706, 45.488553441014801 ], [ -73.541610362811696, 45.488559196296897 ], [ -73.541642271399596, 45.488564997538901 ], [ -73.541674145779297, 45.488570886807302 ], [ -73.541705980311406, 45.488576878313197 ], [ -73.541737782041693, 45.4885829539583 ], [ -73.541769558726202, 45.488589093835401 ], [ -73.541801318120903, 45.488595278036797 ], [ -73.5418330679815, 45.488601486655199 ], [ -73.541864816064205, 45.488607699783202 ], [ -73.541896568884397, 45.488613900701203 ], [ -73.541928327328606, 45.488620087163497 ], [ -73.541960090686402, 45.488626261028102 ], [ -73.5419918582474, 45.488632424153899 ], [ -73.542023629301298, 45.488638578399502 ], [ -73.542055403137695, 45.488644725623402 ], [ -73.542087179046703, 45.488650867683297 ], [ -73.542118956879193, 45.488657004962299 ], [ -73.542150738161595, 45.488663133440902 ], [ -73.542182524731103, 45.488669248281397 ], [ -73.542214318425394, 45.488675344646197 ], [ -73.542246121081902, 45.488681417697897 ], [ -73.542277934537907, 45.488687462598399 ], [ -73.542309760388704, 45.488693475143997 ], [ -73.542341596812705, 45.488699460068403 ], [ -73.542373439460803, 45.488705428718099 ], [ -73.542405283923998, 45.488711392594702 ], [ -73.542437125793796, 45.488717363200102 ], [ -73.542468961087295, 45.4887233509331 ], [ -73.542500789215595, 45.4887293574021 ], [ -73.542532611213502, 45.488735380009601 ], [ -73.542564428125601, 45.488741416132399 ], [ -73.5425962409969, 45.488747463147 ], [ -73.542628050848805, 45.4887535184887 ], [ -73.542659855804402, 45.488759586855501 ], [ -73.542691648322702, 45.488765687138297 ], [ -73.542723420207295, 45.4887718398709 ], [ -73.542755163261702, 45.488778065587098 ], [ -73.542786869292101, 45.4887843848147 ], [ -73.542818537001807, 45.488790800606097 ], [ -73.542850187085605, 45.488797260294 ], [ -73.542881844611699, 45.488803700130397 ], [ -73.542913534648406, 45.4888100563671 ], [ -73.542945282263403, 45.488816265256197 ], [ -73.542977102841604, 45.488822287766602 ], [ -73.543008975253002, 45.488828178076901 ], [ -73.543040869761697, 45.4888340123332 ], [ -73.543072756632, 45.488839866682 ], [ -73.543104606128495, 45.4888458172694 ], [ -73.543136390604502, 45.488851934886704 ], [ -73.543168112930402, 45.488858212088701 ], [ -73.5431997990963, 45.488864582156701 ], [ -73.543231475665905, 45.488870976901502 ], [ -73.543263169202604, 45.488877328133597 ], [ -73.543294906270006, 45.488883567663699 ], [ -73.543326711548104, 45.488889632128902 ], [ -73.543358577981905, 45.488895539506302 ], [ -73.5433904721272, 45.488901375410499 ], [ -73.543422359737804, 45.488907227512797 ], [ -73.543454206567603, 45.488913183484499 ], [ -73.543485979083599, 45.488919329174401 ], [ -73.5435176732435, 45.488925675036199 ], [ -73.543549324379001, 45.488932130860697 ], [ -73.543580970563099, 45.488938599429702 ], [ -73.543612649868393, 45.488944983525798 ], [ -73.543644391182497, 45.488951209407297 ], [ -73.543676189074304, 45.488957291049402 ], [ -73.5437080300985, 45.4889632629109 ], [ -73.543739900810195, 45.488969159450399 ], [ -73.543771787764399, 45.488975015126698 ], [ -73.543803677516195, 45.488980864398599 ], [ -73.543835556620806, 45.488986741724801 ], [ -73.5438674116605, 45.488992681494203 ], [ -73.543899235622305, 45.488998701569002 ], [ -73.543931036120199, 45.489004782067198 ], [ -73.543962822800907, 45.489010897861903 ], [ -73.543994605310701, 45.4890170238262 ], [ -73.544026393296093, 45.489023134833197 ], [ -73.544058196403498, 45.489029205755998 ], [ -73.544090024278802, 45.489035211468703 ], [ -73.544121883027799, 45.489041136107303 ], [ -73.544153766572407, 45.489046995683601 ], [ -73.544185666215498, 45.489052813062102 ], [ -73.544217573259999, 45.489058611106799 ], [ -73.544249479008897, 45.489064412682097 ], [ -73.544281374765205, 45.489070240652197 ], [ -73.544313251832094, 45.489076117881503 ], [ -73.544345101656106, 45.489082066851601 ], [ -73.544376920189407, 45.489088098042799 ], [ -73.544408708678404, 45.489094207831897 ], [ -73.544440468672306, 45.489100391788497 ], [ -73.544472201720595, 45.489106645482501 ], [ -73.544503909372395, 45.489112964483901 ], [ -73.544535594072599, 45.489119342082503 ], [ -73.5445672644952, 45.4891257557125 ], [ -73.544598931960195, 45.489132176071401 ], [ -73.544630607797401, 45.489138573832697 ], [ -73.544662303336196, 45.489144919669698 ], [ -73.544694029906296, 45.489151184255498 ], [ -73.544725798837206, 45.489157338263396 ], [ -73.544757621385898, 45.489163352555302 ], [ -73.544789499611397, 45.489169221956303 ], [ -73.544821417469194, 45.489174988456398 ], [ -73.5448533568009, 45.489180699553202 ], [ -73.544885299448197, 45.489186402744103 ], [ -73.544917227253094, 45.489192145526602 ], [ -73.544949122058497, 45.489197975395697 ], [ -73.544980971349005, 45.489203925072097 ], [ -73.545012781533799, 45.489209977717003 ], [ -73.545044562985794, 45.489216106111797 ], [ -73.545076326077904, 45.489222283037201 ], [ -73.545108081182804, 45.4892284812748 ], [ -73.545139838673293, 45.489234673605402 ], [ -73.545171608917201, 45.489240832822901 ], [ -73.545203398240702, 45.489246942272999 ], [ -73.545235201597293, 45.489253014994397 ], [ -73.545267011954607, 45.489259069210803 ], [ -73.545298822280401, 45.489265123145799 ], [ -73.545330625542306, 45.489271195023299 ], [ -73.545362414708094, 45.4892773030667 ], [ -73.545394182980701, 45.4892834648915 ], [ -73.545425930039301, 45.489289681362997 ], [ -73.545457662692996, 45.489295934904099 ], [ -73.545489388117701, 45.489302206989301 ], [ -73.545521113489201, 45.489308479093701 ], [ -73.545552845983096, 45.489314732691902 ], [ -73.545584592775, 45.489320949258897 ], [ -73.5456163610407, 45.4893271102695 ], [ -73.545648157830698, 45.489333197521802 ], [ -73.545679984175607, 45.489339208386497 ], [ -73.545711832538402, 45.4893451623972 ], [ -73.545743694728202, 45.489351080779798 ], [ -73.545775562553501, 45.489356984760803 ], [ -73.545807427823405, 45.489362895566202 ], [ -73.545839282480301, 45.4893688340766 ], [ -73.545871121910096, 45.489374812249999 ], [ -73.545902945162595, 45.489380832551298 ], [ -73.545934751465296, 45.489386896984897 ], [ -73.545966540045896, 45.489393007555201 ], [ -73.545998310131793, 45.489399166266601 ], [ -73.546030060950798, 45.489405375123397 ], [ -73.546061791732001, 45.489411636125404 ], [ -73.546093503968805, 45.4894179453334 ], [ -73.546125205823699, 45.489424281312601 ], [ -73.546156906681702, 45.4894306194211 ], [ -73.546188615927406, 45.489436935017601 ], [ -73.546220342945801, 45.489443203460397 ], [ -73.546252097121496, 45.4894494001081 ], [ -73.546283887839095, 45.489455500318897 ], [ -73.546315724483193, 45.489461479451499 ], [ -73.546347613359401, 45.489467321000397 ], [ -73.546379541443599, 45.489473059538298 ], [ -73.546411488228102, 45.489478749412797 ], [ -73.546443433189296, 45.489484445014497 ], [ -73.546475355809804, 45.489490200717299 ], [ -73.546507241924601, 45.489496054024301 ], [ -73.546539095657906, 45.489501993861097 ], [ -73.546570924405898, 45.489508000463601 ], [ -73.546602735564406, 45.489514054067499 ], [ -73.546634536529794, 45.489520134908503 ], [ -73.546666334448204, 45.489526223889897 ], [ -73.546698133587299, 45.489532309615697 ], [ -73.546729936366702, 45.4895383856324 ], [ -73.5467617451758, 45.489544445567297 ], [ -73.546793562404105, 45.4895504830478 ], [ -73.546825390441001, 45.4895564917014 ], [ -73.546857231675801, 45.489562465155402 ], [ -73.546889088497906, 45.489568397037303 ], [ -73.5469209632966, 45.489574280974402 ], [ -73.546952858461296, 45.489580110594197 ], [ -73.546984776336103, 45.489585879644302 ], [ -73.547016716356893, 45.489591589584599 ], [ -73.547048673340498, 45.489597254126998 ], [ -73.547080641692702, 45.489602888072703 ], [ -73.5471126158196, 45.489608506223298 ], [ -73.547144590127104, 45.489614123379802 ], [ -73.547176559021196, 45.4896197543436 ], [ -73.547208516907901, 45.489625413916201 ], [ -73.5472404581934, 45.4896311168987 ], [ -73.547272377283704, 45.489636878092703 ], [ -73.547304268584895, 45.4896427122994 ], [ -73.547336126503197, 45.489648634320197 ], [ -73.547367945674097, 45.489654658353601 ], [ -73.547399726755501, 45.489660782764403 ], [ -73.547431476876199, 45.489666988905 ], [ -73.5474632034839, 45.4896732572888 ], [ -73.547494914026103, 45.489679568429302 ], [ -73.547526615950503, 45.489685902840101 ], [ -73.547558316704794, 45.489692241034497 ], [ -73.547590023644304, 45.489698563764598 ], [ -73.547621741443294, 45.489704858732601 ], [ -73.547653471736695, 45.489711121517203 ], [ -73.547685215996097, 45.4897173481219 ], [ -73.547716975692595, 45.489723534550201 ], [ -73.547748752297693, 45.489729676805602 ], [ -73.5477805472825, 45.4897357708914 ], [ -73.547812362118506, 45.489741812811197 ], [ -73.547844198276906, 45.489747798568501 ], [ -73.547876057228393, 45.489753724167898 ], [ -73.547907939021002, 45.489759589395199 ], [ -73.547939839193106, 45.489765406018698 ], [ -73.547971752391703, 45.489771188175503 ], [ -73.548003673263807, 45.489776950002998 ], [ -73.548035596456302, 45.489782705638298 ], [ -73.548067516616399, 45.489788469218503 ], [ -73.548099428390998, 45.489794254880998 ], [ -73.548131326427395, 45.489800076762897 ], [ -73.548163205372703, 45.489805949001401 ], [ -73.548195059874104, 45.489811885733801 ], [ -73.5482268852884, 45.489817899226203 ], [ -73.548258684709296, 45.489823981342703 ], [ -73.548290465989297, 45.4898301114006 ], [ -73.548322237050002, 45.489836268533203 ], [ -73.548354005812996, 45.489842431874202 ], [ -73.548385780200107, 45.489848580557201 ], [ -73.548417568132706, 45.4898546937156 ], [ -73.548449377532407, 45.489860750483203 ], [ -73.548481214593195, 45.489866734541202 ], [ -73.548513075681797, 45.489872655438099 ], [ -73.548544953695398, 45.489878531856199 ], [ -73.548576841527506, 45.489884382487702 ], [ -73.548608732071301, 45.489890226024897 ], [ -73.548640618220205, 45.489896081160403 ], [ -73.548672492867695, 45.489901966586501 ], [ -73.548704348907407, 45.489907900995199 ], [ -73.548736180627401, 45.489913899327703 ], [ -73.548767987105293, 45.489919963644603 ], [ -73.548799768445605, 45.489926093243099 ], [ -73.548831524753098, 45.489932287420899 ], [ -73.548863256132293, 45.489938545475297 ], [ -73.548894962688195, 45.489944866703901 ], [ -73.548926644525096, 45.489951250404097 ], [ -73.548958301748002, 45.4899576958734 ], [ -73.548989934461304, 45.489964202409197 ], [ -73.549021543668104, 45.489970767090199 ], [ -73.549053137010901, 45.489977370592598 ], [ -73.549084725109097, 45.489983986239302 ], [ -73.549116318595907, 45.489990587318403 ], [ -73.549147928104702, 45.489997147118103 ], [ -73.549179564268499, 45.490003638926503 ], [ -73.549211237720499, 45.490010036031897 ], [ -73.549242959093803, 45.4900163117223 ], [ -73.549274739021399, 45.490022439285802 ], [ -73.549306586291493, 45.490028396648597 ], [ -73.549338475925893, 45.490034246632099 ], [ -73.549370353390401, 45.490040126368299 ], [ -73.549402163206096, 45.490046175362899 ], [ -73.549433868318999, 45.490052486346997 ], [ -73.549465476955703, 45.490059037093097 ], [ -73.549497004173801, 45.490065788032098 ], [ -73.549528465030903, 45.490072699594698 ], [ -73.549559874584105, 45.490079732211598 ], [ -73.549591247891001, 45.490086846313801 ], [ -73.549622599985796, 45.490094002391203 ], [ -73.549653940216899, 45.490101175831697 ], [ -73.549685264778304, 45.490108376484997 ], [ -73.5497165680097, 45.490115619059203 ], [ -73.549747844251002, 45.490122918262799 ], [ -73.549779087841799, 45.490130288803897 ], [ -73.549810292923894, 45.490137744618998 ], [ -73.549841452872997, 45.490145296659897 ], [ -73.549872560879606, 45.490152955157598 ], [ -73.549903610134507, 45.4901607303429 ], [ -73.549934593828297, 45.490168632446697 ], [ -73.549965505151704, 45.4901766716998 ], [ -73.549996337295298, 45.490184858333201 ], [ -73.550027083595594, 45.490193202306799 ], [ -73.550057741610303, 45.490201705725099 ], [ -73.550088313669306, 45.4902103618128 ], [ -73.550118802358696, 45.490219163317498 ], [ -73.550149210264607, 45.490228102987302 ], [ -73.550179539973101, 45.490237173569703 ], [ -73.550209793885202, 45.490246368210997 ], [ -73.550239973078007, 45.490255682906898 ], [ -73.550270078052407, 45.490265114893099 ], [ -73.550300109306804, 45.490274661410901 ], [ -73.550330067339601, 45.490284319701601 ], [ -73.550359952651704, 45.4902940870032 ], [ -73.550389767646095, 45.490303958389497 ], [ -73.550419520064693, 45.490313922857403 ], [ -73.550449218579303, 45.490323968345599 ], [ -73.550478871861301, 45.490334082792998 ], [ -73.550508488582594, 45.4903442541383 ], [ -73.550538073538505, 45.490354475285102 ], [ -73.550567598447202, 45.490364781503999 ], [ -73.550597018271304, 45.490375229526997 ], [ -73.550626287843002, 45.490385876253299 ], [ -73.550655363243493, 45.490396776993897 ], [ -73.550684247218896, 45.490407927708802 ], [ -73.550713002066303, 45.490419248618601 ], [ -73.550741693956695, 45.490430655016098 ], [ -73.5507703890611, 45.490442062194397 ], [ -73.550799152357897, 45.490453386934099 ], [ -73.550828000878994, 45.490464605841296 ], [ -73.550856888438403, 45.490475774403002 ], [ -73.550885764529497, 45.490486953497197 ], [ -73.550914578646001, 45.490498204001803 ], [ -73.550943280281601, 45.490509586794801 ], [ -73.550971818930094, 45.490521162754199 ], [ -73.551000146660002, 45.490532989666399 ], [ -73.551028262244799, 45.490545069234201 ], [ -73.551056205118002, 45.4905573543355 ], [ -73.551084016071201, 45.490569796217102 ], [ -73.551111735895702, 45.490582346125997 ], [ -73.551139405382997, 45.490594955309199 ], [ -73.551167053692595, 45.490607587948197 ], [ -73.551194664888001, 45.490620258372097 ], [ -73.551222212106595, 45.490632993060203 ], [ -73.551249668485099, 45.490645818492403 ], [ -73.551277007160905, 45.490658761148303 ], [ -73.551304201270895, 45.490671847507599 ], [ -73.551331223952403, 45.490685104049803 ], [ -73.551358048709801, 45.490698556882897 ], [ -73.551384668444896, 45.490712212466498 ], [ -73.551411104694793, 45.490726048255802 ], [ -73.551437381299806, 45.490740039372703 ], [ -73.551463522100207, 45.490754160938799 ], [ -73.551489550936395, 45.490768388076098 ], [ -73.551515491648601, 45.490782695906297 ], [ -73.551541368076599, 45.490797059551802 ], [ -73.551567199605003, 45.490811458989 ], [ -73.551592990405894, 45.490825890769997 ], [ -73.551618741406898, 45.490840354981799 ], [ -73.5516444535359, 45.490854851711099 ], [ -73.551670127720698, 45.490869381044902 ], [ -73.551695764888905, 45.490883943070003 ], [ -73.551721365937496, 45.490898537895703 ], [ -73.551746927365699, 45.490913168795899 ], [ -73.551772436760203, 45.4909278454587 ], [ -73.551797880629294, 45.490942578348303 ], [ -73.5518232454816, 45.4909573779289 ], [ -73.551848517825405, 45.490972254664499 ], [ -73.551873684169195, 45.490987219019601 ], [ -73.551898732351901, 45.491002280393701 ], [ -73.551923663799897, 45.491017437317097 ], [ -73.551948487889206, 45.491032681960199 ], [ -73.551973214096293, 45.491048006413401 ], [ -73.551997851897397, 45.491063402766997 ], [ -73.5520224107687, 45.491078863111099 ], [ -73.552046894431697, 45.491094383716103 ], [ -73.552071275371702, 45.491109983539602 ], [ -73.552095515526702, 45.491125689199698 ], [ -73.552119576826598, 45.491141527321098 ], [ -73.552143421201194, 45.4911575245279 ], [ -73.552167018792304, 45.491173701412301 ], [ -73.552190380371499, 45.4911900487201 ], [ -73.552213529253095, 45.491206547983303 ], [ -73.552236488755199, 45.491223180731403 ], [ -73.552259282196005, 45.491239928493798 ], [ -73.552281932893393, 45.491256772799701 ], [ -73.552304463652803, 45.491273695574698 ], [ -73.552313765643689, 45.491280744861413 ], [ -73.551466900099953, 45.491339799632378 ], [ -73.550267104245407, 45.491596365629626 ], [ -73.549161512835823, 45.492012619731305 ], [ -73.548192606863353, 45.492572568804626 ], [ -73.547397618654301, 45.493254698184089 ], [ -73.54680710138507, 45.494032797880031 ], [ -73.546443754602365, 45.494876969226361 ], [ -73.546321550934053, 45.495754773371836 ], [ -73.54644519769613, 45.496632477554819 ], [ -73.546672553181224, 45.497158470298757 ], [ -73.546560300701955, 45.497964786854531 ], [ -73.546683956037384, 45.49884249043464 ], [ -73.547048730506717, 45.499686363100999 ], [ -73.547640615428392, 45.500463973104495 ], [ -73.548436871266972, 45.501145434048489 ], [ -73.549406900545478, 45.501704553905768 ], [ -73.550513423355667, 45.502119842151977 ], [ -73.551713910342585, 45.502375336222563 ], [ -73.552962218043746, 45.502461215443205 ], [ -73.553679485962292, 45.502411198346117 ], [ -73.55404208976887, 45.502488361406897 ], [ -73.554070058731838, 45.502490284994693 ], [ -73.554644664315006, 45.50324499789118 ], [ -73.554931712746921, 45.503490607129379 ], [ -73.554931712746921, 45.503490607129386 ], [ -73.554985527344044, 45.503872145837313 ], [ -73.555119348527086, 45.504181586187165 ], [ -73.555107197989244, 45.504209821642256 ], [ -73.554214293581069, 45.504725814863448 ], [ -73.553738083133211, 45.505134394904417 ], [ -73.553525735673034, 45.505119790260807 ], [ -73.55227752839491, 45.505206819443764 ], [ -73.551077441746202, 45.505463393455727 ], [ -73.549971584986338, 45.505879654497932 ], [ -73.549002449300431, 45.506439609172574 ], [ -73.548207275841335, 45.507121742600781 ], [ -73.547616624906425, 45.507899844639169 ], [ -73.547606438055965, 45.507923506971352 ], [ -73.546503659448703, 45.508338548053906 ], [ -73.545534447178923, 45.508898473094199 ], [ -73.544739197213715, 45.509580582115454 ], [ -73.544148472789416, 45.510358665912712 ], [ -73.543784981418071, 45.511202826432999 ], [ -73.543662701291495, 45.512080625242753 ], [ -73.543735552470878, 45.512597780666582 ], [ -73.543702015401777, 45.51283852748135 ], [ -73.543825659062975, 45.513716231864599 ], [ -73.544190487077756, 45.514560111431507 ], [ -73.544782488714844, 45.515337734167048 ], [ -73.545578919959354, 45.516019213183945 ], [ -73.545595826876053, 45.516028956355562 ], [ -73.545679266209916, 45.51662109357919 ], [ -73.546044140730345, 45.517464966777013 ], [ -73.54641317893541, 45.517949664166458 ], [ -73.546381182826863, 45.518023970500366 ], [ -73.546354025676266, 45.518218961856341 ], [ -73.546001656627098, 45.518422497274976 ], [ -73.545206278246155, 45.519104608455812 ], [ -73.544615460708272, 45.519882693400753 ], [ -73.544251915107196, 45.520726854013795 ], [ -73.544129621723513, 45.52160465185846 ], [ -73.544253291335821, 45.52248235441639 ], [ -73.544618182496478, 45.523326231293055 ], [ -73.544728681486845, 45.523471352404691 ], [ -73.544628328420757, 45.524191679926474 ], [ -73.544651079543726, 45.524353130463048 ], [ -73.543836806295218, 45.52465947605446 ], [ -73.542867287455564, 45.525219376972103 ], [ -73.5420717754631, 45.525901465561375 ], [ -73.541480843624527, 45.526679533404788 ], [ -73.541117207427178, 45.527523683064629 ], [ -73.540994850635954, 45.528401476526405 ], [ -73.541118486469813, 45.529279181440941 ], [ -73.541483374783468, 45.530123067323601 ], [ -73.54207550253669, 45.530900701915826 ], [ -73.542872120874122, 45.531582197873242 ], [ -73.543279797952351, 45.531817085978616 ], [ -73.540599533209303, 45.531314886038302 ], [ -73.5301147605865, 45.534793015831099 ], [ -73.530191405528697, 45.534611823907198 ], [ -73.530306374050497, 45.534207683540799 ], [ -73.530368238640506, 45.5337978449856 ], [ -73.530376481335196, 45.533385747311002 ], [ -73.530331034141597, 45.532974848468903 ], [ -73.530232279568693, 45.532568596277201 ], [ -73.526479939688713, 45.520486387884539 ], [ -73.527651203601451, 45.52056720252002 ], [ -73.528899788553929, 45.520480442571504 ], [ -73.530100295266891, 45.520224102122789 ], [ -73.531206579529567, 45.519808034388447 ], [ -73.532176121176335, 45.519248231899091 ], [ -73.532971659069275, 45.518566211417756 ], [ -73.5335626233569, 45.51778818647378 ], [ -73.533926309917206, 45.516944059403066 ], [ -73.534048751904066, 45.516066271719794 ], [ -73.533925255049922, 45.515188557074765 ], [ -73.533560576372437, 45.514344644774276 ], [ -73.532968739674843, 45.513566963700136 ], [ -73.532172495187538, 45.51288539642001 ], [ -73.531202444334326, 45.512326131316577 ], [ -73.530095863403375, 45.511910656771086 ], [ -73.528895271378914, 45.511654935964714 ], [ -73.52764679691964, 45.511568793920603 ], [ -73.526398407093851, 45.511655540265991 ], [ -73.52519806572198, 45.511911842161204 ], [ -73.524091891843099, 45.512327852261116 ], [ -73.52396832124667, 45.512399194722335 ], [ -73.523349028556467, 45.510405126066928 ], [ -73.524451598340164, 45.510640033391581 ], [ -73.525700047406062, 45.51072621037661 ], [ -73.526948417763734, 45.510639471653576 ], [ -73.528148724138859, 45.510383151316766 ], [ -73.529254830023916, 45.509967101806772 ], [ -73.530224222110817, 45.50940731495254 ], [ -73.531019645009508, 45.508725306914819 ], [ -73.531610533285658, 45.507947290743495 ], [ -73.53197418573447, 45.507103168436458 ], [ -73.532096636815311, 45.506225381324342 ], [ -73.531973191905294, 45.505347663036126 ], [ -73.531608606020299, 45.504503743018759 ], [ -73.53101689939318, 45.503726050451633 ], [ -73.530220817253237, 45.503044468345458 ], [ -73.529250954785013, 45.502485185654081 ], [ -73.528144581039101, 45.502069691435871 ], [ -73.528135826848867, 45.502067826340131 ], [ -73.528110027182706, 45.502058137367058 ], [ -73.526909653587083, 45.501802395196449 ], [ -73.525661399931352, 45.501716231253646 ], [ -73.524413224804377, 45.50180295600731 ], [ -73.523213083781386, 45.502059237446908 ], [ -73.522107088206596, 45.502475229012326 ], [ -73.521137734591136, 45.503034947658172 ], [ -73.521076417040533, 45.50308751444075 ], [ -73.519937697793793, 45.499420937403499 ], [ -73.519908856559695, 45.4993280232 ], [ -73.520480141957904, 45.4992403314276 ], [ -73.519578276629602, 45.496334611229798 ], [ -73.519682923065901, 45.496313917177602 ] ] ], [ [ [ -73.543842618394009, 45.532141361819143 ], [ -73.544949697192507, 45.532556701530552 ], [ -73.545732259556715, 45.53272320139228 ], [ -73.545854081336415, 45.53358744119064 ], [ -73.54594238330732, 45.533791600198889 ], [ -73.54580440174783, 45.534111942064527 ], [ -73.545789009277243, 45.534222421896274 ], [ -73.545172406008376, 45.534578473960629 ], [ -73.545041380607145, 45.534690805656894 ], [ -73.544767166619195, 45.534349480904602 ], [ -73.544538914993097, 45.534065585258503 ], [ -73.544370391070501, 45.5338481456956 ], [ -73.544205716107598, 45.533621208824599 ], [ -73.544183468792497, 45.533588519800901 ], [ -73.544161409031602, 45.533555767241701 ], [ -73.544139537373397, 45.533522951944903 ], [ -73.544117854356898, 45.533490074711601 ], [ -73.544096360512299, 45.533457136346001 ], [ -73.5440750563601, 45.533424137654897 ], [ -73.544053942411907, 45.5333910794484 ], [ -73.544011838428105, 45.533325153827498 ], [ -73.543970672390998, 45.533258926356901 ], [ -73.543930450796196, 45.533192406945503 ], [ -73.543891179856203, 45.533125605593 ], [ -73.543852865496902, 45.533058532385503 ], [ -73.543815513354701, 45.5329911974898 ], [ -73.543779128773807, 45.532923611148803 ], [ -73.543747415219997, 45.532864171089201 ], [ -73.543716542168596, 45.532804504480502 ], [ -73.543686514467097, 45.532744620144904 ], [ -73.5436573367123, 45.5326845269717 ], [ -73.543629013248307, 45.532624233913197 ], [ -73.543601548164204, 45.532563749980703 ], [ -73.543574945292406, 45.532503084239799 ], [ -73.543554101283704, 45.532453973106797 ], [ -73.543533362155799, 45.532404839898803 ], [ -73.543512727979106, 45.532355684781798 ], [ -73.5434921988236, 45.532306507921597 ], [ -73.543471774758203, 45.532257309484699 ], [ -73.543451455851496, 45.5322080896374 ], [ -73.543431242171195, 45.532158848546104 ], [ -73.543297674222245, 45.531827385608864 ], [ -73.543842618394009, 45.532141361819143 ] ] ] ] } },
{ "type": "Feature", "properties": { "arrondissement": "Hampstead", "pct_couverture": 59.9, "nb_bornes": 2 }, "geometry": { "type": "Polygon", "coordinates": [ [ [ -73.644904180010002, 45.474156944961202 ], [ -73.64515695739, 45.474260317063397 ], [ -73.645460801680002, 45.474391181419101 ], [ -73.6455986844596, 45.4744505684654 ], [ -73.645685188987102, 45.474487831541701 ], [ -73.645909570642303, 45.474584472230497 ], [ -73.646133956921901, 45.474681120569699 ], [ -73.646157121329097, 45.474691091838601 ], [ -73.646358343946901, 45.474777760366997 ], [ -73.6465215507165, 45.474848054191803 ], [ -73.646582730482706, 45.4748744087209 ], [ -73.646885354994097, 45.475007811108199 ], [ -73.646917120044904, 45.475021812377697 ], [ -73.647108274140805, 45.475106085437403 ], [ -73.6472523064282, 45.475166577471597 ], [ -73.647331660829806, 45.4751999125805 ], [ -73.647621076252705, 45.475321466458603 ], [ -73.647683097860295, 45.475347520558998 ], [ -73.647848300930505, 45.475420366366798 ], [ -73.647902746838696, 45.475444382999697 ], [ -73.648013500612606, 45.4754932209377 ], [ -73.6480299756536, 45.475500484753503 ], [ -73.648121290729605, 45.475539980364097 ], [ -73.648196106893195, 45.475572345320401 ], [ -73.648345613227903, 45.475636730607498 ], [ -73.648362447713694, 45.475643975911403 ], [ -73.648529615125597, 45.475714112337698 ], [ -73.648537745406898, 45.475717308821899 ], [ -73.648731909655993, 45.475793666481401 ], [ -73.648859012619894, 45.475842649679599 ], [ -73.648953394887101, 45.475884162582602 ], [ -73.649039051762202, 45.475921828246499 ], [ -73.649166619187795, 45.475977937286402 ], [ -73.649243817156204, 45.4760118794755 ], [ -73.649378220469899, 45.4760709938353 ], [ -73.649447826430006, 45.476101606480398 ], [ -73.649593075003907, 45.476165477387298 ], [ -73.649645003374005, 45.476188318583397 ], [ -73.649804676409502, 45.476258533143003 ], [ -73.649838060135593, 45.476273217158102 ], [ -73.650014544652194, 45.476350825911197 ], [ -73.650023091014802, 45.476354585047197 ], [ -73.650188399430107, 45.476427286943498 ], [ -73.650231027620904, 45.4764460277976 ], [ -73.650353704409099, 45.476499979605698 ], [ -73.650445882468603, 45.4765405187376 ], [ -73.6505190136523, 45.476572672922003 ], [ -73.650657486679094, 45.4766335729038 ], [ -73.650684323341906, 45.476645374096101 ], [ -73.6508418361, 45.4767146407113 ], [ -73.650872424212594, 45.476727974879402 ], [ -73.651061289855804, 45.476810293284203 ], [ -73.651250156048505, 45.476892611374801 ], [ -73.651339076015901, 45.476931369812696 ], [ -73.651470512317303, 45.476988929936802 ], [ -73.651690801084598, 45.4770854151257 ], [ -73.651933862171603, 45.477192590436601 ], [ -73.652098194033499, 45.477265044946101 ], [ -73.652148561049103, 45.477287254359602 ], [ -73.652344927127899, 45.477373840189998 ], [ -73.652363263767796, 45.4773819178724 ], [ -73.652510101053295, 45.477446662059499 ], [ -73.652577964105802, 45.477476589771001 ], [ -73.652675272304805, 45.477519492480397 ], [ -73.652793965765696, 45.477571830715597 ], [ -73.652840443981503, 45.477592322661003 ], [ -73.653005616059502, 45.477665143813702 ], [ -73.653008670643899, 45.477666493007803 ], [ -73.6531707917093, 45.477737973509498 ], [ -73.6532220725055, 45.477760585450802 ], [ -73.653335964661494, 45.477810802969202 ], [ -73.653437213403706, 45.477855439675999 ], [ -73.653501138015002, 45.477883623400899 ], [ -73.6536386952762, 45.477944274807001 ], [ -73.653666311817503, 45.4779564523799 ], [ -73.653831486045306, 45.478029281118502 ], [ -73.653840180904098, 45.478033109576302 ], [ -73.653996663797002, 45.478102100825097 ], [ -73.654022098165797, 45.478113314620799 ], [ -73.654161838875098, 45.478174929083004 ], [ -73.654226674038298, 45.478203515399599 ], [ -73.654325566781495, 45.478247117563903 ], [ -73.654420035591798, 45.478288765995202 ], [ -73.654489226308399, 45.478319270751399 ], [ -73.654611659369394, 45.478373254095899 ], [ -73.654662641145094, 45.478395725191596 ], [ -73.654803283695102, 45.478457733085499 ], [ -73.654837697912299, 45.4784729065099 ], [ -73.655011690535005, 45.4785513192625 ], [ -73.655035474640101, 45.478561867216001 ], [ -73.655186455633299, 45.478628834367598 ], [ -73.655226293976099, 45.478646135684301 ], [ -73.655256771459094, 45.478659363491403 ], [ -73.655402709504997, 45.478721741312398 ], [ -73.655636099115696, 45.478821496377897 ], [ -73.655962847197202, 45.478961150904397 ], [ -73.655962988950193, 45.478983102053803 ], [ -73.655964707083598, 45.479251577455202 ], [ -73.6559654802967, 45.4793722384779 ], [ -73.655966253537898, 45.479492908285501 ], [ -73.655967023660395, 45.479613578094998 ], [ -73.655967796909593, 45.479734247897497 ], [ -73.655968570162898, 45.479854917697502 ], [ -73.6559693381637, 45.479974814196297 ], [ -73.655970106556296, 45.480094851293103 ], [ -73.6559708749772, 45.480214897174903 ], [ -73.655971643377697, 45.480334934266601 ], [ -73.655972411903406, 45.480455015293401 ], [ -73.655973198142604, 45.480578119215799 ], [ -73.655978323639005, 45.481378580221602 ], [ -73.655979507766602, 45.481563249249 ], [ -73.655981136451501, 45.481817348197701 ], [ -73.655992071070202, 45.484092344954398 ], [ -73.6559936665724, 45.484424164892502 ], [ -73.655715167967003, 45.4843002761191 ], [ -73.655530534036203, 45.484218135505699 ], [ -73.655385106216698, 45.4841534460856 ], [ -73.655266464004498, 45.484100662367503 ], [ -73.655239681828704, 45.484088747687402 ], [ -73.655029683713096, 45.483995331139901 ], [ -73.654829998828404, 45.483906496120198 ], [ -73.654820576738302, 45.483916869423602 ], [ -73.654713695889996, 45.484034776319398 ], [ -73.654606783461404, 45.484152718305701 ], [ -73.654561126107794, 45.484203914899702 ], [ -73.654446976079797, 45.484331893130502 ], [ -73.654333105776402, 45.484459563301797 ], [ -73.654219300352906, 45.484587162968701 ], [ -73.654105429021897, 45.484714832908701 ], [ -73.653992861798699, 45.484841042239502 ], [ -73.654116260641104, 45.484897151340697 ], [ -73.654304011104898, 45.484982523841801 ], [ -73.654443101416405, 45.485044376028902 ], [ -73.654636651388898, 45.485130451931902 ], [ -73.654555584785697, 45.4852200804959 ], [ -73.654448296883999, 45.4853387082468 ], [ -73.654392560294198, 45.4854003316457 ], [ -73.654354083291096, 45.485442871484103 ], [ -73.654225975685193, 45.485584515401598 ], [ -73.654160053350694, 45.485657400508998 ], [ -73.654157076548699, 45.485660691072702 ], [ -73.654097085865104, 45.485727021407797 ], [ -73.654041572685401, 45.485788389490601 ], [ -73.654034115101297, 45.485796642275403 ], [ -73.653971147281794, 45.485866254315901 ], [ -73.653926404624997, 45.485915727046702 ], [ -73.653908179331196, 45.485935875108503 ], [ -73.653845208102396, 45.486005495870003 ], [ -73.653810793865901, 45.486043548395401 ], [ -73.653782236718698, 45.486075116596098 ], [ -73.653719268303107, 45.4861447372827 ], [ -73.653695185683603, 45.486171360833097 ], [ -73.653656296609299, 45.486214357938103 ], [ -73.653593327883698, 45.486283978553899 ], [ -73.653579577002802, 45.486299181939202 ], [ -73.653530359003199, 45.486353599134503 ], [ -73.653464434876099, 45.486426483832901 ], [ -73.653463896156197, 45.486427073322801 ], [ -73.653396323587899, 45.486501781148462 ], [ -73.652771722152309, 45.48626802336041 ], [ -73.651571123358494, 45.486013590769204 ], [ -73.650323031976129, 45.485928788623646 ], [ -73.649075400357219, 45.486016875083443 ], [ -73.647876163209787, 45.486274465831727 ], [ -73.646969252041288, 45.486616947115643 ], [ -73.646638163923484, 45.486426534747018 ], [ -73.646155396768947, 45.486245818503143 ], [ -73.647306420885414, 45.485998603104008 ], [ -73.648411169418949, 45.485581399721241 ], [ -73.649378960520778, 45.485020601324315 ], [ -73.650172600377488, 45.484337762948144 ], [ -73.650761592122009, 45.483559129544197 ], [ -73.65112330746544, 45.482714626814534 ], [ -73.651243855324495, 45.481836710688128 ], [ -73.65111861421137, 45.48095911972856 ], [ -73.650752408144925, 45.480115578467625 ], [ -73.650159319580894, 45.479338501512011 ], [ -73.649362146806084, 45.478657748204824 ], [ -73.648391526865922, 45.47809947564852 ], [ -73.647284757874246, 45.477685134090365 ], [ -73.646084366013071, 45.477430643188143 ], [ -73.644836472238765, 45.47734578072199 ], [ -73.643589021314824, 45.477433807168879 ], [ -73.642389941009768, 45.477691340516948 ], [ -73.641285301944848, 45.478108486113264 ], [ -73.640317548550755, 45.478669216573657 ], [ -73.63952386890027, 45.479351987205924 ], [ -73.639311005235783, 45.479633314208108 ], [ -73.638930970851064, 45.479552721553148 ], [ -73.637683040779919, 45.479467781013426 ], [ -73.637609479032648, 45.479472967056005 ], [ -73.637255962211654, 45.479009600731636 ], [ -73.636458949252074, 45.47832875715067 ], [ -73.636070907586728, 45.478105492333441 ], [ -73.635959450418838, 45.477322951510601 ], [ -73.635800625384846, 45.476956833160585 ], [ -73.636015052784899, 45.476931768394302 ], [ -73.636423469349594, 45.476904128462998 ], [ -73.636680326454695, 45.4768927577881 ], [ -73.637080378524999, 45.476885651930601 ], [ -73.637249163680295, 45.476878261275502 ], [ -73.637599686138202, 45.476865783421701 ], [ -73.637955142245104, 45.476852445478798 ], [ -73.638249459408101, 45.476845024049602 ], [ -73.638565832205799, 45.476845774517201 ], [ -73.638674324325294, 45.476845045360101 ], [ -73.638872217884895, 45.476842274574302 ], [ -73.639037162205398, 45.476856432787997 ], [ -73.639322978167399, 45.476862850491401 ], [ -73.639503779613406, 45.476834667975403 ], [ -73.6396069433533, 45.476803987626099 ], [ -73.639734952018898, 45.476746624218599 ], [ -73.640377514071901, 45.476334243534801 ], [ -73.641002010000705, 45.475933446346303 ], [ -73.641626365555098, 45.4755327340742 ], [ -73.6420868093536, 45.475236407605799 ], [ -73.642281460533695, 45.475104281870898 ], [ -73.642716309921894, 45.474829944598902 ], [ -73.642917211734002, 45.474716193847001 ], [ -73.643119739599697, 45.474602932018897 ], [ -73.643358416111894, 45.474491003934403 ], [ -73.6438881848797, 45.474220357460702 ], [ -73.644459731427304, 45.473966957961103 ], [ -73.644904180010002, 45.474156944961202 ] ] ] } },
{ "type": "Feature", "properties": { "arrondissement": "Mercier-Hochelaga-Maisonneuve", "pct_couverture": 67.1, "nb_bornes": 180 }, "geometry": { "type": "MultiPolygon", "coordinates": [ [ [ [ -73.568496528715599, 45.581447775926399 ], [ -73.568498345399604, 45.581454830467301 ], [ -73.5685005406296, 45.581462449839599 ], [ -73.568502305811293, 45.581468781333001 ], [ -73.568504055415204, 45.581475587082998 ], [ -73.568505590920793, 45.581482299389002 ], [ -73.568506883546902, 45.5814889395336 ], [ -73.568507904512401, 45.581495528798897 ], [ -73.568508625036401, 45.581502088467403 ], [ -73.5685090163377, 45.5815086398215 ], [ -73.568509073435493, 45.581513852046399 ], [ -73.568508708971294, 45.5815217942367 ], [ -73.568508005609303, 45.5815284049064 ], [ -73.568506954734403, 45.581535028364499 ], [ -73.568505571468094, 45.5815416568649 ], [ -73.568503870932204, 45.581548282661601 ], [ -73.568501868248205, 45.581554898008598 ], [ -73.568499578537697, 45.581561495160003 ], [ -73.568497016922294, 45.581568066369599 ], [ -73.568494198523695, 45.581574603891397 ], [ -73.5684911384635, 45.581581099979402 ], [ -73.568487851863296, 45.581587546887697 ], [ -73.568485922120303, 45.581591125384598 ], [ -73.568480636065402, 45.581600253975701 ], [ -73.568476669998205, 45.581606475195201 ], [ -73.568472423056207, 45.5816125760999 ], [ -73.568467863325694, 45.581618532495902 ], [ -73.568462958892496, 45.581624320189903 ], [ -73.568457677842702, 45.581629914988198 ], [ -73.568451988262296, 45.5816352926973 ], [ -73.568445858237496, 45.581640429123503 ], [ -73.568441456065003, 45.581643747132503 ], [ -73.568432178943297, 45.581649886336201 ], [ -73.568424667046898, 45.581654175690197 ], [ -73.568416765393707, 45.581658156865799 ], [ -73.568408518773794, 45.581661818519997 ], [ -73.568399971976604, 45.581665149309799 ], [ -73.568391169792207, 45.581668137892301 ], [ -73.568382157010205, 45.581670772924497 ], [ -73.568372978420598, 45.581673043063297 ], [ -73.568363678813199, 45.581674936966003 ], [ -73.568351641610107, 45.5816767976943 ], [ -73.568344892320297, 45.581677564596703 ], [ -73.568335455303099, 45.581678438807501 ], [ -73.568325981826007, 45.581679280113804 ], [ -73.568316700942006, 45.5816802739444 ], [ -73.568306896291006, 45.581681630949703 ], [ -73.568297332323795, 45.581683038105197 ], [ -73.568287826398205, 45.581684220629199 ], [ -73.568278435233594, 45.581684874123503 ], [ -73.568271176863902, 45.581684818309199 ], [ -73.568260192687703, 45.581683527688803 ], [ -73.568251327302505, 45.5816815333107 ], [ -73.568242570872499, 45.5816789139771 ], [ -73.568233875049202, 45.581675871775701 ], [ -73.568225191483904, 45.5816726087943 ], [ -73.568216471827796, 45.581669327120501 ], [ -73.568207667731997, 45.581666228842003 ], [ -73.568200223829294, 45.581663930630597 ], [ -73.568189633007407, 45.581661313725903 ], [ -73.568180394720699, 45.581659560931001 ], [ -73.568171044123204, 45.581658167579 ], [ -73.568161609292503, 45.581657043809102 ], [ -73.5681521183065, 45.581656099760401 ], [ -73.568142599242805, 45.581655245571497 ], [ -73.568060817465806, 45.581676584017998 ], [ -73.568081219192905, 45.581728906368703 ], [ -73.568092870074494, 45.581742072847803 ], [ -73.5680942821391, 45.581748350395799 ], [ -73.568095515517797, 45.581754595988102 ], [ -73.568096391524094, 45.581760777668997 ], [ -73.5680967314714, 45.581766863482798 ], [ -73.568096356673195, 45.581772821473898 ], [ -73.568095088442902, 45.581778619686503 ], [ -73.568092907300695, 45.5817839240691 ], [ -73.568089273008098, 45.581789630730299 ], [ -73.568084994267593, 45.581794897068399 ], [ -73.568080326503804, 45.581800104540903 ], [ -73.568075684331902, 45.581805332506597 ], [ -73.568071482367401, 45.581810660324003 ], [ -73.5680681352259, 45.581816167351903 ], [ -73.568066502199102, 45.581820238970501 ], [ -73.568065363973801, 45.581827970443904 ], [ -73.5680656884646, 45.581834187299599 ], [ -73.568066600898405, 45.5818404768915 ], [ -73.568067674541794, 45.581846733336 ], [ -73.568068482661204, 45.581852850749002 ], [ -73.5680685985228, 45.581858723246697 ], [ -73.568067376276602, 45.581864888042603 ], [ -73.568065115145799, 45.581869326191502 ], [ -73.568061196296597, 45.581873971162501 ], [ -73.568056019572197, 45.581878217678103 ], [ -73.568049765882506, 45.5818821036016 ], [ -73.568042616137703, 45.581885666795799 ], [ -73.568034751247694, 45.581888945123701 ], [ -73.5680263521227, 45.581891976448397 ], [ -73.5680175996727, 45.581894798633201 ], [ -73.568008674808198, 45.581897449541103 ], [ -73.567999758439001, 45.581899967035298 ], [ -73.5679910314756, 45.581902388979202 ], [ -73.567985590315203, 45.581903917404702 ], [ -73.567974708558694, 45.581907087821101 ], [ -73.567966951930401, 45.5819094084545 ], [ -73.567823053397106, 45.581876733422803 ], [ -73.567812648196295, 45.581874370294997 ], [ -73.567788421082597, 45.581887540521798 ], [ -73.567686161424106, 45.581920913121202 ], [ -73.567679123641, 45.581921020518301 ], [ -73.567672082125995, 45.581921263254401 ], [ -73.567665044792605, 45.581921641589297 ], [ -73.567658019580506, 45.5819221554789 ], [ -73.567651014426104, 45.581922804573303 ], [ -73.567644037232299, 45.5819235882173 ], [ -73.567637095839203, 45.581924505452903 ], [ -73.567630197994603, 45.581925555022899 ], [ -73.567623351325096, 45.581926735376499 ], [ -73.567616563308505, 45.581928044676701 ], [ -73.567565232963602, 45.581867606697003 ], [ -73.567554437241895, 45.581860799040903 ], [ -73.567543717815596, 45.581854189781701 ], [ -73.567533150977297, 45.581847977317203 ], [ -73.567522813019295, 45.581842360045599 ], [ -73.567512780233997, 45.581837536365001 ], [ -73.567503128913401, 45.581833704673102 ], [ -73.567493935349404, 45.581831063368298 ], [ -73.567485275834102, 45.581829810848497 ], [ -73.567473693431396, 45.581830902704397 ], [ -73.567469859786996, 45.581832254497499 ], [ -73.567463161240596, 45.581836101460297 ], [ -73.567457038059999, 45.5818414446601 ], [ -73.567451394350499, 45.581848034723997 ], [ -73.567446134217406, 45.5818556222791 ], [ -73.567441161766197, 45.581863957952599 ], [ -73.567436381102297, 45.581872792371797 ], [ -73.567431696331397, 45.5818818761635 ], [ -73.567444772382302, 45.581896553301199 ], [ -73.567383377727694, 45.582034830832797 ], [ -73.567301819732293, 45.582071348848999 ], [ -73.567294130166104, 45.582075486827598 ], [ -73.567287346785207, 45.582078430025099 ], [ -73.567282836329895, 45.5820797083203 ], [ -73.567279167260693, 45.582080304724002 ], [ -73.567271953565196, 45.5820803424036 ], [ -73.567264874930402, 45.582078980139102 ], [ -73.567257894320093, 45.582076386201798 ], [ -73.567250974697899, 45.582072728862798 ], [ -73.567244079027304, 45.582068176393499 ], [ -73.567237170271994, 45.5820628970651 ], [ -73.567230211395298, 45.582057059148802 ], [ -73.567215995131207, 45.582044380637598 ], [ -73.567201133941296, 45.582031487029703 ], [ -73.567193368906999, 45.582025380242499 ], [ -73.567187581774903, 45.582021232527197 ], [ -73.567177013159693, 45.582014634592298 ], [ -73.567168452632998, 45.5820101358876 ], [ -73.567159695115507, 45.582006241816998 ], [ -73.567150785484003, 45.582002966359198 ], [ -73.5671417686155, 45.582000323492998 ], [ -73.567132689386696, 45.581998327197198 ], [ -73.567123592674406, 45.581996991450602 ], [ -73.5671145233555, 45.581996330232002 ], [ -73.567105526306705, 45.581996357520197 ], [ -73.567096646404906, 45.581997087294297 ], [ -73.567089075152197, 45.581998299749699 ], [ -73.567079397192799, 45.582000672439797 ], [ -73.567071022486104, 45.582003379198902 ], [ -73.567062765224904, 45.582006511801602 ], [ -73.5670464464433, 45.582013486745304 ], [ -73.566992625140202, 45.582033603038902 ], [ -73.566935767797204, 45.582131591796298 ], [ -73.566900519960697, 45.582156519251797 ], [ -73.566901985130002, 45.582173174924399 ], [ -73.5669027853085, 45.5821810891631 ], [ -73.5669035251194, 45.582189080773702 ], [ -73.5669041552256, 45.582197396721902 ], [ -73.566904567270598, 45.582205576291599 ], [ -73.566904655704505, 45.582214051635397 ], [ -73.566904254003504, 45.582222543378698 ], [ -73.566903206674098, 45.582230941739802 ], [ -73.566901358222594, 45.582239136937197 ], [ -73.566898553155298, 45.582247019189197 ], [ -73.566894635978699, 45.582254478714198 ], [ -73.566889451198904, 45.5822614057303 ], [ -73.566884630690893, 45.582266191199103 ], [ -73.566874887449103, 45.582273340276899 ], [ -73.566866082467996, 45.5822785779133 ], [ -73.566857612323602, 45.582283303794298 ], [ -73.566848031991199, 45.582288774636702 ], [ -73.566839283544894, 45.582293980344701 ], [ -73.566830721468193, 45.582299284540902 ], [ -73.566822327912107, 45.582304699394399 ], [ -73.566814085027502, 45.582310237074701 ], [ -73.566804932846097, 45.582316655336101 ], [ -73.566797998802798, 45.582321733472398 ], [ -73.566790269714801, 45.582327747266099 ], [ -73.566782941991704, 45.5823339985876 ], [ -73.566776169986397, 45.582340534905398 ], [ -73.566770108051898, 45.582347403687699 ], [ -73.566764910541295, 45.582354652402898 ], [ -73.566760731807804, 45.582362328519501 ], [ -73.5667577262046, 45.582370479505798 ], [ -73.566756385485505, 45.582376603428003 ], [ -73.566755685645703, 45.582388319757897 ], [ -73.566756359780001, 45.582397828963202 ], [ -73.566757755815303, 45.582407512809397 ], [ -73.566759560927593, 45.582417204507401 ], [ -73.566761462293002, 45.582426737268499 ], [ -73.566763147087102, 45.582435944303498 ], [ -73.566764302485495, 45.582444658823903 ], [ -73.566764615663303, 45.5824527140405 ], [ -73.566763773795799, 45.5824599431647 ], [ -73.566761464058104, 45.582466179407497 ], [ -73.566757373625293, 45.582471255980103 ], [ -73.566751581109003, 45.582474840728601 ], [ -73.566742757211401, 45.582477354409598 ], [ -73.566732458282203, 45.582478536754898 ], [ -73.566720789238602, 45.582478855188597 ], [ -73.5667082464131, 45.582478611758397 ], [ -73.566695326137804, 45.582478108512099 ], [ -73.566681347643694, 45.582477617230403 ], [ -73.566670260280702, 45.582477483883501 ], [ -73.566658535275494, 45.582477624010998 ], [ -73.566647214929205, 45.582477991983701 ], [ -73.5666361643556, 45.582478511852798 ], [ -73.566625248668103, 45.582479107669499 ], [ -73.566528564992396, 45.582482933813502 ], [ -73.566483361532093, 45.582454732781599 ], [ -73.566391113999202, 45.582373460076198 ], [ -73.566309783552697, 45.582439464492502 ], [ -73.5662895179847, 45.582491027576701 ], [ -73.566228380827198, 45.582492052718401 ], [ -73.566138673116399, 45.582519279746201 ], [ -73.566071256606307, 45.582488049868402 ], [ -73.566027612124998, 45.582511182687298 ], [ -73.566018561414197, 45.582583444567497 ], [ -73.566022168160799, 45.582732498868303 ], [ -73.5660000809699, 45.582802392382803 ], [ -73.565901175830902, 45.5828333229354 ], [ -73.565780793030001, 45.582842966197198 ], [ -73.565603542172795, 45.582823254720097 ], [ -73.565491990715898, 45.582810846101303 ], [ -73.565289555713605, 45.582843032714699 ], [ -73.5651689578104, 45.582853449844798 ], [ -73.565145564688294, 45.5828393088726 ], [ -73.565114424084598, 45.582826899037101 ], [ -73.565069655298402, 45.582841484180001 ], [ -73.564919829031496, 45.582932371888297 ], [ -73.564902195366003, 45.582955983782597 ], [ -73.564894997332203, 45.582959434731897 ], [ -73.564780162816902, 45.583000514027603 ], [ -73.564843895319697, 45.5830494193277 ], [ -73.565145258631205, 45.583326693732701 ], [ -73.565195203043402, 45.583385558432703 ], [ -73.565232976719898, 45.583449370779398 ], [ -73.565342253668803, 45.5835632172655 ], [ -73.565396986298893, 45.583620253552603 ], [ -73.565466488355398, 45.583671099410402 ], [ -73.565506060861395, 45.583715536601602 ], [ -73.565530840680296, 45.583743345510698 ], [ -73.565579165276603, 45.583788812372099 ], [ -73.565624696139906, 45.583831646793001 ], [ -73.565758677876602, 45.583931656091202 ], [ -73.565841425914897, 45.584002705123098 ], [ -73.565883301095496, 45.584038656614801 ], [ -73.565991076544407, 45.584134598998197 ], [ -73.5660055272281, 45.584147464197102 ], [ -73.566161289859593, 45.584264191648302 ], [ -73.566130072019405, 45.584274796349099 ], [ -73.566032765607403, 45.584307853732398 ], [ -73.565911396699605, 45.584349086219902 ], [ -73.565731441508007, 45.584410220623496 ], [ -73.565436960336001, 45.584505895584101 ], [ -73.565207724132705, 45.584580372492397 ], [ -73.565083627897906, 45.584620691765203 ], [ -73.564959531482899, 45.584661008706199 ], [ -73.56483543489, 45.584701325512199 ], [ -73.564711334993206, 45.584741644381801 ], [ -73.564587238044894, 45.584781960917802 ], [ -73.564463140918704, 45.5848222773188 ], [ -73.564339043614694, 45.584862593584802 ], [ -73.564214946135493, 45.5849029119126 ], [ -73.564090848475999, 45.584943227908603 ], [ -73.563954421848607, 45.584987548940802 ], [ -73.564110174076902, 45.585209523703597 ], [ -73.564252256207496, 45.585405128349599 ], [ -73.564244760548405, 45.585515513322498 ], [ -73.564238126528394, 45.585613292280001 ], [ -73.564231504707394, 45.585710814197 ], [ -73.564224941385405, 45.585807525441297 ], [ -73.564224301333397, 45.585816932714799 ], [ -73.564218374912201, 45.585904236685401 ], [ -73.564211830012496, 45.586000679899499 ], [ -73.564205281961705, 45.586097123113397 ], [ -73.564200297090196, 45.586170571014897 ], [ -73.564198733886201, 45.5861935641285 ], [ -73.564192154500702, 45.5862900051591 ], [ -73.564187680240593, 45.586353046291002 ], [ -73.564185330710302, 45.586386149750403 ], [ -73.564179600020296, 45.586466854262198 ], [ -73.564178810398701, 45.586482302956398 ], [ -73.564174933892701, 45.586578456872097 ], [ -73.564171060502503, 45.586674610784399 ], [ -73.564167247875503, 45.586769185125597 ], [ -73.564167318245794, 45.586770533951899 ], [ -73.5641722457203, 45.586866302862198 ], [ -73.564177211578496, 45.586962792315802 ], [ -73.564186380644301, 45.5871409328808 ], [ -73.564197309040594, 45.587179590623798 ], [ -73.564208282156201, 45.587218408590999 ], [ -73.564215475461793, 45.587243855250399 ], [ -73.564278896897306, 45.587274783712701 ], [ -73.564399195685198, 45.5873334493211 ], [ -73.564519494698303, 45.587392115036003 ], [ -73.564643261017196, 45.587452471637299 ], [ -73.564728210312893, 45.587493898503702 ], [ -73.564763379972305, 45.587511232569 ], [ -73.564883259115007, 45.587570317376802 ], [ -73.565003135534496, 45.587629400844897 ], [ -73.565123013475301, 45.5876884850585 ], [ -73.565242891629296, 45.587747569370599 ], [ -73.565362770766001, 45.587806654185599 ], [ -73.565482649256793, 45.587865738667602 ], [ -73.565602527858402, 45.587924823212099 ], [ -73.565722407160493, 45.587983908097797 ], [ -73.565842286983695, 45.588042993234602 ], [ -73.5659168372012, 45.588079736787897 ], [ -73.565959277302497, 45.588105288138799 ], [ -73.566070822194305, 45.588172444494802 ], [ -73.566208492868299, 45.588255330055297 ], [ -73.566268445982004, 45.588291425231198 ], [ -73.566337356298305, 45.588352242175198 ], [ -73.566416482856695, 45.588422075494599 ], [ -73.566440620275301, 45.588461164459801 ], [ -73.5665144738131, 45.588580765451702 ], [ -73.566572745037107, 45.588675131919501 ], [ -73.566623225436302, 45.588756881639704 ], [ -73.566631015429493, 45.588769496943797 ], [ -73.566689288084206, 45.588863864859903 ], [ -73.566747559457795, 45.5889582303789 ], [ -73.566805830846903, 45.589052595569697 ], [ -73.566864103574304, 45.589146962573103 ], [ -73.566871811687093, 45.589159445074998 ], [ -73.566921882106101, 45.589241472907602 ], [ -73.566979585486195, 45.5893360051302 ], [ -73.567037288867496, 45.589430536980103 ], [ -73.567078712409199, 45.589498398383299 ], [ -73.567094992019506, 45.589525068583498 ], [ -73.567106175999598, 45.589543390818498 ], [ -73.567146817557898, 45.589621311235199 ], [ -73.567187076172502, 45.589698497241102 ], [ -73.567212484822903, 45.589747214351398 ], [ -73.567277446635501, 45.589871761079799 ], [ -73.567279902526593, 45.589876469411998 ], [ -73.567417782642195, 45.590140805586401 ], [ -73.567430558793305, 45.590155189726097 ], [ -73.567680376769303, 45.590436447580103 ], [ -73.567721220785799, 45.5905022549695 ], [ -73.567721770637206, 45.590503140885303 ], [ -73.567957544837796, 45.590883012229 ], [ -73.567985806477495, 45.590938638336702 ], [ -73.568025505715994, 45.591016776372399 ], [ -73.568261636923296, 45.5914815142187 ], [ -73.568453479465305, 45.5918109168122 ], [ -73.568495317455103, 45.592077817000998 ], [ -73.568626953282504, 45.592641390826302 ], [ -73.568648140636213, 45.592682642058378 ], [ -73.568054340588375, 45.592724062179812 ], [ -73.566852462510681, 45.592980799001012 ], [ -73.565745005564295, 45.593397207240777 ], [ -73.565281022043195, 45.59366497919919 ], [ -73.564874831533146, 45.593132509799162 ], [ -73.564077076203347, 45.592451175268799 ], [ -73.563105338583412, 45.591892189817905 ], [ -73.561996959760521, 45.591477031071193 ], [ -73.560794527773368, 45.591221650068221 ], [ -73.559544241942461, 45.591135858772745 ], [ -73.55829413889694, 45.591222953336832 ], [ -73.557924186381868, 45.591301947604684 ], [ -73.557742063502673, 45.591233721927729 ], [ -73.55653965596575, 45.590978296116887 ], [ -73.555289381976905, 45.590892458244809 ], [ -73.554039277710714, 45.590979506252722 ], [ -73.552837372828421, 45.591236095715637 ], [ -73.552318746159372, 45.591431025638222 ], [ -73.552302758087095, 45.591425697110601 ], [ -73.5522369086097, 45.591403760955103 ], [ -73.552171065431907, 45.591381818162901 ], [ -73.552068438321797, 45.591347627110103 ], [ -73.551942818247397, 45.591305770627898 ], [ -73.551775331359394, 45.591249956637597 ], [ -73.551581615489994, 45.591185500860902 ], [ -73.551372732111901, 45.591115992242699 ], [ -73.551143153821101, 45.591039609778498 ], [ -73.550949019961905, 45.590975008124403 ], [ -73.550790311560903, 45.590922196261197 ], [ -73.550665738843904, 45.590880742127197 ], [ -73.550541166317998, 45.590839296639302 ], [ -73.5504165877053, 45.590797833453301 ], [ -73.550292015547996, 45.590756389888597 ], [ -73.5501674247881, 45.590714935217903 ], [ -73.550042853000406, 45.590673480402799 ], [ -73.549918275108297, 45.590632016662802 ], [ -73.5497937036873, 45.590590561575198 ], [ -73.549669113660798, 45.590549106359603 ], [ -73.549544542593594, 45.590507650999598 ], [ -73.549382713164505, 45.590453803816501 ], [ -73.549217797954398, 45.590398923010603 ], [ -73.548948012495302, 45.590309146075498 ], [ -73.548831374932703, 45.590481081826603 ], [ -73.548740905645005, 45.590614464772401 ], [ -73.548660292320406, 45.5907333134993 ], [ -73.548557784500005, 45.590884419011999 ], [ -73.548451851076607, 45.591040602789498 ], [ -73.548407037477304, 45.5911066612532 ], [ -73.548389349508597, 45.591132736547799 ], [ -73.548245920141099, 45.5913441757614 ], [ -73.548110683409604, 45.591543095893996 ], [ -73.5479841330109, 45.591728459852803 ], [ -73.547918379831899, 45.591825489278698 ], [ -73.547857657938806, 45.591915078031299 ], [ -73.5477456935634, 45.592078124415799 ], [ -73.547675106693305, 45.592180733521502 ], [ -73.547627934071699, 45.592249321214901 ], [ -73.547552177647503, 45.592359526889602 ], [ -73.547526744230694, 45.592396585120802 ], [ -73.547334532947104, 45.592676609245302 ], [ -73.547314643492001, 45.592705547774003 ], [ -73.547235519646705, 45.592824104846997 ], [ -73.547189116506303, 45.592893645464002 ], [ -73.547142713248405, 45.5929631772769 ], [ -73.547096309881496, 45.593032715660598 ], [ -73.547049918911199, 45.593102247429002 ], [ -73.547003515317002, 45.593171787970299 ], [ -73.546957111599099, 45.593241317507697 ], [ -73.546910707775794, 45.593310858009602 ], [ -73.546864303830603, 45.593380389704599 ], [ -73.546817899766197, 45.593449919179399 ], [ -73.546771495599302, 45.593519459629398 ], [ -73.546712715149198, 45.593607539909698 ], [ -73.546602647099505, 45.593771129169099 ], [ -73.546457031471604, 45.5939887312894 ], [ -73.546597340722798, 45.594036697225 ], [ -73.546702705861705, 45.594072719836198 ], [ -73.546808064870902, 45.594108742356298 ], [ -73.546913430273193, 45.594144764776303 ], [ -73.547018789554699, 45.5941807871002 ], [ -73.547124155228403, 45.594216807133002 ], [ -73.547264634641493, 45.5942648270955 ], [ -73.547405126824799, 45.594312855670097 ], [ -73.547510486732406, 45.594348877540497 ], [ -73.547615846769105, 45.594384899316701 ], [ -73.547721213210195, 45.594420920986302 ], [ -73.547826573520098, 45.594456940367401 ], [ -73.547931940225098, 45.594492961845397 ], [ -73.548037300806399, 45.5945289832284 ], [ -73.548147369268193, 45.594566612820898 ], [ -73.548141966694502, 45.5945721577447 ], [ -73.548049328621403, 45.594667210376301 ], [ -73.547983146760899, 45.594735111974998 ], [ -73.547916964740295, 45.594803013540002 ], [ -73.547824313400696, 45.594898065995601 ], [ -73.547731668006506, 45.594993124961498 ], [ -73.547665485382694, 45.595061026375802 ], [ -73.547599302601199, 45.595128929947997 ], [ -73.547506662698495, 45.595223979937799 ], [ -73.547414009975199, 45.595319040840501 ], [ -73.547351172024605, 45.595383507009203 ], [ -73.547348927137705, 45.595385808038202 ], [ -73.547312810065094, 45.595424309559803 ], [ -73.546631027329497, 45.595182409501902 ], [ -73.546285272944203, 45.595058608406497 ], [ -73.545812673250396, 45.594889386863002 ], [ -73.545578202952598, 45.595312408817001 ], [ -73.545506588917107, 45.5954239602912 ], [ -73.545478504536305, 45.595467706299203 ], [ -73.545248267026494, 45.595829203160299 ], [ -73.545175958562297, 45.595942734050801 ], [ -73.544908324816106, 45.596378779582103 ], [ -73.544907016302901, 45.596378213310103 ], [ -73.544771546384297, 45.596597250319 ], [ -73.544681305442296, 45.596743154042798 ], [ -73.544591070289798, 45.596889055492397 ], [ -73.544500828411103, 45.597034956869699 ], [ -73.544453860027602, 45.597110682865697 ], [ -73.544410141932403, 45.597181161509603 ], [ -73.544320431781898, 45.597327912709503 ], [ -73.544283852803943, 45.597387751887432 ], [ -73.544109235015341, 45.597322318100382 ], [ -73.54290675916765, 45.597066749097209 ], [ -73.541656370646805, 45.596980762153713 ], [ -73.540406110026282, 45.597067660937078 ], [ -73.539204012971268, 45.597324106754527 ], [ -73.538096265951708, 45.597740246738894 ], [ -73.537125432759822, 45.598300092153814 ], [ -73.536328819767135, 45.598982132331251 ], [ -73.535737042597361, 45.59976016072428 ], [ -73.535372849245775, 45.600604281420281 ], [ -73.53525024492329, 45.601482057524329 ], [ -73.535373952403774, 45.602359757357377 ], [ -73.535739228831787, 45.603203650629169 ], [ -73.536332046289743, 45.603981304792541 ], [ -73.537129629443527, 45.604662831743134 ], [ -73.537664727368465, 45.604970775968233 ], [ -73.537546140522494, 45.605179799276598 ], [ -73.537657244267805, 45.605228497471103 ], [ -73.5377474470598, 45.605267637410897 ], [ -73.537837618678793, 45.605306777289599 ], [ -73.537927809184495, 45.6053458907286 ], [ -73.538017993573604, 45.605385030460099 ], [ -73.538134921018397, 45.605435778101203 ], [ -73.538280864588003, 45.6054991038121 ], [ -73.538372339343496, 45.605538800828597 ], [ -73.538463820487706, 45.6055784977695 ], [ -73.538555301760994, 45.605618194636698 ], [ -73.538646801939294, 45.605657887030297 ], [ -73.538738283464497, 45.605697574963003 ], [ -73.538829771390496, 45.605737280394798 ], [ -73.538921253179794, 45.605776976967697 ], [ -73.539012728844497, 45.605816682256403 ], [ -73.539128330615497, 45.605866844969498 ], [ -73.539347888131601, 45.605962108135898 ], [ -73.539449264034303, 45.606006080325599 ], [ -73.539540408554004, 45.606045609557199 ], [ -73.539631697219093, 45.606085200177603 ], [ -73.539722835735205, 45.606124729265197 ], [ -73.539814212324501, 45.606164363645398 ], [ -73.539905351096905, 45.606203892586699 ], [ -73.539996634012496, 45.6062434785226 ], [ -73.540087935857599, 45.606283095134401 ], [ -73.540210790587196, 45.606336369325298 ], [ -73.540333633035999, 45.606389652175203 ], [ -73.540424778803995, 45.606429189485603 ], [ -73.540516056193496, 45.606468779400501 ], [ -73.540607208471101, 45.606508307775101 ], [ -73.540698486117194, 45.606547897543599 ], [ -73.540789763894793, 45.606587491632602 ], [ -73.540880910293893, 45.606627015396398 ], [ -73.540972194584796, 45.606666604943001 ], [ -73.541063460218197, 45.606706185635701 ], [ -73.541171025469396, 45.606752843001999 ], [ -73.541337533236899, 45.606824812939202 ], [ -73.5414368204993, 45.606867474796303 ], [ -73.541519952702998, 45.606903595849303 ], [ -73.541583591611698, 45.606930901420398 ], [ -73.541441863266002, 45.607101893609801 ], [ -73.541362246163999, 45.607215420118401 ], [ -73.541220272535298, 45.607386741639402 ], [ -73.541078323059693, 45.607558032214399 ], [ -73.540973124965305, 45.6076608075062 ], [ -73.540826069833898, 45.607837473065899 ], [ -73.540930624854397, 45.607882532424 ], [ -73.540962616978703, 45.6078963478802 ], [ -73.541047134120106, 45.607932842237297 ], [ -73.541141301009603, 45.607973502662801 ], [ -73.5412794769843, 45.608033167373499 ], [ -73.541316572769404, 45.608049186514997 ], [ -73.541471860412784, 45.608116239139868 ], [ -73.541464696102295, 45.608120370274769 ], [ -73.540667996796785, 45.608802439562531 ], [ -73.54007617645722, 45.609580489104282 ], [ -73.539711984742581, 45.610424622175287 ], [ -73.539656657744104, 45.610820882848458 ], [ -73.539127929100886, 45.610369173376519 ], [ -73.538156129617079, 45.609809977485966 ], [ -73.537047581708151, 45.609394578036863 ], [ -73.535844879913427, 45.609138935314036 ], [ -73.534594233918838, 45.609052871333581 ], [ -73.533343694185916, 45.609139692721463 ], [ -73.532141307098328, 45.609396063758169 ], [ -73.531435575866311, 45.609661067657811 ], [ -73.531110856812987, 45.609235090309824 ], [ -73.530313281693964, 45.608553521884268 ], [ -73.530141740201927, 45.608454787589608 ], [ -73.531181668445498, 45.608233073660209 ], [ -73.532289673097878, 45.607817001422205 ], [ -73.533260718514569, 45.607257197979862 ], [ -73.534057485758879, 45.606575180144851 ], [ -73.534649357746758, 45.605797161356705 ], [ -73.535013595503429, 45.604953043724741 ], [ -73.535136211044573, 45.604075268407009 ], [ -73.53501250348468, 45.603197568581258 ], [ -73.534647237990129, 45.602353672981721 ], [ -73.534054460958586, 45.601576009841388 ], [ -73.533256958785714, 45.600894461028552 ], [ -73.532285381237202, 45.600335214204222 ], [ -73.5311770632605, 45.599919757035302 ], [ -73.529974590563953, 45.59966405202519 ], [ -73.529876388496234, 45.599657287940389 ], [ -73.529754633908908, 45.59879279729433 ], [ -73.529389475841356, 45.597948884203461 ], [ -73.528796817839449, 45.597171193150196 ], [ -73.527999441724944, 45.596489607076556 ], [ -73.527027992420884, 45.595930315076266 ], [ -73.525919799949023, 45.595514806552664 ], [ -73.524717445197922, 45.595259045982701 ], [ -73.52346712452632, 45.595172859910491 ], [ -73.52221687590287, 45.595259559652199 ], [ -73.521014734531249, 45.595515814160571 ], [ -73.519906888581133, 45.595931777917293 ], [ -73.519338781605171, 45.596259244415776 ], [ -73.518671130515742, 45.596305521557873 ], [ -73.517468950662533, 45.596561738712865 ], [ -73.516437112533595, 45.596949115304398 ], [ -73.516645324732394, 45.596770937149792 ], [ -73.517229281296437, 45.596003589345358 ], [ -73.517836600116269, 45.595961505033124 ], [ -73.519038765479408, 45.595705283984529 ], [ -73.520146613390068, 45.595289328629605 ], [ -73.521117563563664, 45.59472962718781 ], [ -73.52191430072007, 45.594047692548806 ], [ -73.522506208925066, 45.593269734953701 ], [ -73.522870547803663, 45.592425654160095 ], [ -73.522993325476378, 45.59154788991134 ], [ -73.522869834818749, 45.590670174961787 ], [ -73.522504832655386, 45.589826238629534 ], [ -73.521912355260881, 45.589048510715855 ], [ -73.52111517751608, 45.588366875580952 ], [ -73.520143936722675, 45.587807524205338 ], [ -73.519035954893255, 45.587391948274949 ], [ -73.517833804826608, 45.58713611485733 ], [ -73.516583675021238, 45.587049853295582 ], [ -73.515333596116221, 45.587136477805814 ], [ -73.514131596797256, 45.587392660230321 ], [ -73.513023859777448, 45.587808557819251 ], [ -73.512052948459228, 45.58836819114746 ], [ -73.511256172207339, 45.589050057694983 ], [ -73.5106722088628, 45.589817372245612 ], [ -73.510064948413202, 45.589859422170782 ], [ -73.508862867000701, 45.590115549042942 ], [ -73.507755037504623, 45.590531395349494 ], [ -73.50678402687852, 45.591090983635851 ], [ -73.50598714830096, 45.591772813113117 ], [ -73.50590428542553, 45.591881670525808 ], [ -73.505811838143103, 45.591837424312502 ], [ -73.505683672785295, 45.591855427340398 ], [ -73.505734958000502, 45.5920353905694 ], [ -73.505555525988896, 45.592062394304499 ], [ -73.504119733881097, 45.587770269434699 ], [ -73.503927495121204, 45.587743281316897 ], [ -73.504978174791901, 45.585313699856997 ], [ -73.505029436526698, 45.585322695911699 ], [ -73.505221669220802, 45.585367678787001 ], [ -73.505439502307496, 45.585097628733003 ], [ -73.505631681485696, 45.5846118020593 ], [ -73.505682926343596, 45.584458828399001 ], [ -73.505593204097806, 45.584287865097103 ], [ -73.505413788051797, 45.584224885628203 ], [ -73.504644870395197, 45.583999961929898 ], [ -73.505977274032105, 45.5807065204366 ], [ -73.505836314271903, 45.580670534495503 ], [ -73.505913184217604, 45.580526557621504 ], [ -73.509180015136806, 45.575766144181998 ], [ -73.513996556911394, 45.571059625675403 ], [ -73.513829981159901, 45.570978661058803 ], [ -73.514086211602603, 45.570942636459897 ], [ -73.514111824263097, 45.570897641684503 ], [ -73.517506421648605, 45.569061513740799 ], [ -73.5155972910663, 45.568296841727602 ], [ -73.515546030749107, 45.568242949635597 ], [ -73.515546013373495, 45.568179961347901 ], [ -73.515930231351703, 45.567747988692901 ], [ -73.515943017133395, 45.567658003629603 ], [ -73.515789249756594, 45.5675410467204 ], [ -73.515750813670607, 45.567532053698201 ], [ -73.515609913029905, 45.567613057991998 ], [ -73.515494582481494, 45.567505093754903 ], [ -73.515814811535506, 45.567325083303203 ], [ -73.5159172879587, 45.567280077427597 ], [ -73.518030767590602, 45.566163970533303 ], [ -73.518057158099396, 45.566132295841101 ], [ -73.518067469762499, 45.566136895056999 ], [ -73.518888423741004, 45.5651506981363 ], [ -73.520578645472497, 45.563123387544401 ], [ -73.521222355828399, 45.562353788782303 ], [ -73.523628309355871, 45.559453811433229 ], [ -73.52379271869755, 45.559834143587459 ], [ -73.524384914749533, 45.560611865801661 ], [ -73.525181739297139, 45.561293481521041 ], [ -73.526152573024703, 45.561852792763155 ], [ -73.527260105111964, 45.562268301639826 ], [ -73.528461767406185, 45.562524037098342 ], [ -73.529711371254038, 45.562610169179635 ], [ -73.529826107061112, 45.562602200464546 ], [ -73.530235891546212, 45.562952680847609 ], [ -73.531206803987416, 45.563511948953163 ], [ -73.532314405912786, 45.56392740868823 ], [ -73.533516126483462, 45.564183090888939 ], [ -73.534765774804583, 45.564269167643594 ], [ -73.53601531645414, 45.56418233030702 ], [ -73.5372167211152, 45.563925916766372 ], [ -73.538323810049263, 45.563509783049568 ], [ -73.538988942541124, 45.563125973723729 ], [ -73.539205369463488, 45.563311035924649 ], [ -73.540176377024451, 45.563870227729538 ], [ -73.541284052044915, 45.56428560044651 ], [ -73.542435312433767, 45.564530446305938 ], [ -73.542631330680379, 45.564787714187389 ], [ -73.543428434853169, 45.565469202030023 ], [ -73.544399521482489, 45.566028357697064 ], [ -73.545507270021176, 45.566443689279104 ], [ -73.546709103990636, 45.566699232538276 ], [ -73.547272537700437, 45.566737974841537 ], [ -73.548061018705411, 45.5669056169803 ], [ -73.549310749474188, 45.566991534550716 ], [ -73.550560328928839, 45.566904538143667 ], [ -73.551761725299144, 45.566647971762087 ], [ -73.552868760167343, 45.566231697310094 ], [ -73.553838884514704, 45.56567171527 ], [ -73.554373211163622, 45.565213761287488 ], [ -73.554447550666453, 45.565241625821038 ], [ -73.554322621932499, 45.5654640398309 ], [ -73.554311567838099, 45.565486134356902 ], [ -73.554299903950593, 45.565508080686897 ], [ -73.554287636479799, 45.5655298664079 ], [ -73.554274772315594, 45.565551479282902 ], [ -73.554261319015694, 45.565572907273101 ], [ -73.554162608264903, 45.565723454129198 ], [ -73.553835434702904, 45.566224046104203 ], [ -73.553780103657502, 45.5663100097346 ], [ -73.553730053761996, 45.5663878567699 ], [ -73.553581366655195, 45.566649265539098 ], [ -73.553439286225696, 45.566866086956701 ], [ -73.553313197711503, 45.567061061294297 ], [ -73.553017340443304, 45.567512101416 ], [ -73.5528187455471, 45.567806705120198 ], [ -73.552595758185703, 45.568137497290003 ], [ -73.552344626229697, 45.5685100228294 ], [ -73.552252129760006, 45.568646967574097 ], [ -73.551746403145998, 45.569393093317501 ], [ -73.551079065705906, 45.5703775354214 ], [ -73.550912742782998, 45.5706083663759 ], [ -73.549978547222395, 45.571994009321998 ], [ -73.549782727059366, 45.572284438550241 ], [ -73.549150065227906, 45.572047292117652 ], [ -73.5483139843126, 45.571869554681847 ], [ -73.548343961176059, 45.571654468636687 ], [ -73.548220119403595, 45.570776778165431 ], [ -73.547854866647825, 45.569932919980587 ], [ -73.547262248797665, 45.569155320877712 ], [ -73.54646504611614, 45.568473860266451 ], [ -73.545493896850516, 45.567914722422216 ], [ -73.54438611948791, 45.567499390828715 ], [ -73.544278140423316, 45.567476429415457 ], [ -73.544182798119067, 45.567256109420427 ], [ -73.543590259096661, 45.566478490873301 ], [ -73.542793138684758, 45.565797004286615 ], [ -73.54182207197023, 45.565237834934479 ], [ -73.540714374269683, 45.564822467511675 ], [ -73.539512607462882, 45.564566861077822 ], [ -73.538262945326053, 45.564480836258433 ], [ -73.537013400537518, 45.564567698176454 ], [ -73.535811981272175, 45.564824109554301 ], [ -73.534836317812761, 45.565190806707079 ], [ -73.534075615471437, 45.565243666424138 ], [ -73.532874168416427, 45.565500046882654 ], [ -73.531767000132461, 45.565916127661431 ], [ -73.530796652179632, 45.566475922295012 ], [ -73.530000412283101, 45.567157922062279 ], [ -73.529980018201286, 45.567184745010628 ], [ -73.529780971624618, 45.567014520457505 ], [ -73.528810012970354, 45.566455240589214 ], [ -73.527702387175026, 45.566039747066853 ], [ -73.526500653359278, 45.565784003794413 ], [ -73.52525098403396, 45.565697836653854 ], [ -73.524001392153949, 45.565784556234924 ], [ -73.522799887702064, 45.566040830727516 ], [ -73.521692634386568, 45.566456813843338 ], [ -73.520722177031544, 45.567016522869025 ], [ -73.519925807562217, 45.567698452373044 ], [ -73.519334132233396, 45.568476400057939 ], [ -73.518969895110558, 45.569320473110857 ], [ -73.518847103067316, 45.570198236468038 ], [ -73.518970486071879, 45.571075958942529 ], [ -73.519335313721228, 45.571919909377968 ], [ -73.519927575332375, 45.572697653035483 ], [ -73.52072451692743, 45.573379298376885 ], [ -73.521695514695963, 45.573938646279949 ], [ -73.522803251514063, 45.57435419744575 ], [ -73.524005151358892, 45.574609979194655 ], [ -73.525255016443182, 45.574696159786967 ], [ -73.526504804009548, 45.574609426585035 ], [ -73.527706474283647, 45.57435311347264 ], [ -73.528813838312317, 45.573937072617568 ], [ -73.529260634995794, 45.57367936261948 ], [ -73.529302324316859, 45.573975526746707 ], [ -73.529667325495467, 45.574819443712435 ], [ -73.530259760194369, 45.575597133362812 ], [ -73.531056867781402, 45.576278706233659 ], [ -73.532028018063201, 45.576837965986954 ], [ -73.53313588805031, 45.577253416711365 ], [ -73.534337896597663, 45.577509089587892 ], [ -73.535587841736813, 45.57759515706222 ], [ -73.536837677631326, 45.577508310845651 ], [ -73.538039362648846, 45.577251889167087 ], [ -73.538844523855971, 45.576949309083822 ], [ -73.539954043666256, 45.577185250993473 ], [ -73.540436973898764, 45.577218480345202 ], [ -73.539847282096972, 45.577723597273177 ], [ -73.539406299187547, 45.578303653695535 ], [ -73.539223932476446, 45.578264874752143 ], [ -73.537973966948456, 45.578178847079208 ], [ -73.536724117938093, 45.578265705721371 ], [ -73.535522405303297, 45.578522113527214 ], [ -73.534415000749448, 45.578938219088315 ], [ -73.533444454912939, 45.579498034988625 ], [ -73.532648063123077, 45.580180051691613 ], [ -73.532056432499147, 45.580958063550092 ], [ -73.5316923053972, 45.581802175285063 ], [ -73.531569684472004, 45.582679950345131 ], [ -73.531693293124107, 45.583557657091575 ], [ -73.532058392285322, 45.584401564969646 ], [ -73.532634074882438, 45.585157080055346 ], [ -73.531873052640478, 45.585595976174282 ], [ -73.53107655563538, 45.586277981218856 ], [ -73.530484839289414, 45.587055984126494 ], [ -73.530120649254329, 45.587900089963092 ], [ -73.529997990606091, 45.588777862404633 ], [ -73.530121588198355, 45.589655569913482 ], [ -73.530486703391617, 45.590499481905731 ], [ -73.530708052573246, 45.590789958327228 ], [ -73.530775121201302, 45.591266181469173 ], [ -73.531140256643766, 45.592110091128397 ], [ -73.531732893698447, 45.592887770721845 ], [ -73.532530263961959, 45.593569331169668 ], [ -73.533501727147865, 45.594128576608881 ], [ -73.53460994823935, 45.5945440116759 ], [ -73.535812332592315, 45.594799668151637 ], [ -73.537062663787367, 45.594885719110941 ], [ -73.53831288114192, 45.594798856899608 ], [ -73.539514928354265, 45.594542420361947 ], [ -73.540622601978427, 45.594126266412395 ], [ -73.541593328435098, 45.593566390904336 ], [ -73.542389801050064, 45.592884313417308 ], [ -73.542981414063547, 45.592106249681066 ], [ -73.543345438451382, 45.591262103529814 ], [ -73.543467894423983, 45.590384317215133 ], [ -73.543344087220618, 45.589506624335449 ], [ -73.542978785828183, 45.588662753356843 ], [ -73.54275738192834, 45.588372295098971 ], [ -73.542690215251625, 45.587896084308241 ], [ -73.542324934119762, 45.587052210992567 ], [ -73.541749100792387, 45.586296742553046 ], [ -73.542510056870654, 45.585857783214756 ], [ -73.543306409428538, 45.585175698455743 ], [ -73.543747404115308, 45.58459562536332 ], [ -73.543929796233982, 45.584634399344274 ], [ -73.545179914072506, 45.584720361694082 ], [ -73.546429893186996, 45.584633410586655 ], [ -73.547631686437839, 45.584376888283799 ], [ -73.548739100145568, 45.583960654996417 ], [ -73.549709570725568, 45.583400709626488 ], [ -73.550505801341302, 45.582718574437216 ], [ -73.551097195535078, 45.581940467374146 ], [ -73.551461032691236, 45.581096293934451 ], [ -73.551583340212275, 45.580218497416311 ], [ -73.551459429037038, 45.579340811808429 ], [ -73.551412487464077, 45.579232393209814 ], [ -73.551938622265425, 45.5787816007036 ], [ -73.551984107842387, 45.57910377348243 ], [ -73.552349482011294, 45.579947617050493 ], [ -73.552942283708475, 45.580725188205164 ], [ -73.553739738191979, 45.581406602032949 ], [ -73.554711201928697, 45.581965668306211 ], [ -73.555819339873295, 45.58238089854909 ], [ -73.557021560573673, 45.582636332417479 ], [ -73.558271653900619, 45.582722151545255 ], [ -73.559521568318075, 45.58263505719173 ], [ -73.560723259174964, 45.582378397126035 ], [ -73.561830536730824, 45.581962036855153 ], [ -73.562800842638467, 45.581401980162163 ], [ -73.563596886395317, 45.580719753588561 ], [ -73.564147347466118, 45.579995192362745 ], [ -73.565122429507397, 45.5803200676431 ], [ -73.565371606139394, 45.580402790464099 ], [ -73.568495646502697, 45.581442924101403 ], [ -73.568496528715599, 45.581447775926399 ] ], [ [ -73.515209272390706, 45.583736383358513 ], [ -73.51641118878122, 45.583480189441651 ], [ -73.517518815661106, 45.583064258706607 ], [ -73.518489581243003, 45.582504578424995 ], [ -73.519286177340931, 45.581822660671548 ], [ -73.519877993438897, 45.581044715036889 ], [ -73.520242292696565, 45.580200640817893 ], [ -73.520365084750367, 45.579322877504723 ], [ -73.520241661915819, 45.578445157815956 ], [ -73.519876778404154, 45.577601211252656 ], [ -73.519284465924812, 45.576823468010588 ], [ -73.518487493017872, 45.576141813040756 ], [ -73.517516489112893, 45.575582438087672 ], [ -73.51640876712149, 45.575166835744874 ], [ -73.515206889862014, 45.574910974096063 ], [ -73.513957035355816, 45.574824683569759 ], [ -73.512707223669764, 45.574911279494998 ], [ -73.511505473227416, 45.575167434811753 ], [ -73.510397957183187, 45.575583307810504 ], [ -73.509427230450669, 45.576142920009453 ], [ -73.508630595301412, 45.576824769698838 ], [ -73.508038668196605, 45.577602657650147 ], [ -73.507674202876359, 45.578446693348305 ], [ -73.507551214985753, 45.579324443167572 ], [ -73.507674442023699, 45.580202176443713 ], [ -73.508039159587184, 45.581046161607127 ], [ -73.508631361230883, 45.581823962585489 ], [ -73.50942829528843, 45.582505685637976 ], [ -73.510399338244738, 45.58306512865515 ], [ -73.511507171242982, 45.583480788681271 ], [ -73.512709214565035, 45.583736688850934 ], [ -73.513959264908024, 45.583822992871127 ], [ -73.515209272390706, 45.583736383358513 ] ] ], [ [ [ -73.553030141047998, 45.575646686517189 ], [ -73.552984651774452, 45.575324516684262 ], [ -73.552717873126483, 45.574708349040698 ], [ -73.553731109105016, 45.575046031470244 ], [ -73.553030141047998, 45.575646686517189 ] ] ], [ [ [ -73.544992042787769, 45.534733104332474 ], [ -73.544612894801361, 45.534707010547507 ], [ -73.543912821328647, 45.534444377299018 ], [ -73.54271168735076, 45.534188802919481 ], [ -73.541462693381334, 45.534102812402359 ], [ -73.540213826438915, 45.534189709553843 ], [ -73.539013068667188, 45.534446155742089 ], [ -73.537906555099369, 45.534862298080824 ], [ -73.536936802147522, 45.535422147735986 ], [ -73.536141074677417, 45.536104193868006 ], [ -73.535549954275155, 45.536882229692637 ], [ -73.535186163675831, 45.537726359004445 ], [ -73.535063692581559, 45.538604144572624 ], [ -73.5350685419222, 45.538638590235244 ], [ -73.534828651438872, 45.538777066077124 ], [ -73.534032851176661, 45.539459097142867 ], [ -73.533441666565736, 45.540237121617409 ], [ -73.53307782280902, 45.541081243732073 ], [ -73.532955311652628, 45.541959026533277 ], [ -73.533010728192309, 45.542352741117881 ], [ -73.532431601903156, 45.542849024067635 ], [ -73.531840359698762, 45.54362703980717 ], [ -73.53147647013644, 45.544471156330651 ], [ -73.531353926723895, 45.545348936899842 ], [ -73.531477449860986, 45.546226649663332 ], [ -73.531507642867524, 45.546296486678429 ], [ -73.531402261657789, 45.546336103043785 ], [ -73.530432246915197, 45.546895896420686 ], [ -73.529636278974053, 45.54757789592778 ], [ -73.529044948660328, 45.548355896574343 ], [ -73.528844272704305, 45.548821307855079 ], [ -73.528026192713796, 45.549128805364063 ], [ -73.527056096423337, 45.549688569817171 ], [ -73.526260048240204, 45.550370545482757 ], [ -73.525668642072915, 45.551148528286902 ], [ -73.525304611639669, 45.551992624064397 ], [ -73.525181955864028, 45.552870396875853 ], [ -73.525226141576354, 45.553184569557338 ], [ -73.525120940703218, 45.553274688009168 ], [ -73.524529488373744, 45.554052664528349 ], [ -73.524165422154041, 45.554896756252042 ], [ -73.52404274234415, 45.55577452739702 ], [ -73.524076605280214, 45.556015324642246 ], [ -73.523791265451479, 45.556390627051037 ], [ -73.523620840184833, 45.556785730368929 ], [ -73.523606317859901, 45.5567794481627 ], [ -73.520635391723303, 45.560375644104603 ], [ -73.520477464064996, 45.5603125977619 ], [ -73.5214855619719, 45.559090728596097 ], [ -73.521299222963194, 45.559012776663401 ], [ -73.520964336539706, 45.558943778138499 ], [ -73.520885143316605, 45.558846655543597 ], [ -73.520959826250703, 45.558722862471399 ], [ -73.521247133455603, 45.558443394667101 ], [ -73.521373230375104, 45.558213825219198 ], [ -73.521777546773194, 45.557870599736802 ], [ -73.521806906516304, 45.557732164517397 ], [ -73.521718365855804, 45.557622457379999 ], [ -73.520837677185099, 45.557151216160101 ], [ -73.5195454294455, 45.558467956230302 ], [ -73.519096030052097, 45.558917738787002 ], [ -73.518578806309606, 45.558665704029799 ], [ -73.520688175749498, 45.556524718254202 ], [ -73.522013196425405, 45.555187264995901 ], [ -73.513137810651699, 45.5522867579921 ], [ -73.529226254918001, 45.5361048860956 ], [ -73.529539688975703, 45.535756551452899 ], [ -73.529806448807705, 45.535389520970703 ], [ -73.5300242967012, 45.535006874757897 ], [ -73.5301147605865, 45.534793015831099 ], [ -73.540599533209303, 45.531314886038302 ], [ -73.543279797952351, 45.531817085978616 ], [ -73.543297674222245, 45.531827385608864 ], [ -73.543431242171195, 45.532158848546104 ], [ -73.543451455851496, 45.5322080896374 ], [ -73.543471774758203, 45.532257309484699 ], [ -73.5434921988236, 45.532306507921597 ], [ -73.543512727979106, 45.532355684781798 ], [ -73.543533362155799, 45.532404839898803 ], [ -73.543554101283704, 45.532453973106797 ], [ -73.543574945292406, 45.532503084239799 ], [ -73.543601548164204, 45.532563749980703 ], [ -73.543629013248307, 45.532624233913197 ], [ -73.5436573367123, 45.5326845269717 ], [ -73.543686514467097, 45.532744620144904 ], [ -73.543716542168596, 45.532804504480502 ], [ -73.543747415219997, 45.532864171089201 ], [ -73.543779128773807, 45.532923611148803 ], [ -73.543815513354701, 45.5329911974898 ], [ -73.543852865496902, 45.533058532385503 ], [ -73.543891179856203, 45.533125605593 ], [ -73.543930450796196, 45.533192406945503 ], [ -73.543970672390998, 45.533258926356901 ], [ -73.544011838428105, 45.533325153827498 ], [ -73.544053942411907, 45.5333910794484 ], [ -73.5440750563601, 45.533424137654897 ], [ -73.544096360512299, 45.533457136346001 ], [ -73.544117854356898, 45.533490074711601 ], [ -73.544139537373397, 45.533522951944903 ], [ -73.544161409031602, 45.533555767241701 ], [ -73.544183468792497, 45.533588519800901 ], [ -73.544205716107598, 45.533621208824599 ], [ -73.544370391070501, 45.5338481456956 ], [ -73.544538914993097, 45.534065585258503 ], [ -73.544767166619195, 45.534349480904602 ], [ -73.545041380607145, 45.534690805656894 ], [ -73.544992042787769, 45.534733104332474 ] ] ], [ [ [ -73.541535722931997, 45.614547576781803 ], [ -73.541506838630895, 45.614542499399903 ], [ -73.541157741886593, 45.614481505238402 ], [ -73.54088277907853, 45.61443346772684 ], [ -73.540885285406432, 45.61442765878769 ], [ -73.540940607046764, 45.614031392618095 ], [ -73.541469384903905, 45.614483098547119 ], [ -73.541601586258054, 45.614559157465486 ], [ -73.541535722931997, 45.614547576781803 ] ] ], [ [ [ -73.509487864997567, 45.604627046234448 ], [ -73.510070647417379, 45.60484562817043 ], [ -73.509611249960713, 45.604877428880904 ], [ -73.50893972560543, 45.605020468793377 ], [ -73.508941207768501, 45.605001704949103 ], [ -73.509043736569197, 45.604821731496699 ], [ -73.509043711975195, 45.604668670037199 ], [ -73.509129072176762, 45.60442041154478 ], [ -73.509487864997567, 45.604627046234448 ] ] ] ] } },
{ "type": "Feature", "properties": { "arrondissement": "Westmount", "pct_couverture": 69.6, "nb_bornes": 12 }, "geometry": { "type": "MultiPolygon", "coordinates": [ [ [ [ -73.6123776420159, 45.482606933213603 ], [ -73.612449996579102, 45.4826395165869 ], [ -73.612573128308597, 45.482694959056701 ], [ -73.612696260293205, 45.4827504101806 ], [ -73.612819388685196, 45.482805852387202 ], [ -73.612942522423296, 45.4828613032428 ], [ -73.613065651285893, 45.4829167451825 ], [ -73.613188782969303, 45.482972195773598 ], [ -73.613311913559102, 45.483027637445097 ], [ -73.613435045756503, 45.483083078981601 ], [ -73.613556568668599, 45.483137801404801 ], [ -73.613680697445801, 45.483193698637898 ], [ -73.613811042589305, 45.483252383986397 ], [ -73.614014656067695, 45.483344072455203 ], [ -73.614137789642896, 45.483399513229799 ], [ -73.614264683763295, 45.483456654896102 ], [ -73.614428863032202, 45.483530578466599 ], [ -73.614461101736595, 45.483545098366299 ], [ -73.614592926467594, 45.483604633729698 ], [ -73.614920994632996, 45.483752805118101 ], [ -73.615003121735299, 45.483789893841298 ], [ -73.615247584610202, 45.483901671269102 ], [ -73.6152759922672, 45.483914463653697 ], [ -73.615575916594906, 45.484049550513298 ], [ -73.615692150715901, 45.484101912152902 ], [ -73.615699039218399, 45.484105007184297 ], [ -73.615822163254407, 45.484160463720798 ], [ -73.615938398984596, 45.484212816319598 ], [ -73.615958420673195, 45.484221838394703 ], [ -73.616068414783697, 45.484271376390303 ], [ -73.616069733574705, 45.484271972604297 ], [ -73.616177846810402, 45.484320668799597 ], [ -73.616560916445295, 45.484493200131901 ], [ -73.616725085168994, 45.484567137974601 ], [ -73.616848211217203, 45.484622593398598 ], [ -73.6169713390684, 45.4846780486874 ], [ -73.617094465599493, 45.484733503844403 ], [ -73.617114663088799, 45.484742595836202 ], [ -73.617209880343594, 45.484785478120799 ], [ -73.617217589639196, 45.484788958870602 ], [ -73.6172162902227, 45.484790375000898 ], [ -73.617005358628802, 45.485021053745399 ], [ -73.616968187709702, 45.485061699117502 ], [ -73.616866935467698, 45.485173650784603 ], [ -73.616830059351997, 45.485214418834801 ], [ -73.616576994362603, 45.485486915901902 ], [ -73.616422289037899, 45.485649836809301 ], [ -73.616253655487299, 45.485811532633001 ], [ -73.615971754324605, 45.4860974059714 ], [ -73.615932350571796, 45.4861373678362 ], [ -73.615684723267805, 45.486388688141901 ], [ -73.615538270104196, 45.486537627255501 ], [ -73.615291745061299, 45.486788532561498 ], [ -73.615330766109807, 45.486806235244401 ], [ -73.615453838013906, 45.486862228245101 ], [ -73.615476703542797, 45.486872600809498 ], [ -73.615556382486105, 45.486908768896299 ], [ -73.6155831895652, 45.4869209301132 ], [ -73.615658925742594, 45.486955300668903 ], [ -73.6156896537655, 45.486969285701903 ], [ -73.615766960370493, 45.487004454262603 ], [ -73.615801024687698, 45.4870198682558 ], [ -73.615878443989004, 45.487054904813199 ], [ -73.6159255529994, 45.487076351372799 ], [ -73.615986458342306, 45.4871040757942 ], [ -73.616027050076994, 45.487122549948197 ], [ -73.616094492367907, 45.487153229077599 ], [ -73.616129661190101, 45.487169142740299 ], [ -73.616205973839001, 45.487203679309303 ], [ -73.616252021732507, 45.487224634710202 ], [ -73.616314009416897, 45.487252832382701 ], [ -73.616455074292304, 45.487316925677597 ], [ -73.616477765920806, 45.487327227917703 ], [ -73.616564751087495, 45.487366779844002 ], [ -73.616600556915401, 45.4873830617884 ], [ -73.616674497106203, 45.487416598683602 ], [ -73.616723433453004, 45.487438798775898 ], [ -73.6168463082806, 45.487494535632599 ], [ -73.616969079346902, 45.487550386701002 ], [ -73.616997235478806, 45.487563187694597 ], [ -73.6170927716405, 45.4876066145574 ], [ -73.617111760457107, 45.4876152332563 ], [ -73.617216530422695, 45.487662780698201 ], [ -73.617339407394198, 45.487718517019999 ], [ -73.617463125855494, 45.487774770809501 ], [ -73.617625981031694, 45.487848717453403 ], [ -73.617682399778005, 45.487874354149 ], [ -73.617737411245159, 45.487899328892972 ], [ -73.617561015207656, 45.488050967192962 ], [ -73.616971519033171, 45.488829429291116 ], [ -73.616609254213003, 45.4896738235105 ], [ -73.616528282966996, 45.490260789147179 ], [ -73.616083188171174, 45.490428707276578 ], [ -73.615114973604562, 45.49098922345879 ], [ -73.614320816428091, 45.491671817963741 ], [ -73.613731237909249, 45.492450262924478 ], [ -73.613703836604344, 45.492514118532469 ], [ -73.613670930719294, 45.492533167097307 ], [ -73.613654000689806, 45.49254771787345 ], [ -73.613463004835197, 45.492462674818903 ], [ -73.613215860622702, 45.492352631937102 ], [ -73.613131360321901, 45.492318413468702 ], [ -73.612875146536297, 45.492214657531001 ], [ -73.612618933438, 45.492110896622201 ], [ -73.612348406761797, 45.492001340647199 ], [ -73.612313087827502, 45.491987038496198 ], [ -73.611605315614099, 45.4917142197949 ], [ -73.611558458021406, 45.491761081224404 ], [ -73.611458270105203, 45.491861269187403 ], [ -73.610910478177502, 45.492411173428302 ], [ -73.610471932855901, 45.492851401877999 ], [ -73.610467389522597, 45.4928559626142 ], [ -73.610463274067996, 45.492860096740301 ], [ -73.609894400331996, 45.493500519318097 ], [ -73.609471908427295, 45.493973057772401 ], [ -73.609399734881706, 45.494053783387102 ], [ -73.608816953457605, 45.493828610004996 ], [ -73.608385648443999, 45.4936659144497 ], [ -73.607549779840994, 45.4944277541085 ], [ -73.607399501564103, 45.494570587622498 ], [ -73.607197119130404, 45.494812971187699 ], [ -73.607031202118193, 45.495027375838397 ], [ -73.606960257885902, 45.4951216535284 ], [ -73.606841945871494, 45.495273876599903 ], [ -73.606649442668598, 45.495217882128699 ], [ -73.606579704318307, 45.495197599664401 ], [ -73.606531424532307, 45.495184120494002 ], [ -73.606483119740304, 45.495170686597099 ], [ -73.606434790106405, 45.495157296986697 ], [ -73.606386435712693, 45.4951439516853 ], [ -73.606338056641206, 45.495130650715801 ], [ -73.606289652974198, 45.495117394100603 ], [ -73.606241224796804, 45.495104181859197 ], [ -73.606192315882197, 45.4950908841165 ], [ -73.606143382031803, 45.495077631841703 ], [ -73.606094423331996, 45.4950644250614 ], [ -73.606045439868595, 45.495051263798601 ], [ -73.605996431726894, 45.495038148076397 ], [ -73.605947398992498, 45.495025077917603 ], [ -73.6058983417511, 45.4950120533451 ], [ -73.605849260088405, 45.494999074374299 ], [ -73.605795484496397, 45.494984907435303 ], [ -73.605741680034001, 45.494970794837201 ], [ -73.605687846812899, 45.494956736615102 ], [ -73.605633984944404, 45.494942732797803 ], [ -73.605580094539505, 45.494928783414402 ], [ -73.605526175709301, 45.494914888493497 ], [ -73.605472228559805, 45.494901048062502 ], [ -73.605466835639106, 45.494899667413698 ], [ -73.605461441768597, 45.494898288598598 ], [ -73.6054560469438, 45.494896911615498 ], [ -73.605407870360807, 45.494884617659402 ], [ -73.605359671374799, 45.494872367218598 ], [ -73.605311450073899, 45.494860160311902 ], [ -73.605263206537501, 45.4948479969594 ], [ -73.6052149408453, 45.494835877181302 ], [ -73.605166653076694, 45.494823800997302 ], [ -73.605118343314501, 45.494811768433301 ], [ -73.605096609936695, 45.494806368865703 ], [ -73.605074871872702, 45.4948009786565 ], [ -73.605053129123405, 45.494795597806799 ], [ -73.605031381698197, 45.4947902263171 ], [ -73.605015616244003, 45.494787175714698 ], [ -73.604999825569195, 45.494784190319301 ], [ -73.604984010224399, 45.494781270232998 ], [ -73.604968170755498, 45.494778415556901 ], [ -73.604952307709695, 45.494775626389497 ], [ -73.604936421634406, 45.494772902826902 ], [ -73.604920513078397, 45.494770244963497 ], [ -73.604904582590905, 45.494767652890701 ], [ -73.604888630721902, 45.494765126698297 ], [ -73.604872658022202, 45.494762666473299 ], [ -73.6048566650434, 45.494760272300702 ], [ -73.6048406523377, 45.494757944263299 ], [ -73.604824620457904, 45.494755682441301 ], [ -73.604808569957697, 45.494753486912998 ], [ -73.604792501391103, 45.494751357754097 ], [ -73.604776415313196, 45.494749295037998 ], [ -73.604760312279097, 45.494747298836103 ], [ -73.604744192845004, 45.494745369217299 ], [ -73.604728057567598, 45.494743506248199 ], [ -73.604711907003704, 45.494741709993001 ], [ -73.604695741706195, 45.494739980513202 ], [ -73.604679880012796, 45.494738348316702 ], [ -73.604664005213607, 45.494736780389097 ], [ -73.604648117839005, 45.494735276784503 ], [ -73.604632218416, 45.494733837552701 ], [ -73.604616307471801, 45.494732462741403 ], [ -73.604600385534198, 45.494731152396398 ], [ -73.604584453131196, 45.494729906560899 ], [ -73.604568510791196, 45.494728725276303 ], [ -73.604552559042901, 45.494727608581897 ], [ -73.604536598415294, 45.4947265565145 ], [ -73.6045206294379, 45.4947255691092 ], [ -73.604504652640102, 45.494724646398801 ], [ -73.604488668551795, 45.494723788413602 ], [ -73.604472677703299, 45.4947229951823 ], [ -73.604456680624693, 45.494722266731102 ], [ -73.604440677846597, 45.494721603084201 ], [ -73.604424669899899, 45.494721004263603 ], [ -73.604408657315204, 45.494720470289202 ], [ -73.6043926406238, 45.494720001178699 ], [ -73.604376620356803, 45.494719596947597 ], [ -73.604360597045499, 45.494719257609297 ], [ -73.604344571221304, 45.494718983175197 ], [ -73.604328543415804, 45.494718773654199 ], [ -73.604312514160398, 45.494718629053303 ], [ -73.604296483986701, 45.494718549377502 ], [ -73.604280453426497, 45.4947185346292 ], [ -73.604264423006995, 45.494718584808403 ], [ -73.604247701845097, 45.494718706095199 ], [ -73.604230982020198, 45.494718897987703 ], [ -73.604214264134995, 45.494719160481701 ], [ -73.604197548791902, 45.4947194935678 ], [ -73.604180836593898, 45.494719897233999 ], [ -73.604164128143196, 45.494720371465597 ], [ -73.604147424042196, 45.494720916245697 ], [ -73.604130724893295, 45.494721531554497 ], [ -73.604114031298295, 45.494722217369898 ], [ -73.604097343859095, 45.494722973667102 ], [ -73.604080663177299, 45.494723800418903 ], [ -73.604063989854197, 45.494724697595402 ], [ -73.604047324491106, 45.494725665164502 ], [ -73.604030667688605, 45.494726703090997 ], [ -73.604014020047202, 45.494727811337697 ], [ -73.603997382167194, 45.494728989864598 ], [ -73.603980754648305, 45.494730238629202 ], [ -73.603964138090006, 45.494731557586398 ], [ -73.6039475330914, 45.4947329466887 ], [ -73.603930940251004, 45.494734405886099 ], [ -73.603914360167096, 45.494735935126002 ], [ -73.603897793437298, 45.494737534353099 ], [ -73.603881240659007, 45.494739203509901 ], [ -73.603864702428893, 45.494740942536303 ], [ -73.603848179343203, 45.494742751369301 ], [ -73.603831671997597, 45.494744629943902 ], [ -73.603815180987198, 45.494746578192299 ], [ -73.603798706906602, 45.494748596044502 ], [ -73.603782250349497, 45.494750683427398 ], [ -73.603765811909398, 45.494752840266003 ], [ -73.603749392178898, 45.494755066482398 ], [ -73.603732991749894, 45.494757361996399 ], [ -73.603716611213599, 45.494759726725299 ], [ -73.603700251160603, 45.494762160583697 ], [ -73.603683912180699, 45.494764663483998 ], [ -73.603667594862998, 45.4947672353359 ], [ -73.603651299795601, 45.494769876046703 ], [ -73.603635027566199, 45.494772585521297 ], [ -73.603618778761302, 45.494775363661802 ], [ -73.603602553966695, 45.494778210368104 ], [ -73.603586353767298, 45.494781125537799 ], [ -73.603570178747205, 45.494784109065399 ], [ -73.603554029489501, 45.494787160843799 ], [ -73.603537906576406, 45.494790280762601 ], [ -73.6035218105892, 45.494793468709602 ], [ -73.603505742108197, 45.494796724569703 ], [ -73.603489701712604, 45.4948000482255 ], [ -73.603473689980703, 45.494803439557401 ], [ -73.603457707489795, 45.494806898442803 ], [ -73.603441754816103, 45.494810424757297 ], [ -73.603425832534796, 45.494814018373603 ], [ -73.603409941219695, 45.494817679162303 ], [ -73.603394081443795, 45.494821406991299 ], [ -73.603378253778999, 45.494825201726201 ], [ -73.6033624587958, 45.494829063230199 ], [ -73.603346697063699, 45.494832991364198 ], [ -73.603330969150804, 45.494836985986502 ], [ -73.603315275624297, 45.494841046952999 ], [ -73.603299617049899, 45.494845174117401 ], [ -73.603283993992207, 45.494849367331 ], [ -73.603268407014198, 45.494853626442499 ], [ -73.603252856678097, 45.4948579512983 ], [ -73.603237343544393, 45.494862341742603 ], [ -73.603221868172497, 45.4948667976171 ], [ -73.6032064311201, 45.494871318761099 ], [ -73.603191032944196, 45.494875905009003 ], [ -73.602969126376493, 45.494942553231297 ], [ -73.602768031605706, 45.4949959912244 ], [ -73.602884471771702, 45.494509140031603 ], [ -73.6013533628348, 45.494327473069099 ], [ -73.600937268036503, 45.494278099612202 ], [ -73.600979097536893, 45.494199660180797 ], [ -73.601069645765804, 45.494029875059397 ], [ -73.601082590565795, 45.494000825167099 ], [ -73.601240877496593, 45.493698811411697 ], [ -73.600763462331201, 45.493497449027501 ], [ -73.600648072637895, 45.493457316982898 ], [ -73.600441006354302, 45.493372005219399 ], [ -73.6003231431079, 45.493323443371303 ], [ -73.599956741764501, 45.493180101399901 ], [ -73.599902467248796, 45.493157037636301 ], [ -73.599506747846604, 45.492987695539 ], [ -73.599468638517706, 45.492971388289398 ], [ -73.599411963800094, 45.492954473269997 ], [ -73.599370160571596, 45.492941996178203 ], [ -73.599361656787096, 45.492939455187297 ], [ -73.599182209717796, 45.492861516220003 ], [ -73.598902066338297, 45.492739840708403 ], [ -73.598890492447296, 45.492734811071102 ], [ -73.598602913689803, 45.492609907442997 ], [ -73.598537687623306, 45.492581575560202 ], [ -73.598453342034205, 45.492548668627698 ], [ -73.598220064942893, 45.492457667901398 ], [ -73.597720081604095, 45.492243206058603 ], [ -73.597434864390294, 45.4921208634224 ], [ -73.597273985598406, 45.492051855722998 ], [ -73.597254510182097, 45.492042737650998 ], [ -73.597092111067397, 45.491966692163899 ], [ -73.597082596898403, 45.491962236176498 ], [ -73.596881187626593, 45.491877580983498 ], [ -73.596874986055099, 45.491874976341499 ], [ -73.596507317135206, 45.491720433403302 ], [ -73.5964755998898, 45.491707103123403 ], [ -73.596190948533206, 45.492041524802403 ], [ -73.595695737527805, 45.492623316011603 ], [ -73.595585204581099, 45.492588060653297 ], [ -73.595299182564304, 45.492495208763998 ], [ -73.595005303597802, 45.492401101679 ], [ -73.594791565151596, 45.4923329384985 ], [ -73.594501756003993, 45.492240513947003 ], [ -73.594194462198701, 45.492142505410797 ], [ -73.594018286391005, 45.492083708081203 ], [ -73.593741780604105, 45.491995501851001 ], [ -73.593594602357911, 45.491948542743515 ], [ -73.59362498812267, 45.491728936031919 ], [ -73.593593439613798, 45.491506302417925 ], [ -73.593908735741152, 45.491438751181995 ], [ -73.595013985596452, 45.491022064223102 ], [ -73.595982400386589, 45.490461718258203 ], [ -73.596776762307599, 45.489779250934298 ], [ -73.597366546722697, 45.489000892946287 ], [ -73.597729094864363, 45.488156559418584 ], [ -73.597850483635739, 45.48727869978687 ], [ -73.59772605923213, 45.486401050453964 ], [ -73.597360614294359, 45.485557338204941 ], [ -73.597029589841895, 45.485122973157608 ], [ -73.597487006949905, 45.48529445613439 ], [ -73.598687347943866, 45.48554945742017 ], [ -73.598932775225578, 45.485566245189261 ], [ -73.599113756203593, 45.485984057932392 ], [ -73.599706213343481, 45.486761399544733 ], [ -73.600502903136302, 45.487442498826702 ], [ -73.60147321140559, 45.488001177649458 ], [ -73.602579847501858, 45.488415962441181 ], [ -73.603780277703123, 45.488670909991988 ], [ -73.605028360723892, 45.488756220639509 ], [ -73.606276122334236, 45.488668615195031 ], [ -73.607475600672984, 45.488411461074968 ], [ -73.608580691082963, 45.487994642772833 ], [ -73.609548919315046, 45.487434181667815 ], [ -73.610343074740555, 45.48675161983175 ], [ -73.610932640663378, 45.485973191590666 ], [ -73.61129496671623, 45.485128814766959 ], [ -73.611416138338654, 45.484250940457713 ], [ -73.611291510070188, 45.483373305627147 ], [ -73.610925882383157, 45.482529636500502 ], [ -73.610333315516954, 45.481752352604502 ], [ -73.609895946002283, 45.481378495484527 ], [ -73.610277215239023, 45.48087505070086 ], [ -73.610552075549819, 45.481109998709456 ], [ -73.611522374161339, 45.481668592801476 ], [ -73.612628959745692, 45.48208328074837 ], [ -73.612853636051526, 45.482130981394043 ], [ -73.6123776420159, 45.482606933213603 ] ] ], [ [ [ -73.598753026609558, 45.474455959635925 ], [ -73.599549531266476, 45.475137067195696 ], [ -73.599978205637711, 45.475383947375583 ], [ -73.599879071525152, 45.475614900564061 ], [ -73.599859753157659, 45.475754672566424 ], [ -73.598970217521398, 45.475421160281208 ], [ -73.597770090376457, 45.475166161336332 ], [ -73.597034304554839, 45.475115808349791 ], [ -73.598473376426298, 45.474103127492 ], [ -73.598489747369513, 45.474110434447063 ], [ -73.598753026609558, 45.474455959635925 ] ] ], [ [ [ -73.592127816702416, 45.482831410782296 ], [ -73.591446720228035, 45.482784776365264 ], [ -73.59128377417052, 45.482796196644607 ], [ -73.591232222373165, 45.482766504280598 ], [ -73.591622385326872, 45.482431298115813 ], [ -73.592012797455283, 45.482765165797886 ], [ -73.592127816702416, 45.482831410782296 ] ] ] ] } },
{ "type": "Feature", "properties": { "arrondissement": "Ahuntsic-Cartierville", "pct_couverture": 71.7, "nb_bornes": 154 }, "geometry": { "type": "MultiPolygon", "coordinates": [ [ [ [ -73.763690625838805, 45.511907256262603 ], [ -73.763681268229206, 45.511911823116797 ], [ -73.763632216460095, 45.511935762141199 ], [ -73.763543848220195, 45.511978981187099 ], [ -73.762468872722906, 45.512503865630698 ], [ -73.761228738822496, 45.513181926117802 ], [ -73.760317950299694, 45.5138589512461 ], [ -73.759699028942094, 45.514487338014199 ], [ -73.759191109763194, 45.5153805915741 ], [ -73.758135915521393, 45.516467843810901 ], [ -73.757006652353397, 45.517434932335199 ], [ -73.755876250486196, 45.518136715626397 ], [ -73.754635364640706, 45.518645877421697 ], [ -73.753576236196096, 45.518937648288102 ], [ -73.7525527676259, 45.519060417801803 ], [ -73.751053650096793, 45.519063722337201 ], [ -73.749737506742903, 45.519138961705401 ], [ -73.748678024825693, 45.5193342159926 ], [ -73.747619277345294, 45.519746433803597 ], [ -73.746634627657897, 45.520399481577201 ], [ -73.745724280692599, 45.521269511338403 ], [ -73.744741470695502, 45.522284220406398 ], [ -73.744014980798497, 45.523419052923799 ], [ -73.743143048863303, 45.524771072332399 ], [ -73.742635813277403, 45.525857101903703 ], [ -73.742090056404393, 45.526533383297298 ], [ -73.741252712585293, 45.527451371238698 ], [ -73.739867390568904, 45.528466975714998 ], [ -73.738116310866502, 45.529603826343902 ], [ -73.736474087809398, 45.530451187621502 ], [ -73.734355802836802, 45.531130586903203 ], [ -73.732418648244803, 45.5315202533221 ], [ -73.732274138872356, 45.53155603304625 ], [ -73.73216485857435, 45.530798670332565 ], [ -73.731797116844021, 45.529955399312634 ], [ -73.731202388637399, 45.529178753178414 ], [ -73.730403535239887, 45.528498574702404 ], [ -73.729431258254593, 45.527940998886834 ], [ -73.728322919435499, 45.527527449200122 ], [ -73.727121105247562, 45.527273814871918 ], [ -73.725871991262977, 45.527189840774064 ], [ -73.724623569101666, 45.527278753258159 ], [ -73.723423803834081, 45.527537136279193 ], [ -73.722555489389364, 45.527865541402385 ], [ -73.722177573261575, 45.527785767802563 ], [ -73.721116838173856, 45.52771441218669 ], [ -73.72077146352612, 45.527263236908112 ], [ -73.719972762771633, 45.526582984972897 ], [ -73.719000621577848, 45.526025319937098 ], [ -73.717892396484856, 45.525611668697621 ], [ -73.717512679242077, 45.525531491503479 ], [ -73.717514270148101, 45.525530270489703 ], [ -73.7175104227492, 45.525527830498099 ], [ -73.717929765972798, 45.525194758451597 ], [ -73.718106127771904, 45.525062785159399 ], [ -73.718366393791797, 45.524858457550998 ], [ -73.718517327782394, 45.5247399639102 ], [ -73.7185344468284, 45.524750832051602 ], [ -73.718635118347095, 45.5248147090565 ], [ -73.718715450233603, 45.524865689721601 ], [ -73.718750954206399, 45.524888218786501 ], [ -73.718866802851693, 45.524961723979899 ], [ -73.718897231370505, 45.524981037712003 ], [ -73.719088374941705, 45.525102325377397 ], [ -73.719098488562906, 45.525108738427299 ], [ -73.719214325628798, 45.525182247681499 ], [ -73.719233174392301, 45.525194206441299 ], [ -73.719330162979205, 45.5252557524229 ], [ -73.719443719708195, 45.525327807096403 ], [ -73.719446013149906, 45.525329261415003 ], [ -73.719561851103705, 45.5254027659184 ], [ -73.719652235749393, 45.525460119500501 ], [ -73.7196777018777, 45.525476274672599 ], [ -73.719786973364293, 45.525545613119299 ], [ -73.719793540434793, 45.525549778938199 ], [ -73.719925258106699, 45.525633353741497 ], [ -73.720025230972595, 45.525696791481799 ], [ -73.720070060298497, 45.5257252381246 ], [ -73.720141070451803, 45.525770299784 ], [ -73.720214862961697, 45.525817122321797 ], [ -73.720256922717098, 45.525843803549499 ], [ -73.7203785529356, 45.5259209867978 ], [ -73.720494405819295, 45.525994490319299 ], [ -73.720610246520195, 45.526067998139602 ], [ -73.720701798818993, 45.526126082385503 ], [ -73.720726100007298, 45.526141501423197 ], [ -73.720803089371003, 45.5261903517058 ], [ -73.720842153203904, 45.526214846027202 ], [ -73.720958605517495, 45.526287873390601 ], [ -73.721072363588505, 45.526359201074598 ], [ -73.7210750706341, 45.526360900609703 ], [ -73.721191536034794, 45.526433923314698 ], [ -73.721305294694304, 45.526505250763798 ], [ -73.721307901498903, 45.526506888975 ], [ -73.721409804544706, 45.526570783098002 ], [ -73.721494538054799, 45.526623919379198 ], [ -73.721540821321696, 45.526652938201998 ], [ -73.721691978607396, 45.526747721242202 ], [ -73.722040840940906, 45.526464209379498 ], [ -73.722168550979902, 45.526360404840602 ], [ -73.722475680163399, 45.526109222895698 ], [ -73.722698255943797, 45.5259209608815 ], [ -73.722713695394802, 45.525908250425204 ], [ -73.722859074764798, 45.525790377023199 ], [ -73.722866887054593, 45.525783727222702 ], [ -73.722953956048499, 45.525709636905503 ], [ -73.722973181484505, 45.525693281000997 ], [ -73.723020478715497, 45.525653034208901 ], [ -73.723044526044006, 45.525632578299003 ], [ -73.723067775879002, 45.525612787397201 ], [ -73.723115072975204, 45.525572540565598 ], [ -73.723162370021299, 45.525532298107997 ], [ -73.723209666982598, 45.525492051237102 ], [ -73.723215722385305, 45.5254868987194 ], [ -73.723256963876494, 45.525451804346197 ], [ -73.723306291648996, 45.525409835510096 ], [ -73.723330151839306, 45.525389529292397 ], [ -73.7233968481641, 45.525332772252803 ], [ -73.723403339640697, 45.525327254191303 ], [ -73.723450636258505, 45.525287007219703 ], [ -73.723482458037694, 45.525259932204797 ], [ -73.723497932826305, 45.525246764621997 ], [ -73.723545229309295, 45.525206517610997 ], [ -73.723568055189006, 45.525187092116603 ], [ -73.723592525724897, 45.5251662705802 ], [ -73.723639822073096, 45.525126023529602 ], [ -73.723658610989602, 45.525110028650097 ], [ -73.723687118353794, 45.525085776459399 ], [ -73.723749179044404, 45.525032965086801 ], [ -73.723760292866501, 45.525023501152099 ], [ -73.723833479719104, 45.524961225773303 ], [ -73.723839734350705, 45.524955901475501 ], [ -73.723880775741307, 45.524920983015797 ], [ -73.7239280716785, 45.524880735845002 ], [ -73.723930301928604, 45.524878842161201 ], [ -73.723975367548405, 45.524840488654398 ], [ -73.724022663350894, 45.524800241443998 ], [ -73.724025828057094, 45.524797555051101 ], [ -73.724069959103304, 45.524759998607699 ], [ -73.724117254771002, 45.5247197513579 ], [ -73.724190440836296, 45.524657475748498 ], [ -73.724263626740196, 45.524595200091703 ], [ -73.724274291844196, 45.524586114849697 ], [ -73.724310922131806, 45.5245549527611 ], [ -73.724358217455901, 45.524514705410802 ], [ -73.724365842484602, 45.524508209655103 ], [ -73.724405500228798, 45.524474462458898 ], [ -73.724452795418202, 45.5244342150691 ], [ -73.724500090540104, 45.524393967659499 ], [ -73.724590195307997, 45.524317295373599 ], [ -73.724624557662196, 45.524288057710201 ], [ -73.724745473436997, 45.524185159934802 ], [ -73.724814783332405, 45.5241261780698 ], [ -73.724845183462307, 45.524100309354701 ], [ -73.724876430774799, 45.524073718388998 ], [ -73.724938065619, 45.524021263092898 ], [ -73.724944893170502, 45.524015454293298 ], [ -73.725166849957901, 45.523826573492897 ], [ -73.725329303921598, 45.523685754236503 ], [ -73.7255116869799, 45.523530048924698 ], [ -73.725528954708196, 45.5235153089546 ], [ -73.7256362859506, 45.523423671859 ], [ -73.725677860342699, 45.523388171716299 ], [ -73.725760884434294, 45.523317290262497 ], [ -73.725826777790203, 45.523261029863903 ], [ -73.725854373511794, 45.523237477532703 ], [ -73.725947812461797, 45.523157699974398 ], [ -73.725963236078002, 45.523144527760202 ], [ -73.726041251165398, 45.523077926732597 ], [ -73.726112152258196, 45.523017389926501 ], [ -73.726134689587397, 45.522998149020196 ], [ -73.726230768927806, 45.522916116400097 ], [ -73.726261067750301, 45.522890247503298 ], [ -73.726326860472298, 45.522834079280003 ], [ -73.726397524246394, 45.522773744876801 ], [ -73.726460314223601, 45.522720135295302 ], [ -73.726546438453497, 45.522646602078602 ], [ -73.726593555679997, 45.522606380504698 ], [ -73.726695264784297, 45.522519533951602 ], [ -73.726726970976102, 45.5224924670364 ], [ -73.726831719471207, 45.522403026408497 ], [ -73.726860335889796, 45.522378593053801 ], [ -73.7269806317411, 45.522275887433601 ], [ -73.726996765035395, 45.5222621205113 ], [ -73.727130676985396, 45.522147770596199 ], [ -73.727291859046005, 45.522010154079901 ], [ -73.727304267244094, 45.521999566813498 ], [ -73.727440644661996, 45.521883120198403 ], [ -73.727477844090998, 45.521851362789697 ], [ -73.727583009121403, 45.52176156641255 ], [ -73.728233387096907, 45.521715228568176 ], [ -73.728532624703405, 45.521650763933494 ], [ -73.728653226936601, 45.521726724856798 ], [ -73.728726618743593, 45.521772945181397 ], [ -73.7287513083118, 45.521788497952201 ], [ -73.728813784230198, 45.521827846283898 ], [ -73.728815889725396, 45.521829168979203 ], [ -73.729772665773595, 45.522431753864403 ], [ -73.729791841333096, 45.522443824467999 ], [ -73.7299470134854, 45.522541554359897 ], [ -73.729954495752693, 45.522546266973301 ], [ -73.7301213618574, 45.522651350192 ], [ -73.730128844171702, 45.522656067187697 ], [ -73.730295698424499, 45.5227611501737 ], [ -73.730303180749999, 45.522765862763997 ], [ -73.730471439378903, 45.522871830197403 ], [ -73.730477530525206, 45.522875662439198 ], [ -73.730651880978499, 45.522985461845003 ], [ -73.730740767276799, 45.523041443247301 ], [ -73.730834942817694, 45.523100753141698 ], [ -73.730886053864793, 45.523132939515101 ], [ -73.730988952949701, 45.523197741411501 ], [ -73.731031340941698, 45.523224439989498 ], [ -73.731128424848507, 45.523285580345302 ], [ -73.731176640972507, 45.523315935857703 ], [ -73.731267909682302, 45.523373419081302 ], [ -73.731321928991207, 45.523407435957701 ], [ -73.731427736851401, 45.523474068152701 ], [ -73.731467009810402, 45.523499118072699 ], [ -73.731596287875107, 45.523580191499001 ], [ -73.731612511908907, 45.523590432463699 ], [ -73.731743725657395, 45.523673064094602 ], [ -73.731991657879703, 45.523495972662502 ], [ -73.732176466512101, 45.523369715882801 ], [ -73.732315944758199, 45.523270701975697 ], [ -73.732435156916594, 45.523186073111297 ], [ -73.7324614324084, 45.523167420900997 ], [ -73.732648090051796, 45.523034903267799 ], [ -73.732683053227902, 45.523010086455898 ], [ -73.732834759337806, 45.522902389696597 ], [ -73.732848208561606, 45.522892841026398 ], [ -73.733013263474007, 45.522775661466802 ], [ -73.733021415228293, 45.522769871450599 ], [ -73.733172397119802, 45.522662689784397 ], [ -73.733178542081603, 45.522658327428303 ], [ -73.733336827496501, 45.522545959189799 ], [ -73.733339133378607, 45.522544315610702 ], [ -73.733458267700101, 45.522459742945401 ], [ -73.733461508411494, 45.522457438390703 ], [ -73.733586201454401, 45.522368921823201 ], [ -73.733807725351994, 45.522213843759701 ], [ -73.733968338714405, 45.522099734340799 ], [ -73.733982460628596, 45.522089709632901 ], [ -73.7341276053222, 45.5219865852917 ], [ -73.734144419407599, 45.521974643764104 ], [ -73.734292355440999, 45.521869531908401 ], [ -73.734306377508005, 45.521859573271001 ], [ -73.734448317761803, 45.521758722266298 ], [ -73.734468334966394, 45.521744506940998 ], [ -73.734618176804304, 45.521638046259397 ], [ -73.7347649145769, 45.5215337930278 ], [ -73.734785018852307, 45.521519511561202 ], [ -73.734915939342301, 45.521426485920102 ], [ -73.734947123909294, 45.521404334398198 ], [ -73.735066976034005, 45.521319178586303 ], [ -73.735109228304907, 45.521289157004098 ], [ -73.735217999669302, 45.521211875471202 ], [ -73.735271332038906, 45.521173979379 ], [ -73.735433447611896, 45.521058801497098 ], [ -73.735575246754905, 45.520958050424703 ], [ -73.735595550041296, 45.520943627803497 ], [ -73.735757651790806, 45.5208284494853 ], [ -73.735900608884194, 45.520726873983499 ], [ -73.735737049410304, 45.520624556017196 ], [ -73.735516915616998, 45.520486852955301 ], [ -73.735332189059605, 45.520371300125802 ], [ -73.735147475758595, 45.520255746967997 ], [ -73.734962938711604, 45.520140311777901 ], [ -73.734743021764999, 45.520002742973503 ], [ -73.734552270014305, 45.519883413839899 ], [ -73.734196686834395, 45.519660967143302 ], [ -73.734115123197199, 45.519609947117701 ], [ -73.733973527625594, 45.519521364792098 ], [ -73.733725141182006, 45.519365982929699 ], [ -73.733318055532806, 45.519111314003503 ], [ -73.733069985977806, 45.5189561189896 ], [ -73.73294519954014, 45.518878052242243 ], [ -73.733247495993666, 45.518170099803321 ], [ -73.733366840697954, 45.517292104872212 ], [ -73.733240243362701, 45.516414612114936 ], [ -73.732872580139428, 45.515571342272857 ], [ -73.732277989479741, 45.514794699506254 ], [ -73.732238946997597, 45.514761449344562 ], [ -73.732543373911497, 45.5146516157631 ], [ -73.7327660909705, 45.514571261695203 ], [ -73.734210248040299, 45.514050193667998 ], [ -73.734981245487106, 45.5137720013077 ], [ -73.735547086372193, 45.513567822384701 ], [ -73.738786474395397, 45.512398864375498 ], [ -73.740406218302397, 45.511814423220599 ], [ -73.740924349130907, 45.511627480008997 ], [ -73.741858258854506, 45.511290521913203 ], [ -73.742399230517407, 45.511095619258398 ], [ -73.745851493209003, 45.5098496053538 ], [ -73.747340430666398, 45.509312281204203 ], [ -73.748722752060701, 45.508813408688603 ], [ -73.7487784417238, 45.5087933133806 ], [ -73.748834118849402, 45.508773218072598 ], [ -73.754107793424694, 45.506869729324599 ], [ -73.7551729663152, 45.506485220538003 ], [ -73.755481979581702, 45.506681945987303 ], [ -73.757206702369928, 45.507779880384682 ], [ -73.757564275634564, 45.508599238077053 ], [ -73.75815914789014, 45.509375749450463 ], [ -73.758958063262739, 45.510055735968109 ], [ -73.759930321985621, 45.510613062255196 ], [ -73.761038558386815, 45.511026306720218 ], [ -73.762240177183159, 45.511279585361812 ], [ -73.762759044060658, 45.511314310704535 ], [ -73.763690625838805, 45.511907256262603 ] ] ], [ [ [ -73.724206933522012, 45.536052306491605 ], [ -73.72428072971087, 45.53602439929896 ], [ -73.724542936768671, 45.536079736823694 ], [ -73.72416849103746, 45.53633469253186 ], [ -73.724206933522012, 45.536052306491605 ] ] ], [ [ [ -73.716690669591429, 45.525357924385837 ], [ -73.715441613118429, 45.525273836098656 ], [ -73.714193216477597, 45.525362634573987 ], [ -73.71299344375889, 45.525620908146038 ], [ -73.711888392185529, 45.526038733730523 ], [ -73.710920522049648, 45.526600057824822 ], [ -73.710127025933915, 45.527283312932788 ], [ -73.709538399745114, 45.528062245801969 ], [ -73.709511554085424, 45.528125037684873 ], [ -73.709200351757957, 45.528008854323978 ], [ -73.707998612535576, 45.527755018699558 ], [ -73.706749515611577, 45.52767083547586 ], [ -73.705501051951529, 45.52775953903744 ], [ -73.704301188218736, 45.528017721364414 ], [ -73.70319602513085, 45.528435462877781 ], [ -73.702228027261583, 45.528996713305062 ], [ -73.701434392098491, 45.529679907981098 ], [ -73.700845620888614, 45.530458795976458 ], [ -73.700484346144151, 45.531303448318646 ], [ -73.70036446091936, 45.53218140764983 ], [ -73.700490583467342, 45.533058935216346 ], [ -73.700857878068646, 45.533902307318442 ], [ -73.701452239175353, 45.534679111415983 ], [ -73.702250832051192, 45.535359492062469 ], [ -73.703222969348914, 45.535917298735555 ], [ -73.704331290083061, 45.536331091377093 ], [ -73.705533195740756, 45.536584964910588 ], [ -73.706782488288241, 45.536669160960294 ], [ -73.708031146978072, 45.536580443189038 ], [ -73.709231175455415, 45.536322221779983 ], [ -73.710336447921762, 45.535904422262043 ], [ -73.711304483151537, 45.535343103738342 ], [ -73.71152943129708, 45.535149429802694 ], [ -73.71146907852831, 45.535592030648168 ], [ -73.711595381557132, 45.536469545105192 ], [ -73.711962864411589, 45.537312880658703 ], [ -73.712557414308378, 45.538089626171022 ], [ -73.713356189253361, 45.538769928445475 ], [ -73.71432849489824, 45.539327639970615 ], [ -73.714529098089386, 45.539402505766773 ], [ -73.713321356803206, 45.539875967267299 ], [ -73.711988684465695, 45.540529453398698 ], [ -73.711076741922497, 45.541230383939997 ], [ -73.710165600255706, 45.542124157797801 ], [ -73.7094369495763, 45.543017588912598 ], [ -73.709274727781093, 45.543176306981799 ], [ -73.707865631637503, 45.542291590207597 ], [ -73.707861742020199, 45.542289147966898 ], [ -73.707756078685904, 45.542391799176798 ], [ -73.707539843747099, 45.542788120459598 ], [ -73.7074887542135, 45.542824206740903 ], [ -73.707374166426604, 45.543004382178701 ], [ -73.707349018455503, 45.5431304049795 ], [ -73.707285519739301, 45.543274494103798 ], [ -73.707196442500305, 45.543427627953399 ], [ -73.707043468579599, 45.543616871025201 ], [ -73.7069157419552, 45.543707086121998 ], [ -73.706813428387306, 45.543743264867601 ], [ -73.706659858881494, 45.543770537892598 ], [ -73.706391004877105, 45.5437890206913 ], [ -73.706211856502094, 45.543825337691999 ], [ -73.7059561692367, 45.543942777731097 ], [ -73.705777118576805, 45.544006088972303 ], [ -73.705649487467696, 45.544123297573698 ], [ -73.705559912537893, 45.544141455527999 ], [ -73.705047124722498, 45.5439894048911 ], [ -73.704190148720002, 45.544269889278901 ], [ -73.703947326140906, 45.544405298547701 ], [ -73.703807112045297, 45.5445855161054 ], [ -73.703615478405197, 45.544711834957297 ], [ -73.703500419890304, 45.5447660301759 ], [ -73.703257236488398, 45.544802365709003 ], [ -73.703141982989095, 45.544802570721799 ], [ -73.703026697425102, 45.544793868193601 ], [ -73.702911314452706, 45.544758079742898 ], [ -73.702757352109103, 45.5446773678309 ], [ -73.702642066532604, 45.544668574030901 ], [ -73.702488621691202, 45.544731834683702 ], [ -73.702386464529397, 45.544812910122602 ], [ -73.7023738200146, 45.5448579243495 ], [ -73.702630586041195, 45.5450375273643 ], [ -73.702682165729399, 45.545136417871497 ], [ -73.702682456754502, 45.545217402636403 ], [ -73.702644297278397, 45.545289457250902 ], [ -73.702580460921396, 45.545343560660797 ], [ -73.702466013857801, 45.545568722664598 ], [ -73.702402241598094, 45.5456408225864 ], [ -73.701993508744593, 45.5459384920538 ], [ -73.701891123539596, 45.545956669776203 ], [ -73.701647837766899, 45.5459660978497 ], [ -73.701366069020693, 45.545957596520701 ], [ -73.701238103258802, 45.545984817110103 ], [ -73.701110426149597, 45.546093022316398 ], [ -73.701084974083102, 45.546138058937501 ], [ -73.701123585361998, 45.546191981142101 ], [ -73.701098229515296, 45.546264012684603 ], [ -73.700817292394504, 45.546489465967703 ], [ -73.7005871945086, 45.546606848945601 ], [ -73.700497613993704, 45.546625002931798 ], [ -73.700074493348893, 45.546481770987398 ], [ -73.699895172860806, 45.5464730865531 ], [ -73.699792690373499, 45.546464267475599 ], [ -73.699626303705401, 45.546491553447503 ], [ -73.699370590608794, 45.546608978734803 ], [ -73.698465738952549, 45.546843590674804 ], [ -73.698551141780428, 45.546643998796014 ], [ -73.698671085204822, 45.545766043499988 ], [ -73.698544961868194, 45.544888515884232 ], [ -73.698177629726089, 45.544045138035479 ], [ -73.697858851418502, 45.543628538170616 ], [ -73.698070517460678, 45.543642817864317 ], [ -73.699319344510499, 45.543554195146996 ], [ -73.700519561430426, 45.543296065253202 ], [ -73.701625035174757, 45.542878350194073 ], [ -73.702593276777534, 45.542317105826932 ], [ -73.703387075128234, 45.541633904334823 ], [ -73.703975927297634, 45.540855004629236 ], [ -73.704337210398165, 45.540010342646845 ], [ -73.704457049998112, 45.539132380432335 ], [ -73.704330851865365, 45.538254858311809 ], [ -73.703963476825464, 45.537411498159933 ], [ -73.703369052272834, 45.536634707610489 ], [ -73.702570427835809, 45.535954334987878 ], [ -73.701598296330943, 45.535396522755313 ], [ -73.700490013932054, 45.534982703464436 ], [ -73.699288164942985, 45.534728776701797 ], [ -73.698038926276055, 45.534644498572206 ], [ -73.696790294340474, 45.534733107105588 ], [ -73.695590242261531, 45.534991197932442 ], [ -73.694484877989382, 45.535408854989228 ], [ -73.693516673823837, 45.535970031248951 ], [ -73.692722835175928, 45.536653164897288 ], [ -73.692133871109775, 45.53743200735137 ], [ -73.691772421548237, 45.538276631390566 ], [ -73.691652386265147, 45.539154580746647 ], [ -73.691778389283655, 45.540032117051112 ], [ -73.692145599482586, 45.540875516269928 ], [ -73.692464323387568, 45.541292130641914 ], [ -73.692252664186839, 45.541277842269487 ], [ -73.691003876166931, 45.541366387704429 ], [ -73.689803656406411, 45.541624417711503 ], [ -73.688698119294756, 45.542042018564061 ], [ -73.687729743769651, 45.54260314539512 ], [ -73.6869357418243, 45.543286238290577 ], [ -73.686346628796628, 45.544065050234785 ], [ -73.68598505033421, 45.544909655180966 ], [ -73.685864911166476, 45.545787597596082 ], [ -73.685990839312197, 45.546665139379684 ], [ -73.686358006531904, 45.547508556288037 ], [ -73.686952312182967, 45.548285434060425 ], [ -73.687503139600551, 45.548754782729745 ], [ -73.687403935610504, 45.5488248370091 ], [ -73.687135439235902, 45.548960252545101 ], [ -73.6865982044215, 45.549159095244697 ], [ -73.6863550508521, 45.549213482317001 ], [ -73.686214352582397, 45.549267701904498 ], [ -73.686047980701403, 45.549303966418499 ], [ -73.685740731737496, 45.549340459836998 ], [ -73.685625468844094, 45.5493406471914 ], [ -73.685177017414901, 45.549278386516498 ], [ -73.684818215694307, 45.549215979073097 ], [ -73.684690028209701, 45.549180192961202 ], [ -73.684420317112497, 45.548946671386098 ], [ -73.684356194365606, 45.548919779812401 ], [ -73.684215318535607, 45.548920007076298 ], [ -73.684099821489497, 45.548848206400699 ], [ -73.683894706050694, 45.548785548268803 ], [ -73.683741053006699, 45.548794793874499 ], [ -73.683331525825906, 45.548885435431799 ], [ -73.682845010004499, 45.548931206981997 ], [ -73.682448229078005, 45.549003828251301 ], [ -73.682102558621494, 45.549040373244097 ], [ -73.681373113880795, 45.549212502534601 ], [ -73.681159413117726, 45.549245031712708 ], [ -73.681149509161187, 45.549232083623863 ], [ -73.680350973408295, 45.548551557031089 ], [ -73.67937884354231, 45.547993556941464 ], [ -73.678270475681629, 45.547579523123282 ], [ -73.67706845741786, 45.547325363403431 ], [ -73.675818972167306, 45.547240842834555 ], [ -73.674570025809643, 45.547329208758789 ], [ -73.673654416765274, 45.547525886664936 ], [ -73.672488082271599, 45.547608385727358 ], [ -73.671287644483968, 45.547866221226514 ], [ -73.671047796347437, 45.54795676025963 ], [ -73.670688800998093, 45.547131559422297 ], [ -73.670094731337642, 45.546354596542194 ], [ -73.669296369598371, 45.545673992079799 ], [ -73.66832439851629, 45.545115897407726 ], [ -73.667216168112731, 45.544701755928997 ], [ -73.666014260701715, 45.544447479606923 ], [ -73.664764855443451, 45.544362837973551 ], [ -73.66351595514621, 45.544451083021443 ], [ -73.662315543239714, 45.544708824343608 ], [ -73.6612097414895, 45.545126159303159 ], [ -73.660241038992609, 45.545687053248663 ], [ -73.65944666029587, 45.546369955215106 ], [ -73.65885713520467, 45.547148625525594 ], [ -73.658675319385438, 45.547572776065905 ], [ -73.658486029067063, 45.54750202400048 ], [ -73.657284101057741, 45.54724765597706 ], [ -73.656171631782044, 45.547172209192496 ], [ -73.656736779470009, 45.546686421740169 ], [ -73.657326329051145, 45.545907762276343 ], [ -73.657688343272838, 45.545063247611225 ], [ -73.657808919598637, 45.544185334136138 ], [ -73.657801078984619, 45.544130500760453 ], [ -73.657848188167875, 45.544103225634011 ], [ -73.658642554398611, 45.543420334528065 ], [ -73.659232043627952, 45.542641664863169 ], [ -73.659594008471458, 45.541797143740752 ], [ -73.659662352616081, 45.541299379473031 ], [ -73.659887898878424, 45.540773127877564 ], [ -73.660008431976863, 45.539895211477571 ], [ -73.659882923375889, 45.539017639442385 ], [ -73.659516207406924, 45.538174135573293 ], [ -73.658922386147509, 45.537397113034132 ], [ -73.6581242860575, 45.536716429069223 ], [ -73.657152579821499, 45.536158238108015 ], [ -73.656044607288621, 45.535743987254648 ], [ -73.654842940869869, 45.535489592675439 ], [ -73.653593750471344, 45.535404828445905 ], [ -73.65234503065048, 45.535492951267976 ], [ -73.651144757905698, 45.535750575429368 ], [ -73.650039048656424, 45.536167802793145 ], [ -73.649420164415346, 45.53652610212994 ], [ -73.649966045471118, 45.535805148338412 ], [ -73.650328105503235, 45.534960655441324 ], [ -73.650448775204708, 45.534082748058111 ], [ -73.650323428435868, 45.533205164417858 ], [ -73.650103540975039, 45.532699120394078 ], [ -73.650254889808693, 45.532828241853942 ], [ -73.651226470522872, 45.533386491976458 ], [ -73.652334361463616, 45.5338007898388 ], [ -73.653535980653643, 45.53405521094367 ], [ -73.654785141081234, 45.534139975864306 ], [ -73.656033827081856, 45.534051826392265 ], [ -73.65723404124823, 45.533794150861347 ], [ -73.658339650634971, 45.533376853814083 ], [ -73.659308161051442, 45.532815975038119 ], [ -73.660102351040038, 45.532133072664152 ], [ -73.660691702602236, 45.531354394109101 ], [ -73.661053573640828, 45.530509866814604 ], [ -73.661174067115326, 45.529631947655652 ], [ -73.661130564033684, 45.529327756028628 ], [ -73.661912999911394, 45.529555863715601 ], [ -73.662847515887577, 45.529828268815507 ], [ -73.662515001065842, 45.530604359339257 ], [ -73.662394526422915, 45.531482279736778 ], [ -73.662520056994708, 45.532359850144033 ], [ -73.662886779813917, 45.53320334522224 ], [ -73.663480611314441, 45.533980347711477 ], [ -73.663550421961943, 45.534039882681448 ], [ -73.663311544249026, 45.534597404401978 ], [ -73.663191073649728, 45.535475325018076 ], [ -73.663316625665857, 45.536352893904734 ], [ -73.663683386508282, 45.537196385781314 ], [ -73.664277271151477, 45.537973383510497 ], [ -73.665075463183484, 45.538654024208235 ], [ -73.666047290676872, 45.539212147359464 ], [ -73.667155404566699, 45.539626300742107 ], [ -73.668357214300784, 45.539880565412119 ], [ -73.669606525538583, 45.539965167956346 ], [ -73.669770201476226, 45.539953593183547 ], [ -73.669830272973584, 45.540091703066707 ], [ -73.670424272784103, 45.540868668277639 ], [ -73.671222579927303, 45.541549265510866 ], [ -73.672194518049864, 45.542107335921088 ], [ -73.673302733832557, 45.542521429312806 ], [ -73.674504632804414, 45.542775629047796 ], [ -73.675754017192702, 45.542860164209067 ], [ -73.677002862719405, 45.542771785421493 ], [ -73.677674144889082, 45.542627554597622 ], [ -73.678777258230809, 45.542702163598442 ], [ -73.680026095421255, 45.542613751769828 ], [ -73.681226381263514, 45.542355824436726 ], [ -73.682331980059146, 45.541938295822817 ], [ -73.683300398030099, 45.541377214618272 ], [ -73.683496592941964, 45.541208434776834 ], [ -73.684731032343336, 45.541291863228714 ], [ -73.685979828778613, 45.541203386353637 ], [ -73.687180057206945, 45.540945396489775 ], [ -73.688285584138413, 45.540527810264649 ], [ -73.689253918559189, 45.539966678582886 ], [ -73.690047845786594, 45.539283569296302 ], [ -73.690636857933001, 45.538504737773138 ], [ -73.690998325957565, 45.537660117331058 ], [ -73.691118368317859, 45.536782168420359 ], [ -73.690992382987304, 45.535904630858397 ], [ -73.690625222613363, 45.53506122711579 ], [ -73.690031006342977, 45.534284366503854 ], [ -73.689626512516156, 45.533939634595264 ], [ -73.690641199819794, 45.534008167468038 ], [ -73.691889825593947, 45.533919626146826 ], [ -73.693089871953191, 45.533661574154927 ], [ -73.694195212409383, 45.533243930507801 ], [ -73.695163363119306, 45.532682748316574 ], [ -73.695957116463447, 45.531999597373307 ], [ -73.696545971237924, 45.531220734645913 ], [ -73.696907304449283, 45.530376094649711 ], [ -73.697027239733572, 45.529498138584962 ], [ -73.696901179175327, 45.528620606542589 ], [ -73.69653397830821, 45.527777220780223 ], [ -73.69644181223839, 45.527656731079567 ], [ -73.696526501845597, 45.527626363511601 ], [ -73.696617909135398, 45.527593591439199 ], [ -73.696751027316196, 45.527545861447202 ], [ -73.696779877259104, 45.527535517205699 ], [ -73.696904884745905, 45.5274905558841 ], [ -73.697040374315506, 45.5274418196921 ], [ -73.697278076717097, 45.527356315744598 ], [ -73.697524200411294, 45.527267787023597 ], [ -73.697649987079501, 45.527222537943601 ], [ -73.697752983220994, 45.527186432023598 ], [ -73.697849486035295, 45.527150776631601 ], [ -73.698222380081603, 45.527016639364703 ], [ -73.698371208756299, 45.526963084864903 ], [ -73.698408355003707, 45.526949716087202 ], [ -73.698496912987395, 45.5269178877179 ], [ -73.698748838865697, 45.526827263633002 ], [ -73.699046069535797, 45.526720342737903 ], [ -73.699231874022004, 45.526653501894302 ], [ -73.6995292280006, 45.526546614673698 ], [ -73.699638835605199, 45.526505328453901 ], [ -73.701703224013201, 45.525765112185802 ], [ -73.702783279018206, 45.525376743515402 ], [ -73.703720629580104, 45.5250392791095 ], [ -73.703788849129097, 45.525014719399501 ], [ -73.704583925804599, 45.524728464702299 ], [ -73.705669058226405, 45.524337761649797 ], [ -73.706758844939998, 45.523945374606399 ], [ -73.706976456331503, 45.523867483578499 ], [ -73.707089200773297, 45.523827129162299 ], [ -73.707218737123597, 45.523780759888503 ], [ -73.708893143819793, 45.523177440564503 ], [ -73.708909779378899, 45.523171456611401 ], [ -73.709206684167796, 45.5230645669224 ], [ -73.710624106470604, 45.5239690186676 ], [ -73.710641873027299, 45.523980281950003 ], [ -73.710659674284997, 45.523991518129598 ], [ -73.710677510160806, 45.524002727153501 ], [ -73.710695380570598, 45.524013908968001 ], [ -73.710714848165395, 45.524026034687303 ], [ -73.710734356419493, 45.524038128075901 ], [ -73.710753905227904, 45.524050189066401 ], [ -73.710773494481799, 45.524062217591798 ], [ -73.710793124072097, 45.524074213584903 ], [ -73.710812793885793, 45.524086176978798 ], [ -73.710836905176805, 45.524100833667902 ], [ -73.710861076683699, 45.5241154412683 ], [ -73.710885308208205, 45.524129999659003 ], [ -73.710909599547705, 45.524144508718102 ], [ -73.710933950498898, 45.5241589683244 ], [ -73.7109583608581, 45.5241733783567 ], [ -73.710982830421102, 45.5241877386946 ], [ -73.711007358983096, 45.524202049217799 ], [ -73.711031946338906, 45.524216309806398 ], [ -73.711056592282901, 45.524230520341398 ], [ -73.711081296608697, 45.524244680703703 ], [ -73.711106059109696, 45.524258790774802 ], [ -73.711130879578803, 45.524272850436702 ], [ -73.7111557578082, 45.524286859571497 ], [ -73.711180693589796, 45.524300818062201 ], [ -73.711205686715104, 45.524314725792102 ], [ -73.711230736970705, 45.524328582643101 ], [ -73.711256208939702, 45.524342588474902 ], [ -73.711281739283194, 45.5243565417057 ], [ -73.711307327777305, 45.524370442211001 ], [ -73.711332974201596, 45.524384289871001 ], [ -73.711358678335202, 45.5243980845664 ], [ -73.711384439956703, 45.5244118261785 ], [ -73.711410258844495, 45.524425514588799 ], [ -73.711436134775994, 45.524439149679502 ], [ -73.711462067528402, 45.524452731333099 ], [ -73.711488056878494, 45.5244662594327 ], [ -73.711514102602393, 45.524479733861703 ], [ -73.711540204475696, 45.524493154504 ], [ -73.7115663622738, 45.524506521244099 ], [ -73.711592575771405, 45.524519833966899 ], [ -73.711618844742702, 45.524533092557498 ], [ -73.711645168961397, 45.524546296902002 ], [ -73.711671548200997, 45.524559446886499 ], [ -73.711697982234099, 45.524572542397799 ], [ -73.711724470833204, 45.524585583323002 ], [ -73.711751013770098, 45.524598569549902 ], [ -73.711777610816299, 45.5246115009666 ], [ -73.711804261742699, 45.524624377461599 ], [ -73.711830966319695, 45.524637198924196 ], [ -73.711857724317497, 45.524649965243803 ], [ -73.711884535505405, 45.524662676310498 ], [ -73.711911399652806, 45.524675332014802 ], [ -73.711938316528105, 45.524687932247801 ], [ -73.711965285899694, 45.524700476900797 ], [ -73.711992307539106, 45.524712965870101 ], [ -73.712000467509498, 45.524716721611398 ], [ -73.712008632211294, 45.524720472270197 ], [ -73.712016801634704, 45.524724217846199 ], [ -73.712024975776799, 45.524727958334097 ], [ -73.712037406078693, 45.524733632594902 ], [ -73.712049847228002, 45.524739295095699 ], [ -73.712062299202898, 45.524744945828402 ], [ -73.712074761980205, 45.524750584780598 ], [ -73.712101244679999, 45.5247625120425 ], [ -73.712127775710201, 45.524774386121997 ], [ -73.712154354852601, 45.524786206924801 ], [ -73.712180981890498, 45.524797974354499 ], [ -73.712207656607106, 45.5248096883155 ], [ -73.712234378784999, 45.524821348712003 ], [ -73.712261148206593, 45.524832955449199 ], [ -73.712287964653797, 45.524844508432601 ], [ -73.712314827908102, 45.524856007567998 ], [ -73.712341737750805, 45.524867452761498 ], [ -73.712368693962503, 45.524878843920199 ], [ -73.712395696325899, 45.524890180948603 ], [ -73.712423738366198, 45.524901876892699 ], [ -73.712451829522294, 45.524913514457403 ], [ -73.712479969550202, 45.524925093544198 ], [ -73.712508158203505, 45.524936614051498 ], [ -73.712536395235603, 45.524948075878399 ], [ -73.712564680398998, 45.5249594789246 ], [ -73.712593013446195, 45.5249708230902 ], [ -73.712621394129101, 45.5249821082759 ], [ -73.712649822199197, 45.524993334382899 ], [ -73.712678297407507, 45.525004501312999 ], [ -73.712706819504902, 45.525015608968097 ], [ -73.712735388241498, 45.525026657251402 ], [ -73.712764003367298, 45.525037646065599 ], [ -73.712792664631493, 45.525048575314898 ], [ -73.712821371783406, 45.525059444903498 ], [ -73.712850124571602, 45.5250702547361 ], [ -73.712878921038794, 45.525081002879602 ], [ -73.713091276275193, 45.5251600107635 ], [ -73.714625457124001, 45.523991020103402 ], [ -73.715609814377103, 45.524616281783899 ], [ -73.7158008874449, 45.524737649784299 ], [ -73.716579581022799, 45.5252322566201 ], [ -73.716820639506579, 45.525385367498622 ], [ -73.716690669591429, 45.525357924385837 ] ] ], [ [ [ -73.662465545438593, 45.569910148113202 ], [ -73.662466245884403, 45.570153101890199 ], [ -73.662505563347906, 45.570458988999398 ], [ -73.662570555191706, 45.5705237798444 ], [ -73.662550721378096, 45.570546515339203 ], [ -73.662357577261503, 45.570689709486601 ], [ -73.662303940855395, 45.570726408882201 ], [ -73.662247283336598, 45.570776460656703 ], [ -73.662199098561402, 45.570827509984902 ], [ -73.662164860177597, 45.570871223858397 ], [ -73.662096826513505, 45.5709933808741 ], [ -73.6619749801296, 45.571231618741798 ], [ -73.6619294697621, 45.571339697330302 ], [ -73.661917074197206, 45.5713990336438 ], [ -73.661923183384502, 45.5714464317481 ], [ -73.661758839300106, 45.571999519696298 ], [ -73.6617578872699, 45.572024037871998 ], [ -73.661755035285907, 45.5721275891974 ], [ -73.661939201758202, 45.572214372639799 ], [ -73.661936880532195, 45.572453454128301 ], [ -73.661930611297805, 45.572610773462003 ], [ -73.661928677581699, 45.572659253756598 ], [ -73.661905271664693, 45.572812537330599 ], [ -73.661890043955495, 45.572910134898798 ], [ -73.661886637055602, 45.572931958854099 ], [ -73.661868478364596, 45.573011022231498 ], [ -73.661843364903405, 45.573120376604997 ], [ -73.661824327877, 45.573203260104101 ], [ -73.661809111984795, 45.5732595490514 ], [ -73.661767337285198, 45.573379747481098 ], [ -73.661733433505603, 45.573477303076501 ], [ -73.661718192020501, 45.573521160866903 ], [ -73.6616968077156, 45.573574236230002 ], [ -73.661657958650594, 45.5736706650112 ], [ -73.661619108176893, 45.5737670955791 ], [ -73.661611940587903, 45.573784888197402 ], [ -73.661579485742706, 45.573863349057298 ], [ -73.661539688813704, 45.573959564973997 ], [ -73.661499891749301, 45.574055780875398 ], [ -73.661457159396903, 45.5741516319789 ], [ -73.661414554245198, 45.574247210236003 ], [ -73.661386189777005, 45.574310843225298 ], [ -73.661370142694594, 45.5743438024382 ], [ -73.661322679570802, 45.574439701561303 ], [ -73.661275462455094, 45.574535657905002 ], [ -73.661258751755497, 45.574569587156702 ], [ -73.661231173511894, 45.574632274170703 ], [ -73.661201067026994, 45.5747007092709 ], [ -73.661122517253702, 45.574692818782303 ], [ -73.661111839037702, 45.5747161142897 ], [ -73.662406300365603, 45.574988953176003 ], [ -73.662485450694405, 45.574908096024402 ], [ -73.662497051372398, 45.574904954407998 ], [ -73.662521000864501, 45.574891962761598 ], [ -73.662533951646296, 45.574874036785097 ], [ -73.662536009156895, 45.574853968509998 ], [ -73.662536048321797, 45.574832012560002 ], [ -73.662548017300793, 45.574805981394398 ], [ -73.662566045504803, 45.574787959105898 ], [ -73.662576984090904, 45.574768957089297 ], [ -73.662582000307296, 45.574748972785798 ], [ -73.662601019048296, 45.574715013961303 ], [ -73.662628955560095, 45.574689958871197 ], [ -73.662689020965601, 45.5745919617517 ], [ -73.662715986369193, 45.574558990402998 ], [ -73.662742019605204, 45.574535997710498 ], [ -73.662751040409802, 45.574514028963598 ], [ -73.662787966908297, 45.5744519689406 ], [ -73.662807014312307, 45.574428007170503 ], [ -73.662812991369705, 45.5744080214862 ], [ -73.662831944828298, 45.574387029290598 ], [ -73.662844977055897, 45.574361005574701 ], [ -73.662864022623495, 45.574331994841003 ], [ -73.662881944404106, 45.574318021895998 ], [ -73.662932004212095, 45.574268999657498 ], [ -73.662943030737395, 45.574245039405398 ], [ -73.662974966874302, 45.5742119700204 ], [ -73.662995991080294, 45.574176036734301 ], [ -73.663006962672299, 45.574133989933898 ], [ -73.663033051614505, 45.574125044368799 ], [ -73.663048006298993, 45.574109006018404 ], [ -73.663063022481595, 45.574077031556101 ], [ -73.663066023833693, 45.5740520119463 ], [ -73.663073041448698, 45.574033015476701 ], [ -73.663116989719896, 45.573989040937199 ], [ -73.663139025236305, 45.573971003835197 ], [ -73.663165005638007, 45.573929034564998 ], [ -73.663220040867799, 45.573882965537301 ], [ -73.663232967628801, 45.573860000454097 ], [ -73.663258989908599, 45.573832968311201 ], [ -73.663282971680601, 45.573791983585998 ], [ -73.663310944472897, 45.573708979098299 ], [ -73.663330004185298, 45.573685006422302 ], [ -73.663362039979404, 45.573652027666299 ], [ -73.663395988900902, 45.573623994340501 ], [ -73.663464015173602, 45.573576016963599 ], [ -73.663494995693796, 45.573545018410201 ], [ -73.663649040921698, 45.5733870393004 ], [ -73.663904971804499, 45.573012036330198 ], [ -73.663925958965194, 45.572998958651901 ], [ -73.663941961807396, 45.5729769797858 ], [ -73.663966024177398, 45.5729639876701 ], [ -73.663997027367998, 45.5729409884513 ], [ -73.664056025568698, 45.572913997861299 ], [ -73.664128992649907, 45.572896976207403 ], [ -73.664179036467502, 45.572878008723301 ], [ -73.664252956989799, 45.572858007175697 ], [ -73.664309042376701, 45.572851987629299 ], [ -73.664375969568795, 45.572823996553502 ], [ -73.664448004311197, 45.572812015096602 ], [ -73.664534011821004, 45.572806042345 ], [ -73.664583988205095, 45.572800031462201 ], [ -73.664766033933901, 45.572785010893597 ], [ -73.664786949400806, 45.572783001994203 ], [ -73.664811990433606, 45.572780986239202 ], [ -73.66492103953, 45.5727780384805 ], [ -73.665025008177807, 45.572771041514002 ], [ -73.665124948060196, 45.572794031780802 ], [ -73.665202978483407, 45.5728090361428 ], [ -73.6652960532858, 45.572831037373902 ], [ -73.665388030298999, 45.572877974464497 ], [ -73.665435971294997, 45.572904000176401 ], [ -73.665462965566803, 45.572954981557103 ], [ -73.665498037444195, 45.572986972871703 ], [ -73.665526052053096, 45.573024996077301 ], [ -73.665585017639899, 45.573096996165503 ], [ -73.665607970870298, 45.573137005417102 ], [ -73.665615011461497, 45.573161028823201 ], [ -73.665638004410098, 45.573180972657099 ], [ -73.665697992483899, 45.573241993252203 ], [ -73.665750994120799, 45.573293026819002 ], [ -73.6657990031824, 45.573342006991602 ], [ -73.665819030412706, 45.573358984747401 ], [ -73.665844046056407, 45.573383963762303 ], [ -73.665863005947699, 45.573400042327897 ], [ -73.665880946031393, 45.573427021135899 ], [ -73.665898980789606, 45.5734500306447 ], [ -73.665946979396594, 45.5735310447863 ], [ -73.666001978029399, 45.573580005719599 ], [ -73.666017998359095, 45.573598968892597 ], [ -73.666029044814806, 45.573617047558798 ], [ -73.666044950208502, 45.573637001609796 ], [ -73.666078011949395, 45.573704000025799 ], [ -73.666107952987304, 45.5737850313485 ], [ -73.666096960612293, 45.573820958722898 ], [ -73.666082011426994, 45.573838977095498 ], [ -73.666075019214404, 45.573871021276197 ], [ -73.666056970529894, 45.573915959022699 ], [ -73.666032030902102, 45.573952978362897 ], [ -73.666004014209705, 45.573984972108804 ], [ -73.665985962001599, 45.574023961059901 ], [ -73.665991021613905, 45.574056977537502 ], [ -73.665974794134399, 45.5740816925017 ], [ -73.665975457243206, 45.5740893221124 ], [ -73.665911473602904, 45.574116410012202 ], [ -73.6658731681581, 45.574161457230801 ], [ -73.665784088612796, 45.574368547860502 ], [ -73.665541493513899, 45.574656845835797 ], [ -73.665477535181296, 45.5746928408877 ], [ -73.665324415963397, 45.5749091130861 ], [ -73.665132777600505, 45.575098354924201 ], [ -73.665094629068406, 45.575197391548102 ], [ -73.665043509348607, 45.575242456998197 ], [ -73.664979497602303, 45.575260546094299 ], [ -73.664915907230693, 45.575422607610903 ], [ -73.664864760833495, 45.575458674701402 ], [ -73.664749891697895, 45.575611811796698 ], [ -73.664647677169995, 45.5757109406387 ], [ -73.664443509672196, 45.5759991808224 ], [ -73.664214081017406, 45.5764134333511 ], [ -73.663958839187103, 45.5767647342403 ], [ -73.663741458769394, 45.576918017369302 ], [ -73.663549938877594, 45.577152247883497 ], [ -73.6634859505929, 45.577179334416499 ], [ -73.663421831738802, 45.577161429532197 ], [ -73.663345056138994, 45.577197532592102 ], [ -73.663153299120097, 45.577350777949 ], [ -73.662993260793897, 45.577439052954084 ], [ -73.66265514379792, 45.576661979661289 ], [ -73.662060872323494, 45.575884979309734 ], [ -73.66176863422092, 45.575635927432252 ], [ -73.661764442848195, 45.575607080007401 ], [ -73.661777074959701, 45.575544073905903 ], [ -73.661827359159105, 45.575499748965598 ], [ -73.661584544892094, 45.575427367884402 ], [ -73.661729078375799, 45.575120799907097 ], [ -73.661577599346501, 45.575088872634801 ], [ -73.661533054918195, 45.575189408779799 ], [ -73.661389717556105, 45.575159195917898 ], [ -73.661434262216503, 45.575058659828102 ], [ -73.661161011355603, 45.575001084604601 ], [ -73.661173656031906, 45.575122005967202 ], [ -73.661212223357197, 45.575166943131499 ], [ -73.661215786548993, 45.575177688135781 ], [ -73.660289786270383, 45.574646163117585 ], [ -73.659351002650084, 45.574295444985133 ], [ -73.659451396837568, 45.573564697807996 ], [ -73.659325820500158, 45.572687130443185 ], [ -73.658958892429993, 45.571843630060208 ], [ -73.658364722872307, 45.571066609686433 ], [ -73.658063039241455, 45.570809461689834 ], [ -73.658153354276465, 45.570757195836563 ], [ -73.658948091571332, 45.570074305308196 ], [ -73.659224017290299, 45.569709998616496 ], [ -73.660465809910491, 45.569794146430354 ], [ -73.661715276499308, 45.569705934348278 ], [ -73.662555663166899, 45.569525579354327 ], [ -73.662465545438593, 45.569910148113202 ] ] ], [ [ [ -73.648496838343917, 45.530526880017696 ], [ -73.648716704951553, 45.531032925717284 ], [ -73.648575625727389, 45.530912560240175 ], [ -73.648595698398594, 45.530879706177103 ], [ -73.6486181038495, 45.530844481079697 ], [ -73.648310683722798, 45.530754986102103 ], [ -73.648301978258857, 45.530752451759966 ], [ -73.64820369691509, 45.530695975000434 ], [ -73.648457562958782, 45.530251818257689 ], [ -73.648496838343917, 45.530526880017696 ] ] ], [ [ [ -73.648295533811506, 45.570088630524438 ], [ -73.648597171558109, 45.570345801327278 ], [ -73.648506845808939, 45.57039806272121 ], [ -73.64771197724167, 45.571080880734776 ], [ -73.647122032299166, 45.571859487627236 ], [ -73.64675968859467, 45.572703965239285 ], [ -73.646702943173693, 45.573116326513357 ], [ -73.646325651652248, 45.573142914476918 ], [ -73.645124549919345, 45.573400474703803 ], [ -73.644997216913495, 45.573448481532004 ], [ -73.645137670459235, 45.573121173357997 ], [ -73.64574267176576, 45.572601514499141 ], [ -73.646332643528581, 45.571822914798432 ], [ -73.646694988004072, 45.570978438409249 ], [ -73.646815789974639, 45.57010054025573 ], [ -73.646735876951155, 45.569541161911019 ], [ -73.647024797984443, 45.569602314481678 ], [ -73.647972982421265, 45.569666668729297 ], [ -73.648295533811506, 45.570088630524438 ] ] ], [ [ [ -73.648232337089425, 45.537469090181808 ], [ -73.64769833418363, 45.538174300319049 ], [ -73.647390340883859, 45.537911552069879 ], [ -73.647613423335699, 45.537827386332111 ], [ -73.648232337089425, 45.537469090181808 ] ] ], [ [ [ -73.643899741853588, 45.545858134840294 ], [ -73.643728948828809, 45.546083623411491 ], [ -73.643747881973127, 45.545946026725893 ], [ -73.643899741853588, 45.545858134840294 ] ] ], [ [ [ -73.641231117254605, 45.577976319778401 ], [ -73.640505021416303, 45.577671892028597 ], [ -73.640453597063797, 45.577710211275701 ], [ -73.640154572382698, 45.5775215227941 ], [ -73.636843501679948, 45.576140009249357 ], [ -73.637756025049853, 45.576333209827958 ], [ -73.639006099357658, 45.576418145601053 ], [ -73.64025574697385, 45.576330168124393 ], [ -73.641456933510796, 45.57607265912025 ], [ -73.641584274028517, 45.576024655069958 ], [ -73.641301187873964, 45.576684205962934 ], [ -73.641180286098091, 45.57756209738811 ], [ -73.641239959476664, 45.577980026905891 ], [ -73.641231117254605, 45.577976319778401 ] ] ], [ [ [ -73.62962863279742, 45.557768682046287 ], [ -73.630010689149543, 45.557264583866498 ], [ -73.630571935737748, 45.557474510938803 ], [ -73.631227924663847, 45.557613481782788 ], [ -73.631145482758299, 45.55821153208263 ], [ -73.631204278703976, 45.558623981165987 ], [ -73.630559346741293, 45.558344721187801 ], [ -73.629494612156194, 45.557883780843632 ], [ -73.62962863279742, 45.557768682046287 ] ] ] ] } },
{ "type": "Feature", "properties": { "arrondissement": "Le Sud-Ouest", "pct_couverture": 71.8, "nb_bornes": 164 }, "geometry": { "type": "MultiPolygon", "coordinates": [ [ [ [ -73.629783892849659, 45.449089105398947 ], [ -73.628816520965955, 45.449649740859471 ], [ -73.628023108641656, 45.45033243477102 ], [ -73.627434148520734, 45.451110955440377 ], [ -73.627072280323318, 45.451955388010063 ], [ -73.626951419853455, 45.452833283573831 ], [ -73.627076222790222, 45.453710905840417 ], [ -73.627441904086069, 45.454554527486998 ], [ -73.628034420169612, 45.455331726401475 ], [ -73.628330907662772, 45.45558515757596 ], [ -73.626204808450495, 45.457490952641699 ], [ -73.624324778096593, 45.458658953449202 ], [ -73.6199617859412, 45.461749945265602 ], [ -73.619792771737394, 45.4616749873137 ], [ -73.618227797579706, 45.462230000283803 ], [ -73.618132363275109, 45.462270318454046 ], [ -73.617670557308358, 45.462004417071959 ], [ -73.616564328007016, 45.461589776149054 ], [ -73.615364415502967, 45.461334961224814 ], [ -73.614116922346213, 45.461249762527636 ], [ -73.612869777916529, 45.461337453450255 ], [ -73.611670898210875, 45.461594664868514 ], [ -73.610566346142292, 45.462011514494883 ], [ -73.609598562792868, 45.462571986314039 ], [ -73.608804737375749, 45.463254545569875 ], [ -73.608706332012019, 45.463384518513728 ], [ -73.607771576760939, 45.46392582466278 ], [ -73.606977710303099, 45.464608371096851 ], [ -73.606587254845607, 45.465124040577322 ], [ -73.606540600717011, 45.465134046981085 ], [ -73.605435941678365, 45.465550846835221 ], [ -73.604468046915997, 45.46611127493766 ], [ -73.603674109922082, 45.466793798212613 ], [ -73.603125850274978, 45.467517777772358 ], [ -73.602810123784465, 45.467539947057894 ], [ -73.601611066720551, 45.467797052767288 ], [ -73.60142157288513, 45.467868536931526 ], [ -73.60116458896772, 45.467275137595571 ], [ -73.600572316415324, 45.46649780072687 ], [ -73.600465389110823, 45.46640635321225 ], [ -73.600988815485465, 45.466208895287856 ], [ -73.601956746443392, 45.465648496644519 ], [ -73.602750688130072, 45.464965985164568 ], [ -73.603340132057639, 45.464187593236211 ], [ -73.603702432537119, 45.463343237284704 ], [ -73.603823675978333, 45.462465367604587 ], [ -73.603699214147525, 45.46158772098304 ], [ -73.603333841108878, 45.460744024100478 ], [ -73.603206790254447, 45.460577265631649 ], [ -73.60323121547485, 45.460400416943358 ], [ -73.603762103323476, 45.460286562731767 ], [ -73.604866671992554, 45.459869778759739 ], [ -73.60583445611735, 45.459309346764329 ], [ -73.606628262137633, 45.458626807694813 ], [ -73.607217586779939, 45.457848394998614 ], [ -73.607579788938608, 45.457004025897938 ], [ -73.607700958799626, 45.45612615119154 ], [ -73.607576450953516, 45.455248507858883 ], [ -73.607389882347832, 45.454817720677156 ], [ -73.607968439564004, 45.455081904221601 ], [ -73.611470138532695, 45.456680734194997 ], [ -73.611955083896305, 45.456902073670904 ], [ -73.612921214134303, 45.457343024918202 ], [ -73.613047523678503, 45.457400672701397 ], [ -73.613197361531107, 45.457469491806698 ], [ -73.613226276027504, 45.4574827717367 ], [ -73.613334917193001, 45.457531137066503 ], [ -73.613428301739901, 45.457572710211302 ], [ -73.613669908727701, 45.4576802687263 ], [ -73.614986981637799, 45.457103896148503 ], [ -73.615512534271502, 45.456870848295203 ], [ -73.617369088301103, 45.456055293630499 ], [ -73.618502000131897, 45.455556752853902 ], [ -73.619259516411503, 45.455224660879203 ], [ -73.619708861271405, 45.455030163551903 ], [ -73.619855082446506, 45.454966101696598 ], [ -73.620000256787904, 45.454900848846798 ], [ -73.620144355027406, 45.4548344178272 ], [ -73.620287348323899, 45.4547668219355 ], [ -73.620429208282502, 45.454698074934001 ], [ -73.620491954517803, 45.454666801700299 ], [ -73.620554516179098, 45.454635344661298 ], [ -73.620616891638903, 45.454603704628298 ], [ -73.620679079278801, 45.4545718824224 ], [ -73.620741077490493, 45.454539878873902 ], [ -73.6208340212698, 45.454491430987098 ], [ -73.620926461514699, 45.454442502846902 ], [ -73.621018390731905, 45.454393098359802 ], [ -73.621109801510698, 45.454343221509198 ], [ -73.621200686523906, 45.4542928763547 ], [ -73.621301070864604, 45.454237334005803 ], [ -73.621400752413805, 45.454181159671798 ], [ -73.621499719167204, 45.454124359996001 ], [ -73.621597959290696, 45.4540669417716 ], [ -73.621695461124801, 45.454008911938999 ], [ -73.621765789826995, 45.453965705573097 ], [ -73.621835755661195, 45.453922205797198 ], [ -73.621905354931002, 45.453878414882801 ], [ -73.6219745839783, 45.453834335131901 ], [ -73.622043439184395, 45.453789968876897 ], [ -73.622122905565803, 45.453737860944798 ], [ -73.622201859372794, 45.453685364508303 ], [ -73.622280294873903, 45.453632483327098 ], [ -73.622358206411903, 45.453579221215897 ], [ -73.622435588405594, 45.453525582044499 ], [ -73.622528562327304, 45.453460619522502 ], [ -73.622621655539206, 45.4533957415914 ], [ -73.622714867808, 45.453330948414198 ], [ -73.622808198899307, 45.453266240153397 ], [ -73.622901648578406, 45.4532016169711 ], [ -73.623489777023295, 45.452788080111503 ], [ -73.6239381900495, 45.452471565030798 ], [ -73.624556851554601, 45.452034237287499 ], [ -73.625151161325505, 45.451613683118701 ], [ -73.625617428465304, 45.4512850586026 ], [ -73.626113953831506, 45.450932573302701 ], [ -73.626237102225602, 45.450843149852098 ], [ -73.626357646862701, 45.450751931773397 ], [ -73.626475509401402, 45.450658975963499 ], [ -73.626590614879703, 45.450564341554099 ], [ -73.626702891874103, 45.450468089785801 ], [ -73.626773134713602, 45.450405762142204 ], [ -73.626842443118207, 45.450342909988201 ], [ -73.626910805311098, 45.450279543776098 ], [ -73.626978209831293, 45.450215674132401 ], [ -73.627044645540707, 45.450151311850703 ], [ -73.627090596993298, 45.450105535552296 ], [ -73.627135759089597, 45.4500593641799 ], [ -73.627180121635107, 45.450012807891198 ], [ -73.627223674788496, 45.449965877015998 ], [ -73.627266409068994, 45.4499185820492 ], [ -73.627355444032105, 45.449819836056001 ], [ -73.627444401923199, 45.4497210556925 ], [ -73.627533282702501, 45.449622241003198 ], [ -73.627622086330305, 45.449523392032702 ], [ -73.627710812767006, 45.449424508825601 ], [ -73.627781504457403, 45.449344559368903 ], [ -73.627853567880507, 45.449265206824499 ], [ -73.627926987621294, 45.4491864686197 ], [ -73.627982533820813, 45.449128435880091 ], [ -73.628923560031183, 45.448773035618871 ], [ -73.629372786347403, 45.448512684022752 ], [ -73.629395537954395, 45.448521413924198 ], [ -73.629580745870697, 45.448592478522897 ], [ -73.630333788165856, 45.448881412191724 ], [ -73.629783892849659, 45.449089105398947 ] ] ], [ [ [ -73.599351699660986, 45.438663080172162 ], [ -73.599943663520364, 45.439440427435777 ], [ -73.600739688948437, 45.440121531296327 ], [ -73.601709187294389, 45.440680213455465 ], [ -73.602814899039089, 45.441095000219512 ], [ -73.604014325998506, 45.441349948308272 ], [ -73.604752232386389, 45.441400428344714 ], [ -73.604234953261795, 45.441845321232705 ], [ -73.603645753805992, 45.442623720619942 ], [ -73.603283584574498, 45.443468079351511 ], [ -73.603162372930271, 45.444345951361932 ], [ -73.603250968761756, 45.444970924669718 ], [ -73.602521286323494, 45.445127454950367 ], [ -73.601416987893785, 45.445544217089491 ], [ -73.601046355763756, 45.445758874205438 ], [ -73.600197033948064, 45.445700748178666 ], [ -73.600131405374526, 45.445705355930599 ], [ -73.599909367953884, 45.445413823843964 ], [ -73.599113277970105, 45.444732714885099 ], [ -73.598143735729053, 45.444174011127735 ], [ -73.597037997953748, 45.443759179392622 ], [ -73.59583855122581, 45.443504158173162 ], [ -73.59459148020899, 45.443418745623788 ], [ -73.594439811553144, 45.443429387121682 ], [ -73.594545309428796, 45.443221763760299 ], [ -73.599044748223704, 45.43795385801608 ], [ -73.599351699660986, 45.438663080172162 ] ] ], [ [ [ -73.596431083455002, 45.473439561728199 ], [ -73.596400445854599, 45.473509360788803 ], [ -73.596369945834098, 45.473579189712702 ], [ -73.596339583482006, 45.473649048298498 ], [ -73.596309358886103, 45.473718936344603 ], [ -73.596280116556102, 45.473786257843898 ], [ -73.596250951670001, 45.473853596013299 ], [ -73.596221864257004, 45.473920950786599 ], [ -73.596192854345901, 45.473988322097497 ], [ -73.596163921965399, 45.4740557098797 ], [ -73.596137093725901, 45.474117274171 ], [ -73.596110342040305, 45.474178854993802 ], [ -73.596083666939805, 45.474240452277598 ], [ -73.596057068455295, 45.474302065951498 ], [ -73.596030546617499, 45.474363695944703 ], [ -73.596003938671402, 45.474425393552103 ], [ -73.595977272764102, 45.474487078799598 ], [ -73.595950548912896, 45.474548751646601 ], [ -73.595923767135105, 45.474610412052797 ], [ -73.595896927447896, 45.474672059977898 ], [ -73.595868917490293, 45.474738102428098 ], [ -73.595840666527096, 45.474804094408398 ], [ -73.595812174834094, 45.474870035266001 ], [ -73.595783442692095, 45.474935924349502 ], [ -73.595754470386495, 45.4750017610084 ], [ -73.595695235206136, 45.475138783086699 ], [ -73.595274841205466, 45.475168269805138 ], [ -73.59407558804287, 45.475425296228288 ], [ -73.593597595390946, 45.475605547851458 ], [ -73.593513323005553, 45.475410912724328 ], [ -73.593545004675931, 45.475369096011306 ], [ -73.593907522826356, 45.474524772613371 ], [ -73.594028942023144, 45.473646914914909 ], [ -73.593995468974668, 45.473410634925841 ], [ -73.594019848036254, 45.473415816245392 ], [ -73.595267579692248, 45.473501234049685 ], [ -73.596440159325837, 45.473418986179084 ], [ -73.596431083455002, 45.473439561728199 ] ] ], [ [ [ -73.576360059209449, 45.472972131944793 ], [ -73.575987992201547, 45.472757715485798 ], [ -73.575946397910457, 45.472742108475252 ], [ -73.575970822593163, 45.472565925946817 ], [ -73.575846770512513, 45.471688250272592 ], [ -73.575481747392232, 45.470844465575027 ], [ -73.575284576514846, 45.470585503601676 ], [ -73.575338993524085, 45.470589238686927 ], [ -73.576586400684391, 45.470501957499735 ], [ -73.57778562920457, 45.470245114484804 ], [ -73.578582020582274, 45.469944900635888 ], [ -73.579424844511948, 45.470002719863601 ], [ -73.579243964223735, 45.470423765749032 ], [ -73.579122322322007, 45.471301608378482 ], [ -73.579246424382816, 45.472179280521424 ], [ -73.579487088220787, 45.47273549039997 ], [ -73.578591645781842, 45.472674066866134 ], [ -73.577344193833255, 45.4727613699473 ], [ -73.576360059209449, 45.472972131944793 ] ] ], [ [ [ -73.558860372455328, 45.470832474055491 ], [ -73.558912789711414, 45.47120413259919 ], [ -73.557773402717231, 45.471125763692505 ], [ -73.556525952561444, 45.471212839447105 ], [ -73.555326606750285, 45.471469459277948 ], [ -73.554221446090978, 45.471885763623582 ], [ -73.553252935030542, 45.472445757418591 ], [ -73.552458290723507, 45.473127924276312 ], [ -73.551868053129951, 45.473906052763908 ], [ -73.551797934266659, 45.474069056914274 ], [ -73.550641827362639, 45.474316360721296 ], [ -73.549536576546501, 45.474732619571213 ], [ -73.548567970313812, 45.475292573403486 ], [ -73.547773229474245, 45.475974707367421 ], [ -73.547182897696018, 45.476752811294809 ], [ -73.546819667391958, 45.477596986354932 ], [ -73.546697506705272, 45.478474793552444 ], [ -73.546821121290122, 45.47935250000787 ], [ -73.547185771788193, 45.480196375177627 ], [ -73.547777454272364, 45.480973987217787 ], [ -73.548573436980305, 45.48165544965574 ], [ -73.549543132929031, 45.482214570409461 ], [ -73.549929308236443, 45.482359555552236 ], [ -73.550459377389942, 45.483056111139149 ], [ -73.551255421756963, 45.483737554612354 ], [ -73.552225179952956, 45.484296652366311 ], [ -73.553331382488054, 45.484711914728564 ], [ -73.553480029783501, 45.48474355650616 ], [ -73.553549573641789, 45.485236868808869 ], [ -73.553914362615529, 45.48608072156302 ], [ -73.55450619931112, 45.486858297874605 ], [ -73.554878758514718, 45.487177167919825 ], [ -73.554102624565061, 45.487843297351276 ], [ -73.553512256131256, 45.48862143238167 ], [ -73.553149044258589, 45.489465625798196 ], [ -73.553026956389303, 45.490343437899945 ], [ -73.553150695386663, 45.491221135618112 ], [ -73.553178158261503, 45.491284658787926 ], [ -73.552714802308401, 45.491252779231495 ], [ -73.552313765643689, 45.491280744861413 ], [ -73.552304463652803, 45.491273695574698 ], [ -73.552281932893393, 45.491256772799701 ], [ -73.552259282196005, 45.491239928493798 ], [ -73.552236488755199, 45.491223180731403 ], [ -73.552213529253095, 45.491206547983303 ], [ -73.552190380371499, 45.4911900487201 ], [ -73.552167018792304, 45.491173701412301 ], [ -73.552143421201194, 45.4911575245279 ], [ -73.552119576826598, 45.491141527321098 ], [ -73.552095515526702, 45.491125689199698 ], [ -73.552071275371702, 45.491109983539602 ], [ -73.552046894431697, 45.491094383716103 ], [ -73.5520224107687, 45.491078863111099 ], [ -73.551997851897397, 45.491063402766997 ], [ -73.551973214096293, 45.491048006413401 ], [ -73.551948487889206, 45.491032681960199 ], [ -73.551923663799897, 45.491017437317097 ], [ -73.551898732351901, 45.491002280393701 ], [ -73.551873684169195, 45.490987219019601 ], [ -73.551848517825405, 45.490972254664499 ], [ -73.5518232454816, 45.4909573779289 ], [ -73.551797880629294, 45.490942578348303 ], [ -73.551772436760203, 45.4909278454587 ], [ -73.551746927365699, 45.490913168795899 ], [ -73.551721365937496, 45.490898537895703 ], [ -73.551695764888905, 45.490883943070003 ], [ -73.551670127720698, 45.490869381044902 ], [ -73.5516444535359, 45.490854851711099 ], [ -73.551618741406898, 45.490840354981799 ], [ -73.551592990405894, 45.490825890769997 ], [ -73.551567199605003, 45.490811458989 ], [ -73.551541368076599, 45.490797059551802 ], [ -73.551515491648601, 45.490782695906297 ], [ -73.551489550936395, 45.490768388076098 ], [ -73.551463522100207, 45.490754160938799 ], [ -73.551437381299806, 45.490740039372703 ], [ -73.551411104694793, 45.490726048255802 ], [ -73.551384668444896, 45.490712212466498 ], [ -73.551358048709801, 45.490698556882897 ], [ -73.551331223952403, 45.490685104049803 ], [ -73.551304201270895, 45.490671847507599 ], [ -73.551277007160905, 45.490658761148303 ], [ -73.551249668485099, 45.490645818492403 ], [ -73.551222212106595, 45.490632993060203 ], [ -73.551194664888001, 45.490620258372097 ], [ -73.551167053692595, 45.490607587948197 ], [ -73.551139405382997, 45.490594955309199 ], [ -73.551111735895702, 45.490582346125997 ], [ -73.551084016071201, 45.490569796217102 ], [ -73.551056205118002, 45.4905573543355 ], [ -73.551028262244799, 45.490545069234201 ], [ -73.551000146660002, 45.490532989666399 ], [ -73.550971818930094, 45.490521162754199 ], [ -73.550943280281601, 45.490509586794801 ], [ -73.550914578646001, 45.490498204001803 ], [ -73.550885764529497, 45.490486953497197 ], [ -73.550856888438403, 45.490475774403002 ], [ -73.550828000878994, 45.490464605841296 ], [ -73.550799152357897, 45.490453386934099 ], [ -73.5507703890611, 45.490442062194397 ], [ -73.550741693956695, 45.490430655016098 ], [ -73.550713002066303, 45.490419248618601 ], [ -73.550684247218896, 45.490407927708802 ], [ -73.550655363243493, 45.490396776993897 ], [ -73.550626287843002, 45.490385876253299 ], [ -73.550597018271304, 45.490375229526997 ], [ -73.550567598447202, 45.490364781503999 ], [ -73.550538073538505, 45.490354475285102 ], [ -73.550508488582594, 45.4903442541383 ], [ -73.550478871861301, 45.490334082792998 ], [ -73.550449218579303, 45.490323968345599 ], [ -73.550419520064693, 45.490313922857403 ], [ -73.550389767646095, 45.490303958389497 ], [ -73.550359952651704, 45.4902940870032 ], [ -73.550330067339601, 45.490284319701601 ], [ -73.550300109306804, 45.490274661410901 ], [ -73.550270078052407, 45.490265114893099 ], [ -73.550239973078007, 45.490255682906898 ], [ -73.550209793885202, 45.490246368210997 ], [ -73.550179539973101, 45.490237173569703 ], [ -73.550149210264607, 45.490228102987302 ], [ -73.550118802358696, 45.490219163317498 ], [ -73.550088313669306, 45.4902103618128 ], [ -73.550057741610303, 45.490201705725099 ], [ -73.550027083595594, 45.490193202306799 ], [ -73.549996337295298, 45.490184858333201 ], [ -73.549965505151704, 45.4901766716998 ], [ -73.549934593828297, 45.490168632446697 ], [ -73.549903610134507, 45.4901607303429 ], [ -73.549872560879606, 45.490152955157598 ], [ -73.549841452872997, 45.490145296659897 ], [ -73.549810292923894, 45.490137744618998 ], [ -73.549779087841799, 45.490130288803897 ], [ -73.549747844251002, 45.490122918262799 ], [ -73.5497165680097, 45.490115619059203 ], [ -73.549685264778304, 45.490108376484997 ], [ -73.549653940216899, 45.490101175831697 ], [ -73.549622599985796, 45.490094002391203 ], [ -73.549591247891001, 45.490086846313801 ], [ -73.549559874584105, 45.490079732211598 ], [ -73.549528465030903, 45.490072699594698 ], [ -73.549497004173801, 45.490065788032098 ], [ -73.549465476955703, 45.490059037093097 ], [ -73.549433868318999, 45.490052486346997 ], [ -73.549402163206096, 45.490046175362899 ], [ -73.549370353390401, 45.490040126368299 ], [ -73.549338475925893, 45.490034246632099 ], [ -73.549306586291493, 45.490028396648597 ], [ -73.549274739021399, 45.490022439285802 ], [ -73.549242959093803, 45.4900163117223 ], [ -73.549211237720499, 45.490010036031897 ], [ -73.549179564268499, 45.490003638926503 ], [ -73.549147928104702, 45.489997147118103 ], [ -73.549116318595907, 45.489990587318403 ], [ -73.549084725109097, 45.489983986239302 ], [ -73.549053137010901, 45.489977370592598 ], [ -73.549021543668104, 45.489970767090199 ], [ -73.548989934461304, 45.489964202409197 ], [ -73.548958301748002, 45.4899576958734 ], [ -73.548926644525096, 45.489951250404097 ], [ -73.548894962688195, 45.489944866703901 ], [ -73.548863256132293, 45.489938545475297 ], [ -73.548831524753098, 45.489932287420899 ], [ -73.548799768445605, 45.489926093243099 ], [ -73.548767987105293, 45.489919963644603 ], [ -73.548736180627401, 45.489913899327703 ], [ -73.548704348907407, 45.489907900995199 ], [ -73.548672492867695, 45.489901966586501 ], [ -73.548640618220205, 45.489896081160403 ], [ -73.548608732071301, 45.489890226024897 ], [ -73.548576841527506, 45.489884382487702 ], [ -73.548544953695398, 45.489878531856199 ], [ -73.548513075681797, 45.489872655438099 ], [ -73.548481214593195, 45.489866734541202 ], [ -73.548449377532407, 45.489860750483203 ], [ -73.548417568132706, 45.4898546937156 ], [ -73.548385780200107, 45.489848580557201 ], [ -73.548354005812996, 45.489842431874202 ], [ -73.548322237050002, 45.489836268533203 ], [ -73.548290465989297, 45.4898301114006 ], [ -73.548258684709296, 45.489823981342703 ], [ -73.5482268852884, 45.489817899226203 ], [ -73.548195059874104, 45.489811885733801 ], [ -73.548163205372703, 45.489805949001401 ], [ -73.548131326427395, 45.489800076762897 ], [ -73.548099428390998, 45.489794254880998 ], [ -73.548067516616399, 45.489788469218503 ], [ -73.548035596456302, 45.489782705638298 ], [ -73.548003673263807, 45.489776950002998 ], [ -73.547971752391703, 45.489771188175503 ], [ -73.547939839193106, 45.489765406018698 ], [ -73.547907939021002, 45.489759589395199 ], [ -73.547876057228393, 45.489753724167898 ], [ -73.547844198276906, 45.489747798568501 ], [ -73.547812362118506, 45.489741812811197 ], [ -73.5477805472825, 45.4897357708914 ], [ -73.547748752297693, 45.489729676805602 ], [ -73.547716975692595, 45.489723534550201 ], [ -73.547685215996097, 45.4897173481219 ], [ -73.547653471736695, 45.489711121517203 ], [ -73.547621741443294, 45.489704858732601 ], [ -73.547590023644304, 45.489698563764598 ], [ -73.547558316704794, 45.489692241034497 ], [ -73.547526615950503, 45.489685902840101 ], [ -73.547494914026103, 45.489679568429302 ], [ -73.5474632034839, 45.4896732572888 ], [ -73.547431476876199, 45.489666988905 ], [ -73.547399726755501, 45.489660782764403 ], [ -73.547367945674097, 45.489654658353601 ], [ -73.547336126503197, 45.489648634320197 ], [ -73.547304268584895, 45.4896427122994 ], [ -73.547272377283704, 45.489636878092703 ], [ -73.5472404581934, 45.4896311168987 ], [ -73.547208516907901, 45.489625413916201 ], [ -73.547176559021196, 45.4896197543436 ], [ -73.547144590127104, 45.489614123379802 ], [ -73.5471126158196, 45.489608506223298 ], [ -73.547080641692702, 45.489602888072703 ], [ -73.547048673340498, 45.489597254126998 ], [ -73.547016716356893, 45.489591589584599 ], [ -73.546984776336103, 45.489585879644302 ], [ -73.546952858461296, 45.489580110594197 ], [ -73.5469209632966, 45.489574280974402 ], [ -73.546889088497906, 45.489568397037303 ], [ -73.546857231675801, 45.489562465155402 ], [ -73.546825390441001, 45.4895564917014 ], [ -73.546793562404105, 45.4895504830478 ], [ -73.5467617451758, 45.489544445567297 ], [ -73.546729936366702, 45.4895383856324 ], [ -73.546698133587299, 45.489532309615697 ], [ -73.546666334448204, 45.489526223889897 ], [ -73.546634536529794, 45.489520134908503 ], [ -73.546602735564406, 45.489514054067499 ], [ -73.546570924405898, 45.489508000463601 ], [ -73.546539095657906, 45.489501993861097 ], [ -73.546507241924601, 45.489496054024301 ], [ -73.546475355809804, 45.489490200717299 ], [ -73.546443433189296, 45.489484445014497 ], [ -73.546411488228102, 45.489478749412797 ], [ -73.546379541443599, 45.489473059538298 ], [ -73.546347613359401, 45.489467321000397 ], [ -73.546315724483193, 45.489461479451499 ], [ -73.546283887839095, 45.489455500318897 ], [ -73.546252097121496, 45.4894494001081 ], [ -73.546220342945801, 45.489443203460397 ], [ -73.546188615927406, 45.489436935017601 ], [ -73.546156906681702, 45.4894306194211 ], [ -73.546125205823699, 45.489424281312601 ], [ -73.546093503968805, 45.4894179453334 ], [ -73.546061791732001, 45.489411636125404 ], [ -73.546030060950798, 45.489405375123397 ], [ -73.545998310131793, 45.489399166266601 ], [ -73.545966540045896, 45.489393007555201 ], [ -73.545934751465296, 45.489386896984897 ], [ -73.545902945162595, 45.489380832551298 ], [ -73.545871121910096, 45.489374812249999 ], [ -73.545839282480301, 45.4893688340766 ], [ -73.545807427823405, 45.489362895566202 ], [ -73.545775562553501, 45.489356984760803 ], [ -73.545743694728202, 45.489351080779798 ], [ -73.545711832538402, 45.4893451623972 ], [ -73.545679984175607, 45.489339208386497 ], [ -73.545648157830698, 45.489333197521802 ], [ -73.5456163610407, 45.4893271102695 ], [ -73.545584592775, 45.489320949258897 ], [ -73.545552845983096, 45.489314732691902 ], [ -73.545521113489201, 45.489308479093701 ], [ -73.545489388117701, 45.489302206989301 ], [ -73.545457662692996, 45.489295934904099 ], [ -73.545425930039301, 45.489289681362997 ], [ -73.545394182980701, 45.4892834648915 ], [ -73.545362414708094, 45.4892773030667 ], [ -73.545330625542306, 45.489271195023299 ], [ -73.545298822280401, 45.489265123145799 ], [ -73.545267011954607, 45.489259069210803 ], [ -73.545235201597293, 45.489253014994397 ], [ -73.545203398240702, 45.489246942272999 ], [ -73.545171608917201, 45.489240832822901 ], [ -73.545139838673293, 45.489234673605402 ], [ -73.545108081182804, 45.4892284812748 ], [ -73.545076326077904, 45.489222283037201 ], [ -73.545044562985794, 45.489216106111797 ], [ -73.545012781533799, 45.489209977717003 ], [ -73.544980971349005, 45.489203925072097 ], [ -73.544949122058497, 45.489197975395697 ], [ -73.544917227253094, 45.489192145526602 ], [ -73.544885299448197, 45.489186402744103 ], [ -73.5448533568009, 45.489180699553202 ], [ -73.544821417469194, 45.489174988456398 ], [ -73.544789499611397, 45.489169221956303 ], [ -73.544757621385898, 45.489163352555302 ], [ -73.544725798837206, 45.489157338263396 ], [ -73.544694029906296, 45.489151184255498 ], [ -73.544662303336196, 45.489144919669698 ], [ -73.544630607797401, 45.489138573832697 ], [ -73.544598931960195, 45.489132176071401 ], [ -73.5445672644952, 45.4891257557125 ], [ -73.544535594072599, 45.489119342082503 ], [ -73.544503909372395, 45.489112964483901 ], [ -73.544472201720595, 45.489106645482501 ], [ -73.544440468672306, 45.489100391788497 ], [ -73.544408708678404, 45.489094207831897 ], [ -73.544376920189407, 45.489088098042799 ], [ -73.544345101656106, 45.489082066851601 ], [ -73.544313251832094, 45.489076117881503 ], [ -73.544281374765205, 45.489070240652197 ], [ -73.544249479008897, 45.489064412682097 ], [ -73.544217573259999, 45.489058611106799 ], [ -73.544185666215498, 45.489052813062102 ], [ -73.544153766572407, 45.489046995683601 ], [ -73.544121883027799, 45.489041136107303 ], [ -73.544090024278802, 45.489035211468703 ], [ -73.544058196403498, 45.489029205755998 ], [ -73.544026393296093, 45.489023134833197 ], [ -73.543994605310701, 45.4890170238262 ], [ -73.543962822800907, 45.489010897861903 ], [ -73.543931036120199, 45.489004782067198 ], [ -73.543899235622305, 45.488998701569002 ], [ -73.5438674116605, 45.488992681494203 ], [ -73.543835556620806, 45.488986741724801 ], [ -73.543803677516195, 45.488980864398599 ], [ -73.543771787764399, 45.488975015126698 ], [ -73.543739900810195, 45.488969159450399 ], [ -73.5437080300985, 45.4889632629109 ], [ -73.543676189074304, 45.488957291049402 ], [ -73.543644391182497, 45.488951209407297 ], [ -73.543612649868393, 45.488944983525798 ], [ -73.543580970563099, 45.488938599429702 ], [ -73.543549324379001, 45.488932130860697 ], [ -73.5435176732435, 45.488925675036199 ], [ -73.543485979083599, 45.488919329174401 ], [ -73.543454206567603, 45.488913183484499 ], [ -73.543422359737804, 45.488907227512797 ], [ -73.5433904721272, 45.488901375410499 ], [ -73.543358577981905, 45.488895539506302 ], [ -73.543326711548104, 45.488889632128902 ], [ -73.543294906270006, 45.488883567663699 ], [ -73.543263169202604, 45.488877328133597 ], [ -73.543231475665905, 45.488870976901502 ], [ -73.5431997990963, 45.488864582156701 ], [ -73.543168112930402, 45.488858212088701 ], [ -73.543136390604502, 45.488851934886704 ], [ -73.543104606128495, 45.4888458172694 ], [ -73.543072756632, 45.488839866682 ], [ -73.543040869761697, 45.4888340123332 ], [ -73.543008975253002, 45.488828178076901 ], [ -73.542977102841604, 45.488822287766602 ], [ -73.542945282263403, 45.488816265256197 ], [ -73.542913534648406, 45.4888100563671 ], [ -73.542881844611699, 45.488803700130397 ], [ -73.542850187085605, 45.488797260294 ], [ -73.542818537001807, 45.488790800606097 ], [ -73.542786869292101, 45.4887843848147 ], [ -73.542755163261702, 45.488778065587098 ], [ -73.542723420207295, 45.4887718398709 ], [ -73.542691648322702, 45.488765687138297 ], [ -73.542659855804402, 45.488759586855501 ], [ -73.542628050848805, 45.4887535184887 ], [ -73.5425962409969, 45.488747463147 ], [ -73.542564428125601, 45.488741416132399 ], [ -73.542532611213502, 45.488735380009601 ], [ -73.542500789215595, 45.4887293574021 ], [ -73.542468961087295, 45.4887233509331 ], [ -73.542437125793796, 45.488717363200102 ], [ -73.542405283923998, 45.488711392594702 ], [ -73.542373439460803, 45.488705428718099 ], [ -73.542341596812705, 45.488699460068403 ], [ -73.542309760388704, 45.488693475143997 ], [ -73.542277934537907, 45.488687462598399 ], [ -73.542246121081902, 45.488681417697897 ], [ -73.542214318425394, 45.488675344646197 ], [ -73.542182524731103, 45.488669248281397 ], [ -73.542150738161595, 45.488663133440902 ], [ -73.542118956879193, 45.488657004962299 ], [ -73.542087179046703, 45.488650867683297 ], [ -73.542055403137695, 45.488644725623402 ], [ -73.542023629301298, 45.488638578399502 ], [ -73.5419918582474, 45.488632424153899 ], [ -73.541960090686402, 45.488626261028102 ], [ -73.541928327328606, 45.488620087163497 ], [ -73.541896568884397, 45.488613900701203 ], [ -73.541864816064205, 45.488607699783202 ], [ -73.5418330679815, 45.488601486655199 ], [ -73.541801318120903, 45.488595278036797 ], [ -73.541769558726202, 45.488589093835401 ], [ -73.541737782041693, 45.4885829539583 ], [ -73.541705980311406, 45.488576878313197 ], [ -73.541674145779297, 45.488570886807302 ], [ -73.541642271399596, 45.488564997538901 ], [ -73.541610362811696, 45.488559196296897 ], [ -73.541578436591706, 45.488553441014801 ], [ -73.541546509673907, 45.488547688713197 ], [ -73.541514598992705, 45.488541896412897 ], [ -73.541482721482694, 45.488536021135197 ], [ -73.541450894078295, 45.4885300199008 ], [ -73.541419133714399, 45.488523849730598 ], [ -73.541387454758294, 45.488517474091601 ], [ -73.541355840050699, 45.4885109356049 ], [ -73.541324251264697, 45.4885043300375 ], [ -73.541292649681097, 45.4884977541399 ], [ -73.541260996580505, 45.488491304662901 ], [ -73.541229259103901, 45.488485063861702 ], [ -73.541197459323499, 45.488478978123403 ], [ -73.541165649349296, 45.488472919539703 ], [ -73.541133881597005, 45.488466759446197 ], [ -73.541102208062796, 45.488460370231998 ], [ -73.541070653352094, 45.488453692943303 ], [ -73.5410391983133, 45.488446778307697 ], [ -73.541007819874096, 45.488439686879801 ], [ -73.540976495122194, 45.488432478818602 ], [ -73.540945212862297, 45.488425185302603 ], [ -73.540913981391896, 45.488417789298097 ], [ -73.540882810851301, 45.488410269213396 ], [ -73.540851711381094, 45.488402603456898 ], [ -73.540820692577199, 45.488394772685403 ], [ -73.540789761074905, 45.488386769778401 ], [ -73.540758922508402, 45.488378591748997 ], [ -73.540728182511202, 45.488370235613203 ], [ -73.5406975467167, 45.488361698387202 ], [ -73.540667012646495, 45.488352989209801 ], [ -73.540636536674199, 45.488344178712197 ], [ -73.540606062157195, 45.488335356976499 ], [ -73.540575532493406, 45.488326614022398 ], [ -73.540544935659398, 45.488317971036501 ], [ -73.540514387639405, 45.488309251555101 ], [ -73.540484027251694, 45.488300243857601 ], [ -73.540453993247695, 45.488290736324899 ], [ -73.540424337367398, 45.488280648572598 ], [ -73.540394853423294, 45.488270289229497 ], [ -73.540365287659895, 45.488260038668002 ], [ -73.540335400751502, 45.488250256130897 ], [ -73.5403052264286, 45.488240901065502 ], [ -73.540275042301403, 45.4882315758422 ], [ -73.540245134553302, 45.488221870280498 ], [ -73.540215771692303, 45.4882113991099 ], [ -73.540186900795007, 45.488200230036 ], [ -73.540158188698996, 45.488188825688702 ], [ -73.540129385958707, 45.488177660310797 ], [ -73.540101475208203, 45.488167186739702 ], [ -73.540076311370299, 45.488157842659199 ], [ -73.5400557678132, 45.488150065434297 ], [ -73.540041175863493, 45.488144178997203 ], [ -73.540029382383594, 45.4881393049209 ], [ -73.540013667566996, 45.4881328292863 ], [ -73.539986889682893, 45.488121818195502 ], [ -73.539941907015404, 45.488103337741897 ], [ -73.539871577878799, 45.488074454000603 ], [ -73.529544568460906, 45.4915684924487 ], [ -73.524241562488498, 45.478219018111702 ], [ -73.524233890915895, 45.478198395856303 ], [ -73.524225839553097, 45.478177829080899 ], [ -73.524217409586896, 45.4781573229603 ], [ -73.524208602393301, 45.478136882653097 ], [ -73.524199419537496, 45.478116513297103 ], [ -73.524189862772701, 45.478096220005298 ], [ -73.524179934039296, 45.478076007861802 ], [ -73.524169635463394, 45.478055881917101 ], [ -73.524158969355796, 45.478035847184501 ], [ -73.524147938209595, 45.478015908635498 ], [ -73.524136544698806, 45.477996071195697 ], [ -73.524124791676201, 45.477976339740998 ], [ -73.524112682170497, 45.477956719093498 ], [ -73.524100219384195, 45.477937214017402 ], [ -73.524087406690299, 45.477917829215301 ], [ -73.524074247629997, 45.4778985693248 ], [ -73.524060745908898, 45.477879438914002 ], [ -73.524046905393604, 45.477860442478303 ], [ -73.524032730108601, 45.477841584437499 ], [ -73.524018224231995, 45.477822869131401 ], [ -73.524004206260201, 45.4778044906529 ], [ -73.523990394057705, 45.477786028410897 ], [ -73.523976789125498, 45.477767484118203 ], [ -73.523963392925907, 45.477748859504302 ], [ -73.523950206882702, 45.477730156316603 ], [ -73.523937232379794, 45.477711376318403 ], [ -73.523924470761401, 45.4776925212892 ], [ -73.523911923331198, 45.477673593024001 ], [ -73.523899591352006, 45.477654593332502 ], [ -73.523887476045502, 45.477635524038703 ], [ -73.5238755785915, 45.477616386980202 ], [ -73.523863900127793, 45.477597184007799 ], [ -73.523852441749895, 45.4775779169847 ], [ -73.523841204510404, 45.4775585877859 ], [ -73.523830189418902, 45.477539198297997 ], [ -73.5238193974414, 45.477519750418097 ], [ -73.523808829500595, 45.477500246052898 ], [ -73.523798486474803, 45.477480687119403 ], [ -73.523788369198599, 45.4774610755425 ], [ -73.523778478462006, 45.477441413256003 ], [ -73.523721526078305, 45.477332616991099 ], [ -73.523664687211806, 45.477223791076099 ], [ -73.523607961908496, 45.477114935598401 ], [ -73.523551350214305, 45.477006050646303 ], [ -73.523494852174906, 45.4768971363074 ], [ -73.523438467835902, 45.476788192669602 ], [ -73.523382197242697, 45.476679219820902 ], [ -73.523326040440196, 45.4765702178493 ], [ -73.523269997473506, 45.476461186842897 ], [ -73.523214068387404, 45.4763521268898 ], [ -73.523158253226498, 45.476243038078302 ], [ -73.523102552035198, 45.476133920496203 ], [ -73.523046964857798, 45.476024774232101 ], [ -73.522991491738196, 45.475915599374098 ], [ -73.522936132720304, 45.475806396010697 ], [ -73.522880887847904, 45.475697164230098 ], [ -73.522825757164398, 45.4755879041209 ], [ -73.522770740713, 45.4754786157715 ], [ -73.522715838537096, 45.475369299270199 ], [ -73.522661050679304, 45.475259954705798 ], [ -73.522610785037003, 45.475159409458897 ], [ -73.522560615838003, 45.4750588401619 ], [ -73.522510543116695, 45.474958246883197 ], [ -73.522460566907299, 45.474857629691599 ], [ -73.522410687243706, 45.474756988655699 ], [ -73.522360904159996, 45.474656323844101 ], [ -73.522311217690003, 45.474555635325601 ], [ -73.522261627867195, 45.4744549231687 ], [ -73.522212134725194, 45.474354187442501 ], [ -73.522162738297396, 45.474253428215498 ], [ -73.522113438616998, 45.4741526455567 ], [ -73.522064235717195, 45.474051839534702 ], [ -73.522015129631001, 45.473951010218798 ], [ -73.521966120391298, 45.473850157677496 ], [ -73.5219172080307, 45.473749281979998 ], [ -73.521868392581894, 45.473648383195197 ], [ -73.521819674077193, 45.473547461392201 ], [ -73.521771052549198, 45.473446516639903 ], [ -73.521722528029898, 45.473345549007398 ], [ -73.521674100551493, 45.473244558563898 ], [ -73.529715200947393, 45.4750679649689 ], [ -73.534184017053093, 45.4760810212085 ], [ -73.534904993987894, 45.4762380217919 ], [ -73.535398050653299, 45.4763259741095 ], [ -73.535551042726496, 45.476354004530698 ], [ -73.536116043074202, 45.476426001338297 ], [ -73.536838032225504, 45.476503975606597 ], [ -73.5373840343171, 45.476558964253698 ], [ -73.537773988144593, 45.476594022692296 ], [ -73.538162972495101, 45.476600013258903 ], [ -73.538444972269104, 45.476593978805496 ], [ -73.538909028400695, 45.476534966272602 ], [ -73.539167037911099, 45.476469992813001 ], [ -73.540930990139998, 45.475865968273403 ], [ -73.542059974065893, 45.475346026773003 ], [ -73.542846968624204, 45.474898016986501 ], [ -73.546020994702403, 45.473117971633499 ], [ -73.547631828209333, 45.471978337355566 ], [ -73.548341845984311, 45.472027239840997 ], [ -73.549589326783618, 45.471940253461867 ], [ -73.550788708667483, 45.471683693875512 ], [ -73.551893890680432, 45.471267422717446 ], [ -73.552862395038915, 45.470707440332397 ], [ -73.553657000481479, 45.470025270390899 ], [ -73.554247172992987, 45.4692471321586 ], [ -73.554402114400318, 45.468886862797717 ], [ -73.556289819745103, 45.469594181981499 ], [ -73.558785493898398, 45.470529220596298 ], [ -73.558896714565762, 45.470570887746952 ], [ -73.558860372455328, 45.470832474055491 ] ] ] ] } },
{ "type": "Feature", "properties": { "arrondissement": "Outremont", "pct_couverture": 72.2, "nb_bornes": 41 }, "geometry": { "type": "MultiPolygon", "coordinates": [ [ [ [ -73.61963272478188, 45.523099153858212 ], [ -73.620040614359098, 45.523251860174589 ], [ -73.619997401885442, 45.523308893964384 ], [ -73.61963272478188, 45.523099153858212 ] ] ], [ [ [ -73.618635753813777, 45.522606959326694 ], [ -73.61801431737058, 45.522374293443413 ], [ -73.618006729029105, 45.522320939000259 ], [ -73.617906407237157, 45.52208968230503 ], [ -73.618257114435451, 45.522389183192097 ], [ -73.618635753813777, 45.522606959326694 ] ] ], [ [ [ -73.616601005072027, 45.520318575567174 ], [ -73.61644796821966, 45.520187875458092 ], [ -73.616498313836487, 45.520070592526515 ], [ -73.616500692719384, 45.520087323084255 ], [ -73.616601005072027, 45.520318575567174 ] ] ], [ [ [ -73.609927647087957, 45.509340612048298 ], [ -73.610520498517005, 45.51011789401273 ], [ -73.611317648536144, 45.510798914640056 ], [ -73.612288465280884, 45.511357498820502 ], [ -73.613395638554096, 45.51177217661656 ], [ -73.613540797729527, 45.511802977620086 ], [ -73.61384169037359, 45.512060013728963 ], [ -73.614812553750539, 45.51261857628915 ], [ -73.615919770256895, 45.513033229486417 ], [ -73.616970635673724, 45.513256179899436 ], [ -73.617386457366436, 45.513801211926356 ], [ -73.618183742186815, 45.514482184064398 ], [ -73.619154690139439, 45.51504070939788 ], [ -73.619749284965721, 45.515263346798378 ], [ -73.619212398584295, 45.515465823157967 ], [ -73.618243786364289, 45.516026363795497 ], [ -73.617562905005428, 45.516611380695181 ], [ -73.617585783321189, 45.516445591596934 ], [ -73.617460987160811, 45.51556796863116 ], [ -73.617095057984287, 45.51472432432535 ], [ -73.616502067631487, 45.513947077248915 ], [ -73.61570481063815, 45.513266093282219 ], [ -73.614733927303888, 45.512707538388376 ], [ -73.613626725874326, 45.512292873658787 ], [ -73.612425749149978, 45.512038031162902 ], [ -73.611177140553806, 45.511952802184318 ], [ -73.609928872301964, 45.512040461277564 ], [ -73.608728903549519, 45.512297640542506 ], [ -73.607623339035285, 45.51271445893066 ], [ -73.606654658731415, 45.513274901632684 ], [ -73.605860086313513, 45.513957435018192 ], [ -73.605270159005741, 45.514735833572374 ], [ -73.604907553710078, 45.51558018714023 ], [ -73.604900835528525, 45.515628791751837 ], [ -73.604388680453951, 45.515593804060167 ], [ -73.604231817974764, 45.515604809536683 ], [ -73.603784333645663, 45.51501806901878 ], [ -73.602987214735293, 45.514336996299122 ], [ -73.602016438584698, 45.513778333327828 ], [ -73.600909309325559, 45.513363545349058 ], [ -73.599708366988963, 45.51310856916713 ], [ -73.598459753678824, 45.513023201201015 ], [ -73.598219225095932, 45.513040064851999 ], [ -73.598152478162433, 45.513035501169277 ], [ -73.597063336802933, 45.513111858764113 ], [ -73.597032761521106, 45.5130999934104 ], [ -73.596940508701294, 45.513041582041197 ], [ -73.596821253904494, 45.512912102494901 ], [ -73.5967872206202, 45.512814247210997 ], [ -73.596778702663002, 45.512730368812299 ], [ -73.596793900076904, 45.512637674016801 ], [ -73.596816845781703, 45.512584560405998 ], [ -73.596881965966105, 45.512496322481198 ], [ -73.596900330665704, 45.5118113288449 ], [ -73.596713339048094, 45.5115793826428 ], [ -73.595685589175602, 45.511140894279798 ], [ -73.594945555251002, 45.510947329603297 ], [ -73.593938200951797, 45.510775582957599 ], [ -73.594150000344399, 45.510528222721199 ], [ -73.594198279802796, 45.510180453607397 ], [ -73.591531274098699, 45.508131462357198 ], [ -73.592844685848803, 45.506945642211598 ], [ -73.595745055463198, 45.504326797395301 ], [ -73.598973759654001, 45.505798680407999 ], [ -73.599069242840301, 45.505695115736998 ], [ -73.599298350568006, 45.5057995542698 ], [ -73.599561781565896, 45.505579786218199 ], [ -73.602256360256106, 45.506796569523303 ], [ -73.603298330721003, 45.505663438540999 ], [ -73.606178208372896, 45.506990833791598 ], [ -73.606361770304801, 45.507520309019903 ], [ -73.608469106512302, 45.508460068597202 ], [ -73.608980781390997, 45.508663816762898 ], [ -73.609566715245606, 45.508896270557699 ], [ -73.609610782067506, 45.508916039747398 ], [ -73.609775630617264, 45.508989983219692 ], [ -73.609927647087957, 45.509340612048298 ] ] ] ] } },
{ "type": "Feature", "properties": { "arrondissement": "Montréal-Nord", "pct_couverture": 72.6, "nb_bornes": 32 }, "geometry": { "type": "MultiPolygon", "coordinates": [ [ [ [ -73.658169590758902, 45.585015526139898 ], [ -73.658468696898495, 45.585123634085903 ], [ -73.658355657923195, 45.585281787501899 ], [ -73.658256843540158, 45.585420038387312 ], [ -73.658059698490291, 45.584966922029679 ], [ -73.658169590758902, 45.585015526139898 ] ] ], [ [ [ -73.645017087222229, 45.599877975996016 ], [ -73.644044419336353, 45.599319680905737 ], [ -73.642935299268345, 45.598905308896647 ], [ -73.642275145011453, 45.598765629762774 ], [ -73.642793726677425, 45.598465788978714 ], [ -73.643589040700576, 45.597783007932989 ], [ -73.644179305233209, 45.597004422443781 ], [ -73.644541843109465, 45.596159956385542 ], [ -73.644662731691483, 45.595282064287701 ], [ -73.644597267475135, 45.594823911930575 ], [ -73.645502400052791, 45.595343478876543 ], [ -73.646611468718746, 45.595757826285045 ], [ -73.64781438455752, 45.596012303200396 ], [ -73.649064910698385, 45.596097128045344 ], [ -73.650314978957326, 45.596009040305894 ], [ -73.650547272317553, 45.595959236621496 ], [ -73.649844321633395, 45.5967338092509 ], [ -73.648775530675294, 45.597609203877099 ], [ -73.647569864190402, 45.598514912196897 ], [ -73.646674525818796, 45.599275593798502 ], [ -73.645834666937205, 45.6001566943009 ], [ -73.645647680602039, 45.600415364961364 ], [ -73.645017087222229, 45.599877975996016 ] ] ], [ [ [ -73.641305590897247, 45.578439684270897 ], [ -73.641672298009155, 45.579283240642113 ], [ -73.64226632449909, 45.580060346886249 ], [ -73.643064848525611, 45.580741135946596 ], [ -73.644037185416721, 45.581299441601679 ], [ -73.645145966535651, 45.581713804609365 ], [ -73.646348575682538, 45.58196829796259 ], [ -73.646576255786385, 45.581983748716468 ], [ -73.647281939770451, 45.582585301733189 ], [ -73.647925407911359, 45.582954722505079 ], [ -73.647472729361681, 45.583216570043312 ], [ -73.646677667757231, 45.583899379562304 ], [ -73.646087574701625, 45.584677979542157 ], [ -73.645725133503973, 45.5855224520908 ], [ -73.645604282059054, 45.586400346772805 ], [ -73.645729675778639, 45.587277927330774 ], [ -73.645913056935143, 45.587699618469237 ], [ -73.645483068671908, 45.58786169822131 ], [ -73.64451347555493, 45.588422455680245 ], [ -73.643718304684086, 45.589105244111444 ], [ -73.643128116306201, 45.589883828207533 ], [ -73.642765597394259, 45.59072829068775 ], [ -73.642677134692576, 45.591370599153393 ], [ -73.642073530408226, 45.590856088158951 ], [ -73.641101047712198, 45.590297766901095 ], [ -73.639992127103795, 45.589883365423333 ], [ -73.639536279206965, 45.589786886057603 ], [ -73.639551095419804, 45.589679351753503 ], [ -73.639425792527604, 45.588801764677264 ], [ -73.639059056728442, 45.587958202539227 ], [ -73.638541124426482, 45.58728067413039 ], [ -73.639180251555686, 45.587143699738036 ], [ -73.640287040894833, 45.586726579937555 ], [ -73.641256647025045, 45.58616585816786 ], [ -73.642051806367562, 45.58548308653257 ], [ -73.642641963671053, 45.584704507432335 ], [ -73.643004445885722, 45.583860044494848 ], [ -73.643125332506287, 45.582982152128913 ], [ -73.642999989085027, 45.582104567989248 ], [ -73.642633243632204, 45.5812610163443 ], [ -73.642039199383689, 45.580483912193337 ], [ -73.641240691388802, 45.579803115913812 ], [ -73.640268408019494, 45.579244786246107 ], [ -73.639159711305595, 45.57883037561831 ], [ -73.637957201479466, 45.578575806330001 ], [ -73.636707080841347, 45.578490859164624 ], [ -73.635457379673326, 45.578578797849907 ], [ -73.634256112159846, 45.578836243747801 ], [ -73.633776155905394, 45.579017119492725 ], [ -73.633797125899605, 45.578994090849498 ], [ -73.634216255396296, 45.578532831679901 ], [ -73.634240236103594, 45.578506433951503 ], [ -73.634900958423202, 45.5777995652928 ], [ -73.634887679874893, 45.577793723070997 ], [ -73.635347309151797, 45.577287790090203 ], [ -73.636342471479495, 45.576192341512602 ], [ -73.636407486424005, 45.576120771385703 ], [ -73.636473102923304, 45.576048541568213 ], [ -73.636553574858425, 45.576078625583449 ], [ -73.636843501679948, 45.576140009249357 ], [ -73.640154572382698, 45.5775215227941 ], [ -73.640453597063797, 45.577710211275701 ], [ -73.640505021416303, 45.577671892028597 ], [ -73.641231117254605, 45.577976319778401 ], [ -73.641239959476664, 45.577980026905891 ], [ -73.641305590897247, 45.578439684270897 ] ] ], [ [ [ -73.642200786250299, 45.607448690146398 ], [ -73.641289297552902, 45.609065166104102 ], [ -73.640432507984599, 45.610585274914897 ], [ -73.639986084852595, 45.611544321058801 ], [ -73.639332705044296, 45.613835667605599 ], [ -73.6388971309472, 45.615523892571602 ], [ -73.638316111548605, 45.617429350948598 ], [ -73.637313079890106, 45.619178459908902 ], [ -73.635816644670996, 45.621398530371501 ], [ -73.634247027173799, 45.623763192511198 ], [ -73.631964221715293, 45.626719447197502 ], [ -73.630429881452898, 45.628601842766003 ], [ -73.628346241967506, 45.6305089507864 ], [ -73.625676862882202, 45.632826576595598 ], [ -73.625017282530905, 45.633368687487199 ], [ -73.624689281542004, 45.633638387999397 ], [ -73.624635357947, 45.633682719419802 ], [ -73.620679381987003, 45.6298619183341 ], [ -73.620458615772506, 45.629648676222999 ], [ -73.619785231833404, 45.628998233963699 ], [ -73.619668484459993, 45.628888910053099 ], [ -73.619258231777295, 45.6285058421456 ], [ -73.619059847469799, 45.628320605517501 ], [ -73.618532038442197, 45.627827762980303 ], [ -73.618403148794499, 45.627707409062502 ], [ -73.617862856091605, 45.627196843470401 ], [ -73.616941430567195, 45.626325791999903 ], [ -73.616528395055894, 45.625936724000901 ], [ -73.611515102006507, 45.621183249209501 ], [ -73.611505726525309, 45.621174722061248 ], [ -73.611799600795834, 45.621005007990355 ], [ -73.612595609362842, 45.620322444768014 ], [ -73.613186538855274, 45.619544021871569 ], [ -73.613549686549973, 45.61869965693306 ], [ -73.613671106378163, 45.617821800602712 ], [ -73.613546143419384, 45.616944189156946 ], [ -73.613179611085812, 45.616100547918258 ], [ -73.612585604447489, 45.615323295330967 ], [ -73.611786957130207, 45.614642297475996 ], [ -73.610814362876127, 45.614083720836547 ], [ -73.609705195670173, 45.613669027325813 ], [ -73.60850207382407, 45.613414150107197 ], [ -73.607251223147074, 45.613328881790302 ], [ -73.606000701958195, 45.613416498437978 ], [ -73.604798555931907, 45.613673633783236 ], [ -73.603854216504217, 45.614028981371362 ], [ -73.603350856609595, 45.613556707285902 ], [ -73.6031100239518, 45.613330826149998 ], [ -73.603082677029604, 45.613305174168197 ], [ -73.602797191143296, 45.613037403762 ], [ -73.602788852709494, 45.613029581727197 ], [ -73.602446616044801, 45.6127085749266 ], [ -73.602323764008403, 45.612597858843102 ], [ -73.602204667973993, 45.612485873878001 ], [ -73.602197739131498, 45.612479364247498 ], [ -73.601656274377603, 45.611970369331303 ], [ -73.601693054734397, 45.611950292624897 ], [ -73.602249709476297, 45.611646451632197 ], [ -73.6022235477474, 45.611621655138599 ], [ -73.602710140632198, 45.6113583711196 ], [ -73.603140356055604, 45.611125588528203 ], [ -73.603173606777204, 45.611107597133802 ], [ -73.603381136344296, 45.611000067488199 ], [ -73.603561737093528, 45.610901854143535 ], [ -73.604736674673021, 45.611150827681783 ], [ -73.605987473166522, 45.611236123610297 ], [ -73.607237945926812, 45.611148507117562 ], [ -73.608440026833222, 45.61089134604812 ], [ -73.60954751115294, 45.610474525172094 ], [ -73.610517832600237, 45.609914065981833 ], [ -73.611313700091713, 45.609231510492215 ], [ -73.611904531152476, 45.608453092801952 ], [ -73.612267626837848, 45.60760873034193 ], [ -73.612389043071929, 45.606730873666436 ], [ -73.612264125065735, 45.605853259065121 ], [ -73.611897684497578, 45.605009611982283 ], [ -73.611862506047586, 45.604963570322973 ], [ -73.612149643757206, 45.604617787517498 ], [ -73.612423371729804, 45.604290947249297 ], [ -73.613049115543504, 45.603543769377502 ], [ -73.613097837705496, 45.603485072456998 ], [ -73.613402152870805, 45.6031229212279 ], [ -73.613501816747004, 45.603004315275498 ], [ -73.613601479388805, 45.602885709581301 ], [ -73.613653538046194, 45.602823756149 ], [ -73.613651974687102, 45.602822287539503 ], [ -73.613883974142695, 45.602546207624101 ], [ -73.613897982379498, 45.602529551206402 ], [ -73.613997306921704, 45.602411456072197 ], [ -73.614098581338197, 45.6022910417527 ], [ -73.614199855343699, 45.602170627315203 ], [ -73.614449645306905, 45.601873625481304 ], [ -73.614488399829597, 45.601827540899102 ], [ -73.6147472521005, 45.601518657684501 ], [ -73.614901144224007, 45.601332826647699 ], [ -73.615260340690398, 45.600903930937399 ], [ -73.615359346438296, 45.600785712552998 ], [ -73.615424738212397, 45.600707630728401 ], [ -73.615597205997503, 45.600501292253597 ], [ -73.615799376634627, 45.600259415558632 ], [ -73.616356193124574, 45.600988134100113 ], [ -73.617154701591332, 45.601669101783003 ], [ -73.617927551152732, 45.602112989356122 ], [ -73.617007876235462, 45.602644370216488 ], [ -73.616212170865026, 45.603326966006797 ], [ -73.615621453098584, 45.604105406566433 ], [ -73.615258430248417, 45.604949780135314 ], [ -73.615137062564486, 45.605827640088158 ], [ -73.61526202530635, 45.606705251508515 ], [ -73.615628527375492, 45.607548887488441 ], [ -73.616222493737098, 45.608326125355134 ], [ -73.617021104878759, 45.609007092993174 ], [ -73.617993672794739, 45.609565617315646 ], [ -73.619102819977456, 45.609980230672271 ], [ -73.620305916158998, 45.610234996429156 ], [ -73.621556717537487, 45.610320121903506 ], [ -73.622807145345519, 45.610232335022673 ], [ -73.624009135191741, 45.609975010182012 ], [ -73.62511648584686, 45.609558038447801 ], [ -73.626086636167585, 45.608997447111271 ], [ -73.626676573684506, 45.608491293431214 ], [ -73.627445510861392, 45.608654074573835 ], [ -73.628696287724111, 45.608739121927911 ], [ -73.629946669096753, 45.60865125692662 ], [ -73.631148592373961, 45.608393856968789 ], [ -73.63225585888712, 45.607976816008403 ], [ -73.633225910729465, 45.60741616399762 ], [ -73.634021467188049, 45.606733450361865 ], [ -73.634611957749797, 45.605954915276065 ], [ -73.634918143061938, 45.605242133898642 ], [ -73.63516959953067, 45.605571008345692 ], [ -73.635968400450636, 45.606251843643101 ], [ -73.636941108352502, 45.606810206768763 ], [ -73.638050340341621, 45.607224636268221 ], [ -73.639253462885378, 45.607479202575483 ], [ -73.640504231165735, 45.607564120675811 ], [ -73.641754567687371, 45.607476126469457 ], [ -73.64223281075958, 45.607373651313715 ], [ -73.642200786250299, 45.607448690146398 ] ], [ [ -73.626309841975953, 45.61142311478384 ], [ -73.625339652114675, 45.611983707818609 ], [ -73.624932024050636, 45.612333407229151 ], [ -73.624468526187897, 45.612067295721552 ], [ -73.623359298410136, 45.611652734695774 ], [ -73.622156158146694, 45.611398001203703 ], [ -73.620905331912439, 45.611312882333948 ], [ -73.619654877087086, 45.611400648408846 ], [ -73.618452836797218, 45.611657927421561 ], [ -73.617345395342753, 45.612074834499623 ], [ -73.616375104796191, 45.612635351437852 ], [ -73.615579250706546, 45.613317941766852 ], [ -73.614988419567652, 45.614096377796606 ], [ -73.61462532305174, 45.614940747942292 ], [ -73.614503924244588, 45.615818605711077 ], [ -73.614628899607595, 45.61669621627081 ], [ -73.614995457563168, 45.617539852746475 ], [ -73.615589520933852, 45.61831709244553 ], [ -73.616388266482844, 45.61899806318111 ], [ -73.617361001040592, 45.619556591745869 ], [ -73.618470340694572, 45.619971210325147 ], [ -73.619378097246496, 45.620163406262371 ], [ -73.619036760529795, 45.62029189340042 ], [ -73.618066345303816, 45.620852424018437 ], [ -73.617270395708999, 45.62153502523784 ], [ -73.616679501911079, 45.622313468951184 ], [ -73.616316377993599, 45.62315784327911 ], [ -73.616194988099807, 45.624035701568417 ], [ -73.616320008353568, 45.624913308966882 ], [ -73.616686645456852, 45.625756938720386 ], [ -73.617280819194278, 45.626534168393839 ], [ -73.618079702089844, 45.627215126184495 ], [ -73.619052595696076, 45.627773639381324 ], [ -73.620162109986666, 45.628188240759172 ], [ -73.621365600579537, 45.628442994142503 ], [ -73.622616808506422, 45.628528107322815 ], [ -73.623867639365699, 45.628440308699616 ], [ -73.625070013266409, 45.628182973120239 ], [ -73.626177714211451, 45.627765992065186 ], [ -73.627148167590391, 45.627205393186145 ], [ -73.627944077254668, 45.626522723869158 ], [ -73.628534859117636, 45.625744222588956 ], [ -73.628897816136814, 45.624899809988882 ], [ -73.629019009577689, 45.624021938548772 ], [ -73.62889379322462, 45.623144345122903 ], [ -73.628526990229943, 45.62230075433822 ], [ -73.627932706064499, 45.621523582697151 ], [ -73.627133785015971, 45.620842693167539 ], [ -73.626160931340266, 45.62028424806828 ], [ -73.625051528984642, 45.619869704257312 ], [ -73.624143756471227, 45.619677550327552 ], [ -73.624485079181085, 45.619549051011461 ], [ -73.625455407876345, 45.618988465832935 ], [ -73.625863080332849, 45.618638759790777 ], [ -73.62632663946701, 45.618904870394012 ], [ -73.627436032149177, 45.619319401902992 ], [ -73.628639365680272, 45.619574079225515 ], [ -73.629890387130573, 45.619659113077937 ], [ -73.631141009269285, 45.619571234909913 ], [ -73.632343160232281, 45.619313822626779 ], [ -73.633450632595924, 45.618896770657216 ], [ -73.634420860539578, 45.61833610937785 ], [ -73.635216556582009, 45.61765338857181 ], [ -73.63580714484786, 45.616874848691033 ], [ -73.636169935734088, 45.616030411860471 ], [ -73.636290996887823, 45.61515253148923 ], [ -73.636165687172451, 45.614274944773221 ], [ -73.635798833322426, 45.613431376080349 ], [ -73.635204542756782, 45.612654241063623 ], [ -73.634405660003665, 45.61197340128362 ], [ -73.633432887843327, 45.611415017148389 ], [ -73.632323607088466, 45.611000543174491 ], [ -73.631120440407472, 45.610745904091431 ], [ -73.629869615328658, 45.610660883361291 ], [ -73.628619189187035, 45.610748747536633 ], [ -73.627417204007969, 45.61100612084239 ], [ -73.626309841975953, 45.61142311478384 ] ] ], [ [ [ -73.632002806519196, 45.579621451965203 ], [ -73.632225738098001, 45.579717996161499 ], [ -73.632294398059528, 45.579747730194995 ], [ -73.632179864761568, 45.579813959169968 ], [ -73.631987952984986, 45.579978721477005 ], [ -73.631811427087001, 45.579828178600451 ], [ -73.632002806519196, 45.579621451965203 ] ] ], [ [ [ -73.627980509710227, 45.586941805640329 ], [ -73.628142961531282, 45.586907005070472 ], [ -73.627809188523699, 45.587193499359444 ], [ -73.627218799994324, 45.587972001739871 ], [ -73.626856054647035, 45.588816414259291 ], [ -73.626734902062211, 45.589694288792479 ], [ -73.626860009224686, 45.590571889860037 ], [ -73.627226579475561, 45.591415490950077 ], [ -73.627820535149013, 45.592192670729979 ], [ -73.628140358359133, 45.592465379531703 ], [ -73.62780156003106, 45.592593007821129 ], [ -73.626831709148362, 45.593153615017499 ], [ -73.626036256924408, 45.593836280102813 ], [ -73.62544577441156, 45.594614772511193 ], [ -73.625360981994518, 45.59481211638203 ], [ -73.625232383775284, 45.59473826172664 ], [ -73.624123492103436, 45.594323706503907 ], [ -73.622920718912539, 45.594068979904449 ], [ -73.621670276619497, 45.593983868753462 ], [ -73.621016482391326, 45.594029775305245 ], [ -73.621184608815796, 45.593829033128699 ], [ -73.621207982738497, 45.593854249867199 ], [ -73.621382930091102, 45.593645227075299 ], [ -73.621596832169899, 45.593389659672901 ], [ -73.621810911661896, 45.593133877568199 ], [ -73.622203386586406, 45.592664941567797 ], [ -73.622840995922303, 45.591912022852597 ], [ -73.623027913865698, 45.5916884549817 ], [ -73.6231353615659, 45.591559938503103 ], [ -73.623526619559598, 45.591091949123502 ], [ -73.623634074377094, 45.590963421135797 ], [ -73.624027032760395, 45.590493387232598 ], [ -73.624134503931302, 45.590364836881598 ], [ -73.625114136497601, 45.589193012380498 ], [ -73.625525576095399, 45.588700836879099 ], [ -73.625632706190103, 45.588572680678901 ], [ -73.625825535577704, 45.588342010922503 ], [ -73.6258519735389, 45.588310382869402 ], [ -73.626935483309026, 45.587015250228674 ], [ -73.627980509710227, 45.586941805640329 ] ] ] ] } },
{ "type": "Feature", "properties": { "arrondissement": "Montréal-Ouest", "pct_couverture": 74.6, "nb_bornes": 6 }, "geometry": { "type": "MultiPolygon", "coordinates": [ [ [ [ -73.658128449681897, 45.455993375667703 ], [ -73.6582273175881, 45.456031174656701 ], [ -73.658289400813501, 45.456054912184399 ], [ -73.658398540651604, 45.4560966426344 ], [ -73.658452067448394, 45.456117104784397 ], [ -73.658569761551206, 45.4561621094579 ], [ -73.658609595384107, 45.456177336314603 ], [ -73.658758110097807, 45.456234117529597 ], [ -73.658772262721996, 45.4562395284564 ], [ -73.658929330549796, 45.456299583813198 ], [ -73.658933215252404, 45.4563010640613 ], [ -73.659094168132398, 45.4563625994383 ], [ -73.6591005552106, 45.456365041734898 ], [ -73.659255125220696, 45.456424142680603 ], [ -73.659271777735299, 45.4564305084007 ], [ -73.659416078800106, 45.456485677601698 ], [ -73.659443003187505, 45.456495965806504 ], [ -73.659577032729203, 45.4565472122949 ], [ -73.659614229058306, 45.456561431052897 ], [ -73.659785455327395, 45.456626896941302 ], [ -73.659956869131506, 45.456694787406498 ], [ -73.660127763676201, 45.456760674374699 ], [ -73.660298654808102, 45.456826570089802 ], [ -73.660469550147894, 45.456892456544097 ], [ -73.660640445887793, 45.456958343641197 ], [ -73.660811342048206, 45.457024238579997 ], [ -73.660982237302093, 45.4570901242651 ], [ -73.661153131674894, 45.457156009694998 ], [ -73.661324031587895, 45.457221904759102 ], [ -73.660977252567847, 45.457454324260233 ], [ -73.660966168854969, 45.457455108360442 ], [ -73.659767591446595, 45.457712824342096 ], [ -73.658663470776332, 45.458130138753745 ], [ -73.657696231365875, 45.458691017723346 ], [ -73.657097136846261, 45.459206805393237 ], [ -73.656905058089905, 45.459135285483796 ], [ -73.656770707288402, 45.459085266419301 ], [ -73.6566786433999, 45.459050988768603 ], [ -73.656672280611204, 45.459048616492701 ], [ -73.656325067677301, 45.4589193347202 ], [ -73.656230020136505, 45.458882811164997 ], [ -73.655738894313401, 45.4586941002812 ], [ -73.655406100152703, 45.458565375551203 ], [ -73.655396803440496, 45.458561777100499 ], [ -73.655188264914898, 45.458468612974698 ], [ -73.655184995237207, 45.458467149761297 ], [ -73.655087527280202, 45.458429636006201 ], [ -73.654974695660698, 45.458386203102201 ], [ -73.654905546555995, 45.458359591144998 ], [ -73.654861868072302, 45.458342778179599 ], [ -73.654761009848599, 45.4583039594594 ], [ -73.654734581872603, 45.458293783762898 ], [ -73.654675529556599, 45.458271060638303 ], [ -73.654590054476003, 45.4582381608462 ], [ -73.654563632956993, 45.458227986001098 ], [ -73.654489194042995, 45.458199332889798 ], [ -73.654443972165296, 45.458181933349501 ], [ -73.654390041272194, 45.458161171124601 ], [ -73.654290889911195, 45.458123008371402 ], [ -73.654191737407601, 45.458084846433302 ], [ -73.654091733835202, 45.458046350812602 ], [ -73.654084980684303, 45.458043758455503 ], [ -73.653991729144593, 45.458007864104196 ], [ -73.653965319370201, 45.457997697203098 ], [ -73.653845315218106, 45.457951504008697 ], [ -73.653820775667199, 45.457942055639101 ], [ -73.653690856510906, 45.457892053322702 ], [ -73.653605649041296, 45.457859258375002 ], [ -73.653558187621599, 45.457840982467502 ], [ -73.653485645626404, 45.457813065095998 ], [ -73.653428053296906, 45.457790892264597 ], [ -73.653365642407294, 45.457766871690197 ], [ -73.653299841038006, 45.4577415462795 ], [ -73.653194359575295, 45.457700939692103 ], [ -73.653171628978598, 45.457692191362199 ], [ -73.653043417166401, 45.457642845087904 ], [ -73.653025120833206, 45.457635795582 ], [ -73.6529169179923, 45.457594146658899 ], [ -73.652854179408394, 45.457569994429001 ], [ -73.652788706623994, 45.457544800097303 ], [ -73.652703234575696, 45.457511899377103 ], [ -73.652683235282794, 45.457504201810501 ], [ -73.652617759481402, 45.457478989809402 ], [ -73.652512294652297, 45.457438400143197 ], [ -73.652446812759806, 45.457413188051902 ], [ -73.652341370050706, 45.4573726069857 ], [ -73.652306637067895, 45.457359234636598 ], [ -73.652176717439801, 45.457309221806099 ], [ -73.6521704114611, 45.4573067960416 ], [ -73.652020636720493, 45.457249146693997 ], [ -73.651999468900399, 45.457240993607201 ], [ -73.651935165564495, 45.457216245396303 ], [ -73.651828529858605, 45.457175190911599 ], [ -73.651815505483896, 45.457170181714901 ], [ -73.651657588092306, 45.457109387963001 ], [ -73.651594937940303, 45.457085217346801 ], [ -73.651369383405793, 45.456998176498701 ], [ -73.651312639416204, 45.456976273889197 ], [ -73.651141795290499, 45.456910347010698 ], [ -73.650970954684098, 45.456844419871302 ], [ -73.650800111353803, 45.456778492479202 ], [ -73.650659632065484, 45.456724281053219 ], [ -73.650732744624577, 45.456681891373869 ], [ -73.65127844534787, 45.456886245612395 ], [ -73.652478424219822, 45.457140683385433 ], [ -73.653725883415177, 45.457225463235574 ], [ -73.654972872691758, 45.45713732638248 ], [ -73.656171459891155, 45.456879660672676 ], [ -73.65727557462904, 45.456462370265207 ], [ -73.658101863031305, 45.455983211529357 ], [ -73.658128449681897, 45.455993375667703 ] ] ], [ [ [ -73.660050353548201, 45.453440140456799 ], [ -73.660272612968299, 45.453525622405103 ], [ -73.660494745652599, 45.453611261571602 ], [ -73.660716879011105, 45.453696901203699 ], [ -73.660939015598103, 45.453782540398102 ], [ -73.661161150322798, 45.453868187260497 ], [ -73.661383285696004, 45.453953825590098 ], [ -73.661605420459694, 45.454039462587403 ], [ -73.661789983969399, 45.454110617982899 ], [ -73.661980837656898, 45.454184190157399 ], [ -73.6621619321173, 45.454254005492302 ], [ -73.662343030859702, 45.454323820533197 ], [ -73.662524130048496, 45.454393635285498 ], [ -73.662770265266303, 45.454488525019698 ], [ -73.663009561095393, 45.454580778421203 ], [ -73.663248861542101, 45.4546730322133 ], [ -73.663488158903903, 45.454765275608601 ], [ -73.663659054271406, 45.454831158214603 ], [ -73.663829950033801, 45.454897039663699 ], [ -73.664165405519597, 45.455029461491002 ], [ -73.664628356585496, 45.455205355803798 ], [ -73.664885551438104, 45.455303072154003 ], [ -73.665091313083295, 45.455381248227098 ], [ -73.665314218334004, 45.455465937433303 ], [ -73.665537125529696, 45.455550626200498 ], [ -73.665760025717802, 45.4556353136418 ], [ -73.665982934246301, 45.455720001534601 ], [ -73.666205842162796, 45.455804688992103 ], [ -73.666428752021602, 45.455889375110701 ], [ -73.666651661270905, 45.455974061693802 ], [ -73.666874572465105, 45.456058747837801 ], [ -73.667097476651705, 45.4561434326559 ], [ -73.667324608169295, 45.4562297197783 ], [ -73.667603866137497, 45.4563358157707 ], [ -73.6678519496609, 45.456430059069497 ], [ -73.668167460575901, 45.456549923904802 ], [ -73.668067857159997, 45.456667788932698 ], [ -73.6679055112089, 45.456859922583199 ], [ -73.6678208753398, 45.456960085126902 ], [ -73.667628447561299, 45.457173132794502 ], [ -73.667461226897004, 45.457358278413501 ], [ -73.667316434868695, 45.457565930380703 ], [ -73.667192485921504, 45.457519142385102 ], [ -73.666926569416802, 45.457418772357002 ], [ -73.666818127608494, 45.457377840013599 ], [ -73.666703292435699, 45.457334597083403 ], [ -73.666646316503801, 45.457313133304297 ], [ -73.666486910178406, 45.4572529417024 ], [ -73.666457441041601, 45.457241806709398 ], [ -73.666271266951995, 45.457171505298 ], [ -73.6662685596648, 45.457170480709799 ], [ -73.666079686408693, 45.4570991453866 ], [ -73.666055623064295, 45.4570900675863 ], [ -73.665890805983096, 45.4570278187593 ], [ -73.665840184879698, 45.457008365511697 ], [ -73.665702678856704, 45.456955523386704 ], [ -73.665623145347595, 45.456924961034801 ], [ -73.665514547122498, 45.456883236708599 ], [ -73.665424002044006, 45.456849483106097 ], [ -73.665325115294095, 45.456812621723898 ], [ -73.665223419875105, 45.456774551320002 ], [ -73.665135863553701, 45.4567417776017 ], [ -73.665024856874894, 45.456700399133503 ], [ -73.664946432693895, 45.456671170084398 ], [ -73.6648265618728, 45.456625893472697 ], [ -73.664757558931598, 45.456599832569701 ], [ -73.664628862813899, 45.456550808004103 ], [ -73.664569057616106, 45.456528019984098 ], [ -73.664431190488898, 45.456475501690399 ], [ -73.664380558054503, 45.4564562061842 ], [ -73.664233372186501, 45.456400379712903 ], [ -73.664191873011504, 45.456384638897902 ], [ -73.664035731287697, 45.456325406512399 ], [ -73.664003187143194, 45.456313063201598 ], [ -73.663838739273501, 45.456249588878201 ], [ -73.663815252064495, 45.456240526875398 ], [ -73.663641375139704, 45.456173129843002 ], [ -73.663627499620901, 45.456167753316798 ], [ -73.663444730128603, 45.456096677535498 ], [ -73.663422835184306, 45.456088158482899 ], [ -73.663248340066502, 45.456021103678097 ], [ -73.663217608290594, 45.456009292963799 ], [ -73.663047711121607, 45.4559421179003 ], [ -73.663044252509593, 45.455940777560599 ], [ -73.662877065354294, 45.455875918189001 ], [ -73.662791738955093, 45.455842655369501 ], [ -73.662706605949595, 45.455809471397501 ], [ -73.662606034177401, 45.455770079675098 ], [ -73.662493766961006, 45.4557261080652 ], [ -73.662418771623393, 45.455696732021302 ], [ -73.662280926039003, 45.455642743437899 ], [ -73.662228560279402, 45.455621745120503 ], [ -73.662094674363004, 45.455568041339603 ], [ -73.662040288837105, 45.455546684961703 ], [ -73.661907486843106, 45.455494534365002 ], [ -73.661849334775397, 45.455472287883197 ], [ -73.661719183925399, 45.4554224792209 ], [ -73.661657528987107, 45.4553989895077 ], [ -73.661527778367002, 45.455349522903298 ], [ -73.661469449828104, 45.455326714070502 ], [ -73.661337477787896, 45.455275150138199 ], [ -73.661285471216203, 45.455254774476302 ], [ -73.661167168509394, 45.455208517260999 ], [ -73.661094674515496, 45.455180165345197 ], [ -73.660996959682294, 45.4551419973686 ], [ -73.660907344542593, 45.455106911585297 ], [ -73.660825419328802, 45.455076947652898 ], [ -73.660713659761697, 45.455036075358699 ], [ -73.660669470133499, 45.455020416232401 ], [ -73.660524855620494, 45.454964739725703 ], [ -73.6605156244798, 45.454961175791503 ], [ -73.6603619498527, 45.454901715339098 ], [ -73.660333562819503, 45.454890778809101 ], [ -73.660208172356803, 45.454842386201904 ], [ -73.660122010189596, 45.454807259863401 ], [ -73.660056099640698, 45.454780391809997 ], [ -73.659904297381402, 45.454718520115897 ], [ -73.659798672682399, 45.454675467895697 ], [ -73.659752390487697, 45.454656604273097 ], [ -73.659670970132794, 45.454623412839403 ], [ -73.6595563484493, 45.454576690781202 ], [ -73.659524825767505, 45.454604873141598 ], [ -73.659447624705962, 45.454673881651885 ], [ -73.659624472714526, 45.454439909411654 ], [ -73.659985870627082, 45.453595374727733 ], [ -73.660009314225661, 45.453424357479051 ], [ -73.660050353548201, 45.453440140456799 ] ] ], [ [ [ -73.644143879838566, 45.44781111745727 ], [ -73.644241343221324, 45.448495077440718 ], [ -73.644454491103232, 45.448986476740004 ], [ -73.644334049718225, 45.449012360035233 ], [ -73.643229984459126, 45.449429525835491 ], [ -73.642262740252363, 45.449990274981509 ], [ -73.641876188905854, 45.450322995710927 ], [ -73.641713991515459, 45.450262233789793 ], [ -73.640514206716716, 45.450007682394094 ], [ -73.639266926116264, 45.449922757941088 ], [ -73.638270529693671, 45.449993053480995 ], [ -73.637856484495529, 45.449639188525865 ], [ -73.636886476397066, 45.449080814644475 ], [ -73.635780359580096, 45.448666358746529 ], [ -73.634887297920883, 45.448476826987068 ], [ -73.635380191232798, 45.448302924817298 ], [ -73.635825998778003, 45.448145633323499 ], [ -73.635855730196198, 45.4481351030798 ], [ -73.635885416130293, 45.448124510184599 ], [ -73.635915056523004, 45.448113854300203 ], [ -73.635944651104694, 45.448103135523802 ], [ -73.635974199605897, 45.448092353952902 ], [ -73.6360037017579, 45.448081509685501 ], [ -73.636033157291905, 45.448070602820501 ], [ -73.636062565939994, 45.448059633457099 ], [ -73.636091927434506, 45.448048601695099 ], [ -73.636121241508206, 45.448037507635 ], [ -73.6361505078943, 45.448026351377699 ], [ -73.636179726326404, 45.448015133024903 ], [ -73.636208896538506, 45.448003852678497 ], [ -73.636238018265303, 45.447992510441303 ], [ -73.636267091241706, 45.447981106416499 ], [ -73.636296115203095, 45.447969640707797 ], [ -73.636325089885204, 45.447958113419801 ], [ -73.636354015024494, 45.447946524657198 ], [ -73.636382890357694, 45.4479348745257 ], [ -73.636411715622003, 45.447923163131101 ], [ -73.636440490554904, 45.447911390580202 ], [ -73.636469214894802, 45.447899556979998 ], [ -73.636497888380106, 45.447887662438298 ], [ -73.636526510749803, 45.447875707063503 ], [ -73.636555081743495, 45.447863690964098 ], [ -73.636583601101194, 45.447851614249601 ], [ -73.636612068563394, 45.447839477030101 ], [ -73.636640483870806, 45.447827279415897 ], [ -73.636668846765005, 45.447815021517997 ], [ -73.636697156987694, 45.447802703448097 ], [ -73.636725414281401, 45.447790325318202 ], [ -73.636753618388894, 45.447777887241102 ], [ -73.636781769053499, 45.447765389329803 ], [ -73.636809866018993, 45.447752831698203 ], [ -73.636837909029694, 45.447740214460701 ], [ -73.636865897830404, 45.447727537732 ], [ -73.636893832166393, 45.447714801627399 ], [ -73.636921711783401, 45.4477020062631 ], [ -73.636949536427807, 45.447689151755299 ], [ -73.636977305846202, 45.447676238221099 ], [ -73.637005019786102, 45.447663265778097 ], [ -73.637032677995094, 45.447650234544199 ], [ -73.637060280221604, 45.4476371446382 ], [ -73.637087826214398, 45.447623996179203 ], [ -73.637115315722696, 45.447610789286699 ], [ -73.637142748496501, 45.447597524081203 ], [ -73.637170124286001, 45.447584200683302 ], [ -73.637197442842094, 45.447570819214199 ], [ -73.637224703916303, 45.447557379795803 ], [ -73.637251907260406, 45.447543882550399 ], [ -73.637279052626894, 45.447530327600802 ], [ -73.637306139768597, 45.4475167150704 ], [ -73.637333168439298, 45.447503045083103 ], [ -73.637360138392793, 45.447489317763399 ], [ -73.637387049383705, 45.447475533236201 ], [ -73.637413901167093, 45.447461691626899 ], [ -73.637440693498704, 45.4474477930615 ], [ -73.637467426134606, 45.447433837666502 ], [ -73.637494098831695, 45.447419825569099 ], [ -73.637520711346994, 45.4474057568966 ], [ -73.637547263438606, 45.447391631777101 ], [ -73.637573754864704, 45.447377450339197 ], [ -73.637600185384201, 45.447363212712098 ], [ -73.637626554756693, 45.447348919025202 ], [ -73.6376528627422, 45.447334569408603 ], [ -73.6376791091012, 45.447320163993098 ], [ -73.637705293595005, 45.447305702909702 ], [ -73.637731415988995, 45.447291186287899 ], [ -73.638807101990594, 45.446691539374598 ], [ -73.639057553062301, 45.446782819296999 ], [ -73.6391980264235, 45.446834011820599 ], [ -73.639924378316906, 45.4471034490279 ], [ -73.640050316718003, 45.447150167832604 ], [ -73.641379580178295, 45.447643237944099 ], [ -73.641851498401607, 45.447818282150898 ], [ -73.642433291984403, 45.448039093948303 ], [ -73.642512179927294, 45.4480694797887 ], [ -73.643001758197997, 45.448258056485102 ], [ -73.643142058713906, 45.4483120915488 ], [ -73.643133173684305, 45.447899014485301 ], [ -73.643179377366593, 45.447889448376401 ], [ -73.643225607374404, 45.447879950073599 ], [ -73.643271864605694, 45.447870517686198 ], [ -73.643318148870804, 45.447861151252702 ], [ -73.643364459979907, 45.447851850811702 ], [ -73.6434107977433, 45.447842616401097 ], [ -73.643457161970801, 45.447833448058901 ], [ -73.643503552472495, 45.447824345822603 ], [ -73.6435499690581, 45.447815309729599 ], [ -73.643596411537402, 45.4478063398169 ], [ -73.643642879719806, 45.4477974361211 ], [ -73.643689373415, 45.447788598679097 ], [ -73.643735892432304, 45.447779827526901 ], [ -73.643782436580906, 45.447771122700402 ], [ -73.643829005670099, 45.447762484235398 ], [ -73.643875599508902, 45.4477539121673 ], [ -73.643922217906294, 45.447745406531098 ], [ -73.643968860671194, 45.447736967361799 ], [ -73.644004071330343, 45.447730650102834 ], [ -73.644143879838566, 45.44781111745727 ] ] ] ] } },
{ "type": "Feature", "properties": { "arrondissement": "Côte-des-Neiges-Notre-Dame-de-Grâce", "pct_couverture": 82.3, "nb_bornes": 167 }, "geometry": { "type": "MultiPolygon", "coordinates": [ [ [ [ -73.666061743178602, 45.482098953925103 ], [ -73.666260427950107, 45.482185828743503 ], [ -73.666459113331697, 45.4822727032142 ], [ -73.666657793077306, 45.482359577346202 ], [ -73.666857042520803, 45.482446687563296 ], [ -73.667162581658999, 45.482580277527198 ], [ -73.667666767555502, 45.482800721514501 ], [ -73.667865457255502, 45.4828875935235 ], [ -73.668064147565701, 45.482974465184697 ], [ -73.668262838486001, 45.483061336497997 ], [ -73.668461530016401, 45.4831482074636 ], [ -73.668661085246299, 45.483235454672098 ], [ -73.668859777973296, 45.483322316153 ], [ -73.669058471336697, 45.483409186073601 ], [ -73.669257165310199, 45.483496055646498 ], [ -73.669455309522306, 45.483582688423802 ], [ -73.669756107571999, 45.483714187018201 ], [ -73.674635417256397, 45.481961138344502 ], [ -73.676300639337995, 45.483078169197299 ], [ -73.677211996575906, 45.483689462455999 ], [ -73.677002372752199, 45.484454867543299 ], [ -73.676455567850198, 45.486451341443903 ], [ -73.675134823375004, 45.491266694173902 ], [ -73.675073032616595, 45.491227890810499 ], [ -73.672537056348304, 45.489635433886001 ], [ -73.672344290558698, 45.489514272142699 ], [ -73.671217887896603, 45.488806828213697 ], [ -73.669698287739195, 45.487852447668303 ], [ -73.669505484352698, 45.487731351453199 ], [ -73.668327765590405, 45.4869871966009 ], [ -73.668216772528297, 45.486920627413099 ], [ -73.6680415376604, 45.486810740322099 ], [ -73.666184945859399, 45.4867664184574 ], [ -73.665860065817895, 45.486758659583003 ], [ -73.665429052079205, 45.487095885770898 ], [ -73.664765968943399, 45.487614672557903 ], [ -73.664739931581394, 45.487635043544998 ], [ -73.659445273289847, 45.491776513779321 ], [ -73.658724614755002, 45.491161384604851 ], [ -73.657753687475775, 45.490603193241363 ], [ -73.656701861726731, 45.490209619757948 ], [ -73.656606479367397, 45.489541818703216 ], [ -73.656240135488844, 45.488698296490838 ], [ -73.655646881174675, 45.487921249419166 ], [ -73.655194086115628, 45.48753469405969 ], [ -73.655792051467202, 45.4868762787764 ], [ -73.655456318802393, 45.486725431681997 ], [ -73.655464555105695, 45.486707553968799 ], [ -73.655474184119697, 45.486686446803901 ], [ -73.655483726946798, 45.486665320282398 ], [ -73.655493183508398, 45.486644174578203 ], [ -73.655502553726606, 45.486623009865703 ], [ -73.655511837524301, 45.486601826319301 ], [ -73.655521034825099, 45.4865806241136 ], [ -73.6555301455533, 45.486559403423399 ], [ -73.655539169633897, 45.4865381644235 ], [ -73.655548106992697, 45.486516907288902 ], [ -73.655556957556001, 45.486495632194902 ], [ -73.655565721249999, 45.486474339312799 ], [ -73.655572274203493, 45.486458266390798 ], [ -73.655578777661901, 45.486442183526002 ], [ -73.655585231591502, 45.486426090792897 ], [ -73.655591635962097, 45.486409988267098 ], [ -73.655597990746799, 45.486393876024799 ], [ -73.655604296198206, 45.4863777534162 ], [ -73.655610551994897, 45.486361621244399 ], [ -73.655616758112501, 45.486345479581999 ], [ -73.655622914522098, 45.486329328504397 ], [ -73.655629021189796, 45.486313168090902 ], [ -73.655635078204796, 45.4862969980679 ], [ -73.655641085427106, 45.486280818857097 ], [ -73.655647042826601, 45.486264630534201 ], [ -73.655652950375497, 45.486248433175298 ], [ -73.655658808048102, 45.486232226856302 ], [ -73.655664616148599, 45.486216010708297 ], [ -73.655670374302503, 45.486199785750102 ], [ -73.655676082487105, 45.486183552058101 ], [ -73.655681740675405, 45.486167309708598 ], [ -73.655687348837006, 45.486151058777203 ], [ -73.655692906026204, 45.486134802030797 ], [ -73.655698413165297, 45.486118536863103 ], [ -73.655703870224499, 45.486102263345998 ], [ -73.655709277178104, 45.4860859815564 ], [ -73.655714634005193, 45.486069691573903 ], [ -73.655719946835006, 45.486053374360203 ], [ -73.655725209371795, 45.486037049087003 ], [ -73.655730421586796, 45.486020715828197 ], [ -73.655735583455595, 45.486004374660503 ], [ -73.655740694957899, 45.485988025663602 ], [ -73.655745756073699, 45.4859716688145 ], [ -73.655750766765294, 45.4859553042904 ], [ -73.655755727007502, 45.485938932163599 ], [ -73.655760636777501, 45.485922552511198 ], [ -73.655765496053107, 45.485906165414697 ], [ -73.6557703047811, 45.485889771072998 ], [ -73.655775062968999, 45.485873369436099 ], [ -73.655779770598301, 45.485856960582304 ], [ -73.655784427646793, 45.485840544588903 ], [ -73.655789034089096, 45.4858241215316 ], [ -73.655793589977904, 45.485807691240403 ], [ -73.655798095214607, 45.485791254044997 ], [ -73.655802549780702, 45.485774810018199 ], [ -73.6558069536554, 45.485758359237103 ], [ -73.655811306815394, 45.485741901783697 ], [ -73.655815609043302, 45.485725438493297 ], [ -73.655819860527899, 45.485708968682701 ], [ -73.655824061246904, 45.485692492428299 ], [ -73.655828211180705, 45.485676009807499 ], [ -73.655832310312107, 45.4856595208988 ], [ -73.655836358920098, 45.485643024470697 ], [ -73.655840356676606, 45.485626521909197 ], [ -73.655844303564706, 45.485610013290596 ], [ -73.655848199565696, 45.485593498692303 ], [ -73.655852044659696, 45.4855769781934 ], [ -73.655855838643504, 45.485560452702899 ], [ -73.655859581687807, 45.485543921468398 ], [ -73.6558632737746, 45.485527384565202 ], [ -73.655866914886602, 45.485510842070603 ], [ -73.655870505007201, 45.485494294065397 ], [ -73.655874044041695, 45.485477740979697 ], [ -73.655877532051804, 45.4854611825386 ], [ -73.655880969025304, 45.485444618817901 ], [ -73.655884354946195, 45.485428049895603 ], [ -73.655887689794298, 45.485411475851201 ], [ -73.655890966871098, 45.485394930764301 ], [ -73.655894193061002, 45.485378380727703 ], [ -73.655897368342806, 45.485361825820597 ], [ -73.655900492701704, 45.485345266120198 ], [ -73.655903566129197, 45.485328701702798 ], [ -73.655906588674995, 45.485312132238001 ], [ -73.655909560253207, 45.485295558213998 ], [ -73.655912480852393, 45.485278979706997 ], [ -73.655915350458898, 45.485262396794603 ], [ -73.655918169057102, 45.4852458095556 ], [ -73.655920936609107, 45.485229218216404 ], [ -73.655923653123907, 45.485212622708602 ], [ -73.655926318593103, 45.4851960231058 ], [ -73.655928933004304, 45.485179419485704 ], [ -73.655931496340898, 45.485162811930103 ], [ -73.655934008502996, 45.485146201279797 ], [ -73.655936469564594, 45.485129586843797 ], [ -73.655938879520505, 45.485112968701401 ], [ -73.655941238359503, 45.485096346930298 ], [ -73.655943546064293, 45.4850797216071 ], [ -73.655945802681202, 45.485063092564303 ], [ -73.655948008154994, 45.4850464601247 ], [ -73.655950162473303, 45.485029824368098 ], [ -73.655952265626297, 45.485013185372203 ], [ -73.655954317606003, 45.4849965432131 ], [ -73.655956318406695, 45.484979897860804 ], [ -73.655958268014004, 45.484963249498598 ], [ -73.655960166415099, 45.484946598208602 ], [ -73.655962013601297, 45.484929944068597 ], [ -73.655963809567496, 45.484913287152501 ], [ -73.655965554225503, 45.484896628311603 ], [ -73.655967247648405, 45.484879966859197 ], [ -73.655968889829097, 45.484863302869002 ], [ -73.655970480760004, 45.484846636418901 ], [ -73.655972020432898, 45.484829967591303 ], [ -73.655973508977596, 45.4848132949327 ], [ -73.655974946244996, 45.484796620045103 ], [ -73.655976332223304, 45.484779943009102 ], [ -73.655977666906296, 45.484763263902998 ], [ -73.655978950292507, 45.484746582802003 ], [ -73.655980183396494, 45.484729885620297 ], [ -73.655981365104296, 45.4847131865994 ], [ -73.655982495404601, 45.4846964858178 ], [ -73.655983574291994, 45.484679783353599 ], [ -73.6559846017675, 45.484663079285397 ], [ -73.655985860193894, 45.484641369239398 ], [ -73.655987031777599, 45.484619656789803 ], [ -73.655988116503707, 45.484597942107101 ], [ -73.655989114363805, 45.484576225363398 ], [ -73.655990025349993, 45.484554506730397 ], [ -73.655990849455307, 45.484532786380399 ], [ -73.655991586673196, 45.484511064485098 ], [ -73.655992236998102, 45.484489341216502 ], [ -73.655992800424698, 45.484467616746599 ], [ -73.655993276948806, 45.484445891247503 ], [ -73.6559936665724, 45.484424164892502 ], [ -73.655992071070202, 45.484092344954398 ], [ -73.655981136451501, 45.481817348197701 ], [ -73.655979507766602, 45.481563249249 ], [ -73.655978323639005, 45.481378580221602 ], [ -73.655973198142604, 45.480578119215799 ], [ -73.655972411903406, 45.480455015293401 ], [ -73.655971643377697, 45.480334934266601 ], [ -73.6559708749772, 45.480214897174903 ], [ -73.655970106556296, 45.480094851293103 ], [ -73.6559693381637, 45.479974814196297 ], [ -73.655968570162898, 45.479854917697502 ], [ -73.655967796909593, 45.479734247897497 ], [ -73.655967023660395, 45.479613578094998 ], [ -73.655966253537898, 45.479492908285501 ], [ -73.6559654802967, 45.4793722384779 ], [ -73.655964707083598, 45.479251577455202 ], [ -73.655962988950193, 45.478983102053803 ], [ -73.655962847197202, 45.478961150904397 ], [ -73.656349627178798, 45.479132427882398 ], [ -73.656486482726507, 45.479192338651004 ], [ -73.656721495094104, 45.479295208507743 ], [ -73.656954174138264, 45.479831047099928 ], [ -73.657547361196848, 45.480608088576631 ], [ -73.658344659952945, 45.48128878435827 ], [ -73.659315432803496, 45.481846971820993 ], [ -73.660422371222481, 45.482261196278742 ], [ -73.661622929851859, 45.482515536061932 ], [ -73.66287096246036, 45.482600214874168 ], [ -73.664118496754384, 45.482511977818994 ], [ -73.665317579616826, 45.482254216596118 ], [ -73.665907242865288, 45.482031398261363 ], [ -73.666061743178602, 45.482098953925103 ] ] ], [ [ [ -73.650800111353803, 45.456778492479202 ], [ -73.650970954684098, 45.456844419871302 ], [ -73.651141795290499, 45.456910347010698 ], [ -73.651312639416204, 45.456976273889197 ], [ -73.651369383405793, 45.456998176498701 ], [ -73.651594937940303, 45.457085217346801 ], [ -73.651657588092306, 45.457109387963001 ], [ -73.651815505483896, 45.457170181714901 ], [ -73.651828529858605, 45.457175190911599 ], [ -73.651935165564495, 45.457216245396303 ], [ -73.651999468900399, 45.457240993607201 ], [ -73.652020636720493, 45.457249146693997 ], [ -73.6521704114611, 45.4573067960416 ], [ -73.652176717439801, 45.457309221806099 ], [ -73.652306637067895, 45.457359234636598 ], [ -73.652341370050706, 45.4573726069857 ], [ -73.652446812759806, 45.457413188051902 ], [ -73.652512294652297, 45.457438400143197 ], [ -73.652617759481402, 45.457478989809402 ], [ -73.652683235282794, 45.457504201810501 ], [ -73.652703234575696, 45.457511899377103 ], [ -73.652788706623994, 45.457544800097303 ], [ -73.652854179408394, 45.457569994429001 ], [ -73.6529169179923, 45.457594146658899 ], [ -73.653025120833206, 45.457635795582 ], [ -73.653043417166401, 45.457642845087904 ], [ -73.653171628978598, 45.457692191362199 ], [ -73.653194359575295, 45.457700939692103 ], [ -73.653299841038006, 45.4577415462795 ], [ -73.653365642407294, 45.457766871690197 ], [ -73.653428053296906, 45.457790892264597 ], [ -73.653485645626404, 45.457813065095998 ], [ -73.653558187621599, 45.457840982467502 ], [ -73.653605649041296, 45.457859258375002 ], [ -73.653690856510906, 45.457892053322702 ], [ -73.653820775667199, 45.457942055639101 ], [ -73.653845315218106, 45.457951504008697 ], [ -73.653965319370201, 45.457997697203098 ], [ -73.653991729144593, 45.458007864104196 ], [ -73.654084980684303, 45.458043758455503 ], [ -73.654091733835202, 45.458046350812602 ], [ -73.654191737407601, 45.458084846433302 ], [ -73.654290889911195, 45.458123008371402 ], [ -73.654390041272194, 45.458161171124601 ], [ -73.654443972165296, 45.458181933349501 ], [ -73.654489194042995, 45.458199332889798 ], [ -73.654563632956993, 45.458227986001098 ], [ -73.654590054476003, 45.4582381608462 ], [ -73.654675529556599, 45.458271060638303 ], [ -73.654734581872603, 45.458293783762898 ], [ -73.654761009848599, 45.4583039594594 ], [ -73.654861868072302, 45.458342778179599 ], [ -73.654905546555995, 45.458359591144998 ], [ -73.654974695660698, 45.458386203102201 ], [ -73.655087527280202, 45.458429636006201 ], [ -73.655184995237207, 45.458467149761297 ], [ -73.655188264914898, 45.458468612974698 ], [ -73.655396803440496, 45.458561777100499 ], [ -73.655406100152703, 45.458565375551203 ], [ -73.655738894313401, 45.4586941002812 ], [ -73.656230020136505, 45.458882811164997 ], [ -73.656325067677301, 45.4589193347202 ], [ -73.656672280611204, 45.459048616492701 ], [ -73.6566786433999, 45.459050988768603 ], [ -73.656770707288402, 45.459085266419301 ], [ -73.656905058089905, 45.459135285483796 ], [ -73.657097136846261, 45.459206805393237 ], [ -73.656903041545277, 45.459373910849479 ], [ -73.656314385420657, 45.460152578783379 ], [ -73.655952891042716, 45.460997101006122 ], [ -73.655832459861003, 45.461875025162222 ], [ -73.655957731064817, 45.462752613856317 ], [ -73.655990087438084, 45.46282715147489 ], [ -73.655871188344307, 45.462892782579502 ], [ -73.655861397792805, 45.462898182437598 ], [ -73.655759125631704, 45.462954641715903 ], [ -73.654160698414998, 45.465147758561699 ], [ -73.653567498324506, 45.465959150580701 ], [ -73.653307647205907, 45.466314580008998 ], [ -73.653231821362397, 45.466292203526102 ], [ -73.652213823539995, 45.467626289228399 ], [ -73.651767284399497, 45.467876784858497 ], [ -73.6508859627166, 45.468371172927199 ], [ -73.650348348865606, 45.468732577090798 ], [ -73.649833773792693, 45.469680968183603 ], [ -73.649453414293603, 45.470381976771101 ], [ -73.649334537420501, 45.4703348731151 ], [ -73.649110341693799, 45.470513122680003 ], [ -73.648935624828496, 45.470652045121 ], [ -73.648488971281196, 45.4710128826272 ], [ -73.648315197763793, 45.471153269633 ], [ -73.647874439945099, 45.471502875043797 ], [ -73.647668450399294, 45.471673542147599 ], [ -73.647206961509099, 45.4720334084193 ], [ -73.647033952311105, 45.472172097152097 ], [ -73.645887344776696, 45.473091210575703 ], [ -73.645922199115603, 45.473276425819897 ], [ -73.6443901201106, 45.473937168332 ], [ -73.644459731427304, 45.473966957961103 ], [ -73.6438881848797, 45.474220357460702 ], [ -73.643358416111894, 45.474491003934403 ], [ -73.643119739599697, 45.474602932018897 ], [ -73.642917211734002, 45.474716193847001 ], [ -73.642716309921894, 45.474829944598902 ], [ -73.642281460533695, 45.475104281870898 ], [ -73.6420868093536, 45.475236407605799 ], [ -73.641626365555098, 45.4755327340742 ], [ -73.641002010000705, 45.475933446346303 ], [ -73.640377514071901, 45.476334243534801 ], [ -73.639734952018898, 45.476746624218599 ], [ -73.6396069433533, 45.476803987626099 ], [ -73.639503779613406, 45.476834667975403 ], [ -73.639322978167399, 45.476862850491401 ], [ -73.639037162205398, 45.476856432787997 ], [ -73.638872217884895, 45.476842274574302 ], [ -73.638674324325294, 45.476845045360101 ], [ -73.638565832205799, 45.476845774517201 ], [ -73.638249459408101, 45.476845024049602 ], [ -73.637955142245104, 45.476852445478798 ], [ -73.637599686138202, 45.476865783421701 ], [ -73.637249163680295, 45.476878261275502 ], [ -73.637080378524999, 45.476885651930601 ], [ -73.636680326454695, 45.4768927577881 ], [ -73.636423469349594, 45.476904128462998 ], [ -73.636015052784899, 45.476931768394302 ], [ -73.635800625384846, 45.476956833160585 ], [ -73.635593494111589, 45.476479360824541 ], [ -73.635000651987738, 45.475702204383147 ], [ -73.634722272081561, 45.475464372305858 ], [ -73.635582820015458, 45.475786673184523 ], [ -73.636783129942557, 45.476041274613145 ], [ -73.638030983039215, 45.476126225125697 ], [ -73.639278413916074, 45.476038259379884 ], [ -73.640477473431986, 45.475780758644241 ], [ -73.641582073038791, 45.47536362073685 ], [ -73.642549757364336, 45.474802879321217 ], [ -73.643343336696901, 45.474120087240891 ], [ -73.64393231649133, 45.473341487667085 ], [ -73.644294068912188, 45.472497005001379 ], [ -73.644414701444674, 45.471619094402001 ], [ -73.644289589340545, 45.470741494221173 ], [ -73.64392355165559, 45.469897929346651 ], [ -73.643522806693269, 45.469372661644371 ], [ -73.643936789794722, 45.469132739328934 ], [ -73.644730272954561, 45.468449937050437 ], [ -73.645319174775068, 45.467671329645853 ], [ -73.645374353739143, 45.467542497671346 ], [ -73.646002613878025, 45.467585230328574 ], [ -73.647249843764797, 45.467497177647836 ], [ -73.64844868576894, 45.467239593123523 ], [ -73.649553059707216, 45.466822377794266 ], [ -73.650520518885358, 45.466261568298769 ], [ -73.651313882248147, 45.465578720095962 ], [ -73.65190266355232, 45.464800078512354 ], [ -73.652264242590178, 45.463955569562088 ], [ -73.652384733507589, 45.463077649411595 ], [ -73.652259516994107, 45.46220005677835 ], [ -73.651893416112301, 45.461356516258803 ], [ -73.651300509266164, 45.460579442432383 ], [ -73.650503587752695, 45.459898694523986 ], [ -73.649533278958856, 45.459340429431073 ], [ -73.648621841738333, 45.458999111184013 ], [ -73.648740475927383, 45.458135054062375 ], [ -73.648642745143391, 45.457449723856321 ], [ -73.649248311658141, 45.457319583626202 ], [ -73.650352486209016, 45.456902360093721 ], [ -73.650659632065498, 45.456724281053226 ], [ -73.650800111353803, 45.456778492479202 ] ] ], [ [ [ -73.653798133525896, 45.504041063021802 ], [ -73.653776961518204, 45.504043648696303 ], [ -73.653588711975104, 45.504066622116497 ], [ -73.653523321962894, 45.504074601218299 ], [ -73.653379287097806, 45.504092176437901 ], [ -73.653181389712401, 45.504116326488003 ], [ -73.652983495281205, 45.504140476191402 ], [ -73.652774069853393, 45.5041660294035 ], [ -73.652564647371193, 45.504191586621403 ], [ -73.652366749285605, 45.5042157352608 ], [ -73.652178376780796, 45.504238719701398 ], [ -73.652145798699195, 45.504242695516098 ], [ -73.651888746634896, 45.5042716717589 ], [ -73.651837343400004, 45.504279684021803 ], [ -73.6516183442955, 45.5043063990056 ], [ -73.651598866449504, 45.5043070399838 ], [ -73.651493015143799, 45.504258374481701 ], [ -73.651460489332194, 45.504243417302199 ], [ -73.651300033894699, 45.504169388507499 ], [ -73.651237306431909, 45.504140495790431 ], [ -73.651632604689993, 45.503911499339594 ], [ -73.652426482062026, 45.503228647264933 ], [ -73.652660523059325, 45.502919333571498 ], [ -73.652961025687091, 45.503312868489537 ], [ -73.653758590428907, 45.5039935932204 ], [ -73.653833634467063, 45.504036730457671 ], [ -73.653798133525896, 45.504041063021802 ] ] ], [ [ [ -73.643206725366397, 45.504385831887497 ], [ -73.643111217995994, 45.504490813150902 ], [ -73.643003101556204, 45.504609659261597 ], [ -73.642902219042497, 45.504720547899602 ], [ -73.642801339268203, 45.504831440836803 ], [ -73.642713067961196, 45.504928468788499 ], [ -73.642589658363605, 45.505064122174097 ], [ -73.642421523124199, 45.505248935893903 ], [ -73.6422931800318, 45.505390008218598 ], [ -73.642239865578702, 45.505456367716398 ], [ -73.642244683771295, 45.505527290234397 ], [ -73.642266597539802, 45.505849760750998 ], [ -73.642271714349405, 45.505925094228999 ], [ -73.642289215897307, 45.506182691916301 ], [ -73.642269146875094, 45.506183362796101 ], [ -73.641676637203233, 45.506861893079304 ], [ -73.641779606526882, 45.506113237482495 ], [ -73.641654457645885, 45.505235639779265 ], [ -73.641288234544987, 45.504392071796239 ], [ -73.641176232794336, 45.504245347231127 ], [ -73.641739895393513, 45.504032594853683 ], [ -73.64231917646002, 45.50369709042176 ], [ -73.642583964351942, 45.503923152318109 ], [ -73.643269200398265, 45.504317155906683 ], [ -73.643206725366397, 45.504385831887497 ] ] ], [ [ [ -73.641722190483904, 45.507097958414597 ], [ -73.641859933391601, 45.507156958229899 ], [ -73.641867672427907, 45.507188025696003 ], [ -73.641730020657505, 45.507426826158998 ], [ -73.641665847223805, 45.507544614635002 ], [ -73.641535219721703, 45.5076958121102 ], [ -73.641429904110595, 45.507817715646098 ], [ -73.641324588034294, 45.507939614688901 ], [ -73.641300284734697, 45.5079677428567 ], [ -73.640968940038903, 45.508351261838399 ], [ -73.6408385241389, 45.5084973438967 ], [ -73.640330147556597, 45.509083571788466 ], [ -73.64010548145518, 45.509131790787045 ], [ -73.640707474613507, 45.508614191362923 ], [ -73.641296849243147, 45.507835609625936 ], [ -73.641630032944462, 45.507058387045006 ], [ -73.641722190483904, 45.507097958414597 ] ] ], [ [ [ -73.63578356895384, 45.511261338337746 ], [ -73.635733967927692, 45.511290056920174 ], [ -73.636120701256871, 45.510779276636477 ], [ -73.636213746748879, 45.510562289997246 ], [ -73.636639982679426, 45.510532261053307 ], [ -73.636994067975166, 45.510456275963051 ], [ -73.636392022592815, 45.510973858510567 ], [ -73.636330668565321, 45.511054892576681 ], [ -73.63578356895384, 45.511261338337746 ] ] ], [ [ [ -73.633472300630515, 45.457316943320841 ], [ -73.634351139266627, 45.457254985669699 ], [ -73.634765214874292, 45.457608865296756 ], [ -73.634826081947992, 45.457643899255395 ], [ -73.634581828943396, 45.457552390278437 ], [ -73.633472300630515, 45.457316943320841 ] ] ], [ [ [ -73.633828384536812, 45.496211069572148 ], [ -73.633496410509252, 45.496020116642917 ], [ -73.633726258953544, 45.495970788719795 ], [ -73.633819656257927, 45.495935538203597 ], [ -73.633859852621356, 45.496217742483431 ], [ -73.633828384536812, 45.496211069572148 ] ] ], [ [ [ -73.632476674489297, 45.514914606625041 ], [ -73.631505597181643, 45.514356194658106 ], [ -73.630398240592498, 45.51394169278182 ], [ -73.629197153478685, 45.51368702680891 ], [ -73.628159736302123, 45.513616369442602 ], [ -73.628361280899568, 45.513350248772234 ], [ -73.628966405904379, 45.51347856250468 ], [ -73.630215074660953, 45.51356359694794 ], [ -73.631463344585484, 45.513475716197981 ], [ -73.63266323427024, 45.513218298256497 ], [ -73.633768623243853, 45.512801237761501 ], [ -73.633818220390467, 45.512772522689097 ], [ -73.633431458812268, 45.513283292386078 ], [ -73.633069284136042, 45.514127735074716 ], [ -73.632948386017048, 45.515005627433986 ], [ -73.632972126496853, 45.515172258250352 ], [ -73.632859449135907, 45.5151396850232 ], [ -73.632679304793356, 45.515087606291267 ], [ -73.632476674489297, 45.514914606625041 ] ] ], [ [ [ -73.632708864566482, 45.474132937229932 ], [ -73.632987233830761, 45.474370773016908 ], [ -73.632126717832193, 45.474048453732884 ], [ -73.631359279227766, 45.473885630014422 ], [ -73.631728953663909, 45.473397119670487 ], [ -73.63193029119401, 45.472927371628664 ], [ -73.632116086733717, 45.473355765424749 ], [ -73.632708864566482, 45.474132937229932 ] ] ], [ [ [ -73.628831007207381, 45.456012631981714 ], [ -73.629801054956559, 45.456571073545909 ], [ -73.630907282771361, 45.456985586645345 ], [ -73.632016793440556, 45.457221057400901 ], [ -73.630887463507463, 45.457300649951534 ], [ -73.629688751650832, 45.457558050472976 ], [ -73.628584411483743, 45.457975074391804 ], [ -73.627616875952569, 45.458535698996194 ], [ -73.62682332475481, 45.459218383658758 ], [ -73.626234255871807, 45.459996897042949 ], [ -73.625872313205861, 45.460841324572378 ], [ -73.625751415426976, 45.461719217535389 ], [ -73.625865961672957, 45.462524705716717 ], [ -73.625018683784717, 45.462344858110939 ], [ -73.623771154036007, 45.462259764903166 ], [ -73.622524002529772, 45.462347561223439 ], [ -73.62132514553511, 45.462604873899096 ], [ -73.621303644326943, 45.462612990487159 ], [ -73.621127158063615, 45.462650869662816 ], [ -73.620022655261792, 45.463067810601316 ], [ -73.619523385984039, 45.463357016027039 ], [ -73.619437174062782, 45.463243923068632 ], [ -73.61864059794901, 45.462562952832862 ], [ -73.618132363275109, 45.462270318454046 ], [ -73.618227797579706, 45.462230000283803 ], [ -73.619792771737394, 45.4616749873137 ], [ -73.6199617859412, 45.461749945265602 ], [ -73.624324778096593, 45.458658953449202 ], [ -73.626204808450495, 45.457490952641699 ], [ -73.628330907662772, 45.45558515757596 ], [ -73.628831007207381, 45.456012631981714 ] ] ], [ [ [ -73.613829300520649, 45.482338123063748 ], [ -73.614975621516521, 45.482416385123535 ], [ -73.615680957664907, 45.482822390920674 ], [ -73.616787596282023, 45.48323703844482 ], [ -73.617987980229316, 45.483491836965456 ], [ -73.618573044395177, 45.483531758351269 ], [ -73.618583353645292, 45.48354527789747 ], [ -73.619380225239766, 45.484226245721381 ], [ -73.620350664497991, 45.484784764374318 ], [ -73.621457375729364, 45.485199366440895 ], [ -73.622657822319027, 45.485454115735642 ], [ -73.623637152020223, 45.485520896724744 ], [ -73.623799522617574, 45.485895333495648 ], [ -73.623971277907756, 45.486120521596469 ], [ -73.622875217200473, 45.486045783568805 ], [ -73.621627539597128, 45.486133570283741 ], [ -73.620428174282509, 45.486390872995123 ], [ -73.619323202821207, 45.486807805910374 ], [ -73.618355082407206, 45.487368349817224 ], [ -73.617737411245159, 45.487899328892972 ], [ -73.617682399778005, 45.487874354149 ], [ -73.617625981031694, 45.487848717453403 ], [ -73.617463125855494, 45.487774770809501 ], [ -73.617339407394198, 45.487718517019999 ], [ -73.617216530422695, 45.487662780698201 ], [ -73.617111760457107, 45.4876152332563 ], [ -73.6170927716405, 45.4876066145574 ], [ -73.616997235478806, 45.487563187694597 ], [ -73.616969079346902, 45.487550386701002 ], [ -73.6168463082806, 45.487494535632599 ], [ -73.616723433453004, 45.487438798775898 ], [ -73.616674497106203, 45.487416598683602 ], [ -73.616600556915401, 45.4873830617884 ], [ -73.616564751087495, 45.487366779844002 ], [ -73.616477765920806, 45.487327227917703 ], [ -73.616455074292304, 45.487316925677597 ], [ -73.616314009416897, 45.487252832382701 ], [ -73.616252021732507, 45.487224634710202 ], [ -73.616205973839001, 45.487203679309303 ], [ -73.616129661190101, 45.487169142740299 ], [ -73.616094492367907, 45.487153229077599 ], [ -73.616027050076994, 45.487122549948197 ], [ -73.615986458342306, 45.4871040757942 ], [ -73.6159255529994, 45.487076351372799 ], [ -73.615878443989004, 45.487054904813199 ], [ -73.615801024687698, 45.4870198682558 ], [ -73.615766960370493, 45.487004454262603 ], [ -73.6156896537655, 45.486969285701903 ], [ -73.615658925742594, 45.486955300668903 ], [ -73.6155831895652, 45.4869209301132 ], [ -73.615556382486105, 45.486908768896299 ], [ -73.615476703542797, 45.486872600809498 ], [ -73.615453838013906, 45.486862228245101 ], [ -73.615330766109807, 45.486806235244401 ], [ -73.615291745061299, 45.486788532561498 ], [ -73.615538270104196, 45.486537627255501 ], [ -73.615684723267805, 45.486388688141901 ], [ -73.615932350571796, 45.4861373678362 ], [ -73.615971754324605, 45.4860974059714 ], [ -73.616253655487299, 45.485811532633001 ], [ -73.616422289037899, 45.485649836809301 ], [ -73.616576994362603, 45.485486915901902 ], [ -73.616830059351997, 45.485214418834801 ], [ -73.616866935467698, 45.485173650784603 ], [ -73.616968187709702, 45.485061699117502 ], [ -73.617005358628802, 45.485021053745399 ], [ -73.6172162902227, 45.484790375000898 ], [ -73.617217589639196, 45.484788958870602 ], [ -73.617209880343594, 45.484785478120799 ], [ -73.617114663088799, 45.484742595836202 ], [ -73.617094465599493, 45.484733503844403 ], [ -73.6169713390684, 45.4846780486874 ], [ -73.616848211217203, 45.484622593398598 ], [ -73.616725085168994, 45.484567137974601 ], [ -73.616560916445295, 45.484493200131901 ], [ -73.616177846810402, 45.484320668799597 ], [ -73.616069733574705, 45.484271972604297 ], [ -73.616068414783697, 45.484271376390303 ], [ -73.615958420673195, 45.484221838394703 ], [ -73.615938398984596, 45.484212816319598 ], [ -73.615822163254407, 45.484160463720798 ], [ -73.615699039218399, 45.484105007184297 ], [ -73.615692150715901, 45.484101912152902 ], [ -73.615575916594906, 45.484049550513298 ], [ -73.6152759922672, 45.483914463653697 ], [ -73.615247584610202, 45.483901671269102 ], [ -73.615003121735299, 45.483789893841298 ], [ -73.614920994632996, 45.483752805118101 ], [ -73.614592926467594, 45.483604633729698 ], [ -73.614461101736595, 45.483545098366299 ], [ -73.614428863032202, 45.483530578466599 ], [ -73.614264683763295, 45.483456654896102 ], [ -73.614137789642896, 45.483399513229799 ], [ -73.614014656067695, 45.483344072455203 ], [ -73.613811042589305, 45.483252383986397 ], [ -73.613680697445801, 45.483193698637898 ], [ -73.613556568668599, 45.483137801404801 ], [ -73.613435045756503, 45.483083078981601 ], [ -73.613311913559102, 45.483027637445097 ], [ -73.613188782969303, 45.482972195773598 ], [ -73.613065651285893, 45.4829167451825 ], [ -73.612942522423296, 45.4828613032428 ], [ -73.612819388685196, 45.482805852387202 ], [ -73.612696260293205, 45.4827504101806 ], [ -73.612573128308597, 45.482694959056701 ], [ -73.612449996579102, 45.4826395165869 ], [ -73.6123776420159, 45.482606933213603 ], [ -73.612853636051526, 45.482130981394043 ], [ -73.613829300520649, 45.482338123063748 ] ] ], [ [ [ -73.609610782067506, 45.508916039747398 ], [ -73.609566715245606, 45.508896270557699 ], [ -73.608980781390997, 45.508663816762898 ], [ -73.608469106512302, 45.508460068597202 ], [ -73.606361770304801, 45.507520309019903 ], [ -73.606178208372896, 45.506990833791598 ], [ -73.603298330721003, 45.505663438540999 ], [ -73.602256360256106, 45.506796569523303 ], [ -73.599561781565896, 45.505579786218199 ], [ -73.599298350568006, 45.5057995542698 ], [ -73.599069242840301, 45.505695115736998 ], [ -73.598973759654001, 45.505798680407999 ], [ -73.595745055463198, 45.504326797395301 ], [ -73.594002749357003, 45.503532454974703 ], [ -73.594005812199995, 45.503528039364497 ], [ -73.594012152433507, 45.503518898834898 ], [ -73.594018581935003, 45.503509789190801 ], [ -73.594025100400202, 45.5035007108633 ], [ -73.5940317075206, 45.503491664282102 ], [ -73.5940384029835, 45.503482649875302 ], [ -73.594045186472002, 45.503473668069397 ], [ -73.594052057664996, 45.503464719289397 ], [ -73.594059016237395, 45.503455803958801 ], [ -73.594066061859905, 45.5034469224994 ], [ -73.594073194198899, 45.503438075331701 ], [ -73.594080412917094, 45.503429262874199 ], [ -73.594087717672494, 45.503420485543998 ], [ -73.594095108119703, 45.503411743756502 ], [ -73.594102583908906, 45.503403037925104 ], [ -73.594110144686098, 45.503394368461997 ], [ -73.594117790093705, 45.5033857357774 ], [ -73.594125519769705, 45.503377140279802 ], [ -73.594133333348395, 45.503368582375899 ], [ -73.594141230459897, 45.503360062470897 ], [ -73.594149210730606, 45.503351580967603 ], [ -73.594157273782798, 45.503343138267603 ], [ -73.594165419234898, 45.503334734770398 ], [ -73.594173646701293, 45.503326370873602 ], [ -73.594181955792806, 45.503318046973 ], [ -73.594190346115994, 45.503309763462497 ], [ -73.594198817274005, 45.503301520734098 ], [ -73.594207368865796, 45.503293319177899 ], [ -73.594216000486696, 45.5032851591819 ], [ -73.594224711728302, 45.503277041132201 ], [ -73.594233502178199, 45.503268965413199 ], [ -73.594242371420506, 45.503260932406697 ], [ -73.594251319035394, 45.503252942493098 ], [ -73.594260344599604, 45.503244996050398 ], [ -73.594269447685804, 45.503237093454601 ], [ -73.594278627863204, 45.503229235079701 ], [ -73.594287884697493, 45.503221421297603 ], [ -73.594297217750494, 45.503213652478102 ], [ -73.594306626580703, 45.503205928988599 ], [ -73.594316110742596, 45.503198251194704 ], [ -73.594325669787594, 45.503190619459801 ], [ -73.594335303262994, 45.503183034144897 ], [ -73.594345010713297, 45.503175495609 ], [ -73.594354791678896, 45.503168004208902 ], [ -73.594364645696999, 45.503160560299001 ], [ -73.594374572301206, 45.503153164231698 ], [ -73.594384571022601, 45.503145816353403 ], [ -73.594521993619395, 45.5030443186821 ], [ -73.594534259263895, 45.503035306485501 ], [ -73.594546599694695, 45.5030263455061 ], [ -73.5945590121446, 45.503017433848797 ], [ -73.594571496214698, 45.503008571800102 ], [ -73.5945840515041, 45.502999759644503 ], [ -73.594596677609502, 45.502990997665101 ], [ -73.594609374125397, 45.5029822861433 ], [ -73.594622140644006, 45.502973625358798 ], [ -73.594634976755202, 45.502965015589801 ], [ -73.594647882046701, 45.502956457112802 ], [ -73.594660856104099, 45.502947950202703 ], [ -73.594673898510607, 45.5029394951328 ], [ -73.594687008847401, 45.5029310921744 ], [ -73.594700186693203, 45.502922741597601 ], [ -73.594713431624896, 45.502914443670598 ], [ -73.594726743217095, 45.502906198659801 ], [ -73.594740121042193, 45.502898006830002 ], [ -73.594753564670398, 45.502889868444299 ], [ -73.594767073670099, 45.502881783764103 ], [ -73.594780647607394, 45.502873753049101 ], [ -73.594794286046195, 45.502865776557101 ], [ -73.594807988548496, 45.502857854544402 ], [ -73.5948217546742, 45.5028499872654 ], [ -73.594835583981194, 45.502842174972699 ], [ -73.594849476025303, 45.502834417917299 ], [ -73.594863430360206, 45.502826716348203 ], [ -73.594877446537893, 45.502819070512899 ], [ -73.594891524108107, 45.502811480656803 ], [ -73.5949056626187, 45.502803947023899 ], [ -73.594919861615594, 45.502796469855902 ], [ -73.594934120642804, 45.502789049393002 ], [ -73.594948439242202, 45.5027816858736 ], [ -73.594962816953995, 45.502774379534202 ], [ -73.594977253316301, 45.5027671306093 ], [ -73.594991747865606, 45.502759939331902 ], [ -73.595006300136305, 45.502752805932801 ], [ -73.595020909661102, 45.502745730641102 ], [ -73.595035575970599, 45.502738713684302 ], [ -73.595050298593804, 45.5027317552874 ], [ -73.595065077057995, 45.502724855674103 ], [ -73.595079910888302, 45.502718015065902 ], [ -73.595094799608503, 45.502711233682497 ], [ -73.595109742740206, 45.502704511741797 ], [ -73.595124739803694, 45.502697849459601 ], [ -73.595139790317106, 45.502691247049697 ], [ -73.595154893797201, 45.502684704724501 ], [ -73.595170049758806, 45.502678222693802 ], [ -73.595185257715102, 45.502671801165903 ], [ -73.595200517177801, 45.502665440347101 ], [ -73.595215827656702, 45.5026591404417 ], [ -73.595231188660193, 45.502652901651899 ], [ -73.595246599694704, 45.502646724178 ], [ -73.595262060265497, 45.502640608218599 ], [ -73.595277569875904, 45.502634553970097 ], [ -73.595293128027805, 45.502628561626899 ], [ -73.595308734221604, 45.5026226313813 ], [ -73.595324387955898, 45.502616763424001 ], [ -73.595340088728094, 45.502610957943197 ], [ -73.595355836033903, 45.502605215125598 ], [ -73.595371629367506, 45.502599535155497 ], [ -73.595387468221702, 45.502593918215403 ], [ -73.5954033520878, 45.502588364485597 ], [ -73.595419280455701, 45.502582874144501 ], [ -73.5954352528138, 45.502577447368502 ], [ -73.5954512686491, 45.502572084331703 ], [ -73.595467327447196, 45.502566785206497 ], [ -73.595483428698003, 45.502561550165403 ], [ -73.595552429461407, 45.502539988273199 ], [ -73.596161805932795, 45.502355708360298 ], [ -73.596186007279897, 45.502348350103503 ], [ -73.596210170025401, 45.502340927046397 ], [ -73.596234292142299, 45.502333438938102 ], [ -73.596258373276399, 45.502325885888503 ], [ -73.596282413074206, 45.502318268008501 ], [ -73.596306411182695, 45.5023105854101 ], [ -73.596330367249493, 45.5023028382059 ], [ -73.596354280922895, 45.502295026509799 ], [ -73.596378151851795, 45.502287150436501 ], [ -73.596401979685695, 45.502279210101499 ], [ -73.596425764074795, 45.502271205621497 ], [ -73.596449504669806, 45.502263137114099 ], [ -73.596473201122294, 45.502255004697602 ], [ -73.596496853084105, 45.502246808491499 ], [ -73.596520460208097, 45.502238548616198 ], [ -73.596544022147697, 45.502230225192903 ], [ -73.596567538556997, 45.5022218383439 ], [ -73.596591009090602, 45.502213388192203 ], [ -73.596614433404, 45.502204874861903 ], [ -73.596637811153101, 45.502196298478196 ], [ -73.5966611419949, 45.5021876591669 ], [ -73.596684425586801, 45.502178957054802 ], [ -73.596707661586805, 45.502170192269702 ], [ -73.596730849653895, 45.502161364940299 ], [ -73.596753989447606, 45.502152475196198 ], [ -73.596777080628101, 45.502143523168002 ], [ -73.596800122856394, 45.502134508987098 ], [ -73.596823115794294, 45.502125432785903 ], [ -73.596846059103996, 45.502116294697601 ], [ -73.596868952448901, 45.502107094856299 ], [ -73.596891795492695, 45.502097833397301 ], [ -73.596914587900002, 45.502088510456403 ], [ -73.596937329336299, 45.502079126170599 ], [ -73.596960019467701, 45.5020696806776 ], [ -73.596982657960893, 45.502060174115996 ], [ -73.597005244483697, 45.502050606625701 ], [ -73.597027778704401, 45.502040978346997 ], [ -73.597050260292207, 45.502031289421197 ], [ -73.597072688916995, 45.5020215399907 ], [ -73.597095064249501, 45.502011730198497 ], [ -73.597117385961198, 45.502001860188798 ], [ -73.597139653724398, 45.5019919301063 ], [ -73.597161867212094, 45.501981940097103 ], [ -73.597184026098304, 45.501971890307701 ], [ -73.597206130057501, 45.501961780885601 ], [ -73.597228178765306, 45.501951611979401 ], [ -73.597250171897997, 45.501941383738298 ], [ -73.597272109132703, 45.501931096312603 ], [ -73.597293990147193, 45.501920749853099 ], [ -73.597315814620401, 45.501910344511998 ], [ -73.597337582231802, 45.501899880441897 ], [ -73.597359292661906, 45.5018893577966 ], [ -73.597380945591794, 45.5018787767304 ], [ -73.597402540703797, 45.501868137398802 ], [ -73.597424077680799, 45.501857439958002 ], [ -73.597445556206495, 45.501846684565002 ], [ -73.597466975965702, 45.5018358713778 ], [ -73.597488336643806, 45.501825000555201 ], [ -73.597509637927303, 45.5018140722567 ], [ -73.597530879503495, 45.501803086642802 ], [ -73.597552061060398, 45.5017920438749 ], [ -73.597573182287107, 45.501780944114998 ], [ -73.597594242873598, 45.501769787526101 ], [ -73.597615242510699, 45.501758574272003 ], [ -73.597636180889893, 45.501747304517401 ], [ -73.597657057703998, 45.501735978427902 ], [ -73.5976778726465, 45.501724596169502 ], [ -73.597698625411795, 45.501713157909499 ], [ -73.597719315695102, 45.501701663815901 ], [ -73.597739943192806, 45.501690114057297 ], [ -73.597760507602004, 45.501678508803302 ], [ -73.5977810086208, 45.501666848224502 ], [ -73.597801445948306, 45.501655132491898 ], [ -73.597821819284306, 45.501643361777603 ], [ -73.597842128329901, 45.5016315362545 ], [ -73.597862372786807, 45.501619656095997 ], [ -73.597882552357902, 45.501607721476802 ], [ -73.597902666747899, 45.501595732573897 ], [ -73.597983540436303, 45.501546576653404 ], [ -73.599120220773102, 45.500855666418801 ], [ -73.599420183714003, 45.5006170291365 ], [ -73.599415470728104, 45.500614142139803 ], [ -73.599542096478501, 45.500512456766003 ], [ -73.5995461701214, 45.500515071901098 ], [ -73.600155310277302, 45.4999905387862 ], [ -73.601468928188496, 45.498818537050099 ], [ -73.602075329630097, 45.498268266063 ], [ -73.602372762698295, 45.497989865547503 ], [ -73.603715158705199, 45.496681016143803 ], [ -73.604608957647798, 45.495765998155797 ], [ -73.605472228559805, 45.494901048062502 ], [ -73.605526175709301, 45.494914888493497 ], [ -73.605580094539505, 45.494928783414402 ], [ -73.605633984944404, 45.494942732797803 ], [ -73.605687846812899, 45.494956736615102 ], [ -73.605741680034001, 45.494970794837201 ], [ -73.605795484496397, 45.494984907435303 ], [ -73.605849260088405, 45.494999074374299 ], [ -73.6058983417511, 45.4950120533451 ], [ -73.605947398992498, 45.495025077917603 ], [ -73.605996431726894, 45.495038148076397 ], [ -73.606045439868595, 45.495051263798601 ], [ -73.606094423331996, 45.4950644250614 ], [ -73.606143382031803, 45.495077631841703 ], [ -73.606192315882197, 45.4950908841165 ], [ -73.606241224796804, 45.495104181859197 ], [ -73.606289652974198, 45.495117394100603 ], [ -73.606338056641206, 45.495130650715801 ], [ -73.606386435712693, 45.4951439516853 ], [ -73.606434790106405, 45.495157296986697 ], [ -73.606483119740304, 45.495170686597099 ], [ -73.606531424532307, 45.495184120494002 ], [ -73.606579704318307, 45.495197599664401 ], [ -73.606649442668598, 45.495217882128699 ], [ -73.606841945871494, 45.495273876599903 ], [ -73.606960257885902, 45.4951216535284 ], [ -73.607031202118193, 45.495027375838397 ], [ -73.607197119130404, 45.494812971187699 ], [ -73.607399501564103, 45.494570587622498 ], [ -73.607549779840994, 45.4944277541085 ], [ -73.608385648443999, 45.4936659144497 ], [ -73.608816953457605, 45.493828610004996 ], [ -73.609399734881706, 45.494053783387102 ], [ -73.609471908427295, 45.493973057772401 ], [ -73.609894400331996, 45.493500519318097 ], [ -73.610463274067996, 45.492860096740301 ], [ -73.610467389522597, 45.4928559626142 ], [ -73.610471932855901, 45.492851401877999 ], [ -73.610910478177502, 45.492411173428302 ], [ -73.611458270105203, 45.491861269187403 ], [ -73.611558458021406, 45.491761081224404 ], [ -73.611605315614099, 45.4917142197949 ], [ -73.612313087827502, 45.491987038496198 ], [ -73.612348406761797, 45.492001340647199 ], [ -73.612618933438, 45.492110896622201 ], [ -73.612875146536297, 45.492214657531001 ], [ -73.613131360321901, 45.492318413468702 ], [ -73.613215860622702, 45.492352631937102 ], [ -73.613463004835197, 45.492462674818903 ], [ -73.613654000689806, 45.49254771787345 ], [ -73.612876734416048, 45.4932157514151 ], [ -73.612287119919358, 45.493994188745461 ], [ -73.611924752105594, 45.494838567440134 ], [ -73.611803565996524, 45.495716440668978 ], [ -73.611928229809152, 45.496594073003074 ], [ -73.612293963868566, 45.497437736734383 ], [ -73.612886722600365, 45.498215008132696 ], [ -73.613683732865567, 45.498896013807041 ], [ -73.614654368168047, 45.49945457922383 ], [ -73.615676893802316, 45.499837607912667 ], [ -73.615755737861036, 45.500019444654718 ], [ -73.615147961891253, 45.500149769687376 ], [ -73.614042682467897, 45.500566650815486 ], [ -73.613074274071479, 45.501127148889488 ], [ -73.612279949932429, 45.501809728149645 ], [ -73.611690237734848, 45.502588161316353 ], [ -73.611327806112371, 45.503432536902359 ], [ -73.611206592543027, 45.504310408197767 ], [ -73.611233219829799, 45.504497848998795 ], [ -73.610510715637801, 45.50511864735487 ], [ -73.609920944577908, 45.505897070990066 ], [ -73.609558465354084, 45.506741440515583 ], [ -73.609437217274888, 45.507619309454938 ], [ -73.609561870945512, 45.508496942544816 ], [ -73.609775630617264, 45.508989983219692 ], [ -73.609610782067506, 45.508916039747398 ] ] ], [ [ [ -73.598473376426298, 45.474103127492 ], [ -73.597034304554839, 45.475115808349791 ], [ -73.596522318239749, 45.475080770925487 ], [ -73.595695235206136, 45.475138783086699 ], [ -73.595754470386495, 45.4750017610084 ], [ -73.595783442692095, 45.474935924349502 ], [ -73.595812174834094, 45.474870035266001 ], [ -73.595840666527096, 45.474804094408398 ], [ -73.595868917490293, 45.474738102428098 ], [ -73.595896927447896, 45.474672059977898 ], [ -73.595923767135105, 45.474610412052797 ], [ -73.595950548912896, 45.474548751646601 ], [ -73.595977272764102, 45.474487078799598 ], [ -73.596003938671402, 45.474425393552103 ], [ -73.596030546617499, 45.474363695944703 ], [ -73.596057068455295, 45.474302065951498 ], [ -73.596083666939805, 45.474240452277598 ], [ -73.596110342040305, 45.474178854993802 ], [ -73.596137093725901, 45.474117274171 ], [ -73.596163921965399, 45.4740557098797 ], [ -73.596192854345901, 45.473988322097497 ], [ -73.596221864257004, 45.473920950786599 ], [ -73.596250951670001, 45.473853596013299 ], [ -73.596280116556102, 45.473786257843898 ], [ -73.596309358886103, 45.473718936344603 ], [ -73.596339583482006, 45.473649048298498 ], [ -73.596369945834098, 45.473579189712702 ], [ -73.596400445854599, 45.473509360788803 ], [ -73.596431083455002, 45.473439561728199 ], [ -73.596440159325837, 45.473418986179084 ], [ -73.596515019962951, 45.473413735253843 ], [ -73.597714219344169, 45.473156683173563 ], [ -73.59790373675537, 45.473085202371976 ], [ -73.59816071180569, 45.473678611279716 ], [ -73.598489747369513, 45.474110434447063 ], [ -73.598473376426298, 45.474103127492 ] ] ] ] } },
{ "type": "Feature", "properties": { "arrondissement": "Rosemont-La Petite-Patrie", "pct_couverture": 84.7, "nb_bornes": 187 }, "geometry": { "type": "MultiPolygon", "coordinates": [ [ [ [ -73.577305491392593, 45.577612377603501 ], [ -73.577258163648196, 45.577666702936199 ], [ -73.577388790276899, 45.577726948203498 ], [ -73.577778188199801, 45.577906503343897 ], [ -73.5777804153566, 45.577907530307499 ], [ -73.577869090375998, 45.577948421214998 ], [ -73.5780323112172, 45.5780236886986 ], [ -73.578122050814898, 45.578065073588803 ], [ -73.578060798659124, 45.578126587456197 ], [ -73.577583816662639, 45.578306046654056 ], [ -73.576613711177473, 45.578866229084731 ], [ -73.575817851345619, 45.579548546467912 ], [ -73.5752268238612, 45.58032678159968 ], [ -73.575055361487784, 45.580725038877297 ], [ -73.574947658764401, 45.5808436921264 ], [ -73.574937524855997, 45.5808548554892 ], [ -73.574831131071505, 45.5809720570048 ], [ -73.574714599730996, 45.581100430551302 ], [ -73.574598070989396, 45.581228805072698 ], [ -73.574481541717006, 45.581357179472697 ], [ -73.574365008783701, 45.581485552654897 ], [ -73.574356492860801, 45.5814949354614 ], [ -73.574248465935298, 45.581613926820097 ], [ -73.574134071884203, 45.581739949935901 ], [ -73.574039058642796, 45.581844622351902 ], [ -73.574015478661906, 45.581870601126901 ], [ -73.573965038409696, 45.581926162525001 ], [ -73.573441078303304, 45.581750980882802 ], [ -73.573437068921194, 45.581749641183599 ], [ -73.573212081224298, 45.581667718890799 ], [ -73.573206710147801, 45.581665762740798 ], [ -73.571022431485602, 45.5809224965829 ], [ -73.570961622799501, 45.581011491512797 ], [ -73.570960351894598, 45.581013385988904 ], [ -73.570872037883404, 45.581145059724101 ], [ -73.570869892638399, 45.581148259671799 ], [ -73.570800004909302, 45.581252449180397 ], [ -73.5707888289691, 45.581269110442797 ], [ -73.570730079447401, 45.581356692490502 ], [ -73.570722260322, 45.581368350533701 ], [ -73.5706601849554, 45.581460890701301 ], [ -73.570651919261394, 45.581473215760298 ], [ -73.5703680620922, 45.581379280013799 ], [ -73.5703671575816, 45.581378980700599 ], [ -73.5701717958286, 45.581314155329899 ], [ -73.570170284140502, 45.581313654277601 ], [ -73.569863727969704, 45.581211930193703 ], [ -73.569862728943093, 45.581213615790404 ], [ -73.569802728015603, 45.581314930650301 ], [ -73.569800695616394, 45.581318362276797 ], [ -73.569742726873898, 45.581416246575401 ], [ -73.569704648091502, 45.581480543119099 ], [ -73.569682725515094, 45.581517561368997 ], [ -73.569599393227307, 45.581658266722101 ], [ -73.569313492892206, 45.5815634607481 ], [ -73.569050131040498, 45.581476121816102 ], [ -73.569033981386397, 45.581470765765097 ], [ -73.569024392155299, 45.581471218709297 ], [ -73.569014813189995, 45.581471554671602 ], [ -73.569005254756405, 45.581471656671098 ], [ -73.568991866576994, 45.581471179470199 ], [ -73.568986241686403, 45.581470696241396 ], [ -73.568976827309001, 45.581469493240398 ], [ -73.5689675265061, 45.5814678344261 ], [ -73.568958382159906, 45.581465757228003 ], [ -73.568953222975495, 45.581464391083998 ], [ -73.568940722365895, 45.581460487443699 ], [ -73.5689322576075, 45.581457340625199 ], [ -73.568924060622393, 45.581453875199898 ], [ -73.568918762089098, 45.581451400328099 ], [ -73.568908514844694, 45.581446071743102 ], [ -73.568901110324603, 45.5814418204912 ], [ -73.5688938843888, 45.581437411323897 ], [ -73.568887652523898, 45.581433458472503 ], [ -73.568879784480501, 45.581428326249899 ], [ -73.568872906304094, 45.581423667591999 ], [ -73.568866187637695, 45.581418896007698 ], [ -73.568859664679906, 45.581413982447501 ], [ -73.568855409289199, 45.581410586220002 ], [ -73.568847253383396, 45.581403688811697 ], [ -73.568841107870995, 45.581398506732 ], [ -73.568834722549099, 45.5813935174139 ], [ -73.568827139402799, 45.581388431428799 ], [ -73.568820419959195, 45.581384751177097 ], [ -73.568812373904905, 45.581381120532697 ], [ -73.568803864811201, 45.581377954060599 ], [ -73.568793177449606, 45.581374702473198 ], [ -73.568785929486296, 45.581372871467799 ], [ -73.568776714101105, 45.581371028303799 ], [ -73.568770336715403, 45.581370127089201 ], [ -73.568758191178603, 45.581369350296697 ], [ -73.568748938113103, 45.581369512542203 ], [ -73.568739687393105, 45.581370236649597 ], [ -73.568730435368906, 45.581371440217502 ], [ -73.568721178390902, 45.581373040843602 ], [ -73.568711912809505, 45.581374956126602 ], [ -73.568702634975097, 45.581377103664501 ], [ -73.568693341238401, 45.581379401055401 ], [ -73.5686840279498, 45.581381765897802 ], [ -73.568674691460103, 45.581384115789596 ], [ -73.568665328119707, 45.581386368329198 ], [ -73.568655934279704, 45.581388441114797 ], [ -73.568646506290705, 45.581390251744601 ], [ -73.568637040503503, 45.581391717816601 ], [ -73.568627533269094, 45.581392756929297 ], [ -73.568620770253602, 45.581393189705402 ], [ -73.568608390195195, 45.581393328269897 ], [ -73.568598784107905, 45.5813930671777 ], [ -73.568589187926094, 45.5813927107545 ], [ -73.568579626780206, 45.581392465159396 ], [ -73.568570125800804, 45.581392536551398 ], [ -73.568564847984206, 45.5813927913646 ], [ -73.568551391148802, 45.581394361664898 ], [ -73.568542168490694, 45.581396260780402 ], [ -73.568535304616702, 45.581398136089703 ], [ -73.568524128389498, 45.581402114477903 ], [ -73.568515793529201, 45.581406036906998 ], [ -73.568508424384703, 45.5814105746447 ], [ -73.5685024095458, 45.581415690388198 ], [ -73.568499258257503, 45.581419528687299 ], [ -73.568495723478804, 45.581427482538601 ], [ -73.568494878576502, 45.581434000454898 ], [ -73.568495260048294, 45.581440798753199 ], [ -73.568495646502697, 45.581442924101403 ], [ -73.565371606139394, 45.580402790464099 ], [ -73.565122429507397, 45.5803200676431 ], [ -73.564147347466118, 45.579995192362745 ], [ -73.564188078729629, 45.579941578590969 ], [ -73.564430237960252, 45.579379370788082 ], [ -73.565412587408758, 45.579009927030427 ], [ -73.566382806854719, 45.57844983967022 ], [ -73.567178765529562, 45.577767587830586 ], [ -73.56776987743234, 45.57698939393854 ], [ -73.568133432799897, 45.576145166825675 ], [ -73.568255469865079, 45.575267351849739 ], [ -73.568131309958687, 45.574389683705434 ], [ -73.567765735610877, 45.573545889903983 ], [ -73.567172805066363, 45.572768394763216 ], [ -73.566375310599028, 45.572087073695009 ], [ -73.565403901661526, 45.57152810561098 ], [ -73.564295906711436, 45.571112967471329 ], [ -73.563093899041377, 45.570857609526279 ], [ -73.561844061675231, 45.570771842855393 ], [ -73.560594414019647, 45.570858962665433 ], [ -73.559392968200896, 45.571115621772826 ], [ -73.558285885680064, 45.571531959115042 ], [ -73.557315704728751, 45.572091978370537 ], [ -73.556519706664616, 45.572774162187855 ], [ -73.55592848348526, 45.573552298495756 ], [ -73.555686262221357, 45.574114488003652 ], [ -73.554703936405673, 45.57448384930791 ], [ -73.553733669024581, 45.575043837891528 ], [ -73.553731109105016, 45.575046031470244 ], [ -73.552717873126483, 45.574708349040698 ], [ -73.552619298137373, 45.574480674452715 ], [ -73.552026566675508, 45.573703100737546 ], [ -73.551229242017754, 45.573021673971745 ], [ -73.55025796709738, 45.572462577129237 ], [ -73.549782727059366, 45.572284438550241 ], [ -73.549978547222395, 45.571994009321998 ], [ -73.550912742782998, 45.5706083663759 ], [ -73.551079065705906, 45.5703775354214 ], [ -73.551746403145998, 45.569393093317501 ], [ -73.552252129760006, 45.568646967574097 ], [ -73.552344626229697, 45.5685100228294 ], [ -73.552595758185703, 45.568137497290003 ], [ -73.5528187455471, 45.567806705120198 ], [ -73.553017340443304, 45.567512101416 ], [ -73.553313197711503, 45.567061061294297 ], [ -73.553439286225696, 45.566866086956701 ], [ -73.553581366655195, 45.566649265539098 ], [ -73.553730053761996, 45.5663878567699 ], [ -73.553780103657502, 45.5663100097346 ], [ -73.553835434702904, 45.566224046104203 ], [ -73.554162608264903, 45.565723454129198 ], [ -73.554261319015694, 45.565572907273101 ], [ -73.554274772315594, 45.565551479282902 ], [ -73.554287636479799, 45.5655298664079 ], [ -73.554299903950593, 45.565508080686897 ], [ -73.554311567838099, 45.565486134356902 ], [ -73.554322621932499, 45.5654640398309 ], [ -73.554447550666453, 45.565241625821038 ], [ -73.555358034157877, 45.565582900605328 ], [ -73.556559894332011, 45.565838340254878 ], [ -73.557809614297241, 45.565924164870268 ], [ -73.559059156875477, 45.565837075500241 ], [ -73.56026049171497, 45.565580419721883 ], [ -73.561367442765075, 45.565164062876022 ], [ -73.562337464231433, 45.564604008612179 ], [ -73.563133276544121, 45.563921783376166 ], [ -73.563724299323511, 45.563143608570961 ], [ -73.564087826225389, 45.562299392293497 ], [ -73.564209896568698, 45.561421579484708 ], [ -73.564103826989708, 45.560671217096647 ], [ -73.564717980913684, 45.561196047102605 ], [ -73.565689204871816, 45.561755022137262 ], [ -73.566797026032731, 45.562170147544144 ], [ -73.566850362729312, 45.562181478426197 ], [ -73.566957144890665, 45.562936598220283 ], [ -73.567322638135735, 45.563780396229198 ], [ -73.567915476044234, 45.564557891873925 ], [ -73.56871288247207, 45.565239203143022 ], [ -73.569684215724834, 45.565798143751756 ], [ -73.570792145767413, 45.566213230056285 ], [ -73.571264023271695, 45.566313450721289 ], [ -73.571378469108041, 45.566577605509657 ], [ -73.571971392411541, 45.567355079672055 ], [ -73.572768887453961, 45.568036362240065 ], [ -73.573740309134124, 45.568595268031331 ], [ -73.574848324016699, 45.569010314739813 ], [ -73.576050345376586, 45.569265549078054 ], [ -73.577300170747336, 45.569351160351964 ], [ -73.578549758896614, 45.569263857812494 ], [ -73.579751077721028, 45.569006997232492 ], [ -73.579977537499701, 45.568921774547086 ], [ -73.580172585215195, 45.569177460847961 ], [ -73.580970205143544, 45.569858685858982 ], [ -73.581376372026483, 45.5700923169086 ], [ -73.581064749080767, 45.57081646244211 ], [ -73.580995981879269, 45.571311963358006 ], [ -73.580255425027261, 45.571590645433645 ], [ -73.579285461664682, 45.572150851117897 ], [ -73.578489728959497, 45.572833187835691 ], [ -73.577898808720747, 45.573611437639109 ], [ -73.577535416018293, 45.574455696099264 ], [ -73.577413525291377, 45.57533352101823 ], [ -73.577537831878843, 45.576211178832246 ], [ -73.57786621226515, 45.57696875637928 ], [ -73.577305491392593, 45.577612377603501 ] ] ], [ [ [ -73.568014623628699, 45.5407885223715 ], [ -73.572348630204203, 45.541215152697703 ], [ -73.573695296814407, 45.541347339566897 ], [ -73.575447776979701, 45.541521907151697 ], [ -73.575529559065302, 45.541530189964597 ], [ -73.575611418838506, 45.5415381064727 ], [ -73.575693351312907, 45.541545656147797 ], [ -73.575735555724464, 45.541549352813433 ], [ -73.575268329908738, 45.542164990894328 ], [ -73.575142225785484, 45.542173803008794 ], [ -73.573941457355019, 45.542430615989531 ], [ -73.57285377888573, 45.542840044246717 ], [ -73.572052624606243, 45.54237888084716 ], [ -73.570945153752888, 45.541963804753102 ], [ -73.569743737508276, 45.541708515115289 ], [ -73.568494536181035, 45.541622820391574 ], [ -73.567245544751742, 45.541710013025899 ], [ -73.566044750145892, 45.541966743036539 ], [ -73.565721573269343, 45.542088366820906 ], [ -73.565670940768314, 45.542045086010134 ], [ -73.565201697207897, 45.541774923492206 ], [ -73.56586425035033, 45.541206667001504 ], [ -73.566309230930642, 45.540620493821883 ], [ -73.568014623628699, 45.5407885223715 ] ] ] ] } },
{ "type": "Feature", "properties": { "arrondissement": "Villeray-Saint-Michel-Parc-Extension", "pct_couverture": 93.3, "nb_bornes": 163 }, "geometry": { "type": "MultiPolygon", "coordinates": [ [ [ [ -73.648310683722798, 45.530754986102103 ], [ -73.6486181038495, 45.530844481079697 ], [ -73.648595698398594, 45.530879706177103 ], [ -73.648575625727389, 45.530912560240175 ], [ -73.648565362396027, 45.530903803807156 ], [ -73.648301978258857, 45.530752451759966 ], [ -73.648310683722798, 45.530754986102103 ] ] ], [ [ [ -73.636407486424005, 45.576120771385703 ], [ -73.636342471479495, 45.576192341512602 ], [ -73.635347309151797, 45.577287790090203 ], [ -73.634887679874893, 45.577793723070997 ], [ -73.634900958423202, 45.5777995652928 ], [ -73.634240236103594, 45.578506433951503 ], [ -73.634216255396296, 45.578532831679901 ], [ -73.633797125899605, 45.578994090849498 ], [ -73.633776155905394, 45.579017119492725 ], [ -73.633149432923517, 45.579253305572514 ], [ -73.632294398059528, 45.579747730194995 ], [ -73.632225738098001, 45.579717996161499 ], [ -73.632002806519196, 45.579621451965203 ], [ -73.631811427087001, 45.579828178600451 ], [ -73.631243705336203, 45.57934402037538 ], [ -73.630271528791667, 45.578785605460176 ], [ -73.629162914446795, 45.578371097687445 ], [ -73.629040589810671, 45.57834518987746 ], [ -73.629948337109667, 45.57782031348701 ], [ -73.630743516122621, 45.577137619541283 ], [ -73.631333742687048, 45.57635909764204 ], [ -73.631696341084734, 45.575514669219061 ], [ -73.631817386338781, 45.574636787355949 ], [ -73.631692237899472, 45.57375918930574 ], [ -73.631325716280102, 45.572915599873873 ], [ -73.630731916113206, 45.572138435514177 ], [ -73.629933663069451, 45.571457558920059 ], [ -73.628961635726839, 45.570899131919937 ], [ -73.628626576025169, 45.570773831336666 ], [ -73.629022781512589, 45.570688932248849 ], [ -73.630012380037456, 45.570315982329582 ], [ -73.630319814625679, 45.571023654773583 ], [ -73.63091359733167, 45.571800821446914 ], [ -73.631711867073093, 45.572481691133895 ], [ -73.632683948953769, 45.573040094516173 ], [ -73.632842300277289, 45.573099301043747 ], [ -73.633080624426029, 45.573647797130832 ], [ -73.633674472914578, 45.574424949021342 ], [ -73.634472813224662, 45.575105799021607 ], [ -73.635444967747389, 45.575664178569454 ], [ -73.636473102923304, 45.576048541568213 ], [ -73.636407486424005, 45.576120771385703 ] ] ], [ [ [ -73.631270587621913, 45.55908913317792 ], [ -73.631637018043861, 45.559932724937759 ], [ -73.632198601336441, 45.560667865397448 ], [ -73.631896040034079, 45.56137268394761 ], [ -73.63177502402614, 45.562250567907839 ], [ -73.631900147795406, 45.563128167669717 ], [ -73.632266614028325, 45.563971756771338 ], [ -73.632860349041621, 45.564748914342118 ], [ -73.633458940136322, 45.565259511237294 ], [ -73.632783266402882, 45.565514203427021 ], [ -73.632475830359652, 45.564806538807993 ], [ -73.631882100034858, 45.564029379241354 ], [ -73.631083948183587, 45.563348509602179 ], [ -73.630112049493732, 45.562790091452662 ], [ -73.629003751218207, 45.562375580623012 ], [ -73.627801638286655, 45.562120903264308 ], [ -73.626551897757423, 45.562035844312682 ], [ -73.625302545315691, 45.562123671790246 ], [ -73.624101581753337, 45.56238101133021 ], [ -73.622995150018056, 45.562797975731179 ], [ -73.62202576339763, 45.563358544579998 ], [ -73.621230672711675, 45.564041179405926 ], [ -73.620641650601982, 45.56481804767953 ], [ -73.620101306707411, 45.564856006311039 ], [ -73.619613719638735, 45.56496045592457 ], [ -73.619579731698934, 45.564915951959001 ], [ -73.6187817157073, 45.564234996334818 ], [ -73.617809923382978, 45.563676473501452 ], [ -73.616701697896261, 45.563261843311437 ], [ -73.616069984532189, 45.563127937636168 ], [ -73.615794100885779, 45.562492401444089 ], [ -73.615200624832113, 45.561715154612919 ], [ -73.614402707074234, 45.561034167919743 ], [ -73.613431013310546, 45.560475607426064 ], [ -73.612755981962394, 45.560223004235901 ], [ -73.613010587494259, 45.560127081871002 ], [ -73.613674543215112, 45.560375539085214 ], [ -73.614876555375901, 45.56063036528041 ], [ -73.616126247376883, 45.560715552029059 ], [ -73.617375583112945, 45.560627824904024 ], [ -73.61857654018911, 45.560370556001942 ], [ -73.619682957088173, 45.559953634234631 ], [ -73.620652308564985, 45.559393084966857 ], [ -73.620984223714345, 45.559108095688224 ], [ -73.62185620779367, 45.559434324025517 ], [ -73.623058236679483, 45.55968906415616 ], [ -73.624307919983266, 45.559774161423668 ], [ -73.625557221934073, 45.559686344841246 ], [ -73.626758121436453, 45.559428989944799 ], [ -73.627864459188146, 45.559011988952165 ], [ -73.628833712988765, 45.558451370273438 ], [ -73.629494612156194, 45.557883780843632 ], [ -73.630559346741293, 45.558344721187801 ], [ -73.631204278703976, 45.558623981165987 ], [ -73.631270587621913, 45.55908913317792 ] ] ], [ [ [ -73.616493112151588, 45.551213912518826 ], [ -73.61611134612599, 45.551717471943547 ], [ -73.616107714815698, 45.551717224410353 ], [ -73.614858574489972, 45.551804937617149 ], [ -73.61365778274093, 45.55206216766085 ], [ -73.612822254421815, 45.552377000375436 ], [ -73.612158395462743, 45.552128541356986 ], [ -73.611502465723504, 45.551989446149712 ], [ -73.611820921086817, 45.55201116958834 ], [ -73.613070070769894, 45.551923489592063 ], [ -73.614270862260113, 45.551666265720137 ], [ -73.615377140406963, 45.551249385152573 ], [ -73.61634638529884, 45.550688871669379 ], [ -73.616374792609008, 45.550664479438034 ], [ -73.616622494412667, 45.550716995263727 ], [ -73.616800412924661, 45.550950047014403 ], [ -73.616493112151588, 45.551213912518826 ] ] ], [ [ [ -73.613781032827191, 45.579231255037222 ], [ -73.614887855388034, 45.578814380704756 ], [ -73.615857578749313, 45.578253873620355 ], [ -73.616652934817552, 45.5775712776354 ], [ -73.617243360770019, 45.576792828400244 ], [ -73.617606173221375, 45.575948444553845 ], [ -73.617727438965716, 45.575070577469063 ], [ -73.617602508979118, 45.574192963833717 ], [ -73.617236195381295, 45.573349329054821 ], [ -73.616642584814173, 45.572572091331118 ], [ -73.615844495667261, 45.571891116176822 ], [ -73.615681406911918, 45.571797389294268 ], [ -73.616005362317466, 45.571728011220294 ], [ -73.616039353053651, 45.571772519487425 ], [ -73.616837442870136, 45.572453493293928 ], [ -73.617809377110589, 45.573012023397361 ], [ -73.618917802623599, 45.573426641930233 ], [ -73.619244872326405, 45.573495947929871 ], [ -73.619125852492218, 45.573772984632413 ], [ -73.619004611291103, 45.5746508533772 ], [ -73.619129564144188, 45.575528465385595 ], [ -73.619495920314407, 45.576372093727159 ], [ -73.620018896411253, 45.577056741698364 ], [ -73.618943488085662, 45.577461859539888 ], [ -73.617973809097109, 45.578022392853434 ], [ -73.617178462693786, 45.57870499797108 ], [ -73.616588015855982, 45.579483446629716 ], [ -73.616225165476422, 45.580327826755074 ], [ -73.616163107443171, 45.58077694808825 ], [ -73.616029802540197, 45.5807181272572 ], [ -73.616028754644702, 45.580717659437703 ], [ -73.6158211626325, 45.580624981536303 ], [ -73.615762000162505, 45.580598567338903 ], [ -73.615494858724702, 45.580479296353502 ], [ -73.615329138205894, 45.580406469501803 ], [ -73.615065211772404, 45.580290180557498 ], [ -73.615061864179395, 45.5802887054802 ], [ -73.614793924532407, 45.580170641010298 ], [ -73.614647613869096, 45.580076350690497 ], [ -73.614402385993998, 45.579966349255599 ], [ -73.614157171908204, 45.5798563562767 ], [ -73.614000741231493, 45.579794289182502 ], [ -73.614014893713104, 45.579778186081697 ], [ -73.614001657900403, 45.579772359388301 ], [ -73.613606962771001, 45.579594874007199 ], [ -73.613468773906007, 45.579532727714501 ], [ -73.613376731488302, 45.579491334229502 ], [ -73.613304316855405, 45.579458769665301 ], [ -73.613115331066894, 45.579373783104245 ], [ -73.613781032827191, 45.579231255037222 ] ] ], [ [ [ -73.602136331749193, 45.574099451907415 ], [ -73.602104469138965, 45.573875177795436 ], [ -73.602475147091582, 45.574013900918146 ], [ -73.603677399849289, 45.574268844133947 ], [ -73.604927377641047, 45.574354152939087 ], [ -73.60501627473009, 45.574347920978632 ], [ -73.604914558930432, 45.575083063258155 ], [ -73.605023395063625, 45.575848831221968 ], [ -73.6048340351511, 45.575761198708697 ], [ -73.604635364410399, 45.575669255764801 ], [ -73.6045753707551, 45.575646617194003 ], [ -73.604362267994006, 45.5755727099776 ], [ -73.604312068363896, 45.575545994844298 ], [ -73.604170576218905, 45.575470691662296 ], [ -73.604030405032404, 45.575396079110398 ], [ -73.603890221704404, 45.575321466396503 ], [ -73.603750051278396, 45.575246863383803 ], [ -73.603609868692701, 45.575172250323199 ], [ -73.603469724848296, 45.575097664515297 ], [ -73.603329556315501, 45.575023059883499 ], [ -73.603116577730901, 45.574909703500303 ], [ -73.602757851625896, 45.5747476157336 ], [ -73.602693783149704, 45.574674741897098 ], [ -73.602641743686604, 45.574615543886097 ], [ -73.602414321741193, 45.574356848652798 ], [ -73.602406890048499, 45.574348305350298 ], [ -73.602399417188806, 45.574339779510403 ], [ -73.602391903287199, 45.574331271279704 ], [ -73.602384348470295, 45.574322780804302 ], [ -73.602376752865993, 45.574314308229397 ], [ -73.602369116603697, 45.574305853699997 ], [ -73.602361439814104, 45.574297417360199 ], [ -73.602353722629502, 45.574288999353698 ], [ -73.602345965183204, 45.574280599823197 ], [ -73.6023381676101, 45.574272218911403 ], [ -73.60209800324813, 45.574376364429924 ], [ -73.602136331749193, 45.574099451907415 ] ] ], [ [ [ -73.598997742940412, 45.568138529658114 ], [ -73.598634701621123, 45.568982855753582 ], [ -73.598513151325974, 45.569860703745839 ], [ -73.598544997575672, 45.570084975355712 ], [ -73.598174354909645, 45.569946243030977 ], [ -73.597186464281208, 45.569736688058498 ], [ -73.596904373120239, 45.56908638040921 ], [ -73.596311087813547, 45.568309036189056 ], [ -73.595513304582724, 45.56762791823725 ], [ -73.594541683964906, 45.567069197659229 ], [ -73.593433562540966, 45.566654341905419 ], [ -73.593394693599123, 45.566646094634699 ], [ -73.593530554992569, 45.566467062183115 ], [ -73.593893656660185, 45.565622751887396 ], [ -73.593925312991502, 45.565394246197343 ], [ -73.594231766260222, 45.565131331204761 ], [ -73.594822372082902, 45.564352996006924 ], [ -73.595185440824906, 45.563508681317856 ], [ -73.595217089083562, 45.563280187187601 ], [ -73.595328096913221, 45.563238389000439 ], [ -73.595344817949041, 45.563232092967205 ], [ -73.59535555365845, 45.563256847198915 ], [ -73.595948772499014, 45.564034197125771 ], [ -73.596746510047595, 45.564715312504006 ], [ -73.597718111873419, 45.565274014575884 ], [ -73.598826237608762, 45.565688828865511 ], [ -73.600028296261286, 45.565943811020162 ], [ -73.600769300949707, 45.565994414835828 ], [ -73.600777530185468, 45.56605235705814 ], [ -73.600915491029511, 45.566370361911254 ], [ -73.600383714167663, 45.566677686203874 ], [ -73.599588314345894, 45.567360170260415 ], [ -73.598997742940412, 45.568138529658114 ] ] ] ] } },
{ "type": "Feature", "properties": { "arrondissement": "Le Plateau-Mont-Royal", "pct_couverture": 97.7, "nb_bornes": 71 }, "geometry": { "type": "MultiPolygon", "coordinates": [ [ [ [ -73.606670443700693, 45.525928872869478 ], [ -73.606552930066954, 45.526083904599197 ], [ -73.606527637870627, 45.526142790869315 ], [ -73.606206481464383, 45.526211596834486 ], [ -73.605100625941162, 45.526628390049609 ], [ -73.605061974816735, 45.526650745181989 ], [ -73.605064940600812, 45.526629292115636 ], [ -73.60495714371956, 45.525870159884477 ], [ -73.60525906888212, 45.525805480137947 ], [ -73.605671949831148, 45.525649863679682 ], [ -73.605792478177705, 45.525695005073608 ], [ -73.606596362844599, 45.525865595268577 ], [ -73.606670443700693, 45.525928872869478 ] ] ], [ [ [ -73.5792709156771, 45.512133626335398 ], [ -73.581332714787607, 45.513088322645501 ], [ -73.582241859617696, 45.513509266077897 ], [ -73.582790605727368, 45.513763910016699 ], [ -73.58194246979545, 45.513705799695622 ], [ -73.580694116969141, 45.513793139356814 ], [ -73.579493977408802, 45.514050011554538 ], [ -73.578488445013321, 45.514428772849108 ], [ -73.578425647265277, 45.514392612070779 ], [ -73.578530472063818, 45.513636779838933 ], [ -73.578406289170474, 45.512759113368553 ], [ -73.578150927423053, 45.512169323095385 ], [ -73.578324240051174, 45.51218120546848 ], [ -73.579225331949431, 45.512118178623901 ], [ -73.5792709156771, 45.512133626335398 ] ] ], [ [ [ -73.566454997743207, 45.540428475114147 ], [ -73.566647455229472, 45.539981296031648 ], [ -73.566801663703131, 45.540014071132312 ], [ -73.567404911909605, 45.540055463951035 ], [ -73.567447685536536, 45.540080090215888 ], [ -73.568555093695963, 45.540495200390779 ], [ -73.56975647872838, 45.540750502602592 ], [ -73.571005662636694, 45.540836183550013 ], [ -73.572254628856825, 45.540748949806073 ], [ -73.573455369201923, 45.540492154497898 ], [ -73.574561730482898, 45.540075668328562 ], [ -73.575531189582847, 45.539515499915922 ], [ -73.575847243278005, 45.539244344399719 ], [ -73.575961834061687, 45.540054094986942 ], [ -73.576327313280743, 45.540897867588903 ], [ -73.576379555969396, 45.540966392552235 ], [ -73.575801815021521, 45.541462046536459 ], [ -73.575735555724464, 45.541549352813433 ], [ -73.575693351312907, 45.541545656147797 ], [ -73.575611418838506, 45.5415381064727 ], [ -73.575529559065302, 45.541530189964597 ], [ -73.575447776979701, 45.541521907151697 ], [ -73.573695296814407, 45.541347339566897 ], [ -73.572348630204203, 45.541215152697703 ], [ -73.568014623628699, 45.5407885223715 ], [ -73.566309230930642, 45.540620493821883 ], [ -73.566454997743207, 45.540428475114147 ] ] ], [ [ [ -73.572748537137059, 45.527323395495166 ], [ -73.572060752613467, 45.527582358681585 ], [ -73.571091463889559, 45.528142498714594 ], [ -73.570296252087047, 45.528824783325 ], [ -73.569705678988441, 45.529602996561607 ], [ -73.569342446305697, 45.530447235396686 ], [ -73.569240147209229, 45.531183763872264 ], [ -73.568039974431542, 45.531101412025727 ], [ -73.566791215175243, 45.531188599720167 ], [ -73.566569243166882, 45.531236065307596 ], [ -73.566858334274571, 45.530564246582024 ], [ -73.566980293393641, 45.529686425978248 ], [ -73.566927075765051, 45.529309867821596 ], [ -73.567916464779842, 45.529098282376019 ], [ -73.569022643714433, 45.528681849123593 ], [ -73.569991962250228, 45.528121726680361 ], [ -73.57078716783785, 45.527439444107621 ], [ -73.571377703412665, 45.526661225006485 ], [ -73.571477044748519, 45.526430295476253 ], [ -73.571753144987923, 45.526666343060548 ], [ -73.572723843772025, 45.527225261998659 ], [ -73.572823030254597, 45.527262444580678 ], [ -73.572812437271665, 45.527268566498279 ], [ -73.572748537137059, 45.527323395495166 ] ] ] ] } }
]
}
